occurred_at,type,name,duration,calories,distance_km,average_heart_rate,max_heart_rate,heart_rate,platform_type,platform_id,meta
"2017-12-31 09:15:05",run,"And so my streaking begins ",613,108,1.803,160,169,,strava,1334118271,"{""elapsed_time"":622,""total_elevation_gain"":10.5,""elev_high"":148.6,""elev_low"":119.6,""max_speed"":5.7,""average_cadence"":89,""polyline"":""uzixHthPPJ`@HJDp@d@RTRt@Xh@RTd@Pb@F^?ZFj@EjAF\\D^JZ?^ML?p@Gr@F`@?RDBAVWPIJ[Ba@@sAIgBI[Q[q@a@KBg@IsBGkC`@}@Ro@Bi@?MFOPOL_@\\[Do@CqAWi@GEBENGdAWzBS~AYvAQh@uAbDOf@gAxCIPSRSX_@bA""}"
"2018-01-01 09:00:00",run,"I FORGOT TO START MY WATCH ARGHH",1721,301,5,,,,strava,1335793926,"{""elapsed_time"":1721}"
"2018-01-02 19:27:47",run,"Running is always better with a friend",1254,228,3.658,179,196,,strava,1337836888,"{""elapsed_time"":1274,""total_elevation_gain"":41.4,""elev_high"":174.5,""elev_low"":146.5,""max_speed"":4.2,""average_cadence"":95,""polyline"":""qukxHlrJDVx@|@^h@p@rAhArBhBfCHPJX`AbBf@t@XVd@x@f@hAF@V]RAHEZ_@L[NIPAl@T^XJP`@lAl@dAp@~ANh@@Tl@r@Vb@Vp@l@pARZr@`B\\j@Ll@Rd@Jb@LXNNHPb@hB^fABVL^PxABpAXvA@TPp@@\\Lj@PpAPj@NjAp@nBTj@l@bAN\\n@hAl@v@~@vATTT^X\\fBnCf@dAj@rBf@hAXVXn@Tr@@R?FIa@m@_Bs@gAYk@Ie@?Oq@gBuAoBQSwAsBg@q@a@a@e@q@c@w@Y[Yw@KQsAyE[eC?GG_AUsAEeA]_BIqAQ{@u@aC[i@cA_D{BqE]{@g@kAq@aAYgAMYG[Uk@_@mA]u@a@e@a@[WKM?GBm@|@YJa@d@C@EA_@y@g@}@oB}B}@{AaAkA_CiE{@kBaA}A""}"
"2018-01-03 20:53:33",run,"Quick 1 mile in the dark getting my run in for the day",726,113,1.821,177,188,,strava,1339515872,"{""elapsed_time"":726,""total_elevation_gain"":28.3,""elev_high"":148.6,""elev_low"":119.5,""max_speed"":3.2,""average_cadence"":87,""polyline"":""sfjxHrdQb@uAj@kAt@sBXo@ZaA`@aAFY\\}@Pu@RcBFWB[BKPSBMLeBBUDKHA\\F~@B\\HTHTNRXNFNLNRFNNNp@\\d@FbCK|@D|@PzBVf@Pd@DJKHUBU?s@EyBGWS_@EESK}@OiBMY?g@By@NoAZo@B_ACK@QHUXk@`@k@P]Os@Oe@CQEO?ENc@|CQ|BSbAWn@Mh@u@bBOh@Sd@o@t@i@rAq@rAWt@""}"
"2018-01-04 16:28:49",run,"They’re a bit early for Christmas ",723,113,1.814,169,179,,strava,1341273998,"{""elapsed_time"":763,""total_elevation_gain"":28.3,""elev_high"":148.6,""elev_low"":119.5,""max_speed"":3.1,""average_cadence"":87,""polyline"":""qfjxHxdQHKVs@f@}Av@qBz@wBXi@Pw@Xi@HUb@sBJ{@Re@Ju@HyBDSF?h@J`@Bx@XRL\\`@`@PRd@XXd@T`AFh@Iz@Ad@DZAxAPJ?rA\\dANLOH_@FmBCgAI_@MYIGk@Sw@KoBEmAPy@Ty@LkB@UIk@i@KAIDSTERu@VYDu@CI@ULMACFStCYdCUTOt@Y|@QXSp@sBfF_@x@w@tB""}"
"2018-01-05 21:09:54",run,"Running makes me feel better when I’m ill",791,113,1.823,168,183,,strava,1342503144,"{""elapsed_time"":791,""total_elevation_gain"":28.4,""elev_high"":148.6,""elev_low"":119.3,""max_speed"":3.3,""average_cadence"":86,""polyline"":""_gjxH`eQJIb@}@r@{Bb@aATu@Pa@Ts@\\u@Jc@Pa@Ng@\\i@PwAr@qE@_@DSZCNBt@El@H`@RH?PPJFJNPNFXLVh@`@VHXDV?V@|AKf@?r@JNFZJj@Hp@Pf@HHAT?PIH[@mBEq@@C?GECEIG_@MSMIUKw@OOEu@KWGUA_@DUHeAN}@TsBJa@No@l@UBG@SGc@CU@y@CIASIG@IV[tBKb@It@SpAIVMPi@nASp@c@hAETiBdEy@fC""}"
"2018-01-06 18:14:18",run,"Running to a beat helps a lot!",776,114,1.835,178,191,,strava,1344008871,"{""elapsed_time"":789,""total_elevation_gain"":28.5,""elev_high"":148.6,""elev_low"":119.1,""max_speed"":3.6,""average_cadence"":117,""polyline"":""cgjxHneQDYJS@GTy@h@wAjAoCVy@R[Ro@d@eAXkAZoCBKRYBMV_CBGFC\\DLD~@APDNLd@VHJXFNPJ`@JNd@\\XJhA?hAM~BFNDN?n@RbAP^P^BFAHKDOBWAm@BYEmBIa@O]WMSC}AU{@EcAHgAVs@RyABg@AKDU@QFEF[n@IBM?WLMIc@MeAI[KEBCPObBO|@Cn@Mh@Gb@Ub@Wx@MXIDU~@eBfEu@vBq@dB""}"
"2018-03-24 11:59:34",run,"Finally running again 🏃‍♂️ ",1080,148,2.397,167,179,,strava,1468787481,"{""elapsed_time"":1090,""total_elevation_gain"":34.9,""elev_high"":168,""elev_low"":119.7,""max_speed"":3.6,""average_cadence"":89,""polyline"":""w|ixHlkPJO?QDAIME?JME?AEAMBECA?GLK?ONa@IECBDq@@uABo@?}@Es@EeCEe@@a@EeAIc@A{ALaBPkALeABeANmBBGJABEAu@J{BBQRo@P[t@eBn@_BL_ALa@AQBWAQDO?c@Hq@Tq@Jw@FYNQPETJDHLb@Rh@D\\KfBIr@?XKf@Gp@@XIdAi@tBSl@WxAIfAClACFE@k@CG@m@AWHc@EK@c@`GUnBGxAJ~AFl@FpABjB@~DG~A?`@a@vDGXKnA[|A]^Sf@MTSl@aAfCSl@o@dBc@~@Sp@O^""}"
"2018-04-05 16:53:34",run,"Run to Atwood school",1812,269,4.287,167,182,,strava,1491125758,"{""elapsed_time"":1850,""total_elevation_gain"":62.4,""elev_high"":168,""elev_low"":118.5,""max_speed"":3.1,""average_cadence"":86,""polyline"":""kjjxHz_QAJ@JLXj@l@l@~@F@DEj@qBR]Rg@Tc@z@sC`@{@`@gATc@b@sBHq@Bs@b@eFHoCEcA?aAIgBG{CIaA?s@^aEHeBBSP_@Hg@DcA@iEPe@f@s@Pe@h@_AZq@D]`@gBDk@NgAFuBF]Ne@HIHERDPJHCHIJEBGFkABSHGHCd@?XEN@p@Ip@[r@Sb@UlCaAxA{@l@W\\If@U`Bw@z@]^Ut@[h@KfC_Bb@c@^W^c@NKHAPBJEDGJWDGTKVS~@a@hB{Ay@t@QRk@^QF[POL]PGPIHK@OE]NuAvAw@n@g@\\URa@Jy@^eBd@sAr@i@^_Ab@a@LWNa@Na@Tk@P_@V[H[PiA\\_@FI?a@R[H_@Bg@Lg@FEJYzACFKHK?YMK@EFIZIj@IVE^Cj@MbAA^c@hBWp@GXQb@ORQ^Sr@o@tAI`@GxB@v@Cr@SnBIvA[rCCjABt@PlBDpABfII~AKn@M|A]|BEx@o@bCg@l@]n@_AxCa@~@IXk@jA]dA""}"
"2018-07-13 17:50:29",run,"Lloyd’s Park with mum and robyn",1782,247,3.787,172,195,,strava,1700227442,"{""elapsed_time"":1788,""total_elevation_gain"":40.6,""elev_high"":96.1,""elev_low"":70.1,""max_speed"":3.3,""average_cadence"":91,""polyline"":""i`oxHx_NPwA?i@Cs@JsA?aAXcC@w@ToABo@KsAOw@IG}@UY@YR]BYF]@g@IMD]P_@Hc@N[POXWnAIVEDG?GEI[IaKFSNSVSLGL@t@d@L^JLB@J?NEh@E^KHGPYF]@uBAy@OiCMc@g@uAm@oAYkA{@wEQk@CIICKB[VGXBXXvAHr@@XGLWNo@Re@HeC|@QCiAAKCSUSs@}@aFCw@DQ@SIYAs@GOOq@q@gBc@yA?CFCd@Ld@?`@Az@MJIFO@ICMGCmAD[HWBC@[Hc@Be@?UEWDYFQJBDBXI_@_@?y@^g@^EDGb@@dAEvADlDTxBL|@n@nBDd@DLt@dBd@|@fAjCLjAb@nBL|@Hz@XxAd@lBfAhFr@hCb@jBJRNh@XpELlJTbE^fA\\j@tCrC\\^JT\\ZZTf@R\\VDIJa@T}AEUOYEKCa@PyAZgB""}"
"2018-07-15 18:20:11",run,"1 lap of parkrun",1292,175,2.491,172,205,,strava,1705042786,"{""elapsed_time"":1324,""total_elevation_gain"":34.9,""elev_high"":96,""elev_low"":70.1,""max_speed"":3.7,""average_cadence"":92,""polyline"":""m`oxHh_N@QJo@@YCwADm@HU@k@CODaAPuA?a@Dc@Lu@Fq@AWIw@O}@o@Qi@C_@FED{@TQAMGG?w@^}@NWPMRQb@WfACDG@IGEMMw@IsDCgCGDmAp@YHUDIRRjBHlCKfEGdAOp@O`@MNG@I?IKMg@Qa@Ki@Sw@s@}DaAgEIMc@UG?AFF`@fBnI~@~CTfADZRZLb@RhEZnLNbCZjAPXb@`@DJjAbAzAdB\\XtAz@B?DGPgAFy@CS_BeAIC[JO^GRC`@ER@VbC|AFEDMf@oDp@uD""}"
"2018-07-23 15:30:32",run,"Afternoon Run",2658,426,6.326,193,218,,strava,1722607191,"{""elapsed_time"":3609,""total_elevation_gain"":81.9,""elev_high"":175,""elev_low"":119.3,""max_speed"":3.9,""average_cadence"":92,""polyline"":""{fjxHdeQJAJILSXiALa@F]Nc@Zo@Rs@r@{A|@wBb@gBDc@d@iDX}CFqCCqB@sAAcAEkAQoBC_ABaA\\sCTqDDy@BeCDiADSXa@Xm@\\y@NSXg@L_@f@aCPaBDw@F_@FQFmANYRGP@JDXKBIPyADIfAM~@Eb@OnD{Ap@_@lAc@bAk@z@c@v@YnBaAt@WnA]r@e@~@q@hAiAp@i@RKT@HITYnC{AbAy@\\i@f@{@zEwL~@eB~AmBz@o@TI`BsAbAi@hDwBb@OpAo@XCd@S|BuBZa@bBcALOdD{BnAcAPKZMZSR?b@Uh@a@tAu@JMDQJKRKREh@a@TIJUV_@TK\\m@j@o@FSFGrAe@`Ai@f@URG`@_@rAeA`@WDA@@I?SNsBdB_@L_@Zu@^s@b@o@TQVa@Z]h@O`@SVqs@bg@Sb@QTo@~Ak@pAm@pBe@nAWf@g@~@SXWPY\\e@\\cAr@k@TYRIRIFI@OEMHoA~@}AxA_Aj@m@Tk@ZmBh@SLi@Vo@`@q@^sAh@e@Tw@X]TeA^MJ]Pe@HI@OFSAw@RSBOFq@HKJSpAILERE@OQOII@IFKTKz@Ur@SbCI^GHKf@]jAUb@]fAQ\\Sx@]n@I`@ExCQfCExAc@dEGlAH|AH~@Dx@AXHnCAtEGtA{@tHSpAUp@k@vAi@~AMPk@`BUd@]dAq@`B""}"
"2018-07-30 18:05:21",run,"Run in the sun ☀️ ",1706,208,4.526,162,174,,strava,1738394496,"{""elapsed_time"":1783,""total_elevation_gain"":111.5,""elev_high"":147.1,""elev_low"":65,""max_speed"":5.2,""average_cadence"":90,""polyline"":""mgjxHdfQCPUj@]rAo@nBiAzEi@hDEd@OhAEx@A|@QlAWl@UjAe@fAs@`Co@bBi@hBQ^yAhES\\S~@uA~DYn@]b@MTIn@Up@GbABLRDrBFNLd@TH@DCPBLFJCF@^\\zA~@b@H`@B`CXjA?~ASlCIZGh@C~@CfAHRCf@WJB^NN@VGTI~@SzAg@rCs@^G`A]NCZMh@Oz@]v@U|@MhDm@tAYv@WzAeAhBcBbAu@z@y@JOJq@HcEDeALwAB{AP_CHm@V{CNkEN_MGoA@{DAcDMcAGy@AaAi@oJKgAG]E?m@\\YHc@De@PW@{@XWBSDK?YDQEWMeAJu@BIAy@Hi@Ii@Qg@ImBg@q@Ma@Cm@@aBLq@?_@I_@UUS_@k@c@y@UU_@O]I}AWGPm@~FStAIb@q@|ASt@QZ[|@a@XGHwB`G""}"
"2018-09-11 11:14:05",run,"Feels good to be back",2142,289,5.085,173,206,,strava,1834196437,"{""elapsed_time"":2771,""total_elevation_gain"":85.4,""elev_high"":169,""elev_low"":102,""max_speed"":3.2,""average_cadence"":89,""polyline"":""c~gxHjiRf@wALo@Vw@x@_DNMHUv@uCZs@f@cB`@kANm@JWt@yBfAmC~AiEb@y@bG}Nt@uAh@y@f@o@PKRUjA{Ah@m@f@a@jAu@|@e@`@WPE\\YRSBGDYb@s@JKDOJs@Bs@b@gA?OAKA@DOfAu@?MU{@Aa@@oCCKGEBUNs@@SAgBLyABiADa@TaAh@qAfAwBlAsCd@}@RQ@IAAGCg@Aa@BYGi@@y@DIAGIFo@XeBVoBJeAFgABkEDyBAyCLmI?qBD}@@_FD}AD_@G|AAnBE|@?zAKlHE~LM~FEx@M~AQxA]~Be@tAeA~Ba@bAU`@aArBQd@QTc@z@]n@Up@_@t@OP[b@c@z@K\\]f@Uf@_@j@WTENc@r@Sl@iAtBYp@M`@]l@_@v@_@d@_@t@e@rA]v@u@bA[zAu@vBCJCf@Mb@DlAKn@FLZXBf@}@lC[nAaAbDwB`G_@vAGDO?cAiASKE@ABDKBALHPR\\Zf@n@Cl@E`@]hAYt@Dj@Zn@?FKd@MhA]fCqBzFaBrF""}"
"2018-09-13 18:40:42",run,"Got attacked by cows tonight",3055,392,7.105,170,200,,strava,1839637463,"{""elapsed_time"":3184,""total_elevation_gain"":108.1,""elev_high"":169,""elev_low"":102.5,""max_speed"":3.4,""average_cadence"":86,""polyline"":""}efxH~uLIbAKlGA`DIfF?fFKpJC~@OlB]lCSfAc@pAq@|AMNUf@]j@wAhDq@bAc@`ASXKh@Md@i@j@[n@]|@k@|@GN[Zy@dB[l@OPM^[j@UVq@|As@jAy@bBa@vAo@dBi@jBKXUdAQ^Sl@SbBKVMdA@JFL^^?LQ\\u@xCWn@o@~B[x@Sx@oArDSv@Y~@sApDKNO?KAyAuAE@MTOn@iAjDc@~Ao@dB{@lCq@fBaA|B}AxC]v@oBhDYlF?j@BHD?z@q@B?HPL@\\c@NI`@YJMRIVOhAyA~@}@~@cAZc@Xk@`@kAJc@Xs@lA_ElFoP`AiCtAgEl@}A^iAB?FIPe@T_@z@iBd@qA\\q@`AcCVy@tAoCTSP]TWh@c@r@y@Xa@bAiAjBmA`BmAr@a@RUFURYXi@^iCXw@ASCCBe@?Y_@iAMy@CCAUVe@To@Ji@f@uATcAPgC@y@D_@ZeBtCaHZo@^m@@KIMKGIAmC?MAGBGFuAxCQd@Q\\a@j@w@vBc@v@KJQ\\]v@WXMf@Yj@WXwAnCe@t@QRg@z@i@nAWf@CPBd@DLLVNJRCLOBSAWGKIAQJORER?TBHHJH?DC\\]JEFAD@HL@TCTKPWRM@KOCQ@U~@yBhAwBJMLB@DALg@hAoAfCW\\MBQAOOSm@AUDS~@aBp@}@N[^m@l@uAf@_AxF}Lt@sAVw@n@aBZeARgA^aDR{CF_CA}@LqBAyBBqCA[@sAJ}CDmGDiALo@?[B_@""}"
"2018-09-18 18:02:59",run,"Speed session ",949,111,2.832,154,173,,strava,1850437711,"{""elapsed_time"":950,""total_elevation_gain"":6.6,""elev_high"":172.9,""elev_low"":165.3,""max_speed"":4.3,""average_cadence"":90,""polyline"":""_ecxHfmR?[JaBLm@JYv@eAXWdBoAVUHOXqA`@}Cd@eCJ_A@WEUUiAyAyIYyAYgAGe@O]a@QoD{@a@OuCs@s@Uk@KWA}CRsABmAJcA?gAWaA]qBi@cAm@g@O_@AUJm@j@U^C@cAi@uAy@MEC@EH?PFdAF\\\\XvAv@JHBVI~AFfALv@|@~Bh@hAtArBfAtAN\\j@xBl@nBp@jCrA|EdAfEv@jCf@jCn@xCVt@Th@^b@l@Z^Jh@A|@Ih@WdA{@f@s@Vi@`@gA`@aB""}"
"2018-09-28 18:27:18",run,"Hill sprints ",764,69,1.679,136,177,,strava,1871634988,"{""elapsed_time"":851,""total_elevation_gain"":69.6,""elev_high"":133,""elev_low"":104,""max_speed"":4.7,""average_cadence"":120,""polyline"":""uojxH~~OzAr@fA`@`@TzAr@|A~@xArAfBpAa@WIIWMDAICOKs@a@AE@?IIu@e@EGUM_@[KCMI]K_Ak@aA_@UOYKCEMCQKOCOIJBf@NXFj@ZlAd@x@^vCvBb@TlAdA^^a@Mu@s@{@o@KOMEYUIQ_@QKI[Mi@]]Mc@]u@UQEk@UIAm@YVLp@NtAb@tAn@`An@v@b@~@p@^Tb@Zz@|@""}"
"2018-09-30 08:31:45",run,"Box hill 5K",1714,225,4.995,162,181,,strava,1874622217,"{""elapsed_time"":1749,""total_elevation_gain"":162.5,""elev_high"":187,""elev_low"":73.5,""max_speed"":4.9,""average_cadence"":92,""polyline"":""ejxwHlw{@@`AIjAUp@e@r@Sr@Uh@IDKB[GgAGa@La@XQDS@UEKGiAgBa@mAE[ESM_BAc@Dm@?}@FgAGm@CGUEk@@SNUZaAn@s@r@mA~@]Ts@j@i@^gAl@W\\WPq@l@w@l@}Ax@qA`AsDrD}@jAm@|@a@v@{@lB{@dBGVQ\\m@z@e@\\c@n@CPAJBHDBJA^WhAwA`@o@|@q@rC{CbAy@d@YlBs@j@IVCPFHHFX@PCNGNYVk@Xi@\\_@JWPIPUTUXa@|@Yb@{@rBSj@QX_@`A[n@aAvCoAnC]fAWfABg@LYL{@^{@\\oAh@kAT]p@wADQ\\s@J_@BQd@qAp@mAh@mAJSHEn@u@VMPETKf@_@t@_@VQHODYAUI[KMKEWB{@VOJQFcBx@w@j@}CjD_@^GLs@v@kAz@a@RUTG??Kt@cAN_@p@eAz@qBj@eA|AaDt@eAhAmA~@{@pAwAf@c@r@c@xC_BXYh@]JOr@c@T[b@SVWnAy@n@g@VYv@cA^]JGNQr@_@NCNFHXEp@?XC`@?\\IlAB~@ZpB\\~@p@dANLRXJDTDR?RGf@UVENJTj@HJNDVAf@URWRe@\\g@^}@r@yBBUASWc@COAWBOE?ILGAKK""}"
"2018-10-29 19:56:07",run,"Needed the loo halfway round 😂🤦🏻‍♂️",772,110,2.199,171,182,,strava,1934575974,"{""elapsed_time"":772,""total_elevation_gain"":31,""elev_high"":150,""elev_low"":118.5,""max_speed"":3.9,""average_cadence"":86,""polyline"":""yjjxHh_Q?XFNz@~@b@p@HHLBLYp@}B`@aAf@_Bp@mBVe@Fc@b@_AH]Xe@Ny@RmBH_BHi@DKN@j@P~ATb@PRTLPJXd@r@v@h@RB`ABfAIj@B`ALb@Hb@N|ATVHHAHEVSLUF]B{AGmAQcCD{AAm@QcAGUMQ[Q[Gi@D{@?{AIaDf@wA?g@GE??@QCOFGJA`@Ap@BPCl@Ih@Er@I^QT_@HQ?QBKAYD]?ENQ|AMr@C`@a@jAK`AQt@Wp@QXcB~DK`@c@dAM`@QVIRe@~AIHE?IEe@w@]_@Q_@EO""}"
"2018-11-05 06:16:34",run,"6am run with Ben 🏃‍♂️",1877,244,4.782,157,171,,strava,1946945548,"{""elapsed_time"":1948,""total_elevation_gain"":89.6,""elev_high"":166.1,""elev_low"":104.1,""max_speed"":3.9,""average_cadence"":93,""polyline"":""qjjxH``QX`@A@RLr@`AHHB?LSLa@z@oBRq@x@oB`@a@lAmDFYTeCJ]@]Lq@VyBBMBCFANBf@L^Bh@HNTBBDA`@b@HBb@bATZd@Zb@N`@DLA`@BpBGlAH`AP~@R\\BTHXN^Dh@?LC~@DhAIFBFPHdDR~D@x@Nb@BRGpEBLFD\\Dj@?n@GRI\\QZWh@m@JWHMj@]f@OFu@?eAQqDGi@S{CO{AMaB?e@EOa@}EGaBEGAKCe@AqBCg@Fk@Rg@J]BqANcBb@gDZmBPu@x@yCRe@Nk@Jk@NeBBk@Ck@MyAUcBW_EFcBHcAJq@?[j@uBVaCFoA@qAIqB[[Ks@KQAAKDMFcAbASLi@n@]TUHc@VgAf@u@Xs@Ri@RyA|@sAf@aAj@[LeAn@uAf@a@Ro@R_C`@aAJIPOj@CTMRKBa@GKHEFGZE`@EVCp@OfAEj@[pAOhA]dAaArBa@`AKh@WdGIhAAp@e@bEGz@DxABVNpCBhFE~Cw@bJIZgApBQl@_@v@gAtCsBvE""}"
"2018-11-08 06:21:31",run,"Morning Run",1918,209,4.907,141,161,,strava,1952513864,"{""elapsed_time"":2154,""total_elevation_gain"":89.5,""elev_high"":166.1,""elev_low"":104.4,""max_speed"":3.7,""average_cadence"":89,""polyline"":""_kjxH~`Qr@`AD@NVZXHAFGx@aCt@oBz@}APg@`@u@Lo@^cA^wC\\_Ah@kDJIb@J~@@XBLNTLNPVv@\\t@PNZNbAF\\ATGb@CVEh@EtC^LFl@JVT~@\\V@TJt@ClAHXA^MHBHXZvI@bCAjBPbA?\\FLZDj@?TCf@KRKd@]t@eATW`@Sd@SDEDiAYcGIqAGm@SmCSiBA]Ia@K_BQiBMaF@]CQ^kADe@@cBL{@@_@PkBXyAFi@f@mCRu@|@aCReAFmAEwAS{AEu@O}@Eu@Ai@GiA?i@BeAPkBF[HU`@aBVqBHkABeAIiCC_@Ow@KOSIWJqBnBe@`@u@f@gA`@uA\\i@P_Aj@gAf@y@j@s@VeAl@q@Zy@Z_AX]FaAZgARq@FQRG`@AXGPg@PYGKFIHi@lCGp@IVEf@St@I`@Sl@Mh@a@t@Mf@[l@Kd@OVITKh@GvBG~@?TKdBG^C~@UpBIzAA|@TfCAdI@lBCz@@b@UxBCf@?ZKbAIj@AZ[hAUr@S`@iA`De@~@s@rB]t@O`@a@ZKJI?c@s@_@[U[M]@WJSAEBG""}"
"2018-11-12 06:21:33",run,"Crohns 1 - 0 Taylor ",1766,240,4.725,161,189,,strava,1959999913,"{""elapsed_time"":2129,""total_elevation_gain"":89.8,""elev_high"":166.1,""elev_low"":104,""max_speed"":3.8,""average_cadence"":92,""polyline"":""ijjxH~`QFLb@ZBJX^FBRNB@DAPa@j@cBp@gBrA}CZ{@Ha@f@aANKDIb@mCV{BF{@DYDEx@Lp@Bl@V^TR\\Vh@LP`@Vn@VRDfABjCCRDfBX`B^RHP@XF^?XE^@x@?h@KHDBDXjIFv@BnBAt@NlAC|@BRFDp@@r@AVELE^UVUR[`@w@nAg@\\i@EqAOqAAe@QaDGc@KeAScDq@_GQgCEIGcDFk@Re@F[BeBFSDUPmBZkBTiBJg@HST{@lAoDLk@VoBA_ACs@s@_FKwB@aBCEFeAPuAt@yDZuDAcAOcCIk@EGKGIAWNcB~As@`@[Ve@X_CdAO@kAf@k@^y@`@YLo@\\w@Zi@\\u@ZiAb@a@Jy@^WBYLaB\\U@[HGHSrAQHO@a@IIBIL]pBY~BAZIVQ`AgAbDW\\c@`ASt@GZQtFQ`Cc@hEGxAD\\TzE@pFCxCaA|IKf@c@tAc@hAQ`@aC~G""}"
"2018-11-14 06:28:47",run,"Sunrise was pretty ",2135,266,5.5,150,165,,strava,1963679586,"{""elapsed_time"":2207,""total_elevation_gain"":116.7,""elev_high"":147.6,""elev_low"":58.7,""max_speed"":4.4,""average_cadence"":88,""polyline"":""sijxHrbQn@dAVVDLALgAjDQv@Uh@[`AEVY~AGR@NWhA@NSx@?VKd@SxAGx@MpA[lAGf@i@nAgBhFg@pAk@|AWd@m@nBOXYdAkA|CYhAg@z@KXCLIRa@fBD`@A`@EJWXY`AId@Et@Mr@ARH`@Zl@DPR\\xAhEb@r@Nb@Zn@p@|A~@|BHHj@bBHP^\\JNL`@b@bAZz@R`@LNPf@b@|@Xr@|ApCRh@^\\Vz@TVVh@Ll@Tb@J^^b@J?JLh@RZVl@^pAZpAPNC\\Bf@GTKJG\\g@x@o@NSD?HGT{@\\k@Na@|@qAn@m@v@y@RYr@q@ZUTIJSAKGE@M`@e@`@YLQ^iAj@_ARq@N[Ro@F[`@gAZi@p@aBZk@^eARu@\\w@`@qATg@l@aAX_A`@m@Rc@X_A^u@Z{@R]HY\\u@p@{B^}BLYNe@@S]mAEe@C}ABo@BsCN{E^yGRkBXwF?q@FiB@uCD]AoAEe@A_AKq@Fm@DiBGaECu@?o@EgAG_@Co@SuCAi@WcDIa@EC]JWPi@LQ?e@LOJa@LQAOFUAODIFK@[C[SWFmADaAN[@a@GYKc@Im@Q_B_@k@Ii@@y@Ei@DeA@WC_@KUIc@c@y@uAWSq@Y_BYIHI^CXMt@Ch@M`@Ex@Gf@WdAk@`Be@~@cA`CUt@u@`BQp@[^MZ""}"
"2018-11-16 06:25:20",run,"I forgot to start my watch!!! ",1763,229,4.696,150,168,,strava,1967334301,"{""elapsed_time"":1825,""total_elevation_gain"":85.9,""elev_high"":166.1,""elev_low"":103.9,""max_speed"":3.7,""average_cadence"":90,""polyline"":""ubjxHv{PS@ROFADGAMHIAIRo@`@w@H_@RWNYRo@P_ALmAPa@No@XmCBGDAH?dATR@NFh@`@VXj@fA^`@d@Vh@Nz@Fh@E~@?`@Eb@DtB^T@x@X`@JZBLDt@G\\CXBh@Kb@CHTXtEFDAN?\\JhBAx@D~AEhALl@@n@PTJ@PCP?bAMh@Qb@[v@uAd@]`@QHs@BgA[kEOsCSmCc@_EI{BG_@SmD?_C@WPa@F[BY@_BFc@JmA`@wCj@uCdBwFR{ADw@AkAWyAGs@Ic@KeAGuBD{BLmBL{@n@yCHq@NqCEqBKiAg@y@G?eA|@q@n@iA|@qAh@_Bt@a@Hc@P_@V}Ap@i@ZwAh@k@\\aAf@{Aj@YPi@FYNqARKDW@a@HIFOlAGLWJe@GIDEFQ|@SfBIzAK\\Gj@e@lA[f@Sr@]j@m@pAUt@CZItAAdBKpBId@Af@MhBQzAEbAANRnBFrBD~DCxCCx@M~AMx@E|@a@tCOXU\\Ql@Uf@Mf@a@|@Of@a@~@k@~A{AnDIAIG[m@e@g@OYM]?GFO@K""}"
"2018-11-21 06:33:55",run,"Short run today",1491,201,3.984,152,170,,strava,1976537778,"{""elapsed_time"":1531,""total_elevation_gain"":89.1,""elev_high"":165.6,""elev_low"":104,""max_speed"":4.1,""average_cadence"":90,""polyline"":""eijxHpbQFDb@p@JBHGb@_AdAoCPy@Pe@P[n@cBJm@VDFE^eATWLi@Hk@@i@RsAPoB?[DKDA`A\\NBf@Nd@XXVn@pA^\\`@P\\F`BAZC^?tAD|A^vARt@Xj@FRAVGZ@x@Ep@GH@DLBNd@bJ@fDLlACfABLHFNDl@Av@KXKf@a@n@y@LYLMNMv@YFKDkBAc@O{AOgDYcDKgAIoAKq@OoBQiCAkAGgA?u@Mi@Yq@]]m@]}Ag@m@]k@a@i@u@SMO[QKMO{@yCc@sA_AcBkBgCi@cAk@sAgAuDw@qDU{@GOYaAIc@Qi@Ke@EIQMKDINK|@Op@YrCa@hBk@bB_@p@G^a@x@Sf@GREf@ItD[~DGVGf@?PGx@M|BBz@JfAJfBAZB~B?rCGnAAz@]nD[lBGp@ITW`@Qp@S\\Wr@Yn@i@vAe@vAiBpEIBIEc@u@""}"
"2018-11-22 18:01:34",run,"Legs were very sore! 😭",2762,471,7.208,185,196,,strava,1979319614,"{""elapsed_time"":2861,""total_elevation_gain"":128.3,""elev_high"":173.1,""elev_low"":77.6,""max_speed"":4.4,""average_cadence"":87,""polyline"":""eukxHtrJHHJTX^d@XPRd@fA|@hBh@h@|@|APJJLz@bBz@lAn@j@\\h@\\x@TTD@LMPKTCV[JWLKHCR?XJj@ZX\\\\x@BRPNLNf@lAn@hBHl@`@p@f@hA^h@n@xAPZ|@bCVf@Vx@j@pANp@DLRv@DXAFHb@VjAH`CPhA@v@DP\\nANz@Nl@b@jAFFHPb@vAT^ZdAVl@RZj@r@`@r@jChDxAvB^|@TfAN\\~@~Ad@lADTA^E`@Op@LPRDBJIVKx@Sf@I~@If@Ct@_@~AEf@GVe@hAOd@OVUl@Wf@Ur@Gf@E~BGdAE^GT@FCf@IZGdAMlAMlBAp@FVNhBBr@?xAFnAExBB~@?d@GzAc@nC]nEId@iApCWz@ETw@jBOVi@~AMRUl@w@tCS`@Yz@k@tB[dB[pAm@zCGNQXIXG\\KXG^MLGA?AOSwAkAY[m@i@iBgBu@{@sAiAYc@eAcAMEYCa@?GDe@KIGWYy@oBS_@GULYxAwBBOFIfAyARQx@kAbBwBFQr@kA~@yBV[N]p@gBZu@bAuDTk@r@gCJu@@oABe@Zk@A_@@Ip@y@pAcCX]\\m@FQPEVWDI@[LUNCLInA_CbA{ALKRa@RSL_@RYFAd@e@\\_A^k@Ng@?e@VWt@wATWZw@HK@_@Xg@@QR{@@MIk@B]HQB[Ca@D]f@sB@kAE]KWMUQSGQk@_A[s@Sq@Ki@Oa@q@gA}@eAy@iACE@UEGOOc@m@SQi@q@GOi@m@IS_@m@IYYk@EY[{@Ie@Qo@QaAAQi@yC?OGm@[qBA[MuAGcAQw@Ws@Ig@MUc@k@Ss@GMWeA}@iBaAgBc@kAcAwBGEQYEKEi@Yi@Oi@Q]e@aBSe@i@m@i@WOCKDUPg@v@[DSNGAyA{BuAgBuAuBgAoAcAgBSYk@}@cA}BGIYk@""}"
"2018-11-25 10:00:26",run,"Beddington 10k Race",3334,427,9.672,156,174,,strava,1983733280,"{""elapsed_time"":3848,""total_elevation_gain"":24.2,""elev_high"":33.8,""elev_low"":27.7,""max_speed"":4.5,""average_cadence"":93,""polyline"":""uaqxHfc[BjBI`CQ|B]`BWz@qBvDY^m@l@ILENCZ?hAN~B`@jEXfCX|CHd@FDbBcD~@mA`@u@ZWf@o@XOFCH@PHBARc@l@yBZ}@r@{CdAsDv@qBv@uAVYd@w@\\s@Lk@Jo@N{ALeBBKN\\Jh@JnALjCFr@FVBDLDj@?PABAAa@k@{EM][uBg@_BSeA?Qf@gF?}@H{DAIw@Vq@P{C`@e@j@m@lAa@h@a@XOBOFILm@b@_A|@a@V}@v@GHK\\If@@xBGzAC~BMbBIf@GR]`Be@jAc@~@_A~AeAnAGLETCbAJpBNdBzA~LDRDF\\e@Rs@^u@nAmBTa@lAqA\\MLARDDGbAyC\\gBb@iBlBaG\\u@`CkEL[Pu@Hm@T{CBGLNL|@LjBB|@Ht@D~@DFPDt@AFCBCAUa@kCIsBSiBES[{@YcAIe@@i@XwCFaADeB?}BAIAAo@T{@P}AVc@BUFQHMNU^URi@~@_At@g@b@u@h@s@j@WTc@ZW\\Q`@C\\BrBGdDYbEMv@k@`CWp@cBfC_A|@Sf@CV@h@f@lGj@jEGBD?BBP~@VxBFXDFDIb@qA\\w@`DqELM^UJ@NFFA@C^kAVa@`AuDTiAzA{EbA{Bt@oAbAsBNy@PaBH{ABK@AFDVtA@^FZ@`ANpBD^FHTBj@CJEBKAO]uBYkDQ_Ak@oBOy@?q@TkC\\_AFEISGk@BcCAu@ICEDeB\\_CZWFUL_@\\s@pAUTkAhA_Ar@y@h@{@r@Y^Sd@C|@c@rDT`@Ff@SjDWhBYbAk@xA}AfC}@`AKVCT?^FnAPhCh@|E`@hCLxALf@DFVa@Pm@z@}A~@wAp@y@HM`@c@ZIZFHO~@uC^{APg@hBuGd@oAd@gApBoDXu@PcAJyABu@DMB@HNR|@Dj@?f@Dj@FlBHl@FHRBd@CPI@OAQYkBGgBQmBOs@k@}AMm@EWDu@\\oDDkBByCCCwBh@w@Jm@@m@Lm@d@]f@[n@ONm@f@w@v@{BzAi@d@QTK\\Kh@C|@FjC""}"
"2018-12-08 09:05:46",run,"Norman Parkrun",987,127,3.079,146,174,,strava,2005907714,"{""elapsed_time"":987,""total_elevation_gain"":7.4,""elev_high"":59.4,""elev_low"":51.8,""max_speed"":4.1,""average_cadence"":94,""polyline"":""}vsxHcyDX`@\\z@rAdF\\`Bb@tAjAjFpB~JDx@EbAI`@Ur@U^aAh@GLGAgCpAo@Xy@j@K?ECMa@g@cD_@cBcAoH]gBwAcFWm@e@eBmAoDW_AIg@?c@N{BDkAHk@FEPR^TJDJ?FCVULYDOBk@?QWiBEMc@UGU?GP_AT}@LYHETEb@?H@FFP`@`@hAp@zAbArC|AnDTv@f@|BnA`EVxA|@lEn@bEv@|DNbA?~@Gl@Uz@U`@QNs@ZyC`BqB~@MAEGk@{C_@wBQwAYwAOyA[uBYmAc@mAm@aCe@_BEw@""}"
"2019-01-14 19:35:32",run,"Pretty sure the treadmill is inaccurate ",2229,366,4.983,176,196,,strava,2078772320,"{""elapsed_time"":2234,""total_elevation_gain"":0,""max_speed"":2.8,""average_cadence"":84}"
"2019-01-21 19:01:40",workout,"Evening Workout at Purley",3430,,0,,,,strava,2094487395,"{""elapsed_time"":3430}"
"2019-01-21 19:07:17",run,"Puregym run - watched Netflix 🍿 ",2278,364,4.984,172,194,,strava,2094462023,"{""elapsed_time"":2424,""total_elevation_gain"":0,""max_speed"":2.8,""average_cadence"":88}"
"2019-02-05 06:49:22",walk,"Morning Walk",1119,73,1.215,141,170,,strava,2125118238,"{""elapsed_time"":1231,""total_elevation_gain"":23.8,""elev_high"":118.9,""elev_low"":93.4,""max_speed"":2.3,""polyline"":""mjjxHpaQH@DLAVMLBTEVAHOTGf@C@MS]WIMa@[ISC@AI@e@Ck@PYCU?e@J_@Pc@HIFIC@@H?a@FQGMSOKEGBUIJNSF]DO?UKQEKRKFS`@?Kc@~@GTUTAEO?GZQd@Ad@Wr@KNCAI@S\\QBSPKRMPIZFb@^d@^\\NVPPR@HHZn@d@V@AHGLURGTSJCJu@V_ABEP?V_@@GPURaADEFJND^h@ZXHAPc@Ha@FO?WLa@?M[m@AQ@SJ[CE?MHT@{E?|B""}"
"2019-02-05 18:01:28",workout,"Evening Activity",4155,,0,141,178,,strava,2126618758,"{""elapsed_time"":4155,""total_elevation_gain"":0,""max_speed"":0}"
"2019-03-10 12:46:02",run,"Vitality Little Half",1317,232,3.835,197,210,,strava,2204142718,"{""elapsed_time"":1560,""total_elevation_gain"":11.6,""elev_high"":6.8,""elev_low"":-1.4,""max_speed"":4.9,""polyline"":""sshyHznIIu@Qw@IO_@kAMUs@oCASB[FWn@cAPi@j@k@^u@LI\\a@FQP[FU?MHQHIPU|@yBVc@FSDa@HIX{@P[lAgDR[|@sBV_@Re@JMJWJQVk@Jg@TSTe@X]DKB_@JU^e@FOJITc@\\]`@y@DGFWHKl@s@n@_Ah@gABUh@k@R_@X]Zs@JO^_ARWJa@P]`@o@FS^y@Ro@f@aANk@b@mAJc@Vg@Vo@^m@r@}B^q@T[b@kAx@_BJa@JKzAkCJQ\\[`@w@JKJUPSN]TYNc@T[b@s@NK^e@`CiDT}@bAaClAiDJS`@g@Jm@HQLO^cBd@_AHMTa@^qAHg@j@mB^]JWF_ATs@He@Ti@Bk@JWLg@@]Hg@@OCu@Ps@@QN{@JeAEg@Tw@Bc@ZoBLiCSwASiB?}@Gg@@a@B_@YeEMeAEMEs@K_@Ko@DUGkAFyBKqA?UNQ?eAAc@Q}ABq@CUBi@AeA@yAHoBK}CIw@@i@Cu@NkBIu@?]Ba@F_@@aACUB{@GWOKKCQSYMQE_@Bc@Sk@Kg@?""}"
"2019-03-26 18:01:08",ice-skate,"Ice skating",6855,,0,161,207,,strava,2242806232,"{""elapsed_time"":6855,""total_elevation_gain"":0,""max_speed"":0}"
"2019-03-30 09:50:10",walk,"Morning Walk",1335,79,1.337,110,125,,strava,2251142301,"{""elapsed_time"":1661,""total_elevation_gain"":16,""elev_high"":144.6,""elev_low"":128,""max_speed"":2.3,""polyline"":""crgxHrhQGDCh@B@DINRLOPa@PW?MH[^k@@KTYJSJMJ]?WLWHMFUVs@HMZMFW^_AZk@DWPe@d@{@FWd@{@AOLMJWp@aAFe@Re@f@s@BGXSDIDCJO@u@MWY\\Cl@MVOr@GDg@r@Uf@Md@MNIXMNKVKP[~@IJYz@Wb@I`@Qd@U^e@nASXIRMNO\\IJK`@MT[bA?J?AWn@CLQZIVOZM@MFKSGAAc@QYUEEBO?EBG?IIEIa@a@KAKFSSIAEIKN""}"
"2019-04-02 17:11:00",ice-skate,"Ice skating ",2848,,0,168,205,,strava,2260233826,"{""elapsed_time"":2848,""total_elevation_gain"":0,""max_speed"":0}"
"2019-04-09 16:34:22",run,"Grey and Dull",923,164,2.614,,,,strava,2277370381,"{""elapsed_time"":1415,""total_elevation_gain"":29.9,""elev_high"":157.4,""elev_low"":126.7,""max_speed"":4.2,""polyline"":""g}gxHtfR~@_Dn@aB^uA`@mAZw@pAcEJe@Vq@nAaEb@gAbA_DR_@V]r@oAPa@V}@h@yA^_A^s@Ts@p@}A\\k@j@gAZa@^e@h@g@TQn@u@^g@FQDa@J_@@QCKS_@?MRy@?UKo@[eAUwAOa@Ke@]oBKYK@GHa@z@Y\\[j@g@nAYf@q@zAg@~AWj@Wt@Ir@MVSbAUr@CJUd@Qh@YjAETAd@DVDJRXL\\O`@k@jAQx@uCxIUjAYr@_@tAG@i@_Ai@k@I?\\r@j@\\HHJP@TKn@iAtCE^BPJTLRTP?NWbBGn@Ol@Yt@i@vBIV[j@u@vBYrA_@nA""}"
"2019-05-21 14:20:16",walk,"Afternoon Walk",1265,77,1.296,,145,,strava,2385330169,"{""total_elevation_gain"":25.6,""elev_high"":119.5,""elev_low"":93.4,""max_speed"":2.3,""polyline"":""{ijxHhbQYr@AF@LC`@Ml@KKGQe@s@GCI?EEKo@AWE]He@?YHc@?QRWPa@FYHPEGLi@BY?CAVIa@@b@DBQc@@m@CM?]CK[MM@?@FCOJMBKPG@CBMBIPQLGNYXK`@?QDEKJGRMBKV?PUJYZe@~@GXE\\Qp@IPMHSZUTWVOBMPGP?b@BVPJJXR\\HLFBFJTIZVBFPFFHTh@DBL?HBPE@C@MBGFCJOB?BEBHJAJk@VcATm@Xa@Lw@HQHJV@HP^VDFH@XYHSFg@LYBo@I[OWTS@KP\\GMOGJM""}"
"2019-05-23 12:33:10",walk,"Afternoon Walk",1356,83,1.406,,143,,strava,2390686075,"{""total_elevation_gain"":23.9,""elev_high"":119.1,""elev_low"":93.5,""max_speed"":3.3,""polyline"":""ejjxHx~PC~@FTBBK^DFGbAU|@ECQUIAU[OIKOC?IEMwACN?UVaAF[B_@F[HSLSB?D_@J_@GHNUEWSQKE?OYKo@h@WDABC?GBCANf@FJUDCIORB}@CGAKLKB?ALE@ENEBYj@UTGZ?GR]HP@LQOPL?EM@QPGLEA[t@?FEL[l@MJKVSVI\\GL[XE@INMNCAMRQDCDK`@APNf@DBJNPd@VLZZZDNLFGBLBY@DAME?IYKd@b@d@\\JHAVWNCJI?CTKLm@LWB?J]d@w@Rs@?MNGF@JJPF^f@PNF?Re@D]Ri@@IGq@CMQYCU""}"
"2019-06-30 09:15:15",run,"Penshurst Run Or Dye",2358,311,4.941,,,,strava,2492386389,"{""elapsed_time"":2517,""total_elevation_gain"":87.9,""elev_high"":81.5,""elev_low"":28.9,""max_speed"":4.2,""polyline"":""cwjwHggc@LCZ?DED@TGLQFELYDgAIsABo@GSGKAWEW@]Kw@@WCk@IYI{@Ia@Wo@GQSg@Gg@IOAaAPQ^@BAFGF@h@h@PFf@FVHH@FCXa@VmAPa@HYDETk@J]CI?u@MmACi@CMCeA@qAG{AEm@AWGc@?c@OsACECaAA{@@UC]DaA?m@NkA@uAAw@Iq@CE[_@IIEAMBGJ[BKCu@X[@e@J]BSHKAI@KH}@Do@JK?GBG?UFW?MD]@SFm@BQEQ@s@H[HKAWJI@QEG@m@Vq@BIBKA_@JkAPc@?QFM?EBIAKDSAGBSIGH]FKPKCU@EDEAE@GCq@D_APIMOG[Be@Ak@LqAJw@NS?e@HM?MBa@Ds@JY@u@NKF_@DK?a@LU@KFIPEBMEMFECEGGCKSI_@]y@Gg@W}@AUUk@Ge@KOGUGMAWGICUQg@CWKYYgBIQMu@MUSs@]gBKSAGGGSFGPGFGh@GJKp@EHGb@W`AKRY`@O`@EXKR]XEBI@QPILCRQN[n@KHQTOHe@`@CLEBKXERMX?^?HEFARG??HEB?JDDEBIXM~@GHIZGh@FZAHGt@CFEBKp@CFAHCACFHHR?JCBCV@`@^ZT\\d@RN\\p@\\VPVRd@TLRf@`@b@Vj@PLZNDJTbA?HCFBPMb@MNEl@ENOrCG|@Dx@^^RLj@T`@FDDLDJ?\\VNDDBDCBDl@TdAj@x@^b@HRJPB`@RTDDDb@TNBd@RPBRJ^HJFX@PLLBHCJ@h@`@ZDZPTBt@T`@APPN?PLVHHF`@HLFZX\\DDAFD^B|@f@^Bh@r@JHPFLNP\\d@`@h@n@`@Nl@j@NBJFh@Hb@IDEXMVSb@UN?TE\\BNCRDv@DZAL@LHLBt@GT?JFJ@\\\\}"""
"2019-07-03 08:13:54",run,"Morning walk at the gym",570,49,0.807,,174,,strava,2500102609,"{""elapsed_time"":570,""max_speed"":2.9}"
"2019-07-06 08:07:33",run,"Riddlesdown Parkrun",1734,286,4.827,,210,,strava,2508054952,"{""elapsed_time"":1761,""total_elevation_gain"":25.8,""elev_high"":165.2,""elev_low"":150.9,""max_speed"":4.6,""polyline"":""kcfxHfoNEVWd@cA`Cu@lBQXWn@i@`AM`@k@|CM`@WX}@x@m@d@SXy@v@cAdAk@f@eAlAgB~AYLG@Qf@i@|@_BjDw@tBKH@WCe@AaBCMHa@zB_DVu@`@s@^uAPYLGNYH]NKFGHSPWZ}@h@m@BMr@mAHYHKNc@HM`@gAb@y@Rq@RU~@uALg@JMN}@JKNYHGNa@FIFSZkB?cBI}BQgAOgAAc@Am@DmBCc@CUMa@Ie@EeAGWEy@QgAASKa@Ge@GMUaDBKd@KL?hCUnBc@H??RI`CA|@@vBCVBz@E|@BnAIfAG|A@n@EhAQvCUbB]fBZPLEH@|@CJ@h@CLD`@ERH@TYj@Id@M^KNUt@u@bBc@z@y@pBi@jA}@~DKRyCvCw@x@UNcA`AMJa@h@WTm@n@kBzAMZgAlBiAjCe@tAO\\E@EoDd@uAt@{@Pq@JUHIFOd@q@Tq@Lm@FINMNo@HMNKZg@NMJc@Zi@TONOd@qAHa@HMNI\\e@Ry@LWFUXc@P_@DGXq@|@_BDSTi@AGNe@`@q@FOF]L[TyADs@A_BGo@ScAMeAEiABaADWAk@Ei@S{@KmAEUEy@Y{AMw@A[]kBGgABQj@_BT]Zy@""}"
"2019-07-13 08:06:15",run,"Riddlesdown Parkrun",1824,287,4.854,,209,,strava,2527549736,"{""elapsed_time"":1833,""total_elevation_gain"":25.7,""elev_high"":165.2,""elev_low"":150.7,""max_speed"":4.4,""polyline"":""ybfxHnnNMTCPGHSr@[x@SZWn@[j@k@vAINCJUl@QXUj@k@vCGRINEFi@^o@t@sAjAST_@ZSTiAdAuAxAmAbAULKNUn@eAjB}BrFIy@@}AEq@Da@DI`@WNSb@_@JS@SXs@BM`@s@@KTW`@s@HK^_A^k@N]Fa@DKZ]FITQp@yABOX]NYV{@Pa@h@{@f@qAXc@HQXc@Ri@Fg@P[Rg@TMFO@ONe@RcAF{AAmBI}@O{@Iu@Ey@AaADeAAa@]}AGgASsA?UUmAM_BKi@Ce@Ky@A[\\E`@Ah@KL@h@Gv@QJ?fAWD@?VEf@@`AGvDBtBAbCEd@?`AK`C?x@GvAs@lFC`@FJfAQj@Fx@?^FFAHJBb@CJMTCZCLa@dA[`@kAtBWv@yAdDYhASpAQb@ILmBdBa@f@kA`A_@d@m@f@i@l@yAzAwAbAm@zA]d@Ul@KLaA|BSv@KPELEICUBcBCg@Tw@x@eBVw@HELa@Pc@TWDUHCJSJa@^u@h@yALOVMLc@VYTQRYJg@Tm@Zk@@MXe@BMNYLKNa@j@aADORUp@gARo@Je@To@b@y@Zy@\\eBBW@qBAi@MqAWcBEoABaBGu@Me@OkCKc@Ek@Y{A?SU_BScC@MTi@Pi@HMTm@""}"
"2019-07-20 12:23:55",run,"Missed parkrun this morning",1138,148,2.499,,196,,strava,2547729524,"{""elapsed_time"":1138,""max_speed"":3}"
"2019-07-22 18:32:33",ride,"My first spin class 🚴🏼‍♂️",2598,,,,210,,strava,2554399202,"{""elapsed_time"":2598,""max_speed"":0}"
"2019-07-29 11:19:44",ride,"Lunch Ride",588,,,,180,,strava,2572419079,"{""elapsed_time"":588,""max_speed"":0}"
"2019-07-31 11:06:46",ride,"Lunch Ride",585,,,,138,,strava,2578126763,"{""elapsed_time"":585,""max_speed"":0}"
"2019-08-03 09:59:28",run,"Morning Run",269,41,0.627,,199,,strava,2589401420,"{""elapsed_time"":551,""total_elevation_gain"":22.2,""elev_high"":118.5,""elev_low"":94.4,""max_speed"":4.3,""polyline"":""_kjxHbfQG\\K@_@m@[US[I{@@QHYF}AM]cAuAWUQASNW`@KPM^eAdBWn@Wv@Yb@u@x@Qv@BHdAxAbAl@X`@NLlBqBPm@jBiBn@j@FBJEL[NiANy@Mq@AU""}"
"2019-08-05 13:41:46",run,"Afternoon Run",589,79,1.329,,186,,strava,2592838198,"{""elapsed_time"":589,""max_speed"":2.8}"
"2019-08-08 05:52:49",run,"Morning Warm up on holiday",275,33,0.56,,173,,strava,2600555608,"{""elapsed_time"":275,""max_speed"":2.7}"
"2019-08-26 13:47:44",ride,"Afternoon Ride",588,,,,137,,strava,2653121339,"{""elapsed_time"":588,""max_speed"":0}"
"2019-08-28 08:47:07",ride,"Morning Ride",605,,,,138,,strava,2658283977,"{""elapsed_time"":605,""max_speed"":0}"
"2019-09-09 10:38:09",weight-training,"Gym Session",2454,313,,,,,setgraph,,
"2020-03-02 10:57:50",walk,"Morning Walk",873,37,0.816,,141,,strava,3227073928,"{""elapsed_time"":1004,""total_elevation_gain"":23.2,""elev_high"":117.7,""elev_low"":93.6,""average_speed"":0.935,""max_speed"":2.2,""polyline"":""qojxH`zPSAWMMAMDW\\gA~B]d@o@xAsA~AUf@CVJNXLFFLl@JVPP\\BFDr@fAJHJBLC^a@REJKL_@@k@Po@FMd@m@To@Tc@x@d@Zf@\\_AF]Da@FUASM[EU@SFWAAABSa@""}"
"2020-03-06 16:16:47",walk,"Afternoon Walk",1142,57,1.241,,171,,strava,3227073938,"{""elapsed_time"":1157,""total_elevation_gain"":24.7,""elev_high"":119.1,""elev_low"":93.5,""average_speed"":1.086,""max_speed"":2.2,""polyline"":""gkjxHj_Qj@jAFVUl@Iv@QTOHSOUa@ECE@Wc@EiANy@DgAZaAKKAERMHMZeAOYm@q@SA[FUHUPiAzAe@hACPFNKR_AhAMVOj@MRQNk@^OPe@bAALFP`@l@Xj@\\^^Nj@|@`@VNDNA^YRYTu@Ag@BGN[\\e@LSNg@He@FMFARN|@fAFDXaAJi@L]CUc@gAL[EO""}"
"2020-03-10 22:22:35",walk,"Night Walk",957,57,1.216,,149,,strava,3227073917,"{""elapsed_time"":1221,""elev_high"":46,""elev_low"":43.6,""average_speed"":1.271,""max_speed"":3.3,""polyline"":""yqleItxtLSe@[e@m@g@{@g@MOAq@N{B@q@GU]QMMISEYSsB@MPcADc@AMKB""}"
"2020-03-12 10:20:19",walk,"Morning Walk",1094,60,1.215,,150,,strava,3227073873,"{""elapsed_time"":1336,""total_elevation_gain"":23.4,""elev_high"":117.8,""elev_low"":93.6,""average_speed"":1.111,""max_speed"":2.5,""polyline"":""cjjxH|dQSf@QVa@k@m@o@K[?s@BWPm@?SAED{@?BNi@d@kAFk@A_@i@c@SEUFe@VON]`@qDfGk@nAIJk@`@ORO`@Ib@Tl@r@tANNXLRNJBRf@PTLBJANMv@y@J]TwAAAn@w@Te@Lc@DMD?P\\XVZ\\F@HI\\{@LmAAWWu@?MF]ABGSB?""}"
"2020-03-15 10:16:10",walk,"Morning Walk",2195,91,1.749,,122,,strava,3227074082,"{""elapsed_time"":4593,""total_elevation_gain"":42,""elev_high"":117.7,""elev_low"":93.5,""average_speed"":0.797,""max_speed"":3.2,""polyline"":""snjxHxbQ@m@N}@R}BCNIQWKEIWOQGWQMEm@l@@@MPSj@QXKXMT_@^k@tAYVa@l@I??RCFMIMv@D^FA?ANHHJNp@Zd@\\Fb@PHRXd@NPJ@FCt@q@HKH_@@k@Nc@FMZYTi@PO?_ADUDFBLADE??a@@AQe@@DHe@Rk@FwABSDBAB@EEMSK[[w@g@QGG?UR[b@OZSl@SXOb@[`@m@pAUPUXo@`AIV?N@HXXt@xAPR^@HBHNL`@\\\\R@LGz@y@DOD{@DQNc@ROp@mAB{@V\\d@\\b@f@D@FCPWDOLeAGUBW?MYc@GQFOJIQIBA@DHDA[BAE?EM""}"
"2020-03-16 08:53:52",walk,"Morning Walk",1292,57,1.287,,158,,strava,3227073806,"{""elapsed_time"":1361,""total_elevation_gain"":23.3,""elev_high"":118.8,""elev_low"":93.4,""average_speed"":0.996,""max_speed"":3.7,""polyline"":""ojjxH~`QPb@@RM\\OlAKZMK_@m@SEIGIW?uAHu@@cA?GGIZa@D]`@o@Jc@KMKWQMe@g@c@Za@Tk@r@MTOb@QRc@bAc@t@_@f@o@tAQRi@^[`@Qh@AL@P@BF?FBVf@Th@TZLHTBHBf@z@LLNBRGJGTW\\SDIDMFo@DURa@Za@Pc@Va@@KCUTPn@^VZF@JMNk@Hm@Ao@Su@@MJYAMBQE?HHBJABEAKS""}"
"2020-03-16 15:12:20",walk,"Afternoon Walk",1423,48,1.327,,115,,strava,3227073730,"{""elapsed_time"":1672,""total_elevation_gain"":23.6,""elev_high"":119,""elev_low"":93.4,""average_speed"":0.933,""max_speed"":2.4,""polyline"":""ckjxH|_QRRFRN^Al@Sh@Oh@ONOBSGYYMg@FF@CGi@Wi@ESH_@?g@@]x@sBHa@JW@OGUe@m@UOWAq@`@Yh@a@b@m@jAWp@iA`Be@vAGDOAQNg@t@Sd@@XVz@HJGYS]IQ?EDPJ@DHVhA^VTXEAEMEEJL^NPZNNNXHHPFN?fAs@DYLqAVg@NMb@w@XgAn@t@b@b@DANOFOHg@Lc@?c@CQY]GSBSHQHE@KMLDF""}"
"2020-03-17 09:08:14",walk,"Morning Walk",1225,49,1.17,,148,,strava,3227073741,"{""elapsed_time"":1260,""total_elevation_gain"":23.5,""elev_high"":119,""elev_low"":93.5,""average_speed"":0.955,""max_speed"":1.9,""polyline"":""ojjxHr`QR`@BP?HMTIV?f@CLU\\KF]u@g@a@EUA}@Ls@@y@L}AHST{@BSAWKY[OQHk@Da@`@w@lAc@t@Sd@{@|Au@zAONm@f@KL]|@APDVX`@Zp@\\^^LJFp@hAND^IZo@\\YT{AFUb@c@p@UPQBKAMEUEGp@n@VXFBDGRe@R_A?CC?Bu@Q[GW@WJYMEBB""}"
"2020-03-18 09:10:27",walk,"Morning Walk",1103,48,1.147,,148,,strava,3227073675,"{""elapsed_time"":1187,""total_elevation_gain"":24.5,""elev_high"":118.7,""elev_low"":93.5,""average_speed"":1.04,""max_speed"":2.2,""polyline"":""yjjxHn_QRv@Bd@KnAUz@GBQ[_A{@Qs@CWBUNi@F_ADYXi@Fa@V_A@CJBLa@SE_Ai@OCMBm@VSR_@r@a@f@Sj@IJSh@_@v@_A|A]d@u@n@IPQx@BVJLPDR@NEVOXI^u@HIXO\\k@ZDJATGPKJC@BCA~@`@ZFTJ^ZZ^FDHAJKHWRmA@a@?SWg@G[""}"
"2020-03-19 10:05:35",walk,"Morning Walk",1668,74,1.766,,149,,strava,3227073661,"{""elapsed_time"":2428,""total_elevation_gain"":42.6,""elev_high"":117.7,""elev_low"":93.4,""average_speed"":1.059,""max_speed"":2.3,""polyline"":""_kjxHbgQSMe@i@c@]Qe@C_@?YJUFCBEH_A@a@Ee@O{@CGGXi@[YWKCI?KFe@d@Wf@Sh@a@p@a@h@c@lAeA`Aa@t@I\\N`@dA`BPLZLNLTHNd@HLLHJCf@k@h@e@BIBk@Tw@^e@^}@Fm@E{@@YBQLQBKAXDwALcAMEy@s@e@]MEEAC@c@f@g@v@CH@LELy@pAk@hAW\\i@^QRY|@CXDTh@l@Vn@JLTJd@LNTPf@HHRFRAVSd@o@PiAX{@NO`@MHIFc@BiAZd@t@v@HFHIVs@Fk@Jk@AKW[G]@YRA""}"
"2020-03-20 08:49:08",walk,"Morning Walk",962,62,1.045,,139,,strava,3199617909,"{""elapsed_time"":1018,""total_elevation_gain"":26.1,""elev_high"":119.1,""elev_low"":92.7,""average_speed"":1.086,""max_speed"":2.3,""polyline"":""sljxHn{PPg@HILo@?USSQGIEKYc@AOFSTI@IFO\\GBTGUJaApAAD?B[l@ORs@xAKLa@lAUVUFYZMN[r@Ff@Zj@RD@DPN?PHPLJXHJHR`@FBBJLJBFPCLFFARAD]d@a@@EAQJy@DORa@A@IK?G@CBVb@e@Re@FG`@MAYL?NZVJRZ^a@De@Je@HODCIOFGW]ISE[DMLYDAKDJVAIJcA[lA""}"
"2020-03-20 13:34:24",walk,"Afternoon Walk",1854,70,1.877,,138,,strava,3227073636,"{""elapsed_time"":1984,""total_elevation_gain"":42.2,""elev_high"":117.8,""elev_low"":93.4,""average_speed"":1.012,""max_speed"":2.6,""polyline"":""iljxHffQWi@CKS[FWUk@CSPu@JoA^}@Le@D[?[G]QYc@UQCMBOLi@v@[ZWh@e@r@_@r@e@hA{@bBmAhAYb@GP?TJ^NTZ^Xj@HFh@NZh@f@h@N@\\QJO@a@TEHKHu@Ti@^c@T_@RWFUAWGo@?]Fg@Ne@DwAU[a@[[q@W[ICE@OJc@v@[p@yA`C_@`As@r@UXWf@ETRn@bAzAHFZFHD^t@XVRHRCNKf@m@DMDs@H]HUV[Xg@JYP{@TLj@P`@j@DCT_@DQ?e@NYBW]y@AWFSTSKCMFF@C@DNADKAAI""}"
"2020-03-20 14:50:59",workout,"Afternoon Activity",518,31,,,133,,strava,3227073380,"{""elapsed_time"":518,""average_speed"":0,""max_speed"":0}"
"2020-03-21 08:58:04",walk,"Morning Walk",1393,70,1.485,,154,,strava,3227073394,"{""elapsed_time"":2589,""total_elevation_gain"":25.3,""elev_high"":119.2,""elev_low"":93.6,""average_speed"":1.066,""max_speed"":3.6,""polyline"":""qijxHjaQShA_@lAKPMK[g@_@YKe@Ag@P_AJ{AN_@FADG[v@Nk@AIC@JI?B?IJe@Xw@JSVS]TMVa@dAK\\@@@A?@MQ_@U\\??@EBCKi@Yo@g@]`@c@x@a@|@g@p@w@tAGL?JCDcAjA[h@GBIf@?RPGJLNHP@NEb@Sd@w@JIZK`@q@`@DNCNKHSDU@s@Ho@?SEo@DUDALJH?f@e@TIRDNNCOE?BMJUX]d@_AHIb@OH?BBHTND""}"
"2020-03-22 11:33:15",walk,"Lunch Walk",2218,91,2.194,,186,,strava,3227073234,"{""elapsed_time"":2288,""total_elevation_gain"":49.6,""elev_high"":120,""elev_low"":93.4,""average_speed"":0.989,""max_speed"":3.4,""polyline"":""cjjxHhaQDXATs@|BE@SW[g@C[GU]c@?YLe@VkBRcAL_@^i@Z[`@Ul@WPP?RG?GGJNCOC?ABN`@HF]e@[U_@Fs@^s@l@BJCKSMSGc@E_@Bq@RGHETKHc@p@w@hBo@`AUj@kApAW`@ANDRb@`@L\\x@jA^Vr@v@VFLAFCZ]Vc@FWNs@J]`@o@h@i@Hc@HY?USq@C[Vm@DYBgAXy@H[Bq@AQCMWIm@AcA`@IFSZ_@Zw@fAq@jBi@~@Sh@a@Xg@h@W`@KVNZHFF?XZRr@T\\j@PHTb@b@HZB@HCr@e@RKHKJW^gBDITSFOLa@Lw@DIJ?RJVZRNXXD@DCFWHq@Ng@BUG[S[GM?SBU""}"
"2020-03-24 09:05:40",walk,"Morning Walk",2017,114,2.324,,173,,strava,3227073258,"{""elapsed_time"":2995,""total_elevation_gain"":45.3,""elev_high"":121.1,""elev_low"":93.5,""average_speed"":1.152,""max_speed"":2.5,""polyline"":""ihjxH|~Pr@wBH_@B[@{@EIICQHEDHHDGQAMEADF?CBBAGCEIAQ?KiAf@QNAGEAa@XKBIAIKC[EGIISKSD]Re@~@}@nAYz@SVs@|Ag@t@i@f@m@bAIXARDVd@h@b@x@FDXDLJh@z@JJLDLAb@]^SJKJWLaALg@Zq@n@k@JU?[KeAAYHk@DcADSTe@AGNy@@{@Mc@SSUAYHGBDHAFGAOF@AG??A_@r@IJEBi@r@a@|@Sj@a@n@u@~Ac@b@YP]r@K^@TFXd@z@XZj@T\\l@XZLDLAHEZ]NALIFOL_APo@d@q@b@]LWB_@?cB@UF]BgAP_AB?@DECBc@?XDEHm@JWh@q@RKj@KHBPZJCLIH?LRBT?VG^Od@]z@w@`CI?GCKQCS?MNg@KKBDEFB@C?""}"
"2020-03-25 10:47:26",walk,"Morning Walk",2300,137,2.79,,169,,strava,3227073101,"{""elapsed_time"":2651,""total_elevation_gain"":38.1,""elev_high"":167.9,""elev_low"":116.7,""average_speed"":1.213,""max_speed"":2.3,""polyline"":""q{ixH|xOG{BOaAA]J}BNkAVyDDmBJEDS@}AFw@HYZm@Xw@r@mA\\s@JY`@qBRqAh@oEFKJGH@PFH?HGDMFk@F[JSVOJm@JCpAMpAe@r@On@]nAg@TEPQKE?CL?B@SJo@d@WNm@Rs@F_@Py@PYQMWIYO_Ay@wBIGOAKEu@x@]fAU^Qx@C?WKID?LDRd@v@@RCr@O|@HRHFPFBDKz@Wz@I\\WlCq@~CKT_CnEI\\An@KVCRAtABZY~Da@~DCr@?h@J`AHrABdHF`AOdD[xBQjBIrASp@}@rBi@zAoDdJMK_@g@o@o@KQIWAOLc@""}"
"2020-03-27 11:02:50",walk,"Lunch Walk",1034,66,1.113,,145,,strava,3227077005,"{""elapsed_time"":1265,""total_elevation_gain"":23.1,""elev_high"":117.5,""elev_low"":93.5,""average_speed"":1.076,""max_speed"":2.6,""polyline"":""gkjxHtfQAF[UMS?GEGKAKKAGD?WEEk@HOS_@JYDw@Je@@[\\y@F?DIHk@B]?KIOEAISIGGIUSIF]P?@LCVTIJCJ_@EGB}@d@ILAD]h@SVMTM\\@JCH[`@G@EFOTIh@a@v@g@b@W\\WLOVCNHXT`@BFJPPJPb@JNJFRBX\\LFP^AFNDXCZUj@QF[?i@R{@LM@MDGb@UJQ?KRM@UAGBKH@KIZZXNXd@B@DCRg@Jq@FE?ICCBo@CIKIIg@B[B@""}"
"2020-03-29 17:35:00",walk,"Evening Walk",982,70,1.179,,170,,strava,3232432534,"{""elapsed_time"":1008,""total_elevation_gain"":23.2,""elev_high"":118.7,""elev_low"":93.7,""average_speed"":1.2,""max_speed"":2.4,""polyline"":""mjjxHv`QHb@HFCLHVIXQHADCFBTCJEHG@CPGHEEAMWYGQWAIQFCKAQiABKAIFIBU?]DQHs@Ra@Tk@@SDIHc@HUU_@OIGKc@SUAEEOZc@d@INGBk@x@AHa@r@Oh@ACMNK\\QV_@x@m@`Aq@z@ELKFSh@ALLLRLLLLh@HN@HFNj@RZ`@?JLPVDRAVMf@_@FOFu@JWBQFSPM\\g@DKHo@LMTDJLXPF?P\\LJLa@@IJKFe@LQAG?a@@IAMMSO]FQ@GACHECM""}"
"2020-06-01 09:14:17",walk,"Morning Walk",4611,309,5.236,151,,,strava,3566634042,"{""elapsed_time"":6495,""total_elevation_gain"":110.9,""elev_high"":214.3,""elev_low"":159,""average_speed"":1.136,""max_speed"":2.1,""polyline"":""sgxwHbs{@Iq@Hg@?SWs@?MCG?[BIGSAMCCA_@[mB?UEQ@GG_@Cs@A}ABk@A_AIy@EMFwABK@[?u@Gq@@m@Mc@CCFKHgAL]GYB}@K{ADe@IWECNk@FAJO?QFQ@m@HAGM?_@CQHa@FcCEi@K]E]F?A?JGDQh@m@DKl@g@T{@BcAVUXy@B]J]BOCc@D]Rs@CIDg@?s@DGA{@BWDM?UD]H]NwBA]IGECG@EAI@GEK?EK?SCIH]?a@HkAE[Fg@?a@A_@RqCCo@Fg@Bu@AQHeCCU@e@ACG}C@y@Gi@FS?WD[PQDQFCJSSi@IGESKQEAM]e@UKOCIMMKUQGCIEDMAGIU?IEMACGc@IE@OEGGQAICIBGIEA]Am@IIBKAIGo@GWGCEU@JDBAG@c@Oc@UQBSCKDCCWAOIOCM?a@S_@EGCE@UGOAGCGL?D@Oq@@GDS@MDY?WJYB]A[KI@EC[C]GWAc@FMGC@MAUFY@MFM?QF]@MDGFHt@ANDt@@t@Ef@@~@FT?j@CD?HDf@?\\Db@?n@DhAARHj@CI?}@GYCs@@wACc@@i@C_@K}@CC@_@AC@ABmAGgB?SDG\\EREF@J?j@QT?FCZH^Ab@DFBp@@NCLBRBDDP?PGn@AnASLFNRPfBRnADj@Ff@JtARv@\\hBBn@j@xCJv@Dv@LXHp@RbADtAJ|@@h@Jr@Df@CXLb@?^BTZrAD\\?j@RlA@NCl@LjA?HDZBn@Lb@Ft@HPNr@BXL`AN`@HbATn@DfBDCNRBPGTL^M|A?^K|@@DIv@Ot@B^Cj@@~@Cf@GVATGn@IV@l@Ex@B^@dAH|@?FIT@PDr@DX?PPPFTB@q@xCDHCTCbA@NB@D^Iz@HTAZFN?JEd@GP?TB`@BL@N?TAL@^\\bAFh@Jh@?NDBDf@NZL\\Fd@Ld@P\\?PCZBH@j@GTBXDJBl@E`@?b@En@i@x@ADYROFQKM[II@CJJCFCMBQ@?Sb@DU""}"
"2020-06-03 08:05:34",walk,"Morning Walk",949,67,1.142,129,,,strava,3566633832,"{""elapsed_time"":2300,""total_elevation_gain"":21.7,""elev_high"":116.3,""elev_low"":93.6,""average_speed"":1.203,""max_speed"":2.3,""polyline"":""ukjxHndQVx@UTGQW]EMe@]@GG]BQAG?_@LW?c@Hg@AMJg@?EN{@LMESI@LHAYO@IMOKa@Qi@@SGM@OFEHEXYREP@PWVQf@MPI\\[h@QLGVGBIZMNENUL?FWZQHSTOn@@d@BFLDRRDLFh@T^DDl@LLTLJHTZXPBRCLGf@c@NGBg@AO`@kAJQHEJ]BCPkA`AZHHFBHRHBBKXWFkAJ[EW[c@?QBMJGBU""}"
"2020-06-04 07:32:48",walk,"Morning Walk",1107,69,1.169,127,,,strava,3566633780,"{""elapsed_time"":1163,""total_elevation_gain"":21.8,""elev_high"":118.2,""elev_low"":93.6,""average_speed"":1.056,""max_speed"":2.2,""polyline"":""cjjxHdaQJn@ITFJMHCXC@E\\CFAR[HAI?@Wa@BCOOMWKEGMAOJOCIBKCU@IFQB]EQHMOa@BEJIBUHONMN[CMDKAE?[BGC[]m@GAGG[CIBOLG@[RKLCAW`@JTWPEJWVODKVALOZGT]f@ADQPOn@S^AFOLECIHS`@MLGBIRG@U`@A\\FRNLDHF\\PPBNd@ZPHN?LVB@DJB@CHHJZPFJH@^UTWTO@GHIH[E_@Dc@LUb@WAGJQH[ZKA_@RGA?NNJF`@r@FDLQJWAEL_@Jg@@i@a@s@?UDGRG""}"
"2020-06-05 09:57:35",walk,"Morning Walk",1058,76,1.293,126,,,strava,3566695824,"{""elapsed_time"":1296,""total_elevation_gain"":21.7,""elev_high"":118.3,""elev_low"":93.6,""average_speed"":1.222,""max_speed"":2.3,""polyline"":""kkjxHz_Qn@\\Jp@GJW`A?FCHDJALK?INEAMIIMCBOUMECGGG@CKWCS@KMo@@UB?BMAUBKJI?UM@EARC@URa@NQ?m@Rk@Bi@Q]SUOIUEUHZDL?LBa@GUDWLCLKRc@f@@@G\\Q@?HMDKHENc@|@c@j@Od@Yb@[r@SVc@TMLGTEFGXQZ?HBLBDVPHNJf@PLDJPTRDLD`@j@DH?H^N@CZBFEJM^WFYBSAQBULWB?FURSJYHGJUFSBi@HKbAp@NPADBBJHFYNUBYRg@CSBKGWSc@CUBC@[BCQWEMBD""}"
"2020-06-06 09:38:44",walk,"Morning Walk",6067,463,7.84,140,,,strava,3571847423,"{""elapsed_time"":6620,""total_elevation_gain"":94.9,""elev_high"":235,""elev_low"":188.2,""average_speed"":1.292,""max_speed"":3.3,""polyline"":""m|ywHnod@JFBTDHUMOH@d@YxAD\\?XJf@Td@APNfACr@R`ARd@@NAf@Lp@@@DXDH@?Z|@R`AB^Nt@Fv@Hn@@\\L\\PbAFDN`@@\\RzAF|@TjBBj@H^Bl@FX?`@LzAAh@@b@Fb@@PENAj@Hn@@XHV@f@BT?n@E^F`@?JNh@FFIj@JjA@`AHhAATF\\E~@H^?NCXCxBBTG`@Dp@Cf@TtA?FJn@?LL^?PD`@@jDKv@D^?`@Cv@I|@\\|@e@@KFQVWFUPINCl@IX@AOBGN@Tg@`DEl@ENQ\\EPQ^S\\EXUXWr@OTMZ]b@Sd@Sb@EB@Bi@`AI`@[x@G\\Lb@BZD?IP@NI|@CtBEl@JpEVtCLd@Db@HPCR@PXdAN^Hb@?t@FzAYZUt@Q\\KDIPW|@?JKVGX?RE^A`@?h@EVIT?n@FbBAZDRApABVAJENCp@?lAPxATfAGVATDLERJDDAHFLDPAHLS\\UTSh@U`@Kt@Bj@W|@]b@GNUPE?GJEPEFG^EFENKJCH?HOr@DBAB@\\YVC\\Ol@ARO\\IXATELIJKl@EFQnASd@Ib@EHQv@?@StAIL?LIHET?PIRCPGF?JGb@?RSx@GHGd@O\\Ef@O`ACt@[vAMZARCLIt@GXIv@c@z@e@pA_@x@GR@BS`@Q|@KhAFT@TCXK\\D\\Aj@Ft@?bA@JAAFp@HTHl@Cr@D|@CHCx@CBDBEEJ?@g@CK@WEc@Dc@I]A_AOeAMwA?k@CSLeACYFg@Fs@Jg@Fs@HIHQLc@Jm@J[Va@HWLSNq@d@mA@a@FM?KLc@?SLi@Dq@Fa@Bs@`@cAF]Fy@Lc@A[JYFe@Zy@@KHC?KDOFw@Jk@EKH[?QFOEEHe@v@_BLcAFORIAWBc@VgADi@J]^o@@a@Fa@D?GWFGCEN_@DDNOP[ZIJMD[T_A@_APq@FMNKPe@Z]AKQOUKKIEKGa@?oACYIOEc@EOEc@FaA?y@B[?GGOFi@CS@k@Ek@D{@DK?GEEJe@BABQCYEY@_@J_AH_@Pa@DOB_@NSVWX{@Dc@@u@CKEC?@J?E?Do@Ea@Si@Q_@G_@?WIQMs@IoAM{@IkCES@KCmA@y@H{A@w@Fa@?]COAWB_ABSNWb@uANMXi@@IN]BAPYDEHOBURYTk@F_@N[DEPi@TaA\\eDRiALa@VmATi@Hc@j@cA`@eAJq@@_@AWFQ?a@BQ?c@C_A@GEiAMo@CaAUq@Gu@BY?k@BUEa@Fo@?m@By@Ms@Dg@Ea@@q@CK@_@CYBk@SaA?S@QA]Iu@@OCO@[Ik@@_@EW?i@GaAGYA_@AwBEm@?SCgA[aCDMCYUaAC[Ms@AQIc@A[B?Gm@GWKUKq@OUMyA[sBEw@Qu@?MMg@]i@WwAGu@Ki@AgAMkBI]Ww@Eo@?YF[Be@Ae@I?KMIB""}"
"2020-06-07 10:33:44",walk,"Lunch Walk",3919,295,4.988,141,,,strava,3581842635,"{""elapsed_time"":4010,""total_elevation_gain"":43.7,""elev_high"":168.5,""elev_low"":123.4,""average_speed"":1.273,""max_speed"":2.2,""polyline"":""efhxHtwQFFNA`A\\BDBZJBDFT@LEH_@BADMPSJYVgADEAIHOFc@DGAOBIVa@AIDO?GBM@GLIFYNYDALFfBxAFBFEJ@RTHRTL`@NDCNu@N[V}@Xq@Ty@Vm@DWFGHa@L[FCn@mB`@}@Lc@Jk@Pe@Li@Vq@?SP_AB]EU@OI_@?_@CCCWKOCYIGC?Ys@MEQUTaA@WBOJ[FAVo@Di@\\qAFg@BKLMRs@Xs@RYJYJKL]No@HMFUNQJ[LOBKLQFUHOb@k@NYL]NOJ]DKFCNa@JMPa@PYN]JKL_@z@oAF?F[NYDAJW@Kb@m@HSLSBOV_@Nc@DYT[DODEFa@N[fAyA\\cALSHWf@}@?GN]BWPUJ]p@cBDULa@XkCLm@TiCHyDAe@@w@AODq@?q@CC@g@Aa@DaB?iCHyBAGBkACiBDc@FcD?cA@k@CMgBjDuA`CM^{@`BYv@Y`@KV?HHVL`At@bEPtAJpBFf@Rt@@`@Db@@RIV?XEN@~@Ft@Px@Jp@?|@DnACX@p@ATEVIRE\\Yl@I\\QXa@fAg@fAOf@e@l@Qd@OLSn@a@t@St@m@bAEBOb@Wf@{@lBIFU^OPQJEF[z@SXs@`Bk@dAOPINGZ[\\Mb@e@|@Yd@G^ML?H[bAk@v@Qr@Uj@On@KPUr@Md@Ih@ELGDIn@IFCJMdA@NB?AP@FHFH?RRBDBJIj@Wf@Sh@GFUn@GXe@dASt@EZkA`DCRc@rAMd@Q^CZa@vAk@fBQb@C@SQW]GCGMUQQ]I?QSK?c@hB@FCHGDCLIJ]lAO\\WlACAGFSn@INAZMKSIIAIJG?CE_@QSRMEMM?DDF@CBFADFE""}"
"2020-06-08 10:15:39",walk,"Lunch Walk",1450,91,1.541,133,,,strava,3583186736,"{""elapsed_time"":2538,""total_elevation_gain"":21.9,""elev_high"":117.7,""elev_low"":93.5,""average_speed"":1.063,""max_speed"":2,""polyline"":""qjjxH`dQRHIXIPKJBHENWKAIGCCKQUG?QQCD@KMi@@AGu@Lc@Ak@Fq@HQ?QTg@CWVT]e@L@UA?AQEHXCb@D`AMb@@^CXIJ?HIZDLC^@NH?NZ[o@AOBO@a@L[FaBCe@GMGCs@w@IEKFMKHDUDIHc@NKVMj@CBYh@CLGBa@p@k@zAK?OPMDDAIPUVQLAHU\\ANHRFJNJHNRh@BLFBBFXVB@FARFFFHRNLPXh@`@AEHGJWPOBKLIDGB?Cu@N_@DGFCDO?GPG@QVm@D?FEXM@CDSG[Oc@DUGa@?Q@KHIFQ?y@H[B??KJSLCOTONK^BJBl@ELSZBJEHBr@PNBHl@n@RHVd@FKB[FKB]ASHSDYB@Ce@SU""}"
"2020-06-08 16:00:46",workout,"Afternoon Activity",5657,,0,116,,,strava,3583722699,"{""elapsed_time"":5657,""total_elevation_gain"":0,""average_speed"":0,""max_speed"":0}"
"2020-06-09 09:29:30",walk,"Morning Walk",1131,79,1.338,131,,,strava,3586852422,"{""elapsed_time"":2524,""total_elevation_gain"":23.1,""elev_high"":119.1,""elev_low"":93.6,""average_speed"":1.183,""max_speed"":2.2,""polyline"":""ekjxHp_Qh@rAIz@GBGRKv@KFIIMGQ[KECKCCDAOMCQO_@?_A@}@Ho@HQHm@DBSj@Gj@Ov@BECRITCPAPD`AGDK`@C\\CPs@lAIZ?p@KNAXEJbARK@KDEFkABc@MOI[]QYEMGCGBI@EC]]]e@e@mA?KTo@Zg@\\IJKFWNOLc@P[~@eBLKLi@Tg@HELMVEp@FLNPHHFBBHAAAEfDIRIr@Dh@BRJLNPXLF@R`@FFD?DOR[Hg@AS@UJMEUYc@He@CYEKEARB?COCMHFE""}"
"2020-06-10 09:03:38",walk,"Morning Walk",3903,269,4.549,119,,,strava,3611896279,"{""elapsed_time"":4061,""total_elevation_gain"":32.5,""elev_high"":166.3,""elev_low"":136.8,""average_speed"":1.166,""max_speed"":3.8,""polyline"":""i~gxHfiRHK?UV{@JWNi@JQh@qBl@gBPk@F_@Z{@Xm@Pg@l@aCt@iBRw@Rk@BEBBJc@Tg@Lg@h@sATy@f@aABO`@s@H{@JURy@AQJUTkA@{@JIHe@Na@@IDIDC@KRs@RqAj@{ACq@F}AAOBSAk@DW?_@h@{AV}@j@qAVc@HYf@}@JWJMLc@\\Wv@u@HOPMbBaBh@_A^]d@{@j@u@v@oA\\a@V_@hBeEf@yAZs@Xe@La@f@cAd@qAPWh@mAD?HURWTQLS@OGSCS?QGqA@QEc@?_@IiBWeC@{@?i@d@aDPgBDq@Ny@?QIWGi@I[KO{@c@EGa@YW[GMI@AXElCBTC~B@NAt@@dAANEzAIGQBEDNCJ@@NAL@tBKfC@HObB?Rq@tEIL@Ji@`BE@CNOf@]j@c@z@KN{@pBCHQ\\GPc@n@EPSd@UZITQv@SZMLi@pAKNK\\SV?HMLIXGBILGBEVYLGL?CQf@YTSr@AASb@Ob@OPOd@KB?H[l@M\\QNSh@MNSp@c@l@I\\BTAt@Dp@?~@Mb@?LDxAAt@IbCHL?^Kz@Wh@Cd@Kj@Yr@GXWh@YdAEJIDGJMh@M~@ILO`@@FKf@a@n@CJILK^s@zAG\\}@`CMVKTCRWp@]nAYz@IHGNIh@W|@y@zBMh@u@pBGZKREXSj@k@xBWr@U^]fA""}"
"2020-06-11 08:03:56",walk,"Morning Walk",1896,129,2.182,121,,,strava,3611896390,"{""elapsed_time"":3367,""total_elevation_gain"":48.2,""elev_high"":119,""elev_low"":93.4,""average_speed"":1.151,""max_speed"":3.2,""polyline"":""kkjxHv~PJp@HP\\h@KVAN?^CLQf@IBCTEBGI?IQa@g@ODGa@aAFMESJ[HGEo@@]CCLq@@[HDSMM]WOe@G?Bc@UIAEBO^]f@Ob@W\\?HaAlAAF@PWXOb@WPAFe@j@GBAFSRGLCTF\\DLHE@FLFBFRGP@TOVGNOL]LQNECUUPTER?BCBC?MDODEHCH@BDZJBGLEJU?GFVZNZBZGZk@OUEWEGUO@OCUF]?_@OYMKMOKDGUU[GQG?SNMT?L]h@GDELILAPMPSFINUt@GJQX[ZOFAFONEPWp@AHDL@ENd@TTBPLH@LHBJPJHf@Jn@fAHDNFLCRYNEJKLC?MRUE_@Pq@@[?c@EGGq@Fa@MS?u@Bm@Ji@CU@[C[BOHGHPTENQFUXc@FEKDBOC@DjAFb@?NEPBHANKZFDILEZ@d@DR@ZXFFH^PRXBND?RKDUDEBGCWHKDSFECi@c@w@AKJWAQSAN@?BYo@EDJLXn@HFc@c@JE@C""}"
"2020-06-14 09:33:01",walk,"Morning Walk",3292,203,3.444,118,,,strava,3614263391,"{""elapsed_time"":3453,""total_elevation_gain"":38.9,""elev_high"":92.5,""elev_low"":71,""average_speed"":1.046,""max_speed"":1.9,""polyline"":""idoxHlpNCI@eADq@Ti@^mBZu@Bo@Ni@J_ALk@Ae@Fk@Ac@D_@Bu@Ho@?m@DeAB]FGFo@@oAFODYDKHy@I}AG[Oa@[GOI[Cc@HY?WDGHOF_@IE@IGMHIAEJSJSBK?MBEAk@VKHS`@Md@Cn@EJE@GHMIEGGg@EmA@u@C[A}BBu@CMHc@DKDCHA^Yd@VNTZXVLF@FFLEr@GPKR}@@QEkCEe@M_AYcA[qAWyAWq@GWm@_De@aBWDGFEHEJ?TFh@XzA?^EDMHMD_ALcAXONQFABU@OJm@Eg@@M?[DEa@S_@gAoEGIMIK?SHGFKVIn@?h@Hv@Hd@Df@Nx@PtBL^D^HTNbAVj@Nd@JNBP\\l@NRBDNVZZJTDB@Dr@jABPJ\\LTDx@Bz@HbA?h@Ej@G^CrBKbBSf@Yf@KHAPKXDb@F|AFp@BPBxBFn@?d@@x@ARDT?h@GFICKHMEOHC?a@J[CK@GCMDOAo@HJDVXB?JVJLRJ~@dA`@^d@n@Lt@FBVZFBVVJD`@Hb@ZbAhA`@`@P\\^b@dAl@JPF@LBJSHq@JaBF_@@Yd@gCNk@""}"
"2020-06-14 14:02:53",workout,"Afternoon Activity",4634,,0,128,,,strava,3614262831,"{""elapsed_time"":4634,""total_elevation_gain"":0,""average_speed"":0,""max_speed"":0}"
"2020-06-15 07:59:08",walk,"Morning Walk",477,37,0.624,122,,,strava,3637188000,"{""elapsed_time"":959,""total_elevation_gain"":7.9,""elev_high"":121,""elev_low"":112.4,""average_speed"":1.309,""max_speed"":2.3,""polyline"":""mjjxHr_QM\\@HJLP^GPGD?JIp@Qx@C?IECKOSIQ?CGGACSCD@KKDMCEBKIi@?QJS@EGy@@SH_@BN?WFW?AMA\\UXa@Pq@RSPK`@CCE@KPBFGHDBZKLNUPAHB@RFP?NEVM\\@FEH@BYn@AVEJc@t@ANEJBDGTYYM[?IJSAA""}"
"2020-06-16 08:29:52",walk,"Morning Walk",1404,86,1.454,114,,,strava,3637188067,"{""elapsed_time"":4077,""total_elevation_gain"":22.2,""elev_high"":119.1,""elev_low"":98,""average_speed"":1.035,""max_speed"":2.2,""polyline"":""qkjxHl~PXz@^|@CPEDGBD?M@Bf@CB?RSb@KJ[e@GWCAFLABS[EQ[E?g@BQCIDMLIBK@eBJo@OB@NKXCX@HADDDC\\]n@@VAHDRBn@Gf@KPAVSR?PIHE@GR@HEDAHYb@?XCDIDRCQPUHJL[^U@EACBYCAGe@a@Oe@BG@DJEA[EEGCOa@[MII?EZGF@PKD?Vm@XQNELc@TKJFHA^SPSCS?{@Nk@?c@EWDi@Wo@DILKTJRDF?ZFVCND@E@HAGMd@CZGdABRINI\\Ch@@R@JT^b@TLNJVFDFLD?N_ADCFQB_@HU?IYo@EUHW?IQQJHBGQMEG@A@BLJKCBBQJ""}"
"2020-06-19 07:52:14",walk,"Morning Walk",5126,393,6.653,127,,,strava,3637424764,"{""elapsed_time"":5229,""total_elevation_gain"":69.4,""elev_high"":168.4,""elev_low"":118.4,""average_speed"":1.298,""max_speed"":2.2,""polyline"":""i~gxHliRFq@r@aBr@cCZw@fAsD~@kCBMAGTs@\\y@Ni@Re@t@iC\\s@pAoDNWFQh@gALaAVaADG?GLYTcB?k@BYCMKg@Um@?KU_@KIKSIECIm@c@OSUM_@i@c@YOW@CMKAGQQ]QYCYQGSKIQWAFFFPD^r@NLS@`@LXPPFBFLL?DJFb@b@PHLTLH@EFFZLHJPFHOFc@?WCEBUN[@QR]Je@HQBa@LWBSR]FWRO@CJODUP]?GNk@Xm@DWn@iB\\u@DOP]b@i@Vw@X_@Vg@FEH[POFQRe@n@cAHSNSJUZe@FSt@iAPe@DCTg@T[LWDWf@iANi@FILWHILYJMBGDEL_@Xk@H_@n@uAX_@LWNSHEh@cBJOLu@?UNu@PeBJi@AGBMLmBBwDD]CQBa@CMJcAGiBDaA@{CFoBAq@Bu@?mCD{@A]Bs@AyBBGAOQf@O\\aAbBO^a@j@Uf@UVAHaAhBK^q@hAAHKJOLu@ZWRk@TYVq@\\}AbAcAh@k@d@c@NS?]Lu@p@GJUNOXMNQHUTUBMLw@XOBGNJd@HJDDFGJBFAVR@LGF?JKJE@QRO?GGM@SKi@DQQIMG?MFKEMIQNGPG?EBY@GFE?IHKAOHQDOFI@OEMBGEKQC?EBGCCGBSYi@Gm@Ui@CMU]G}AI]MYOGOf@QPa@pAO@GJ[FEBILy@p@W\\l@m@HFLTNNRl@Kd@F`@A^ELHb@?HMLKKEAIDEAq@^CDe@RK?MFSPGBCFSDKFG@CAUFUPKDIJAFMFu@p@i@BUCSVKDKCCZ@\\CNFnBJdAH^LbBH\\Db@AjBKfAS`AMZg@bBQ^q@rCo@`EAf@MtA?ZL?\\JLNHALBDHVXJBTVLPOERNb@RLZ^\\HLNNDJRTBHFLTNl@n@HA`@RJAHPNL@AFJHDBATNXDRJTDBAn@VRLVBj@Nd@`@LBTPTHJLLFHLJFTVLNHFOG\\THN^XJBRN?DZ\\LFHRLHZHLj@j@d@LFZd@DNT@L`@Hz@JX?PHRCDCb@QfAOh@a@jACb@I`@QZKb@[l@ENQXSp@KRK^KROh@a@`AEBCNW~@_@`AUr@ETILUv@{@~BSr@KXCP]z@aA`DGHSt@Qh@BBMRCTa@bAAFKVE?""}"
"2020-06-21 16:02:13",walk,"Afternoon Walk",2467,183,3.105,124,,,strava,3663048451,"{""elapsed_time"":2634,""total_elevation_gain"":25.7,""elev_high"":162.6,""elev_low"":136.8,""average_speed"":1.259,""max_speed"":3.4,""polyline"":""axgxHzeQv@@BPDDBNNBDFF??TDFLAPO@IT@HDHLCNFJDXTFCCNKHMTg@Nm@PYJ[NYp@kBRe@FIDs@HOLe@N_@No@N[D[Rc@H]LWRs@HQ@BFUT_BJ_@Ra@Bm@Ei@?eAB_@?sC@e@LQh@_BRa@Nc@Zq@Va@BOx@qANg@NWPKHKTOn@o@PMhBqB^i@Xo@nAcBZq@TUT_@FENUhAyBRm@hAcCNi@Rg@Ve@Pe@d@}@Pg@l@oAd@u@LMNINAc@IOBKCc@By@Ac@CKC{@HI`@Ob@SXI\\Wd@EXGP[d@e@nA_@f@c@x@ARSRk@lAY`@Sl@ALQd@MJM\\]f@Ut@]d@O^YZALWZOVMZe@r@Wh@Mb@KLUn@[b@KHMRM`@Q^sA|BUp@ET]l@Mf@]v@AJQ`@AHKRK`@SDUnASt@UVAh@ELE\\GDGj@Id@DFFh@PJNN@JERSl@G`@SZ]rAg@lAWfAY`AeArCMf@Sf@Ib@Wh@IB[[S[KGKS[QAD""}"
"2020-06-23 12:59:36",walk,"Afternoon Walk",1057,72,1.227,117,,,strava,3663048430,"{""elapsed_time"":1559,""total_elevation_gain"":21.5,""elev_high"":117.3,""elev_low"":93.7,""average_speed"":1.161,""max_speed"":2.3,""polyline"":""ujjxHp_QB^FZNLAFIFCTGDBFBTK\\Cn@GFADMBCOBCEKm@_@EOOK?WIc@JEIUNQCi@DS?_@Hc@Xq@BULY?MDOCSBIFGGKMGIGIW[K?AW?UJMNWLSn@G@MLSd@KFSXC\\Qb@MTMNKVMLk@rAGJw@j@ILSd@MPCPCBBVNf@^r@FJLHBHJDP@D??ARJNVFLXh@`@ADEFULS\\QJaAHSFYPWTQJODQHg@@[N?TT\\FPZPJ@DJGXc@Ac@D[HWOu@GKCKHQ?]KGa@Kh@HGCHM""}"
"2020-06-24 09:28:58",walk,"Morning Walk",1125,73,1.239,114,,,strava,3663127158,"{""elapsed_time"":1489,""total_elevation_gain"":21.6,""elev_high"":119.2,""elev_low"":93.9,""average_speed"":1.101,""max_speed"":2,""polyline"":""skjxHn_Qx@jABHO`@CfAKVG@CFMLc@i@EK@GMB@Ic@[H@KHK\\BTLPKFEFOO?FNPi@\\c@b@GXFNABIDBSAXCCBWDJM`@ALA@CAENMJIPKLk@NG?KKe@w@KYEES@GEIAQQGQKKMg@SYCMJc@Zg@TWFK\\UBIZi@HWLUDEJ[PQ`A{BNWPGP]p@}@ZKNOFAPB`@d@HAEd@Uv@EX]dAKzAOb@A\\DVAl@\\ZJBVTH@HRPRDCVu@?SPw@?Q]cADSFE""}"
"2020-06-24 19:13:35",walk,"Evening Walk",1863,159,2.686,134,,,strava,3673783342,"{""elapsed_time"":5961,""total_elevation_gain"":74.8,""elev_high"":118,""elev_low"":57.7,""average_speed"":1.442,""max_speed"":3,""polyline"":""isjxHhdQHCKGQPULKTE?INQHCHSVMHUDWLq@IKDEFIEQDGVIHAXKb@GFI`@U`@@p@G@Ya@MGGAKDg@EGDg@EOEKKK?IQQOO{@MMM?MYOk@YRS^ONg@z@GBE?O^SL]DECYEU?ICIKSGKKULWWm@a@IKIEQCOMCAMMAIEGGBCGIAUQI?i@HGFOXGBSf@UJ[@SRG@EDK?HGOEM@XLLEHGP?DCFSFBLAj@Yb@m@NJBC@Wh@^ZNTPLFYMMSYWSGWAGD?FODEDUFM?WZ[JQPWL]`@SL}@dAm@XOPMBUPK@k@\\KJCH]h@OLSXC@GAKFQDKZKC[j@EEMZONg@TSTCFP`AFp@HXTAx@i@@L@K@BABBCA@DBEa@H[FMBALDLALFt@@LBLAFBLCBDZ@BFb@NVd@TJTTH@LJFHBLHBR\\PPD@VZTNFFN`@f@f@LR\\ZBHTTZd@HBAMg@w@Jg@ZQXHTQBQKUEGEACGG?BQFCJMIOxXiO`PyQCKGFXU_@I^POe@EDCWINL@JJADA?\\[MFKT@S""}"
"2020-06-26 13:38:55",workout,"Afternoon Activity",3787,,0,137,,,strava,3678665132,"{""elapsed_time"":3787,""total_elevation_gain"":0,""average_speed"":0,""max_speed"":0}"
"2020-06-27 14:19:42",walk,"Afternoon Walk",1773,125,2.119,129,,,strava,3685068879,"{""elapsed_time"":2082,""total_elevation_gain"":42.5,""elev_high"":119,""elev_low"":93.3,""average_speed"":1.195,""max_speed"":2.4,""polyline"":""gkjxHv_QDXFFLBZb@GPAJG@?RMLATFHAPEJEDGPGDMKa@i@GEBEUSSiAL{@@{@BEB]Va@BS^_A@QFKAUAEI@g@g@@ECEQBKIQCC@KRUPQ\\UPU^OJ[`@W|@YPGLIb@i@p@[|@MNMDk@d@]r@K\\@PNRVNXDOM\\JJS`@U@IHGDO^[JELMFAJSHCJDH?DBDAHOXUFZH?RFFJJDd@K?g@Ei@ReAHiAJ@DU@WJWZ{A@KGM@AQOKLV?LR?FQIOQMBUCSBUH[RSFk@`@MTMJ?J_@l@?FOXMLO\\E?M`@MNUb@G`@c@TQPG?GPIJERU`@AF@RLVDPX\\Xh@NHNPPB\\Xd@p@F?b@IFEDMFAPKNg@B[J[JIB]HQNOVEHUDGFi@AMFOh@ZFLZXLRLHF{@HQ?OHKFWC[@M[m@ES?KJK@QGOC@`@m@YJ@B""}"
"2020-06-28 17:50:33",walk,"Evening Walk",1625,113,1.916,131,,,strava,3685210632,"{""elapsed_time"":1707,""total_elevation_gain"":42.1,""elev_high"":119.1,""elev_low"":93.5,""average_speed"":1.179,""max_speed"":2.5,""polyline"":""okjxH`_Qr@|A?HIV@RGTAJEFS`AGCMWKGQUq@yA@g@DKD{@FQ@[h@iARu@G`@H?Di@Nq@e@[CIMGe@CWIG@k@f@CF[d@Q^GFAXIACBOXC?Qr@ORQb@GJE@OTE@Wl@Mb@IJAESNC@ECONMd@g@z@?TJRFFXNHGHAJKPCBKJGDIV]TMD?JIH?Pe@PEJDX@FAPULRJE?AL?FDFC^ARJFUI_@Gm@Le@HuATu@Vu@Ps@AUIM[BS?GHWI[HADWCEBEJ]^KX}@vAWx@U\\Ob@SZYp@MFa@d@]d@MJGNEP?Lh@p@JXCLNLFLEBLD`@BHFH\\TV@HRFBDZANEBILKPC`@cACOJi@FKJQDAVe@Ha@HO@U`@O?BLLJTPAJDNTHD@DHI?IJGASBYFYAGFWEk@M[EW@KF?""}"
"2020-06-29 19:13:50",walk,"Evening Walk",1707,164,2.782,113,,,strava,3706939408,"{""elapsed_time"":2063,""total_elevation_gain"":49.1,""elev_high"":160.5,""elev_low"":100.4,""average_speed"":1.63,""max_speed"":13.7,""polyline"":""i|fxHzqONZHGAAD?n@u@xAcARo@LMJWX_@Pc@^i@`@c@h@cAn@o@DA?EVc@DUHE@EPTTh@Bu@Lq@Bo@DAFLB@Gp@Qt@Ov@IRy@|@q@j@QTKFMN[POTq@j@GJC?YR_@p@WVk@\\QVSJUXsA~@M^]p@IH{A`Dm@jBQ^SXE\\EHEj@D~@CnABRCT@F?`@NTCXITKNGb@[tAYl@U`@i@rBEJA^I\\W\\W~@MRI`@O^Ol@Ib@Ka@@Qg@DGDINg@LENCd@KVGDBd@CPI^CBEHM@IIE?G?EFGCMJGEMOAGC?IMYA]MQ]MBPNFHFDBCcDbEuLN}@l@SeAAwC[aEuJvCDcAEiFGkB_d@yCs@rB{CnHk@fBY\\sBuD""}"
"2020-07-03 12:49:36",workout,"Afternoon Activity",4513,,0,113,,,strava,3707357422,"{""elapsed_time"":4513,""total_elevation_gain"":0,""average_speed"":0,""max_speed"":0}"
"2020-07-04 13:50:59",run,"Day 1 of Couch25k",1142,144,2.358,162,,,strava,3712322580,"{""elapsed_time"":1789,""total_elevation_gain"":44.3,""elev_high"":167,""elev_low"":118.1,""average_speed"":2.065,""max_speed"":3.5,""polyline"":""}cjxHh~PFWPQXi@n@aBBM`@s@Ha@Ve@L]Nq@B[No@Be@DIDqAFUBa@Lw@@UA]Fo@HiBCW@q@Ga@@YCUAu@GgACeAGa@Cu@EO?q@rAgSb@gApAaCd@_AtAaKNq@FGf@FTEHGBIL_A@YNIFCV?NEDGX?j@KXOHMNKJANDN?PQVMJK`@CVG^[FAXOZKFDHRJJRd@Lp@INi@j@TvKKDOTi@\\_@PMBEDEPGj@@RHx@Nh@i@zIGLKj@IPa@z@SZETXbARzAgAlAG@UBQCe@Cw@FGBU?gANu@@YHMCg@DOAY@i@DKEWAGDmBpGFx@A|@@XBtACd@@h@Az@ObAm@dGWz@ETM^KPW~@Uf@GDQp@Up@G@_@v@IDAJKRSx@Uf@Md@GJQJO\\CXOIQWCKSUe@a@U_@AY""}"
"2020-07-07 15:59:50",ride,"Afternoon Ride",5378,200,18.946,165,,,strava,3728023421,"{""elapsed_time"":6600,""total_elevation_gain"":153.4,""elev_high"":265.2,""elev_low"":117.5,""average_speed"":3.523,""max_speed"":10.8,""average_watts"":33,""polyline"":""ynixHzaNLEBKH@@HVDVAPCNGH?j@WVCRQ\\MNK~@[ZQPEJ?PWF?D@AATIh@c@V@n@c@f@I`@OZUXITSHCNQLE\\Ef@WPEH@XIHKHAx@[ZMNMJOTQX[FC\\a@bAu@NEJILCNORG^UJGF?rAq@NMt@}@r@iAnA}CR]Ng@FKFWP[Pc@HYpAwCBK`@m@HG`@k@JI^c@lDmCHW?IF?BJJBLOb@WfEcCNEVOPETOXGJMLKFITKTUp@a@l@g@XYRINMJALQt@g@BETQD?d@UHKHENMl@a@^a@t@c@lAaAdAiAHCZUP@TOXCLIVGPIf@c@NIRUb@m@DCP_@\\]NELSRKBENE|@a@VSZIbAq@JABETKHMb@]^UVSVMt@o@HKf@]l@_@n@Yb@YvAu@ZSFGRG^]b@WPQHEJKxAeARUr@c@b@a@NEDK\\SRYn@c@v@y@FANWHABGL]JKBGTMlAcBPQ^u@h@i@P[f@e@Vk@Zi@`@mARcAJY@QRy@AM@MP{@Le@DYCIBADO@SDGJIFg@Nq@Na@hB{GZ}@DSHQNm@^sA\\yBFMBMAe@Bc@BE@g@BO?w@DMJkBH_@HuBL}AJ{BFa@Bo@DU^oEGWEEgAWUMMAMOAUHy@HEJ@LED?TGL?\\UBGb@QDILgCH[@c@EWKCEGCSHQ?ST]J?HGH[Dm@J_A`@}BPg@Fk@XkAJOBMNQBG@c@Tg@?KRu@L[VsAJ[Fa@VmAL}@R{@LcAVuA\\qANmAH]?MTaBBs@BM@w@Hc@De@Hm@?WJq@@a@HS?IHUTeBHe@HU?QP_APiBLONs@?IBGd@cEDw@@{AJmBAk@Hu@@iAH{APoAFaAr@eE\\aBJy@HYFKNuAJg@HWJo@DGLc@?KHOPo@LSb@uATi@DWP[Zy@Tg@`@o@FGHS\\[d@s@l@q@NE`@e@FE`@k@ZU@G`@YX[p@k@TYp@q@x@gAR_@bBaCl@o@t@q@HMPMdAwAZSJMf@WRGDG^MbAs@vCaCTMd@k@TQJEx@s@v@i@xBkBp@g@PEXWFKRGp@y@DAfBqBPONSVQNUfCsBPW`Au@Xe@HGZa@rCcEz@yAhA{AbBaBFIx@{@dAqAd@a@z@eAnAoA~@m@l@g@b@YBIRKRSnA_ArAwA~@kAtBgDFADNF?l@y@nAsABKJILUHKRa@He@HOX}@DIDSJSNo@n@oBLs@N_@Ja@LGBBFTDFNFN@TVZHBEAHOBEAu@y@]MI?G^Ul@GZYt@ETaA|CMTKd@OXKb@SVELSRM\\EAa@b@[`@KHa@n@IEIOOZa@j@CJSTw@rAa@j@y@|@aAz@e@ZKPo@`@q@j@QHQPSJ[X]T_A`Ay@~@g@d@W^WVQXQLW^_@XQXUNIPULY`@UPIPKNMJi@z@Ud@KLE?[t@]`@MX]f@IBU\\yA~AMRWPc@b@yAlASVc@\\aCnCa@V[\\a@^QHk@l@]J_Av@GBMP_BjAo@l@G@k@d@WZg@\\EHk@b@W^WNSRWLWZg@ZSRQ@GD]Zq@Z[^MBMTKFEHIHEJ]XGLMJ[HMP]VEJQNCFe@h@IPOJO`@MJa@l@KTIDMRIFKNUTW\\i@b@QTIDm@v@Q^SLMRGDsAxAsApA_@d@o@hAWj@qApDS|@c@jAs@zCa@lC]|Ai@zCI`AK\\In@ARGVCf@K`CDl@EjAEbB@TGz@GLGv@UnAMtAAVW|AQzAa@~BQn@Ih@?PStAQtBKp@AX@H?d@G^K^?l@Mr@GRIv@M`@Il@[nAIv@Qr@Gj@Ql@UhAe@vCwAhEOn@ARk@vC]zBOt@Qf@M|@IXPRBTA\\e@|E@HE|@[dDCj@In@?^m@`IMlCUrCK|BCF?VAFCf@Kp@@`@C\\CHMNBb@]xA?JQp@Ed@G@ICIx@INETEBETKVMn@aA`DATGFMb@Kn@YdAYzAEHG^AG?`@Ff@BDBTE|BHJGb@e@Lo@^G?UH_@f@GNURGNmA|AGLQTUb@a@j@k@r@QHy@|@aAvAKDc@b@ULm@l@ULEFIBSRm@ZCF]TSRs@f@KDe@h@EH_@PGFy@f@MLMDoAt@I@g@XUDSPe@XGFE@_@`@E@EFEDWDw@r@MHMBa@`@MFEFAVIHMEGEG@KJSLI?OH]ZiBz@EHUJU^KJU\\Od@MVk@VQLOVe@JYLMHEEKPIDcAr@E@e@`@SFMHIHOVG@OO{@v@_@RYXgBlAWVc@VmCtBMBUN[Z_@Pi@`@a@PSXg@H[PYRMDGFc@R[V[LIHa@TSFeAr@G?IJI@k@j@YPIPWD[ZMHuAxAGPC@GLONQ^QRSf@KJI^_@n@Yv@AN_@p@Y`AIJCLMTIXw@dBKLCFMNOXE@GNEDG?KT]NYX]PGHKBONODCD[JOJGFAHM@SHKCKB[XMFc@d@a@ZUVMDQTSLKBWPg@Te@XYFGHM?c@PUBe@PE?i@`@UJEAUL[JE?WJEFKBWRYJe@\\q@ZSDEDq@XkAZCD_@LG?CGS?UJOP[HOHE?EA_@HO@KHWJKhAG^M@MN[QM@EJIt@YpA?NMbA@X[tAKXQbA_@z@MTY\\Sd@i@jAETO^CRBr@Ad@AJ?t@CH@NKbAAv@ETAXYjC?XI`@Av@?ZFn@LdC@bAAp@DlDCt@BXIdA@j@Gb@C`AIv@I^Cl@O\\Ej@OdASl@cAdCMb@[z@_@v@Of@o@xAc@rA_@l@MFM?QWGMC]U]Qw@EDGEIa@AMBC?K""}"
"2020-07-08 13:22:37",walk,"Afternoon Walk",964,67,1.128,107,,,strava,3735243365,"{""elapsed_time"":1150,""total_elevation_gain"":21.6,""elev_high"":116.2,""elev_low"":93.9,""average_speed"":1.17,""max_speed"":2.6,""polyline"":""ekjxHldQDV@\\DTGR_@e@AMGEOSOEYSCYDAC]Nm@B]BGCq@T}@?OYP?XNSXw@FEDYFKC[]kAEGGAEEQ?e@T_@j@SLQRa@z@IFi@lAE@Yt@e@h@[v@MBELOBu@v@GPIZ?d@FZHN^t@?FNXTL^BDBHNFR?LBHA?VPPF\\Bl@]@GFEJSBMLUDs@DQLSPEHO@WTUAIPSCE?WDEVD\\PRRJVHIXC@]Ce@@E@KBAHWEa@Uq@""}"
"2020-07-09 08:01:02",walk,"Morning Walk",1092,76,1.286,114,,,strava,3738823493,"{""elapsed_time"":1945,""total_elevation_gain"":23.8,""elev_high"":118.4,""elev_low"":93.7,""average_speed"":1.178,""max_speed"":2.7,""polyline"":""ekjxH|_Q\\\\BJJPCZENE?AXENATGb@E@s@c@EDSQOU@_@M[C]?QN@?YDSAk@@QJQVUBOF?CEGCB?A@Pq@?SDECOCKW]ECOBZNSa@OMk@JOLKRUPAFK@GF[p@o@z@Qt@Yf@MDW^Ql@EZMJOb@UXQHU^MJCRZZJVNR@RVf@NJT@h@|@DPXXB?`@XPs@?KDAVc@@OHSDg@DCHUDAHo@PY`@MBIP?HQ?CXWCMGDT^VLCAPNHBHWBEBe@DKE@Jk@BA@_@IQOQG[L_@GMHE""}"
"2020-07-10 13:48:32",walk,"Afternoon Walk",789,60,1.008,140,,,strava,3741188980,"{""elapsed_time"":833,""total_elevation_gain"":26.2,""elev_high"":118.7,""elev_low"":93.3,""average_speed"":1.278,""max_speed"":2.5,""polyline"":""{kjxHpfQCKQIe@c@B@Y_AHOCG@I?UFK@a@DGC}@DUXm@Ro@HZV}A[KE?a@YI@QC[FKHSDAFk@f@QVKd@MJIRQJB??HOPEN?HONCLEFGHE?Sj@IFc@`Am@b@QRKTEPQTGNDTVRRFPAl@U\\g@PANCBKRMNg@JIDD`@FLWPKBBBNR@NNFADBPGf@FDE`@^Zj@PPVq@Fo@Ng@G_@QYI[?WJM""}"
"2020-07-13 10:01:58",walk,"Lunch Walk",1085,66,1.114,120,,,strava,3759921432,"{""elapsed_time"":1263,""total_elevation_gain"":21.7,""elev_high"":116.3,""elev_low"":93.7,""average_speed"":1.027,""max_speed"":2.1,""polyline"":""{jjxHdgQBUGCKRIG]g@GEIAC[EASc@HI?GJMESHIB]AKHCAW@UDMCK?MFMCRE@EABORg@Ha@NMFOGq@I[OU_@SIMIAWPg@REN_@b@k@bAOd@[p@]XMZUZALGFGBER@HIJAT[FMHMNc@l@Mb@GFAL@\\DJJLLXFD^v@TTDANJFCDBNd@J??BD?@TXRh@PGg@JGHIf@ZXIFGIc@NCQi@FKC[BEDA@SNKDW~@gBHBZ^BAFFRZLHNo@Hs@HO?MFMGq@Wk@?M""}"
"2020-07-14 10:04:21",walk,"Lunch Walk",1180,74,1.252,119,,,strava,3760013134,"{""elapsed_time"":1439,""total_elevation_gain"":21.6,""elev_high"":118.3,""elev_low"":93.6,""average_speed"":1.061,""max_speed"":3.9,""polyline"":""wjjxHzaQ?IFEFPBCDB@TGP@XId@IPEDK`@GIGCGMIEOUOKEWEEHFICBQHGCMDCISCWKSFkA@ORECMJMDUB??CYj@F]HSJo@FKHi@_@PCJTYBUAGQ[C?CFBGi@a@c@R]f@UVEOC\\SXENSR[v@W\\GLILGPi@p@Yx@KLECIBiAvAK^C\\J`@r@fAd@b@PBHHJJ?HJR^^HBd@CZYRCLg@Dk@?QRYF?FYPM@IR[?a@Jw@JIDFJ@NR^TRVJJB?BEJY?MZiAA]]_A@QFI""}"
"2020-07-15 13:29:15",walk,"Afternoon Walk",3883,277,4.688,123,,,strava,3770417045,"{""elapsed_time"":4139,""total_elevation_gain"":41.4,""elev_high"":165,""elev_low"":124.1,""average_speed"":1.207,""max_speed"":2.1,""polyline"":""{ehxHlwQh@N@JHHPBRGJOH?RJPOL[AEVg@DWLSHi@h@_BV}@KHXi@Ty@JNJFDHVVFJn@b@JNFB@XDHNRNDPLH@@DZFJ?R_@BKb@qAr@}ADO?K\\w@Li@\\}@JMn@kB`@w@VkBLUZ}APs@LO\\cAVo@DGXcAFMNm@N]BSC[Gc@BS@eADAEq@AoAFiABAFSCEGcACoB?ODKDEVk@\\c@Xm@HIJ[PMN[@KJUh@}@@QLWDEDSXe@FE^o@FQT]XUFSPSBMP[HGFMDSHSXa@?KI@EDNAJ_@LOHYRa@Ha@NKLWFEPk@Zs@z@oA@KTa@DSHOBKXi@F]LCBERo@Lo@^q@Pc@FWNw@Fa@Jg@JyAHi@FiAF]DeAAo@By@Ag@HcA@kBAiBFkBCcCF{@?c@AQGEmBTc@JU@]HQ?[FICKF_@?GBAB?Nl@vDJb@L|@XdEXrABt@GzAJfB\\nCAt@HzB?d@Kj@CRPGMPi@pAa@p@Wp@Wb@]|@QVEPQPS`@]`AYb@Sv@a@h@Wl@SXIZEBu@bB]`@OZQPAJGDKP?FKNGNKLAJUXYl@]l@EBGRU^CPINONGRg@v@Wj@OTUx@Wj@EROV?D[j@g@nAa@tAId@a@pACRKXe@xBATJRB\\@FPJBF@T[|@a@xAUl@q@`CQ^Op@Q`@ERQb@]nAMXQx@Sf@ILQp@GJ_@rASb@CPIPCBE?]YkAuASMMEM\\Gp@a@dAG\\INEVIL[|@EPY~@GFEPGB?HEHKKMCULKAYSG?KJOAME?FFNAE""}"
"2020-07-16 12:10:58",walk,"Afternoon Walk",1009,66,1.112,117,,,strava,3774495614,"{""elapsed_time"":1148,""total_elevation_gain"":23.8,""elev_high"":118.3,""elev_low"":93.7,""average_speed"":1.102,""max_speed"":2.4,""polyline"":""mkjxHz`Qd@LLNBPI\\@BCTIT@FOh@OTOS?EUO?EQOAIGCCIFCAIWMGOLICE@SGYDGDy@AMHIBSTo@BWJW?`@D_ANYBQHSSMMCYYOI[@u@x@UNQF[^[j@O~@U\\ONCN]\\ENQZM^KPWTq@v@O`@GDAV@PACLVPLFDNARa@\\IZa@^UXUDOHMRGX@HMNM@EFABJFFVHJNZITAd@XTTD@PTTTNa@Ba@H[CYL[?GGOQUAQ@]FC""}"
"2020-07-17 09:06:13",walk,"Morning Walk",1103,67,1.139,111,,,strava,3784544521,"{""elapsed_time"":1377,""total_elevation_gain"":23.9,""elev_high"":116.3,""elev_low"":93.5,""average_speed"":1.032,""max_speed"":2,""polyline"":""skjxHhgQLBI_@_@a@C@IOGA?SWACG?KJUF[EI?IGEDMNKAOB]CCG[BYDGBSDGHE`@y@Ei@JGJMMMEAQQM_@UQIHY?a@\\G?eAlAEHA\\G@GFMXY^IT?HKJALMJELEAMPQr@WZGT]\\IBk@f@Wh@?LHt@JXPPD@\\l@JFJ?TBHNBRVNLf@RBJHJ?\\SFIb@UDMDGDaA`@EEQFa@X]BMJIHUFCBS?g@n@`@VZBJHJBCLYFYBg@T[?MCW@KQa@OM?QL[@BFGIC@M""}"
"2020-07-19 10:32:17",walk,"Lunch Walk",2759,174,2.946,123,,,strava,3788499168,"{""elapsed_time"":3068,""total_elevation_gain"":125.7,""elev_high"":180.8,""elev_low"":68.7,""average_speed"":1.068,""max_speed"":2.2,""polyline"":""ilxwHd_|@kAJh@BDARWXTJKRi@TS@SPa@D_@V]PkA@XHVD\\Hd@HPLt@Al@CN?`@?d@DJOb@CZGNA`@DNEd@EBGLCVCJ?PEHCBM@IJIZQd@Yj@Sp@CDKBGPURE?WPG?UNQTE@CJSDGCa@HY?GBUB]GQ?A@SEACIJOCCBICSSEMSR]OW?IEIBADEBm@Dk@\\UDOFS@IJAJGEO?o@TGAM@GH]JGHWFGDw@LML[HMLODm@j@qAn@UTQDOHOBEDMFMLSJ}@v@cAbAQXgBpBs@hAcApA[VuA`B]h@EN[X[f@SPUXOZKJ@XJLH[@SRu@@s@EQ?_@XqATq@?KHWDEFYPa@FY@URg@LmA?D\\gAb@aATw@Zy@b@sARODWLQDK\\e@BMB?Ta@RMRWJCHKJ@HE@CPK\\KHGJA@Dd@_@ZOV]NED@PKLKZGTMPENMBB\\QLCJ?LKDGF@?GF?BMAMDETFLK@EPI@BH@NCFIL?DCF@HKAMLSCGBWFONKLHHNN?FAJO@ObAw@L@NE\\JJKJDd@BTJTKTH^GBCJARGJAFDRIBIHAFDFGBBBANF?BJHLIJO@@TMDIJC?HQELN""}"
"2020-07-21 08:34:42",walk,"Morning Walk",978,70,1.181,127,,,strava,3810698908,"{""elapsed_time"":1006,""total_elevation_gain"":22.8,""elev_high"":118.3,""elev_low"":93.7,""average_speed"":1.208,""max_speed"":2.2,""polyline"":""{jjxHh~P?ZC\\?L^h@BM@\\CNIH@VKXF??JILOh@@Da@_@GIICSQCU@FE?Ag@EIKm@FIFWBm@LO?_@CKJKLUXw@F_@?[CGKMCOGQQW_@?g@DIRs@h@CJMJIXURa@~@g@z@a@x@KHQVQf@SVWRUx@[r@ADDPFNHHRHFJ?VL\\BJJDL?PHLP?JRVDVLLN?r@]FBNUTMFY@[f@iAPIDE?EPGBIJEBOFG@UPOISB?JLLHH?`@d@H@DMF]HSDc@Na@?GQc@AMKS?I""}"
"2020-07-25 10:59:40",walk,"Lunch Walk",1983,124,2.092,115,,,strava,3810698935,"{""elapsed_time"":2201,""total_elevation_gain"":37.1,""elev_high"":144.2,""elev_low"":103.9,""average_speed"":1.055,""max_speed"":2.1,""polyline"":""axnxHtzKKKQ}@DE@M@B?ODMOi@CQAq@EI@MEGEWLUAYEs@Qo@@UC[DGGm@LgCC_@L?DCCUIYOeAEAAGKYIKAOK_@Ca@@MGM?KKY@IG]Wa@Y{A_@u@g@wBEYCEAQ@GXCP^B?PLNFLNDAHLDAHFNEL?THF?PCDGRAFCPQDIHGVe@VYXm@PSDAN[LKHa@NHJRTBZ\\\\HP?f@PDAD@NPD?XZJDDLC\\K`@@LCJ@ZVHHEX?J?BBNEDGFDBNGNBZAJC@ZBLTJ@BCJ?^J?CFH@QBANFBHCbBKp@?p@GfAELGn@Ol@C^Y`AEBKRENIJe@lAETe@tA?DIn@KRYNCLc@ZEJIHS\\OEI@OR[VAXEFIBKNM\\QlACDMj@KXEZKXCT?Na@tA@DCj@KZIrAOnAG|@Ap@AHFZGJ@DGLCVBXJ`@TVDJHFZn@PBBBHP?JIa@""}"
"2020-07-27 12:29:28",walk,"Afternoon Walk",3766,294,4.972,132,,,strava,3820627730,"{""elapsed_time"":3804,""total_elevation_gain"":46,""elev_high"":168.5,""elev_low"":124,""average_speed"":1.32,""max_speed"":2.4,""polyline"":""_fhxHrwQTL`@JHDDHH?AGFQFEVCVNBCDUDG?CPc@D]DGVs@FIDW^iAB[DCHc@FMBUN[NMZRDJTRPL@HHHj@`@FFFVFLd@d@JHRBLD@BHUHc@X}@n@eBBSNUD]JWNKl@wBd@iALc@FEZq@Fq@V{@LUJm@HWNaAj@gAPm@Vk@b@aBRa@?}@Ki@DgA?sDDWBEDSEQCgDPg@JGRa@^g@DOXq@DCLWLOH[`@u@D?HMBS?GLWLKHOHU|@cBX[BKNQL_@FER_@Vm@Va@JYf@{@JU@SHUP[Te@BOCH?LNJMKAGX}@HKPc@X[JYXc@b@qAXc@^}@J]Ti@Ha@LKBOHK\\mBb@oDNaC?aAD}A?o@@OAg@D}@@}@Cq@@aCBw@Ai@HyCHs@@w@CUCm@D]A]DcACSBM@c@Ac@BkAOHS`@_@j@[t@MNYl@o@fAEBc@z@s@|Aa@r@ITMTENRbAFj@Nl@LdARhAJbA?`@DbAZxAJlA?hACf@Bh@JtATdBFhA@r@C`@Bj@M|ASb@m@`AKZOPCJS\\i@hAEPYl@MRS`@Sf@_@j@WdAGLQRQ^MJYj@IXYd@KVc@t@IP_@b@AN[^g@hAQVMf@Sd@QJINKLi@jAGDSd@GDK^KJQ^K\\Yj@g@tAMXIDUbAGTIFG\\KTG\\Ul@CVQh@Kn@ILEX@?a@rA?Z@?Fb@X`@JPADUj@Md@GHCPO^Qp@Q\\Sr@AN_@`AI^MXKn@S`@Qd@Ux@Un@GZYn@]fAQ`@]zAQVOQIEw@w@[S[a@I@INOj@I^CXEBGRMf@Gd@INI^c@|@EZa@hASOOAEJKBGIGA[HMGKACIKCBP""}"
"2020-08-01 11:38:31",walk,"Lunch Walk",2619,185,3.129,125,,,strava,3863024985,"{""elapsed_time"":2870,""total_elevation_gain"":28.1,""elev_high"":142.3,""elev_low"":124.1,""average_speed"":1.195,""max_speed"":2,""polyline"":""qahxHpwQJQ@CPMHOFQ?WL_@Je@AA?CLQ@ML_@ETCBFYR_@?KBEQn@\\iAFENc@FEAYHKDAPXf@d@HBAAFJXPTXPd@p@\\LRF?PLDAHKBMOOA@NDFKNm@pA{Cz@mC^w@BOh@wAFC@ULQHQFGMVFEJQRm@R[BOZi@TgARSHYRY?KDKAORSVk@BMDC@KLQFY`@o@RSZo@\\e@BIZc@f@e@T]z@u@V[NKDKJGj@m@LGVYHCPQ^UXIZYJCLK\\]PEFI?ICa@KRG@ITa@\\GR[^ULa@Zq@ZCBQHCF]NON}@l@ADmAdBe@b@g@l@MVc@h@k@|@i@tAYd@GNS\\CRYt@Yf@Of@Uf@IHIVQVIXMTSn@OXGDe@hAAFMTCN]r@GXO\\k@~ASt@Sj@g@`BQt@KVCNMNKh@Q`@GXqBjGCHKFGLUz@OPIRMd@JCh@qAd@{AV_@`@{Af@_BHg@PoBPs@AGMGWg@WM_@[S[]UQQQWKEOr@OXSn@KPG^a@|@CTK`@q@tBQOOUKAKLG@WQKDUBUMGDDT""}"
"2020-08-05 16:31:03",walk,"Afternoon Walk",3468,286,4.849,125,,,strava,3885172507,"{""elapsed_time"":3468,""total_elevation_gain"":42.7,""elev_high"":168.4,""elev_low"":124,""average_speed"":1.398,""max_speed"":2.3,""polyline"":""ydhxHvwQj@\\JGNSHABDND@Aj@oAF[HOr@mCh@sAHe@DIDCJBPVBA\\VD@|@x@PRT`@JJh@XHBBAJOJc@|@eCBQJWDOf@kAZkA|@yBDYB@HMJYN{@b@_BRgANq@^{@ZcAJMZaAHMHa@Rm@Dq@CQBOGm@BUC}@B_CDe@H]Iw@A{BLOZ{@JOXi@JYP[Ti@JM@GTUDUNWB?FKFEDQLWJKHUb@}@JKP]b@e@^s@L_@Xe@DQf@u@Ne@Xe@T_AR]Vu@T]Ja@LKb@w@NMHUJQTq@T_@JYZe@Ry@b@}@DUPe@Ni@BWNy@Bc@PyAP{BD_BAo@De@@e@?iBBu@Da@C]A}@?qCBoBBu@?QLeCAmABQA[D_AAeA@y@Ao@E?MTKZ[d@q@rAg@t@y@|Ay@fBk@bASf@?RPfAl@rDP`B@^TnBLn@HPBb@AfAE\\AhAN|AR`B?TDl@A\\BRAZD|@CTGXCj@Sd@Wb@Sn@s@xAi@vAs@tAUp@c@n@Ul@KNM^MT[ZK^KPO`@U\\ER_@n@E@k@hAq@bAQR[n@Un@S\\QPa@bAe@`A]h@IFc@x@Gf@EDGZq@dBOVOp@i@NAT@f@CLIZMz@OZMp@Qn@Uj@CP?d@DRVTPZa@~@WbAYn@Kd@Q^Ol@k@|AG^IZG\\Wl@Qp@[p@Mp@EF]lA_@z@Uv@KNSv@IDWAi@_@IMWQOSEA?F[z@Kb@Yr@WfAQb@Ib@Qf@OTGVEEKAYU[Ri@Wc@KKFCL?N""}"
"2020-08-08 18:17:20",walk,"Evening Walk",1792,120,2.033,113,,,strava,3885172392,"{""elapsed_time"":1846,""total_elevation_gain"":43.5,""elev_high"":117.5,""elev_low"":93.3,""average_speed"":1.135,""max_speed"":2.2,""polyline"":""cjjxHxbQCBAv@CHQTGd@C?Yi@SSw@]IKI_@?QRs@DoA\\i@`AgCJa@OCGCo@u@OCQ@EGAPs@t@i@x@m@n@a@jAEPU\\E@GLc@f@i@tAKLy@p@IJEBO\\E\\BNZj@p@p@HT`@PH@FP~@x@VATMFMb@e@Fc@?ONw@Re@V[FUDmAGs@?[\\{@Jq@Vk@Pm@`@{@Pm@@KCKe@W][KCQBOPS\\e@^Ub@g@f@GLGVO^MZSRK`@KLs@~AQVUVUJKJY^KPET@TRVRPTj@Vb@x@\\FDb@p@TJF@LEJIXKHGJg@@WLw@Vs@Tc@X[Ny@d@d@TNHJPJFJXa@NmAFUCa@Uy@AMHY""}"
"2020-08-11 09:02:47",walk,"Morning Walk",1196,74,1.256,,,,strava,3896291361,"{""elapsed_time"":1779,""total_elevation_gain"":24.4,""elev_high"":116.3,""elev_low"":93.6,""average_speed"":1.05,""max_speed"":2.6,""polyline"":""sjjxHbcQ@DHJAh@M^IJ@TGDMICIQMSW?CIKKMOEKQDMEO?EBA?MCEBEA@@O@?AALK@CCo@BAAG@]FJBGCGFYCRDIFA?GDEBKD?@KB?To@@YCWI]ADBKJAABBBC?CIA@CC@BCC@AA??GLTWq@BFCFAAFF[OQOU@ACC?KJK?@BG?SLG?GHAGABB?AD@E?D?EBAC@@DAKICCKCr@q@pASl@c@f@KXC@a@n@O\\Md@KJIBQXE@OTOHEJa@`A?RFZBDH@F?LFPf@?LNTn@d@NXN?DNABVRBAHDDC@DGAJEH@LEJKH@FGBB?EHEDSLOGYBG?OBMFIBWDA@O@CJET_@LMB[DEF[DKDAR@TZNHT`@JFPWJ[?MJ_@@ODECQBKE[QUGW?ELQDOSUC?F@@HC??@@CAC?@DCGA@@C?""}"
"2020-08-13 08:05:53",walk,"Morning Walk",1081,70,1.192,105,,,strava,3905963129,"{""elapsed_time"":1491,""total_elevation_gain"":21.6,""elev_high"":118,""elev_low"":93.5,""average_speed"":1.103,""max_speed"":2.4,""polyline"":""ckjxHh`QB?JTLNBLBD?TK~@MZGFCNEHG?SMQ[KEOQIQHMIQGEBOCIHM?[DO@}@PMCO@HN]BSRq@?GFM?QJ]CKK?ME]mAMCKBG?SJILOFOLO\\ALOVCCI@KF?JU^GBGLGVKRANEJc@z@KDSNILc@`AE@GFOXOLQNCKDROb@S\\@\\p@r@F^NV?BPNF@XAHPBNJHFNCPfAB@GF?LQHCLKDODE@SZEAGFQBi@d@}@TI@MDC?QJa@?KBA@DLHLPPH\\^B?DGL_@RcADKCg@Sk@CQ@K""}"
"2020-08-16 15:11:13",walk,"Afternoon Walk",914,62,1.046,113,,,strava,3925046745,"{""elapsed_time"":1030,""total_elevation_gain"":21.7,""elev_high"":116.6,""elev_low"":93.7,""average_speed"":1.144,""max_speed"":2.5,""polyline"":""_kjxH~_QN`@R`@Qp@BPWz@?RGJi@q@KIGI@SCGGAMJCSD[Ma@VQAIDKEYF[AGQUM?KGWe@ODKAGU[_@HYMCIFAFIDG@CHQTEROTUr@MNOFMTANYr@QZs@~@KTSTGLCNDTFJ^Z@ZN\\FH\\NV?P\\FNLJBJJLJAJBHAHKxAeDd@i@LUJCJU@q@JATBBJPTHDXd@HIDOFIJe@?SJ]DCCa@OYIW@c@DECQ""}"
"2020-08-17 08:47:27",walk,"Morning Walk",1661,93,1.573,102,,,strava,3941028878,"{""elapsed_time"":2460,""total_elevation_gain"":10.2,""elev_high"":144.5,""elev_low"":136.7,""average_speed"":0.947,""max_speed"":3,""polyline"":""irgxHtfQJF@SBKCm@D@@ELCBWCONYLCBKFEDKRDFMJGJ?BCDHLF@CYZEH[hAKPSfAQXIXGDMZE\\Mf@MXKHUl@KPYhA?PKAe@v@m@f@KEGQ_@]AGCFF@?BGS?BEEBF?AMKAEQEKGMT_A~BCVYt@U~@KNId@GFGVKHEPGH?HKNAD?HGRUN?NGNAJa@d@RXNLJBNNJDFAFMF[NWPQLATWD]Jc@HGRK^e@Rs@Xy@b@kBf@iANOHDJEFG\\s@Je@FGPBJ?FIPs@Ra@h@iB@g@KMI]Be@KEKSCACGIDIHQCANGBQIOUKEYU?CKDGCO[E?IXCCHH?LBA""}"
"2020-08-20 15:20:47",walk,"Afternoon Walk",1155,71,1.206,110,,,strava,3946750992,"{""elapsed_time"":1261,""total_elevation_gain"":21.6,""elev_high"":118.4,""elev_low"":93.5,""average_speed"":1.044,""max_speed"":2.2,""polyline"":""ekjxH~_QNJVp@Kb@@LCBGNA^St@EKOMKWIIKBEACICMJPGDDOKGK?ESN_@CIFQI_@GABGCEHaBBKFKBQDGDUCGNi@BAPJA?Lm@LYQCYI_@e@WAKCI@g@n@GLQLW`@KFO`@YZEBKL?FKRC^OJAJa@d@EJEVGTSZe@p@c@\\MZEROPEA@Nv@z@FZHLD@DHHHNDPBHD^z@NJDHT?JINS`@QF_@B[He@HOH[HCb@g@Pq@?WNCJ@ZNNJb@j@P]Lq@Pm@C]U{@?OBI""}"
"2020-08-22 15:11:00",ride,"Trying out my new bike",2556,147,9.788,,,,strava,3950476503,"{""elapsed_time"":4951,""total_elevation_gain"":89.4,""elev_high"":184.1,""elev_low"":117.8,""average_speed"":3.829,""max_speed"":10.8,""average_watts"":51,""gear"":""Btwin Triban 500"",""polyline"":""ckjxHt_QJZD@^d@DVf@b@`@j@LKh@cBN]FER_A`A}BPi@d@aA@IJQHa@HKHQLc@Pq@Hi@R}@Fg@J}AHe@H_@PQLED??CB??KC@J?A@@@J?PDDDLAXBJINE@BTq@Ji@BWCyBBk@C_@FYBETIDARDHATLF?HA^DPCt@FRAHALMNCNIz@OBCh@CFBLCpBBJMJ]C]EKG{@Kg@MiBIm@Es@CGEi@Kc@Ws@?O@QR[Ri@T]Ni@NS?IFSHIDBH[JG?KHYR[Le@KWGU@WKe@OQHQQWGWUUVCEKIk@Es@@YFORAHE^E?EDENKJAPUTORa@?i@EQCe@Mk@EsAY{AAYPSJCMKf@q@JQI{@GWUk@@KBEJCFEH?DEFICKABAEh@QPMj@OPMJQ\\Ob@a@XOXGNK`@I^CjAe@j@[PKDKTShAoAH@BCAAd@a@ZIXQLCb@U|@YNQVM\\YHMRMpAsBFELSd@aALe@Vg@HWRg@V_ANYRm@BGDAVi@Tu@^m@VYLO^[T]HGTWLIBGA@CCRKNSZQPW@DPMTALMRK^g@LEb@]d@UTQZOl@a@b@Q\\[n@SJIl@OBEPIRQd@S`@[NQTMLQ`@YNQBAZYz@i@POf@YRQNGHI|@o@XW`@SXSb@c@DAHIHADEBILSD@JEhAs@VGRO^Ef@QZUJQ\\_@lAiBr@o@p@_@t@Wv@]tBsAfBsALEh@i@~@s@n@]\\ORM\\MDEvAw@PMFIp@_@`@[|@}@VOLQvAiAd@WX]VO~A{APUTQj@o@P[p@k@v@eARQXi@l@y@Xo@DQDJb@g@V]Vc@\\_BL_@X{AFIFH@AFm@TeA?YSpB_@hAMl@[l@ARKb@?PIXC?CBBRCL}@jAKJAEA@QP{B~CWTMTUTADGD}@pAGBSZ}@z@MPy@d@sApAy@p@uDrCa@Xq@XiBdAw@^QFy@r@eD`CaAj@YL_B~@kAh@k@d@_@n@MN}@lA[VEDAAILI?KD?AUBk@ZWH{A~@_@\\_DvBUb@OLSFq@`@IBGFSH}@r@{@v@oBtAKByBvAs@\\WHMAGCOTyAfAgCvAw@n@cAj@{@n@qAbBk@x@Ud@eB|DsBnFi@dAg@t@OXKDi@b@ULa@^qAj@CD[RENE@OEI?[V]R}@x@IBKRk@d@ULG@KLi@TMJYJGASFIFg@NSLG?[NYHUR{@`@eAf@c@NwAt@s@XE?KJ[DKHaA\\QPEECDGAaA^WBUFg@FMC_@BEDGTO|@QZ]De@IGBMZKr@EdAQfBc@~BGVcAdC[dAQXITU^K\\CTH`@AAC@?d@EpA@d@Ev@EJBl@IvA]~DCx@?d@JzAHdCBfGEtBOxAIrAKb@DTOl@GREn@?RAL[|@ALu@dBo@rB_AbCiAfDMZIFKBSMKW]g@EC[q@Wc@?a@BG""}"
"2020-08-23 11:38:57",ride,"Did someone say coffee? ☕️ ",3499,248,16.87,,,,strava,3954528274,"{""elapsed_time"":7211,""total_elevation_gain"":158.9,""elev_high"":133.6,""elev_low"":65.2,""average_speed"":4.821,""max_speed"":12.4,""average_watts"":64,""gear"":""Btwin Triban 500"",""polyline"":""gfhxH`yQhBfCIHEPe@fAQf@mBfEI^KPEBEACBITg@~@g@fAKLIZi@v@EVEfAEZCDEz@BFGf@CfADh@CPB\\GpADt@l@vBAPMN?PUHMXSrAa@hB{@tBYbAi@tAs@fBQZWXGLK\\SXG^eCbHUZo@nAWv@aBvDyAlE]b@GVGJOLMPEZD`@API@a@^IRKKG@eAh@]TCDEAUJOVGTY`@eBnCs@|A]RKRGROXCj@BX?NKh@Mj@Sd@ETSh@QhAEz@@`@Jf@^\\NT~@v@RRX`@LJ\\n@PRFBT^LHx@bATNHTzBhCjBhCVTp@fAfCxCPZt@bAVb@p@r@t@hAjAlAHLLLR\\\\^FHd@b@JDd@f@ZRNNPF\\TNFTVVNHNRF`A|@xAdA`CtBr@h@v@z@`AhADJD@r@z@d@r@Zv@FFPf@JPFBNb@x@vAHPLf@DBHRj@|@DTDFPFDXPZZ`@Vd@VZ@JNP@Jn@~@`@x@LNLVn@v@vBbDxAlCVXNVTT^R~@P`@DJAx@DPE\\FZ?t@DZENDPJNBPHp@D`@JJANOD?JIZ?b@Hj@^z@|@PHRRXNRTXXPRPLF@PTPJbBdBPJLTrBjBjChCPTD@j@h@b@b@DJdC~Bh@l@~BlB|DfEfAnAhAxAlDhFXVd@j@LD?CTEFAHBf@n@bAj@fAv@VF`@\\hAn@h@`@j@Vl@H`@^fA^z@d@d@LZP@JHGLBVN|@\\PJ`A^RDLHPDf@\\THNNH?THPJNFHLn@ZNJtAv@d@b@\\RbB`Ah@b@f@RLNTF~@f@lBzArBzALNXNdBtAfBnA`DnBpAj@VP\\HbA^TBzBf@^LdAPl@Nn@T~@R^NF?XJrBd@PH|@NlAXnA`@DFnDfA\\Hh@Td@LJH\\JL?lAf@bALf@Rj@LFFnBf@PHd@Bx@R|EbApC`@Z@t@PF?|@NX?FHXH~@DZH|AHj@EBGHAVYFOHI?UFh@BBRCNDA?AENTBJGVOXe@N}AE[KmDm@U?s@GYEKG_@Cw@Oi@E}AWqCi@[BKOUMu@MqD{@O?MIo@WQC[BIEWEKFO[YUm@Ui@WKCU@_ASsEsAi@SkAYq@YuAU}EmAeL_DgAc@yAw@]Mo@g@m@[eAu@yB_BqB_Bo@k@_@U{@m@KGG?W[GEQCSOY]SKICa@]eBeAs@YaDcBOMmBaAg@Y}@_@s@e@o@We@YW?CJEC@EIGOEy@]uFcC_Ae@{A}@KS}BmA_@WSIE@KEM?[ZECWo@Qu@K?SOaAwAQ_@]_@g@y@e@i@iDsE{AaBuBmB]a@g@_@{AsAKGW]oBiBSWa@]wBqB]U{AyA]_@iAaAi@m@iAwAgA{@e@k@y@s@q@e@sBaAcACQLUBgB?]Tw@As@BQDOF@DBE?J[AG@MGMAo@c@_B{BiDiF}GyKm@gAIYEAOY_BeDqA_DQUYi@IEiB_CUS]c@yAwA}@s@IKUMgBwAs@m@[_@i@c@KEoBuA[i@O?i@g@KAc@s@[WwCkDy@mAoA{Ac@u@cAsAIEc@o@aAiA{DgFa@]S[aAcAKC]]GMk@w@}AgB_@s@mAaA]a@GUKKBACE?DEW_@u@K[Ao@@]F[JSHG`@q@NK\\o@Na@H]FCZ]ZSdAmAL]R]lAgCNQLUVWJS`@e@RQF?FG^i@LOFCJO\\KHGFKLg@v@{@DKL]NYLe@`@gADUJOH[BUNYNa@PQLYz@_CDCJOFQJMJ[Te@No@Tk@`@{@`@qA^u@n@cBNOVm@z@yBnAmCx@{BPk@VkBTe@BUHM@Kg@kBMwABc@Eg@@SDQD}@NeEJkBDKX_@v@y@JQ@KHSr@mATk@PWd@_AtA_D?QDOl@aBTs@?U_@mAkAYEF?HBBBA""}"
"2020-08-23 13:55:34",ride,"Afternoon Ride",657,69,2.974,,,,strava,3954683359,"{""elapsed_time"":708,""total_elevation_gain"":65.8,""elev_high"":166.8,""elev_low"":100.4,""average_speed"":4.527,""max_speed"":12.7,""average_watts"":94,""gear"":""Btwin Triban 500"",""polyline"":""afhxHlwQCICEu@Qg@EQ?YD_@PWRCK@cBCs@C{F@iAEsDG{AGgAAcA_@oHeAsLKcBEWQcEGe@Qk@MY]a@SMc@KGK?FECAIe@K[Qk@UKMGAEIGEMOe@a@o@gAOGSs@Qa@Y{@Ic@kAiCu@}@gAyAe@_AcBmFw@oDkAgE?IC?BC?B?A]kAEIOCUKO?GBGFENIb@[jFs@hDMX[j@{A~CKVETAVFd@CnBa@bGGr@FXO|A?~@@f@Fd@JtCBhGC|AYxDO|@OX@x@a@nCc@nAo@rAU`AqCfIW^GDSOc@_Aa@m@GSWa@@o@""}"
"2020-08-25 16:41:49",ride,"Evening ride (ft Mad Mile)",3522,254,16.566,,,,strava,3964725295,"{""elapsed_time"":4050,""total_elevation_gain"":169.8,""elev_high"":174.3,""elev_low"":63.6,""average_speed"":4.704,""max_speed"":14.3,""average_watts"":65,""gear"":""Btwin Triban 500"",""polyline"":""akjxHp_QCT@JDHRR^l@XRd@p@DBB?@EJMH]b@mA`@}@DMf@mA`@oAXu@LSd@oAFINc@ZwAVcBPyBL_AHWFGRCPFN?^HJAf@OP_@Ns@BY@_@EcB?{@BQDGRMXAd@BbANX@d@Gb@QD?b@MFEhAGLEbABN?REX?JCJGH[AKo@oEOwBUaAGc@Oc@?SBOLYp@gA?IVc@Tk@?ISi@Y]u@cASg@KOQi@Qc@o@mCEGa@gBQg@O{@i@eBe@sBISAMIQ[QSUGOEO?gAMi@Sa@I]kAaCGWOy@ICIQ_@kAE@iAyAq@eAc@g@_B{BS_@[Um@gAGUGESg@aAcD]oBmAcKQ{BMa@UYo@_BWk@}@wCy@kB]q@Oi@_AuBa@w@S[S}@Ui@G[u@_Bm@_BOWWUECA@BCACw@e@SWeBmDGWUi@w@aB_@{@oBmFy@cCuAqDOi@c@{@?[]aAGYw@}Cq@{Ck@qDU_CWaBq@eG?sFMuBc@qDWiBQ}@[_CKmAU}ACk@M{Aq@uEo@cFIUg@y@aAuBc@iAuFgMkDmKg@aA[]_@Qo@K}@I[Ms@a@o@SKIUCe@NM?MEIMc@cAKMYWM@_@CGBINGBI?GEEEIa@O]MEIIgB_Cw@kAs@uAU]WWMCKQ[_@i@YEQ_@[k@[oBgB_AuA_@sB?y@DGd@?h@c@JQFQNoAJyAECIDECGWk@{A?EB@Yo@kAuDs@cBSy@OWi@}A{@eBMSFUgAaBuAeB_@YM?IH@HA@CCIUi@o@q@kACQq@oBw@_BkBgEmBaFwBaF_@gAEGQMIKMs@AYCGBa@E[_@gBwAkLUuAg@cCuDeNI@GUE_@]yAgLyb@]aAa@y@Mo@YKI@a@h@o@`@uBhBCJBTG@CM?@\\@YSAHEAN]PSvDeDHSHa@HCHBLPDZ@l@ABEAEB?Jj@bBTbAFj@NRVhAb@rAx@bD\\dA@J`@zA~@vDn@lBv@hDx@tCPv@B\\^fBDFNBBDPt@b@lAF`@f@~AH`@JTV|@ZnAb@bCd@hDDl@DH@Z\\hC?HLn@Rv@Ln@BTGNDN@\\DNBFNHRl@R\\Hh@^`@`@p@Tz@Pj@FH@LJTBLN\\DTHHD\\Xp@ZhANPBPJRZd@Vh@Ph@T^FTLFBVRVFRTZDXHXT^FR@P\\t@`@\\T^FBBJDDBPDBVt@PTh@rANt@Fh@L`@@LT|@N^DZT\\h@bBN\\Rn@HP^~@?HH\\b@xAHt@L`@?RDHNtADv@Lt@@~@FXDv@FLl@dA\\\\d@n@TP\\ZFBPPNDDHr@t@PLHNTPV^j@d@v@tAV^pAvBb@h@l@j@Xf@PPH@FC@B?A?BB?FC@IBA`@Nh@\\FEF[?SBIDCLFHAPKH?f@PVj@Ld@HNXPz@`@j@ZJBb@?RBV?RCTMHABJANDJRVNBBd@BDBV^v@F\\HXHF@\\Nr@d@fBLVL`@Xb@H^Xb@r@dBV`@HZLTFZNXt@rBHPLLDNLLVx@JRHb@R^HF`@~@LPd@xAPlAVvAf@jEHR@Jd@bFThA\\jCHZFl@TbB?NRtBBdALrAALBjACvA@x@HnAH`@RlBFZP`BHXNbAPhB|@nENd@Px@P|@FL\\lA^vANd@FJh@fBv@vBLd@z@xATr@V~@FNR|@NPL^PVBJDDBJJL@FJL|@nBDXLX?HHPH^T^ND\\d@rAtANTT`ANNBJRTDNFB?NZr@RVX~@FFHVHh@H@HXXd@l@rARt@JRJ`@`@|@PVFX\\|@DZLPh@hALTNn@Xz@Ff@NTBPFp@FLBt@TzAFn@Lf@`@hDPl@F^Nd@BTPd@Jf@HRPx@Rb@JJPf@b@n@N\\h@f@f@~@f@d@r@x@f@r@j@~@TPJ?VpATz@j@vAd@z@l@dBPRf@PNJDJ@NARM^GJKFMD[AKBMFIRWjFCZUfAeAvCiBbEGT@XHl@E|B@l@Ox@EbASjBBTMzAEtABj@LpAFxBBzFCrAGpAKv@Cv@M`AA^GPARMp@?LSfAIN]bAk@hAU`A_BtEaAhCMPMAKE[e@M_@Wa@G[KES]CS@UBA?B@B""}"
"2020-08-26 08:45:55",walk,"Morning Walk",970,70,1.183,124,,,strava,3968693220,"{""elapsed_time"":1936,""total_elevation_gain"":21.6,""elev_high"":116.3,""elev_low"":93.6,""average_speed"":1.22,""max_speed"":2.5,""polyline"":""okjxHv`Q^PP`@Kh@?b@Sz@KFQOLZOW[a@MMIAAM]B@C@qAJYJuAJg@FGDi@?KEOPAGq@L[AMGKGSKOSBIJi@PGNKFK?GDSXEPWP]t@Od@k@|@S`@IJGRGJQb@c@h@a@\\I\\[d@AFBRFH\\VLf@PZPNb@FFFTh@Xh@P?HCr@a@BGV?A_@Dg@RcAPK`@]?EFGFO?i@VSA@LAVVNJPTFNF?BIRUBm@AIN[@e@Ue@I[JS@GDASK""}"
"2020-08-27 07:58:16",walk,"Morning Walk",1023,69,1.173,119,,,strava,3973089640,"{""elapsed_time"":1115,""total_elevation_gain"":24.1,""elev_high"":118.6,""elev_low"":93.7,""average_speed"":1.147,""max_speed"":2.2,""polyline"":""gkjxHd`QT\\BJNJBJOj@IdAOZEPOGc@i@QIIQQO?IFSOe@?UJSHGAK@i@H[AMLg@DIP?DO@BJg@LWF]FAU[KICG?BWe@USGFOBWPI@OROJe@f@Sf@Mb@g@bA]h@_@t@M`@UZGXUPGJQCGFILKFa@|@A^HPH^FHHFF?DDVh@VNXJNZf@t@F@DDTAJINEDEF?FEJADODEBS?k@L_@DCJYTOBMJIH_@?SNE@y@BARJXX@FNHRVJFHGLa@@a@Ng@FIIi@S]AQ@O""}"
"2020-08-27 17:50:27",ride,"Cycle in the rain",592,37,2.503,,,,strava,3974269329,"{""elapsed_time"":611,""total_elevation_gain"":26.8,""elev_high"":119.2,""elev_low"":64.9,""average_speed"":4.228,""max_speed"":8.3,""average_watts"":56,""gear"":""Btwin Triban 500"",""polyline"":""yjjxHf_QBCB@?GBNBGEB?DGFAJ@NFNZ^Vb@z@bAA?BFId@a@nAE^Qj@Q\\s@~CA\\_@lB]bCU|@OlAGTUHGAQMQQQWSIw@y@KIuI{JQIKA}@@c@CUGg@g@Ui@iAwBQR_AxAs@|AEFEBG?s@e@eBo@{AeAQAYMYSCKCA?MDMPSn@e@HO?KEGa@QgBg@yBc@u@MwBg@yAOgEk@mAS}ASgCc@aCW]A[Pk@l@KHYLc@F]?OCIMAYBG?UAAP_AAe@IUOWi@i@KGmAkA_Aw@ICi@c@GDYn@GXGR@DLDFHD?C?BCD@FGQ@EBBCDBCDCAAOC?BB@CBBENB@EBEAAB""}"
"2020-08-28 07:50:08",walk,"Morning Walk",1176,76,1.28,109,,,strava,3976513615,"{""elapsed_time"":1874,""total_elevation_gain"":24.1,""elev_high"":118.2,""elev_low"":93.6,""average_speed"":1.088,""max_speed"":2.1,""polyline"":""_kjxHz_QHFAFBNJPHF?RG^?NCf@EVMNKZKIa@i@QGA@]g@?c@GIA_@?KP[ASFKA_@Fe@T[@IDC?MRMB[FEDOFe@HI_@CMKC@Gc@SOMEWFK?IBQVOLMXKDEHG@GJENOTy@fBU\\]j@QRKVGZEZED[JG?MV[ZUf@Cb@Pj@VTF@FJBNNVTRTHPLTf@?JF@FFJFDAXFPGPWZFNFFGEMHGFQGc@AUHe@FIBQJEXc@@ML?@s@d@[EBDBGCTHFHF?Tf@LJFEBOLQ@[F_@Ra@Gm@Wo@?GHS?SGIKVDNJA""}"
"2020-08-29 14:14:11",ride,"Shirley Hills Viewpoint",3929,219,13.344,,,,strava,3982667862,"{""elapsed_time"":6391,""total_elevation_gain"":203.1,""elev_high"":174.3,""elev_low"":81.5,""average_speed"":3.396,""max_speed"":10.9,""average_watts"":50,""gear"":""Btwin Triban 500"",""polyline"":""ujjxHh_QGNBPLZ`@f@TRNb@HDLPNAlBaFj@cB~@uBRu@HKVw@d@qCZ_DN_ALSHGJA|AJLEFCPQJ]FU@e@BKA}@EeA?s@L]TMNAf@JHAbAJP?n@If@Kz@Y^Ab@Gx@@XCLBNCF@XGFYAg@YmBg@wEOkAQg@C]@IRYbAsBRo@O{@o@u@e@s@Yo@m@eBW}@COQm@_AuDUs@_AwDKm@KIEAOG]g@Ei@Bg@CY}@qBS]GEGU]u@?OSq@CWa@}@y@eAYWMUc@k@g@{@oBiCIOU[S]AIGAKQOk@K[Ga@Sg@AM[}@]cBIIMa@WiBu@yGCOKkAOy@_@wAUi@aAkBi@qAQ]oA_Di@_Aq@eB]k@Ui@EAIMYgAYi@AKWeAWq@W[MEKMQMCKWSQ@IDa@f@_@h@]\\IRGBS`@KFOVS`@{@pAeE|FmBxCm@|@MLuAdAWV]Ji@VWDs@DQDoAFKHcBj@oChA{@d@gBhAwAj@kAZwCb@gCh@qAb@qDxAEA?G@_@t@eBNg@JKZs@Lm@j@}Ap@cCTm@FYEIC?m`@oq@CBEAYiBYkAOeAGOAUMm@Iy@YmBQWKg@^gALw@@q@AKKSMQSG_Ab@oAb@WNg@PSBa@EKFYCKHGPQLSJ{@TWP]b@c@`Ag@|@WJIJJEH@BCDQRSb@{A\\s@NKj@Mf@QZ_@FMRSFATFJAN@XIP?^OTSPAJGHAROP?\\Q^MPEx@_@ZADAr@y@vB}Fz@{CJa@@OAcABYPm@Nc@v@{AZcATe@Ls@Ps@xA}DTy@r@}EPiBv@{GLkBEwDDcCB_@RqA@y@AqABMHGFO@UAMD]Ca@Ic@IsA?[J}@A]BIDEF??BHCBFBCEFBFBGFAFOJo@^uAh@aCPqAJg@Hu@KQBKKIEK@KOGO]OMMEIGEAM?Km@B[AQCEUOQ]sAaBm@aAg@m@cAsBMOOQUOw@{@k@c@k@i@MGe@e@YOs@m@i@u@]o@?EFI?INUAXI\\LTj@n@LTLHr@p@V\\f@XHJ`@ZHLRJ\\`@JVdAv@l@lAd@l@f@x@JJBHT\\jAhANVDNDD\\NDAFKDCD?LJd@RJLHUFg@DALBTIJA\\HD?JFLNNn@JTb@^|@f@RDFHTFLFRDJCz@@XRV^HRXnAHPx@vCt@vB@HZj@Nd@Vh@Ld@PXt@vAbAtCLTZt@RZl@bB\\t@LNd@fAHb@Xp@RpAFr@Lj@\\~Bd@xDFZB@DLLbAHXAVJl@?RBVd@~C`@vDJ`A@v@JjABdBArCHzA^jDJl@@ZJf@Hz@DPHdAZbBt@zC@Pf@jBPfAj@`BZhALj@dAnCVb@Lj@NTXz@DDJ`@HJt@tBFLB@`@|AP^DFRl@Np@DDDZNd@^r@`@z@`@j@XLPPNFl@b@@FZVL`@JH^z@J^PXFPANBJL\\FJJ`@HLRl@~@zA@JL\\FJFXJTFVTZVn@JNPd@~@rB@LTb@Tp@PVH^FL@NJZDT?d@BV\\tAJ~@FRHbBf@vCDv@HTDZX~@BPJTJ`@Xt@Rr@Tj@Zp@b@l@Xb@@HlAzA^l@D@l@z@\\^Xf@^b@b@p@Jb@NX\\nAr@tALPFTFJNt@JRNPNJd@LNTBTALMb@MNQFa@@MLEJMhAE|@MtA[nBg@fBwB~EITCTDlACjBMbAEp@BNCp@InAQ`B?TG`@EjAXdFBnFEpCEx@SdBIdAUlBWzAMb@iAfCEZ_@jAeCfHITGDGAQc@yAmBO]AI@WB?""}"
"2020-08-30 09:19:29",ride,"Along the Country Roads",4486,236,16.071,,,,strava,3986069264,"{""elapsed_time"":6224,""total_elevation_gain"":167.8,""elev_high"":186.4,""elev_low"":113,""average_speed"":3.583,""max_speed"":12.1,""average_watts"":47,""gear"":""Btwin Triban 500"",""polyline"":""qijxHbbQNTXZJTDBPTL?j@eBj@sAp@wB^y@Tq@LQN]Pu@^w@X}BJe@^kD@YDWBGFCPERF|@@LBd@QPUHi@B_@CkE@MBI^UJCv@Pz@LRAL@`@IJGvA_@L?FAPBp@Cf@B`@E`@?FEDKFO@e@Gq@UsAWaCG}@Ie@_@eB@YRSTg@LURo@RWBOPc@R]HEPq@Na@LMTCJKJUPUZo@b@s@FOJs@J[bAsB\\e@DIAc@Q_AGQAOBMJ[n@o@p@k@\\a@TMRSd@_@`@UaDwB?@hDtBNEo@aC@SFO[eBk@}BEUGSCEBUFONI`@Cb@IFELKj@]RQVQFMVUJOv@s@v@c@RIXOdAc@~AgAj@q@n@_ARo@Xg@rAoDPm@BSJKRm@V[Xs@V_@Pa@h@u@~@cAlDsCFQAIDCB@AQe@{AUcA@IEUq@mCAU@SXeAWyAEa@IYCSWy@G[Kc@i@aAIWAQ@UCO@IO]IMQg@EUAUKc@AMUy@@[NSFQf@g@RW`@UR[^QHGBINKPQHCVYNETQBGb@[TYRI`@[LGf@e@RKTWVOd@e@LGTSJEJKn@c@NQb@WRYZUXOF?b@a@JGDGZOLMB@NQLIRUbAy@TWPIHOj@e@^i@^W@ICIS[EKS_@Qc@Wa@S}@G[Oc@EGQKg@SE@WQM?i@YQBu@Gm@@]Ga@BGBY?i@U_@GGEYIUMOEaAq@SEI?_@Fa@JOHG@CDe@TELMPMJSJg@H[A[B]?ID[FWJQLSb@GBEHOFEFGFQ@u@h@KNUJ]d@KHIPGBEHoA|@KPQHURSFMHM?e@NUPUH]XK?UJgAVSJk@Ng@TYBOLc@Pa@F[OYc@Ga@Em@Ka@O}AESAUKe@SWWg@u@{@UK_@@MDS@QC[BSCUD[SWEOIG?a@MWMOAWKUCi@QUCECCGq@_@aAw@a@Sk@_@mB{AWYeBmAc@c@o@c@GKCODS\\q@LSP_@t@gA`AkAf@c@Z[DGDONOTWXOFGhCgAfBk@DE^Qd@[^EBC`@GxAgAPWRARMl@OHG`@KDET[d@kAhAgDRe@?OH]l@oBHQl@eB\\w@F_@t@uBV}@f@iAPq@LWTYTk@B\\AG@CD@LGDIj@a@j@[fDoAXGh@Av@Lh@Bf@Az@QRCxA[rAa@z@]rAq@nAi@p@a@r@YzCq@~Ck@Z?p@DhBZr@TtAL~CI`A?t@D\\GFDNTDPBNE\\ECBLDKAGBBAE@OEUOOSEEEAINi@Ri@NSJ_@d@}@HWLWZ_A|@kBLe@^y@Ng@HOFCFMf@qAt@yANe@v@cBvCaGpAcCLQFQf@m@v@mA\\a@\\m@J[R}@Jo@H_@Be@LGD@z@n@bANb@Ln@JdB`@nAj@XVp@bBZ~@?J\\|@JR^lAp@lBtAtClCrGFd@f@rAPr@Rd@`@d@BLJLzAvAXRJJPHHHt@\\l@^VFTNDHb@PPNl@RPLPFf@Zj@TVVLHFLBNGj@I|AEX@L?@B?CAY`CQjD[nD?XGd@At@Ix@o@tK_@vFs@~EUz@Sf@Oh@Yt@Y|@CTSb@k@lCYbAKl@Sp@CPSt@CR?j@E?AHTjBAt@C@Cd@J\\?PIDs@JULEAGDWHcCnDcAnAg@`@a@h@Sd@sCnDg@b@]RIH_Ap@]\\aE`DcB`Ao@XoAt@oAl@SR_@P]^oCtBSJo@`@IB_B~@sAl@QRC@@ACAIF_@f@[~@Yd@SN]Dq@d@u@PuAp@gAv@o@h@YLu@n@_Ap@sAdA[Na@^a@TiAbAe@\\sCfBkE|B]XcBbAUL]LEH_@Ny@r@wAbAgB|Bc@n@g@`AiDzIw@fBq@`AgA~@m@\\UR[NIL[LCFACM@IVEDG@EEICMBYXODKLUNQRo@l@YJOTWH]TiBp@EDEJyA`@YNEBKDkAl@ODWNsB|@wAv@WD]PmBn@eAR_@NK?QDWCK?KNSfAKVOJ_@CQGI?GDIFELK`@KlBMfBi@rCc@tAORMVuAtCEVAZBl@AjBOhC?pAIhAWtBEpAACA??JVvEBbD@`DGbB_@nE_@jCa@~AiArCE\\a@lA}BxGGNKHGAIMc@s@GO[[KYMIMYES@KDGB@""}"
"2020-08-31 09:36:22",ride,"Reigate Viewpoint",6546,531,31.785,,,,strava,3990919478,"{""elapsed_time"":9091,""total_elevation_gain"":435.4,""elev_high"":207.3,""elev_low"":58.7,""average_speed"":4.856,""max_speed"":14.8,""average_watts"":73,""gear"":""Btwin Triban 500"",""polyline"":""sjjxHh_QABCNDXj@dA\\RL\\XZ?H@B@JMZyBtIs@~D{A`LGVg@vAEXGVs@vB{@vB[hAkD|JoAfDSn@c@~@cAvCCNDLF@HAJHCX@XH`@j@fA|HjQH`@Oj@?Np@tA~CzFdD|Gx@z@d@VTDPR^VVn@NRJXJBJP~BjEXb@Pl@^~@^n@HDFFLTFZ?J_@lAYpEAj@Jj@HPX\\^l@lHbIhArAd@f@hCdDtFxH`HpItAtAjDbCrAlAd@ZnEvDrBtBnB~Bn@jAj@pA~@fBrBlEZl@nG~JbGbJr@x@DBR?BFNALHDJF\\?`@BN\\~@hD|EbAdBr@~@fA`BdAfA`Ap@dAf@ZHvAVp@BNCBGFAVAFCL@JCZORBFCLMNGPARB`@Mr@C`@s@TQLQJW\\k@j@i@\\}@BSVk@VaA^s@LG|@}@JELQVS\\UFA\\ANFXBHAfANd@?b@E`@@tARv@RN?VDPCr@D`@Ap@FF?JB`@?pC\\dBJtBBjCAj@@hBC|BIv@Bf@Ct@BjAIrC_@j@OfCa@pAYr@KbHe@rEg@xLwBtFgAD?BNI\\F^BGGEA_@DWpAc@XQrBkB`@i@|@}@Xa@TQHQRKXUTWN]b@_@Za@J[LQn@uAh@m@ROTIHDXTPXPFLBX?n@MVIjA_APGPEPKv@SPKRIr@]d@_@XORUZo@bDaFl@{@LUNOJUPONY\\YT_@~@w@j@m@VQZg@JYz@iANILAVIJAb@Q`BQv@_@|@m@xDeEdA{@XIBERELK^EH?b@I^KTCjBa@NKBKNIPC\\Wx@_@HKDSZURe@V[LIPIXC\\@h@IDCJK~By@tAm@xHcGp@e@VId@G\\?HKLAtFNPDJHRBv@@DIDAlA@PBXCH@n@D|APfBT~@DLAT@t@TN?`FbA`ALL?RBZL`ALfB\\RLb@DDAb@PLH^d@HPRNJ?RYTc@Xa@p@c@PEPMLQNIdAUNAPBpA?hBS|@Sl@Wn@k@\\c@Vm@Ve@`@aBFs@DGt@K`@AL@PWjAD^CJDL?HDh@XPNFHDLBf@CjABfIG|G?nBDzCAt@@v@CbAY|Aa@rAwChG_@vAQ~@ElB@jAb@~JPdDD|ACdB_AvNWjHEtBOvKA`D@|DD|DVjL^nJPnB?h@Fd@DdAFjEGbAAp@B~D?LJZFl@Gd@BDA^ENG?IFG?GDEHg@lBG`@[p@IJ[z@EFOJQVSNUFKRk@VOLINSp@O\\K`@@PI`A@^PtB@p@Ej@EFEXCJEBAPYzAIhAMv@EjC@v@NxBFv@R`A^vAzDdIV|@^xBLtB@hAErCDdA?jAJpB?dCHbADv@ARJnBPfABd@Nx@T`AVbBR|@XpB\\|AVx@nE|Rd@xA`@fAPv@P^b@rAx@hDFZ\\bAVnBXrA@RJZJr@J\\JRHT\\vAh@zAP\\b@r@HN^b@V^JRHHb@t@RV`@v@HH^n@FN^h@\\l@^d@V`@Pf@JJJRh@|ALVTt@f@rAd@bBPz@JVd@`BXbAN\\Pp@Zv@X|ARn@@PRr@Hb@Rj@NRRj@LNBJ^h@r@vADBd@x@f@`B\\tAb@nAPr@lAvCh@xAR^\\d@PJZ?LIBEHYB[J_@R[L[FEN@XIHDHNH@HNBJ?lAITSBGLA[O}@KkAQIIHUl@WzAQb@?CB@MPW@c@YkAuCMS[o@uBsGeAuCgE{HGg@WeAw@qCGs@GWsCmKUk@cCoFa@o@eBgDcAaBeCmDy@yAc@aAk@cBYcAiBoJ_@aBg@cBqAyDMm@iBuGKk@_AgEE]Sq@oAuFISQCI@g@NEJ}A|@URQX]NML[NiAdAiAvAi@l@q@^YHg@CgDA?NOFw@CC?GJK@_@EoAYCRG@OAOEg@Eg@K]QK?_@Q_Am@SSk@y@uBkCc@g@m@a@G@mAo@UCCNGBa@BmBCo@@aA\\k@^GHUNSb@OLQXQLOTWPUF_@@IC_AC[@SF[RCPUV]PkARAPEBmCVYCaA\\k@Lu@Fu@HkAn@WRMP?NEJgBrDiAhCI\\GJI?[Q[WKBUGQK[]SQg@i@mAwAQOY]q@_BGAwAmAgAs@c@a@G@KCiCkAICqAOoEKU@iAXq@FUHuBb@SBICMKSDIAKIICK?KCu@AwAUu@GODc@CwAS[IaDk@wBk@qBq@c@WcDyAgBk@wAi@{@UKGSS]o@UIu@cAQKYEg@Sg@Wc@W]MGAQBUC[N[CKDe@D{@Aq@Nw@DmAL{A^cB~@]`@a@~@Sj@QXMZu@bAWXODM@[Cw@D[EYAK@GAGGAM@YBE?IX_AFWVu@DE?MHa@@g@CeAKu@Gw@Me@GEGYIKY{@Eq@Ik@?]AUBIQSM?QMECISMgAAu@GUAg@GcACGSoA?]QgDKg@[kAS_Am@_Fa@cCk@aBg@aAsAkBqAaC_A{@GC]_@wAqBUY]UII}@cBSOa@m@i@e@wCiBqFmDkAo@o@g@i@WUWy@c@o@g@k@YaHiEuB}A{BuAwBoBu@c@aBu@k@]UWGg@Q]i@wA_Ay@eAqAsAcCQMc@q@u@cBq@qAUk@a@iAe@eA}@uAsA_DI]Yi@o@oCMYOSKcAK[O]g@_BMo@c@yDGWU_BQk@Ee@g@cB_@y@o@uBIi@UeAQcAIa@IOGGUe@kAaBU_@Wk@u@aA_@y@KAGIsAsBa@s@YaAGKSWk@[QQUa@wAkBmFcIyFqJ]y@w@{A[w@mB}Di@u@yCqDa@[gAgAWOu@s@qB{AiB}A{CsBAA@@?EIIOGOQ[UyCqDS[iAsAeB}Ba@w@]_@[e@u@}@SYyHqJw@y@KGgCwCi@i@e@m@_@k@q@o@QU]WU_@IEOEOIEIu@u@OWu@oAM_@CQMIU[{@aBi@{AKMsBcFUi@[e@{@iBa@gAIK}DiJ}EwK}AuDsF_Ms@qBs@{AAOBKFMJEJAJ@JFPHh@h@XAPDt@Hv@XN?HEP]Ro@Xm@R{@FCb@y@H]B?BIb@wAp@mBDQ`@kA`@_ADIr@yB`AeCpA{Dv@kBBK?YRi@Hc@PsANaBNg@AMDE@e@BWn@cDDg@f@yBB]N]Fa@JUP_AZs@Ry@F]?OAGIGWg@]g@IUSYIW@WBEB@""}"
"2020-09-01 16:13:58",walk,"Afternoon Walk",1095,71,1.207,122,,,strava,3997868568,"{""elapsed_time"":1351,""total_elevation_gain"":24.1,""elev_high"":119.1,""elev_low"":93.9,""average_speed"":1.102,""max_speed"":4.6,""polyline"":""gkjxHr_QF^PZXVETKPYdBIR]k@a@[GS]IHA@QKYEs@NY?[Hs@DCAIVG?S`@y@BWJ[Ak@EEQCMOYSSBMDMLSFWPKBIPONS`@]j@Ol@GFa@x@UN@@Ux@QPQ^aAnAYr@BTDPJJD@N^?HLh@JFFJ^@FDLPTl@RPn@F?IVi@ZQFI@o@Pm@FIHW@GTWNAFSAEJQAi@@GJABFRF^h@FBFPHHDADO?ILQFg@Pi@@[Uk@IKCUJm@EDG@CE""}"
"2020-09-02 09:29:39",ride,"Beautiful views of North Downs",4165,338,23.396,,,,strava,4000192369,"{""elapsed_time"":5176,""total_elevation_gain"":233.6,""elev_high"":264.7,""elev_low"":117.7,""average_speed"":5.617,""max_speed"":15.6,""average_watts"":73,""gear"":""Btwin Triban 500"",""polyline"":""qjjxHh_QC@CH?PN^f@v@^^Zd@DBB?FIF]L]pCiH\\mANUJ]Ve@L_@`@yBZgCDk@LkAF_@RGD?PLL?FDHAFBN?HDF@b@OJOJYJo@A{DBs@FO\\In@Nj@Fh@D\\ARCp@Sp@[NAX@j@C|@@b@C\\ELOB]Cm@YkB]sDSkAOg@M[AEHYFKFEJ[Va@FY\\m@BQJYJGBSIM]W}@gAi@cAMg@Q]_AwCg@oBSgAk@iBKm@Mc@Ky@Wq@g@g@EOCS@QJc@JILEv@Ev@?VBHAf@UN@j@K~Ao@NCLKX?DAh@YJIj@WZSTSx@U|@_@JKv@i@NGF@JI?B@?FOHEtAc@f@GbAg@~@m@pAmAdA}@`DaBXSf@Wd@_@VY^m@`AwBtBwFXg@To@v@}AdB{Br@k@VY|@u@ROJC`@[t@W~@q@nAw@zC_BZW\\Qr@_@z@o@VWtA{@dA{@hE{C~@s@h@g@l@e@nAs@^O\\Ib@WtAiAb@m@h@{@v@i@dCkA`CwAPQhAw@dCmBfFkCp@a@lC{BZ]bAq@VWl@_@JO|AsAv@}@JGf@u@d@e@j@y@d@g@Xc@FGNSN_@zAoBRa@LK|@{DPmAr@gDl@}BVqAt@{BhBkGh@}CVwBHmCXwD?OPaCD}@Jq@@aAhAaPBaAJc@Dk@@o@GW@c@DQZg@DQPcBzAuIZu@TgA\\cAn@yBRoAL_@NcAD]ZeBZoAJ}@HWLy@Dc@Jc@Hk@R_DTsBHkARgAFs@TsANm@L}@ZgB|@yGHiA?mADc@Aw@RsENeBDEPyADSAGD_@CGTODIFeALa@HeATiBZgBd@qBDKPy@NWDUTi@Ru@n@iBFIRi@Zs@nAiBl@o@d@o@f@_@T_@VSdAkAz@k@v@w@p@y@HO`@g@vA{BfBqBnCiC`DwBlEsDjLgJzAuAbCkCjCwBh@k@j@e@x@eA~BuDd@m@h@{@dAwApCoCh@q@rB}B^g@b@g@t@s@t@i@`Au@hAq@v@o@LIRW|@{@z@kAt@oAfAcBjDiE`@_AvA{ElAwEdA_F~A}FhAsFJcA@e@W{@QaA_BiGe@}BiAiHu@kH{@qM]iGK}BwCuW_@oEGwB?{ABSt@oBMGIAIBGEOBCHN~ENnC\\jEJl@Df@ZnCB^DPPhB^nC\\vCZfFDXV|FFf@^~FTrC`@xDXbCdAnG\\dBvAxFF`@f@fA@PCp@MtA{AxHaApD_@`Ba@vBeAxDUn@w@fCOn@a@lAYl@i@v@eBvBeEbG{@`A[TyGjFoCnCeD|Do@j@SZuBpCyD|Fu@~@{@|@}E`EoA|AcA`A{BdBeDtC}CxBwAtAeAx@iBtAwA~@c@d@UJ{@r@SZsBzBeCjD_BdBqDlDcBzAu@z@cA`Bs@zAc@jAeAvCe@bB{@bFk@dCc@zBu@lCQ`AKfB@b@Pf@@^AlEGt@iBrMg@`C[zCIzAKj@g@pFw@nF}AzHy@tEOl@KTiA`E]vAc@~Bk@nDQn@Ax@YrDe@fHUxBIxAIn@?f@q@rK?Tc@dGYlBa@|Bq@tB[pAmCvJYzAM^E`@?b@LfDCZCH[Zy@^SXQFYh@_@^EJg@p@Wb@wB~Bq@bA{AlBeAdAsAbAYX[RcCpBMD[T_@Ri@b@_@Ty@`@iDlBk@`@uBbBwA|@eAh@eAp@kBz@_@Z[d@ELm@z@w@x@IDu@RIFWFeAh@{@p@MDUTqDhCo@h@k@d@i@TURc@VUZ}AjAsAv@i@`@YLWTsAj@YT_@NkCbBu@\\g@^s@n@}@l@]Vw@z@[`@_A~AoAtCw@zB}ArC@TGNmAnBg@f@qAx@g@Ra@LUPSXU?KBeAz@a@d@{@t@QLu@^OJc@ReBd@e@RWJUPMB_Aj@yB~@YPUF]T[NwBx@e@Ja@PEDQ?KFu@PSJs@CO?MRKt@IT[PU?[GGDWn@EVEpASjCE^a@hB[~@e@x@uAxCIZ@^FZD\\?\\OlCIx@EnA_@tEAv@BtANnBBrA?lFCzAC~@Kz@Ch@e@tDUxBGRORMRUp@]p@a@vAw@zBuAnD?TIAGQGEIO{@w@MUEQKGQUEUDSDC""}"
"2020-09-03 13:55:55",walk,"Afternoon Walk",1206,73,1.238,109,,,strava,4005675532,"{""elapsed_time"":1299,""total_elevation_gain"":21.6,""elev_high"":119.1,""elev_low"":93.6,""average_speed"":1.026,""max_speed"":2.9,""polyline"":""mkjxHr~PP`@Ld@Rd@Oh@Bh@MJGVBDMXI@EEDQATMWOKKQIEFNIEGIHYEm@S[JIASBC@KGc@@WEO?QTQDKH]GGNSLILJ@HCa@Dc@?i@S[EBOUGCAGMESDECMD_@`@QN?L[NQX?JKXSP_@z@Wb@[t@MLMTONK^q@f@QTAFWXUj@APJ`@LPRL@LRT@L\\NHJZ@LRF@?LLPHTTLNIj@a@NGBCHQAKFk@FGFQJGAU^e@JABELe@@e@PKC@D?PHNLDJNHRRJBFG@KJKBYAMNqAQe@E[@MFS""}"
"2020-09-05 09:56:07",ride,"Bacon Roll was yummy 😋 ",3833,299,18.837,,,,strava,4014761109,"{""elapsed_time"":7099,""total_elevation_gain"":203.7,""elev_high"":166.6,""elev_low"":58.7,""average_speed"":4.914,""max_speed"":11.9,""average_watts"":70,""gear"":""Btwin Triban 500"",""polyline"":""ojjxHr_QKR@JZ^\\j@TTT`@JHFN?TCP]jAGZe@~ACVOb@_AnEOlAi@zCg@dFc@lBaA`Co@lBMVoBpFe@hAUt@a@jA[pAm@xAe@xAEXEFGBg@r@QZWp@MfA@LDHF@DNFl@Zn@DTh@nA|BdFd@nAXf@r@fBn@pAFb@Il@@PFNnAtBh@lAZd@^z@|@xABLVf@Zx@dAnBx@|@TJ^HHDLJRHRRDHFX`@n@`@z@\\f@lAbCZd@Tt@l@rATVBGB@RVLl@@RCPYl@ANAC@DC@AFEf@?b@QnCBl@FTHPl@l@lBrBhEzEpCdDpCxDXd@dBvBbB`CRTnCpDb@d@|@hAlBfB^VRHZVPJjKrIb@d@DJ`B`BbAnAXd@fBpDjCzFhB~Ch@r@Zl@vBbDdBpCv@fAb@x@lAdBPNR\\d@RJ?PDH`Al@~Av@hAPLXb@R`@tAnBlApB`@^v@fAt@x@XV~A|@n@TXDXJVDb@@X?b@BnAEXWTEdBQH@LGLQL_@`@g@\\s@~@_ANWp@kBL]P}@DGLOJAh@g@BG~@q@BEF@FFBZJ^d@tA^xAN^?FSm@G]@UBEPEF@b@E`@@HCXFPCTFz@p@f@n@v@v@FBTXt@x@r@j@z@~@z@hAZZT^jBtBDRXRRRD@@CA?DL?G@DBAlBjAj@`@RJFALLjAn@b@\\PFNHn@h@bAn@p@h@fA|@VR`@PPFx@A`@E^IVC@@HTBZ\\fHBLPDrAQXKX@^EPQ^{@NQh@}@JEZA`@KPC\\?XFp@E\\?JBVIpAEf@DNAPIvAATBLAt@NPNVJn@j@v@bAd@^@DTXXr@T^XVRJTXTNFJZZ~@^TLNFR@j@GXONEFBRE`@HFBLBL?f@MVAf@OTMRAFCJ?TIR?f@MrAKhAFv@?TGV?p@MJEXUr@aAjAe@XYp@[h@e@JEJ@XRbATh@BnATn@Bx@SJGPIPOZQb@[LEZAj@JFDT@PGd@DLCfAA\\Dj@PZLv@b@LDLATJRFRLh@R`ARXATH^@ZGrBMvAC`AWd@A\\KL@FJFPBl@Cf@?xBCb@@PCb@Kd@]`COpBM|@Q^_@l@INOr@OdA?j@Dj@Zx@Zh@T|ANj@HTl@dALd@FhBBZDJAXGXA`@Gf@MbEHfFFjBXRABQAIB_@KQ@AQDEGEAZd@@PLFPAH@NAF]h@I?MI[?U@gAKK@_AOYIg@GYIu@Ag@Go@O{AO}AUuCi@oA_@kCi@eAWqAc@OIk@G[OUGcC_A]CyA[wFaBgAGkAg@]KiD}@sAa@gCo@cCu@y@S]Gm@SaA_@cAe@iC}AyDoCuHcGk@YuCuBaAg@UGc@SsHaE_A]@KCG_@Gq@WW[MIq@QaAQyAk@mD}AgEaCgAq@u@i@WISAGBIFIDIEIKUk@m@u@{@sAa@a@_AaBc@k@_@u@WSuAgBkEmEkEwDw@{@wEqEoG_Gg@g@{@cAe@]uA}AqAmAi@S{@USE_ACk@@}@CgA@O@OFaAHYHWACCaAISK_@Yq@u@eA{AyCyEgBeC[g@aAiBwBoDw@_Bu@iBiCmFqDkEoAiA_Aw@QKOUcAk@IQMQSIm@g@e@i@c@]{AcA[_@SIEEKG?CA@AICESKUCMI[g@SWKGKUG?EEo@aAOGKQg@k@{A_CsBsCmBwByHsJaDiD_AiAm@}@i@m@c@_@iAuAQO{AkASS_@w@g@iAa@g@e@{@k@cB}AaDw@kBOWCMsAmCMa@_@q@]aAWc@i@wAmAqCsF}L}AyDyFiMs@qBYk@Oc@Ni@NORDTJXVHBXRPAVD\\L`@FNLD?HDL?FCLYZ_AXo@BSROBIJa@N[Lc@h@wAJ_@Z_AXgAn@sAHWbA_C^wAl@yAh@kBXw@`@}@Pg@F]@BPm@TmB?]Jm@Bk@FIHg@BYP{@Lu@RaABENuA`@kBLc@TgAJOJk@Z_AP}@EQOWO_@YYIU[k@EQ?I@KFE""}"
"2020-09-07 08:12:54",ride,"Nice Monday morning ride",4111,259,17.555,,,,strava,4024273087,"{""elapsed_time"":6356,""total_elevation_gain"":147.8,""elev_high"":122.9,""elev_low"":58.7,""average_speed"":4.27,""max_speed"":11,""average_watts"":57,""gear"":""Btwin Triban 500"",""polyline"":""kgjxH`eQFFDf@c@vAwAlF{@nEo@tEQbCK~@Kh@]x@qAxD}@~BcA~CmAfDUh@W`AkBfFm@vAu@tBGf@DXFPDVLTJb@HPNT|D|ILh@LZ?HRHRh@|@hBFRBVCTGFEV@NZd@HT|AnC`BbDJJd@`AFRLPH^n@`AR`@d@j@NL`@XT@j@XX\\j@pANPxCvFHXT^Th@X^Rx@PTD^ATKVMd@BPGf@AdAGt@Cd@@v@DPNZTRXd@pC~CHFdBlBfBpBxAjBd@p@HFxAtB~BpC`@n@p@x@~AxBJTTPFDJPTVpBhCZXbAbAHBJJXL|@p@HBLNXPbAv@^^nA~@n@l@vAhA^ZnArAdArAFDn@x@dB~Cv@~A?LV^p@|AXd@L^V`@JFf@|@x@pAd@z@t@lAh@r@Rf@dCjDt@rA`ArANVZTrA^jADZ?HB~@CTCr@LZCFKLCt@DPCVB~@N^Lp@Z\\TZ\\LHNV`@\\VLD@@EJFn@t@x@v@x@|@d@b@hBnBf@b@HLvAtAvBlBjAnAx@r@`AdA~AvA\\T|C|CTXn@n@~@hAtBvCd@x@LVRRb@l@x@`ANFVIND\\d@zChBdAt@tC~An@VJ?HFBCJBFJPDz@^PN`@NNJh@TN@j@ZRDNHl@TRL`@NZRT@TR|@ZTLPBBHBADB@DLFTRLFNVLBTRb@PnBlAZVz@b@jAt@dAd@`KzH|AdA|BtAPNf@VZJrAt@TFJFD@XLfCf@pA\\r@NLFxAZhCr@d@Dj@RP@JDPAVHHAPLXLz@RJH~@V@DLHb@JDE\\JJFd@LLJXHRLP@b@Np@NbBn@^HP@`AZbB`@nA^zCn@`@N~@Nh@LFFZDLDzAPFB|@HFDV?rBXJDhANLDZDzAD\\?DC\\a@BIHMNK@O@AAl@BFRMRBDCAAHD?^KZSR_@NIA_@BgAKeCk@YCYGe@?c@KaAMc@KyAMkAQwCi@uBi@eAQ_AUeA_@{A]cDoAi@IeAUmEoAk@M{@YMAYMeASqBk@[OaDs@iGcBmC{@}As@yCgBaD}BsBaBWMs@o@_CgBw@c@c@e@iDwB[Gc@SkHyDqAe@cB}@{@]iA_@wEmBsGuDgBmAK@WLI@IEIIUm@s@u@g@q@IGoDwF_@a@mAeBq@w@wBkB]a@SMmAiAyAmA{HyHoF_F]a@KEMUQUMKA?BBADQS]OK]k@e@c@k@m@m@y@i@gAg@yAI{DD_@H[@y@L_A@a@A_@]SKMWiA}AoGwJyFoJEIG?@CO]AIUi@COQMGBIC?KDK?K]k@uAwCg@y@c@m@_CsC_ByAaAw@YYKOsB_Bo@o@cBkAMGy@q@QG[W[Oa@YwBoC]Wm@y@EKiAwAiBsCgJsLsB}BiBgBq@_Ak@o@Wg@Ya@SQ]UWc@[WuAyAi@c@Y]Yg@s@_Ae@w@a@y@IKI]]u@U[a@qA[o@K[{@qBIWk@aAcAyBCMOQUw@{@iBkAsCaBoD]_Au@}A}G}OgA_CeAuCoAqCI[Ni@HKB?ZJTTJF@AHLXPFBLFDBNCnAZXJHALILWJa@FOL_@?IJMBMXYLYDCBMDCNy@Lc@f@oA@Ij@cBJa@FIHILm@DMJMLc@Xs@DSHOBMb@}@DYnA{DB?DEh@sAFGXaAB[@E?BZeAPuA?[Hi@B[BMFGFQF_@Dw@DS@OBQFu@Lq@Ro@?MHWF_@HYHy@Tk@^iBp@eBDO?OK_@GGQc@Y]IWUWKY?c@?@BACE""}"
"2020-09-08 08:32:35",walk,"Morning Walk",2353,130,2.195,107,,,strava,4031231969,"{""elapsed_time"":3582,""total_elevation_gain"":44.4,""elev_high"":118.6,""elev_low"":93.7,""average_speed"":0.933,""max_speed"":2.5,""polyline"":""skjxH~eQKAIEGKI?SODC?WOCB[AENE@OA@IYAJDEBYAI@[G]N{@B@BGl@eBGq@MA?YIQg@Au@Le@`@[PUb@AJKHGZ]t@KFKLAJSh@AJOHIN?FIDGHUh@]X?JS@MVKF?DQXKn@Dh@DJRABBLf@P`@JFDNHHPALNTh@NHCFp@HLANADId@?@A?IRAIQA]JAEMHEIK?UFGFO@QHMFATULi@JOHCXYIQHAZb@HF@Ex@DKH@B?IDUDEBMEO?IITERKTEPC?BJi@}@OIIKEMBIIACBJc@Q[GYJKLc@BCB]CQBMCCDABGDQAMTq@KI@DPm@LUAMMOMCGGELPFOKSE_@B{@\\QJAF?DEHg@`@MVK^QVGLOFKb@YZITMNKR?FOZ]\\]XKNUr@KPH\\RZXFF?NINCHEFKFC@CF@DCR[Z]JCRYNMJ?@E`AQ?DTPDHN@JGLCLF@Cj@DCFJTFBb@l@DADCBKFc@?UNo@DEF?@UEKOSK]AUJ[""}"
"2020-09-08 17:17:13",ride,"Tour De Selhurst Park",3417,283,17.109,,,,strava,4031232089,"{""elapsed_time"":3761,""total_elevation_gain"":139.2,""elev_high"":131.4,""elev_low"":46.7,""average_speed"":5.007,""max_speed"":12.2,""average_watts"":74,""gear"":""Btwin Triban 500"",""polyline"":""mjjxHt_QEF@Z^n@Z\\Zn@RNFANYH_@tAqDHQbBmEt@qBH[LcALy@Fk@?a@GQoAgAuEeDoCyAu@SaBq@EKAMCiAKEONy@rBg@|@Ut@Yr@y@xAeAfAKPc@d@CJuA~AyA`BeAdA}@pAkC`DKFqAdAq@b@ELGJyAxAUPEFGDMIMHYXmAvAMJu@\\e@b@U\\YZsBbB]\\{@f@]^a@XgEbC_@^sB|A{@^k@PcC`A{@TaBl@iA\\EROJO@uASoBCcDDSAwAAkA@kCEsBD}A@_BEsABwCNeGb@mBFcAHg@@u@LMCs@Di@Jq@Fo@@g@JMAMFIEE@EHQHk@RYT{@N_Bd@}@BcAAaBJeABgEW]?IBYV}@JO?]FoAh@m@PI@WJm@JIHIBa@@i@HS?_AVO?m@JM?OLYJW@o@LQLeA`@aACMIGAY@QCEEAII?GHWCm@U]CWBEAEEa@F]GMDGAMHMDKHWDKFc@\\Q@SHI?i@Tu@V_ChAKBM?u@TO@KAIBwAt@c@b@_A\\YNGHYFWNYHSBEGWcACa@Q}@]aACQKYAKWk@?MGKBSECDEMOIk@GKMEW@[e@EMMKG@iAEA?OSK@KDOQa@ASISRkAa@y@I[ZKAaB@e@KWMw@UmAq@]II@WMGOGGE?ORKf@M\\Gb@@PQx@?LIFU?}@W[G]OKMGQCW?UNy@NoA@OIe@WSg@UG?_@U_@KeDqASA{@a@_@KSMSEkAe@}@i@KCu@]_@o@UcAw@iCe@aBYcB]aBGe@y@cEEc@Os@Sw@UeA?Qq@}CAQ_@kBMcAYsAEOWk@g@g@KEwB_@{C{@G@[X]VIAGHSpAL?BIMAUOI?CD?FCJAZ?rBGJUIa@GQ@o@Cq@[IAABGEQMEAABIGMD]n@OLeA`BeBdDOPKQ{@kCk@oAKOc@aAeH{QYk@Ka@KSKa@iAkC[_Ao@{Ai@aBQq@EAQFILi@f@INe@`@q@bAc@h@GZiBfCS`@K@@RPd@Z^\\f@^z@XjADl@FNJDFCXSRGJIHSV[RKF??HCTKLMJU`@SR_@LQBKJ@tAPrBvAjIXzB^~B^zAJZHHVf@LX@LVZX?dB_@dAQZCLBx@PpAl@hAb@hB|@h@^JBp@\\XJJ@JAx@HZ@r@Jl@Rp@F\\Lb@Hb@?nB\\f@LXDLJVJJJh@JJHXLPB~@b@r@Vb@XBCNBDDVHFHh@RfAf@NBZNRBFDTD\\TTD~@\\|BdAb@Ln@\\XHp@^N@j@P`DtAt@T`Bv@hBt@z@TRB\\J`@PVBp@d@PBLFH?FELYFw@P}@HKHEJ?ZFz@`@HFHt@Gr@G`@Cd@?NHNXVJFrAZnBj@nAPZL`ARl@DbALJ?JGT?VEHBBHFAF@PMH@DCFIFATO\\Kd@Ud@YJIRI^_@b@[fAe@j@[PORKJKRKN]DCJAVINGNOHAH@@GRENSRGp@i@LCn@g@^Sb@k@f@c@HCCAF?XHb@[RE`@UXGZKtAEdBNp@KPIx@F^S?GB??EBBFCTAHKhAALIPA`@H`AG\\HJHNJ|@dALDvAFhAKJ?LDb@CVG^QVAf@]^Mv@KtAMTBFAZ@`AIhCm@|EyAJ?PGPIb@Ej@S|@OFENElBcAVHZZb@nAHPLNbBjAHDPAVFhAc@|@[^IpEuAt@YN?FJBPNzEH|FH^FB`AGR@l@Ex@@h@Ed@?b@BPA\\@bA@pC?ZAzADf@?\\EbAAV@~E?hBFl@Lv@b@f@J`Ab@l@b@b@NJJdBv@f@d@VL~AnAJBb@ZbCjBtD|CRLl@j@`CfBlA`AVT`@XxCfCv@h@`@f@z@h@b@d@j@d@PJz@V\\\\RHl@PHFNCPB|@ZHATYf@yAJc@Vq@JGBKJOXgAd@kAfAeDTg@t@kBl@oBNa@FK@KNe@h@iADWFKJ]\\aATg@Z}@Lu@Nc@TgBBi@FQ?IFg@FOBUBEB]He@Be@TaBXmALy@`@oBX{@ZuAN_@XcA?QGUc@y@SUKYQSGSAMFU""}"
"2020-09-11 08:45:17",walk,"Morning Walk",849,56,0.948,105,,,strava,4042943483,"{""elapsed_time"":1121,""total_elevation_gain"":24.5,""elev_high"":119.1,""elev_low"":93.6,""average_speed"":1.116,""max_speed"":3.1,""polyline"":""}kjxHb}P?iABi@DGCe@BMKEI?Ie@MYQGg@\\[JEDEPMPM`@KLS`@E?QPO`@Mh@E@]p@eA~AIVKJ_@HCTQNKVMNKZCTJf@LNJDL`@VTHNABB?ZN@HJHX\\BDAFRRd@GDBRGPQd@CIiA@QDQHERUXs@HIJSPEBMHIPWCIA@P@FTHFFJLBDDLPFUFGFUDo@FSHIEEFSWe@M_@?IPU@KU?IC""}"
"2020-09-12 08:55:05",ride,"Beddington park",4769,352,23.508,,,,strava,4047662790,"{""elapsed_time"":6425,""total_elevation_gain"":257.4,""elev_high"":174.3,""elev_low"":28.1,""average_speed"":4.929,""max_speed"":14.8,""average_watts"":66,""gear"":""Btwin Triban 500"",""polyline"":""ikjxHj`QDCA?@JJPLLRJTf@d@l@RPF?XcANYJ[Vm@Le@Xo@R[zAqEHSJMX{@h@wDDg@Jk@VsCFoAAi@D[CQ@cAEm@MeGGq@Cw@HgBNqAAKFe@PsCJaA?[Ai@BeAMg@?OII?GvBgEf@uAF[Tq@VcBBg@Jo@HgBTgAFKDYBe@?i@Qc@ESa@_Ay@wA]eAIc@a@cAaAqAQ]{@qAa@e@eAyAWW]g@m@w@KQ_@}@q@_C]mAKq@_@gCeAcJc@oBSc@u@yB_@_Au@oA[eAMq@KWaBqDu@qAYeAuAgDYaAMOISy@o@SEOBa@X_AvAMLG@GAQa@[g@MGw@kAa@c@eAeBu@aAYi@MQS_@cBqCqAgCQSi@sADC?BBCC@?ALTCBBB?@GA?CBTHVRZh@fADBN\\LLLNBNpAdC`@r@RLHJRL\\f@DBJXLR^t@b@f@\\Vd@n@\\j@h@dA?HCJaG`Im@dAqDnF_CbBa@Vc@P_CNs@J{Ah@mChAs@^aBdAu@^e@R_B`@gBT_Dn@yEdBw@ZKJm@x@kAvAoE|FqArB_AhBoAhDy@bCqApEYjAkAxHWjAIRa@h@eAzBeBbEU~@e@rDy@xE_AzDm@lCSjAoAjFu@lHe@hDE`AOnASrAsBxKQn@Y~BMhB?vB@\\FV@VNzCFrFBZQt@IHQd@Wd@_@n@AJNbB?vBD@Fh@?FGFi@?y@JGBWAEFQDc@A]BGDEFCVFHFr@ZhBh@`ENl@j@~DThALpBRfBRdDRpBBn@X`C?PDXFhAE^KXCJ@lDGlDQlBAhAMvDMbASxCU|BYzBGdAOl@oAtD[n@]|@gA|Bc@bBOr@s@nCQ`AE\\?d@E`@?d@BLCD?XNrAI^EHIFm@PoABIGe@Ic@O_AEc@?i@Ri@Z_@\\g@XUHe@`@Q\\Ct@F~FLlBBlBMpC?`BGtDB|FAnADhAA`@C\\?|BDVATBZ?n@CnC@|AEbI@zAEt@EbDO`Be@jBc@x@g@p@c@Xg@TIFQVIZWpAWfCAlAE|AO~BE\\[bBOlA]jDGhAQ~FCNGLKFe@@YDKBKJIIYB_APKJ_@LyB^U?u@JUHUDIBa@XKLMVYZKPERYZk@\\{@p@SHQRm@b@YXk@^KNKZINC^I`@[Pi@^c@LOJIJ@R@??QHODC`@G^URSLED@HPBt@Ed@?^C|AQhDMhAGZSx@Ob@Yt@[p@gAdBqAzAGZBzALjBBNFHVpBz@hHB`@BFL?LITAPMLYn@y@FG^q@p@{@Pa@f@k@ZCFGFATBXDHFPDXDHDLAZBXLNCJSTOLOBINIZg@TSDKf@m@JIT[VYH@R\\DRJLBTLL@FH~@@XHh@D|@Ex@GV?FL\\Vf@JFJXFDBNLAFGLc@AQIUO_AB[@}BCMBe@Ce@C]O{@Wu@ES@KPc@Fa@P{AAc@DwA?_AMaBA_@SmD?[E]EgBc@oAFiDHk@PeCXqFCuABU?]FIT@~A[fAMLI@IBmAAYDqARqDLs@Dq@Hm@Li@LeAHiAR{AHgAJyB?c@JoBXwBRq@Z]VKb@KTK\\]`@o@Tq@XkAHkADy@CSBm@BeBAwDBuE?kNGwF?iDNcNDo@SuHScEDeBFYLSp@a@DGHYB??A?BAAaAxC?C@BPADBCGPITEt@e@L?v@m@JM@OHAjAAv@JFAn@JH?VDPCTFL@PEb@ADCDe@GoB@e@P}BJi@r@yClA}D|AsDNc@Xi@Tq@V{@XgBj@aGPwC@m@De@FYVmEHs@?{@Ba@BsADoECs@GKE_@?KHQHa@@g@q@oGKcB}@sJOw@[qCmAcHMsAQaACe@@QL_@f@}@\\_@`AsAbB}Ab@s@RSN_@Iu@HQ@M?cBCWI}CQmDB_@CC?BEsAF{BHu@PgAXqAD_@Ng@`@}BPs@@MZuAd@cDfAeJ@]NoBVqBLc@X{APs@VuAFi@T{@HSD_@P_@B[XmAf@sBVwAb@cDZyALmAJWVsAPg@x@}AFKJEFIlAwBNs@X{@Ds@J}@^_CH]hCgJd@oAl@yAlAgCrAuBRWXUj@s@Xa@\\_@LU^a@P[^_@R[d@g@`@m@|@m@p@[h@_@XITO^Kj@UrA[|@Md@KVAZGT?TMl@IZI^QXIb@SrCeBz@]v@a@rAi@x@YjAS`@Av@IZAh@UJKLEfBsAl@o@lAeBP_@l@_A\\c@Tg@`@m@rA}Al@}@FOBAv@cA@GLQAA`@UX[ZWf@s@JCLIL@TFJINDd@f@V^rAjDBLt@`BH^f@|@x@dBN`@\\t@H^R`@h@bBXf@Tn@JPRj@\\j@^hAJ`AHXF|@Jz@Jd@v@nG\\xBR~@p@zBP`@DPVj@VZTb@pBfCxArB~A~BZt@r@zBx@|ARr@Vn@HLl@\\PFHFD\\E`@ENKJKFs@BKHGTOnACvAIhAg@lC[dAe@z@_BlDCRHpA?p@S~E]zDInBL`CJbD?fGInBSrBG`AOn@G`AW`Ba@lAu@bBk@lBsApDWz@Yv@IFK?WUQUKWGEWg@EGICMOGSCU?UD@""}"
"2020-09-14 08:26:00",walk,"Morning Walk",1064,69,1.17,100,,,strava,4057452581,"{""elapsed_time"":1639,""total_elevation_gain"":21.7,""elev_high"":118.4,""elev_low"":93.5,""average_speed"":1.099,""max_speed"":2,""polyline"":""sjjxHl_QCTLd@LV@HQt@CX@POb@KPIIWa@e@c@AIB?BD?GGGBQHSCEFKAMSWNKJUKq@Fq@HMMc@Za@F_@@YKq@H?OSMIGASBETODKAa@\\G@IHQDQRIXUh@IFY^CLSZcAxAOr@IDKPg@^]v@MTGNCRJ`@HDTXP`@^b@\\DLHJTFDPX@PJBb@GJEd@c@HOBc@Pe@Ta@LGDMLQPC@YDCAOXIIOFSACDE`@RrAoBKOIY?I""}"
"2020-09-15 17:55:35",ride,"Evening ride ",438,41,2.754,,,,strava,4064563394,"{""elapsed_time"":487,""total_elevation_gain"":23.9,""elev_high"":131.6,""elev_low"":64.9,""average_speed"":6.288,""max_speed"":13.6,""average_watts"":84,""gear"":""Btwin Triban 500"",""polyline"":""sijxHtbQX^`@^JNBBJA@CA@R_@|@mCR[L[zBkG`@aAJ_@PuARiA?WDSAKGKWO[YyDsCwAaAcBaA}@UkBu@IS?gAIIG@QZ_@r@sA`DKNaB`Dc@`@mEfFiBnB[^Wb@qCbDe@^QRa@RQP_@RGRUZi@b@aB~AKBMGIMKIw@SeAM_FaAc@Ou@O_AIaBQ}B_@QA{Dk@qB]eAIy@KQBc@R]`@a@Xa@Hw@BKEGIAQ@QLi@J_AAOI_@WWgA_Am@k@KGOUMGg@g@MUOGIBEFOp@Q^DHF@HFC@FVSEL?CCMH?ED?AA""}"
"2020-09-15 18:56:23",ride,"Kenley Aerodrome",1811,50,6.284,,,,strava,4065045351,"{""elapsed_time"":1823,""total_elevation_gain"":16.8,""elev_high"":172.3,""elev_low"":165,""average_speed"":3.47,""max_speed"":5.2,""average_watts"":25,""gear"":""Btwin Triban 500"",""polyline"":""m{cxHpkRFGNCv@c@FGAA@M}@}Bg@cB}@}D}AaG}@_DUc@sAaBo@}@{AyCYkAQqAC_AF_BAOEGeAm@]UWKCEMsB@UDGDBRR`Aj@LJd@VF@HJFAJI`@o@TQZKf@GV?NBPTp@b@tD`AnAR\\BfAEfEYjACV@d@JpA^h@Rj@LpBl@dANTAn@FTAf@Dt@CXGv@_@RGB?HRLp@Hz@\\`BNXLn@@LEVCl@l@nDPr@@`AEJON[PWVk@^Ub@WhAMfAs@`EAPOz@Uh@a@ZcAj@u@f@MDWPWRMVOf@E`@Ad@KdBE|@Gp@UxAWp@Yl@QVYX[Te@V_@Di@RkA?e@Mg@Yc@e@Yk@Wu@SeAy@wEUy@Ug@c@gBe@oAq@mCe@{AMq@y@{CeAyDMa@Q[U]SQQYu@y@_AeBe@aAQg@YyAKeAAs@HgBEGc@Y{@a@]YESKgB@ODCDBx@j@NHJJfAp@HCXe@RUXULEZEp@?H?PRn@ZbATpAb@L@`@Lp@H\\HT?J@fAKf@@|DSn@?ZDRL|@NBFPBXLdEfAh@BT@XCxBHh@EPKn@QHBDJn@dDZ`AJj@@LO\\AVbAfFBVGv@GLa@Vw@n@ID[b@ATOl@OlA]jBAV[|AGf@Of@WXcCbBUJq@f@KNOl@EZAr@I~AOpBYzAYp@Uf@a@f@]Za@TYHi@F_BBYI_@QSOi@o@_@cAoA_Hi@cBG@w@h@OB""}"
"2020-09-15 19:38:12",ride,"Ride home ",1184,100,6.919,,,,strava,4065132100,"{""elapsed_time"":1211,""total_elevation_gain"":62.9,""elev_high"":166.4,""elev_low"":58.7,""average_speed"":5.844,""max_speed"":11.7,""average_watts"":76,""gear"":""Btwin Triban 500"",""polyline"":""wycxH|lRZH?CJHADOFEAq@[a@Cy@TMHy@\\c@BYJe@Va@\\MBUTET_@`@uBnBWDgA^aAp@u@fAu@xA{@pBu@pAu@jA_BbBa@V]Zs@z@YX]f@cAhA_AzA_AtAuBdCQN]Pk@Vs@Tu@^c@f@s@n@OAYDoCl@{ADWEM?_@FW?c@Is@U]WSYg@{@U[w@mA]s@a@o@[]SISEOAe@FMLoAh@i@j@q@~@]ZOFa@FMCyA[QIOOo@}@Yi@m@o@mAmB_BiBq@eA{BwC_Ag@IMAe@IO]a@I[C[Fq@ZoACQGCEKUw@UWWa@KKOEIOcBq@e@UE@MNANWt@?TGd@{@pDkA`E_BlFm@fBUb@yBfDm@t@_AtAyBlCw@x@cB~AgAv@e@b@qAdAWXkAx@iA`AoA|@u@t@g@\\sB~Au@f@k@h@e@V_@f@k@lAYVYJ[FgBp@c@\\}CpFYt@kA~AOXEPGr@E\\Wn@C`@K`@_@`AWrACJIFIDI?a@M]WS@EC[c@UWcAeBc@m@gAwBk@cBc@y@i@uAOe@Yw@iAqBw@eBUc@yBoFuCsGe@mAIKOa@yCwGuBiFsBoEe@gA_@kAq@wAK[Bc@DIHGJ?VDh@`@TJV@LCr@Pt@ZL?RQRc@ZcABEJe@LYPQFSTc@Pm@^_ABQ\\_ANYp@{BP[vAyDNk@Rq@FILg@Xm@`@sA\\o@\\eARu@?KNa@F_@?]FYBc@DY?UJ}@HY`@_DLc@@QTmAFe@p@cCP}@`A}C@OQe@MY]g@GU]o@EUFM""}"
"2020-09-17 08:04:38",walk,"Morning Walk",1062,70,1.178,107,,,strava,4071929851,"{""elapsed_time"":1236,""total_elevation_gain"":24.5,""elev_high"":119.1,""elev_low"":93.5,""average_speed"":1.109,""max_speed"":2.1,""polyline"":""wjjxH`cQHL@AGh@?VGHCPGBBHELMCAIY_@CA@CQYG@CCBDSGGIE[EO@k@DGBKPOJUDAGeATw@Zu@CEBOJ_@?IMWa@WS_@ICQBYNOBCL@JE@AHSV]ZQb@OPUz@k@l@GXBDOLS`@QRIV?FUd@GH]LKPKFGH@FQPKXANJRDVNRBHNR@JJP\\JFAVN@CNVNLL\\XVPCNKFA?IVEHKPGJ[CM@QDK@SLi@FCJUFE@QTa@Ba@JQXATJDF?DVXFRJLFEDSFEHc@?KBG?IL]Da@CKYa@GY?IHQLMc@QA@LRDD""}"
"2020-09-18 08:12:45",walk,"Morning Walk",999,68,1.154,115,,,strava,4076538372,"{""elapsed_time"":1536,""total_elevation_gain"":21.9,""elev_high"":117.7,""elev_low"":93.5,""average_speed"":1.155,""max_speed"":3.6,""polyline"":""_kjxHb_QEp@Pj@?JHb@?GA^CFCZQr@I?OMC?NRU[?CC?KQWYQGAO@IO_@?YH]@ELGBWJOOYKLJIFUD_@CKB_AAa@EEC@SMIKS?EE]EK?GPG@KNUj@i@x@KV@JUTEJ_@j@OBKLMn@UXSPKPMFALEHQDI^Gh@BVHXPPDNPRBHH@@D\\DTHTd@BHLPTHVBXEBEJAFCHYHGBq@Ts@VE@Ih@_@HM?EFCESLq@AKJ?RFh@b@NXDBFGTi@?YCEFa@FGDa@AIUk@?Q""}"
"2020-09-18 12:27:56",ride,"Afternoon Ride with Lyn",3420,193,13.677,,,,strava,4077597071,"{""elapsed_time"":4632,""total_elevation_gain"":112.9,""elev_high"":119.2,""elev_low"":52.4,""average_speed"":3.999,""max_speed"":13.6,""average_watts"":51,""gear"":""Btwin Triban 500"",""polyline"":""ekjxHj`QHKALHRPRHP\\^NZZ`@FN?d@On@Uf@Kh@W~@_@`A[vAGv@YzAw@rFSfCW~AUz@]t@u@|BeAnCe@zAiDzJeBvEe@dAgA`D?A?CQPG?KEEO][MC{@]KAGBEFCNAb@ERULFbANd@Vn@DDB@A?f@pAH?Ht@AD?Jp@t@L\\R\\ZdATp@LTLLvA|CRZdAlC^r@FVj@hAjApCvA|C`B|DxArELTJFFJ`@v@^f@x@jBHf@`@fAHRLJDLPXNf@D@BJ@Jp@lAL@@BPHVDl@SJC@@XQ\\_@Ra@FGN@RNL`@Dh@OtAErAD\\JTn@v@h@b@hApA`@l@f@h@LJ`ApA`AfApA`BVVP\\VVx@hA`@d@l@|@XVJTxAdB~@rA|@`AhDvE`@^t@`Aj@h@PHHH|AdAh@d@NHBH`@Vh@f@dAt@h@f@PLf@PDHB?Zd@JFPPRLr@r@BFx@|@v@`AXd@LJv@tAbBjDDPXd@Rl@`@v@LJL`@b@l@LXPRP^b@j@NVFDFRr@nA|@lAXj@dA~AhA`Bb@x@jBlCXZVJDBN?TFHTDf@FXTb@DB@TD?Rh@JHLXVX~AfCPPr@pAJJd@t@p@t@NLRd@fAfAj@^J@XThAd@p@Lf@RF?XKJ@HRDCJ_@A@JC?KFAB@A@NBDJBTAH@XEHg@n@Yb@q@p@EF_@Xq@t@a@`@U@EWEIGACSQg@g@kAg@_BCUc@aBC]KYAe@GIOe@g@mAm@cAEEIOMMO[QI_@s@EGa@cAUUi@y@IAKI[k@MMWe@EQS[CIC@AMIKc@]OEe@i@IQMKeD{EKQq@_Ae@w@SYIUsAwBKU_@k@SUcA_B_@e@MSOg@KOc@eAWc@O]GGMa@KO}@wBcAcBcAiAiA}AuAsAeAw@EK_BqAaAk@i@c@m@o@UKu@g@m@q@CAA@SKE?QSk@]QSO[QSWa@KKCIY]KOa@g@YUg@}@QKWg@[[IQc@a@_CuCw@mAMMu@iAKKMYGE]c@[YIQa@W_@g@CI{@_A[a@QMm@s@Qa@c@i@]SsAwAo@{@QYOCS_@i@g@OUGAOMi@[EI_@YQYSOK[[c@CMQY]{@S[O][i@EUa@aASWK[S_@y@{Ba@}@_@q@Y[]cAUYKWOQE_@MUWw@KOm@}AYg@sBsEe@gAQi@mBoEKQUk@GYy@_BQW[{@o@oAKYMScAwBaA{BUw@o@qAIYQ]]iAc@e@ISgAmAMS[Oa@[GCK@EI[[QIMOi@a@KC]]SImA_A[a@]QYSkAcAMGMO_@UiAiAOEe@k@OKMOsBwAc@_@]SIKw@m@i@i@[SUI[YOImAi@MM]KeAo@u@[OKq@UGEeC]gBEO@e@CcB@]Aa@@MAK@g@BUEeABIA]BUMEWAYDo@CIBWBm@AWJaHAS@{ACSBMGICBQAe@OGBECSMEM?Kr@mATw@HKL[BMJYBHTaARg@?ILQL_@Ji@B?BOPYV{@@M@CD@@MNa@N}@Rs@AMIKZFa@dBo@pBCLBLNJLPZPxBIRGl@?RAr@@dAC^ElAIPCPKh@o@XULE\\CrALf@LdAPX@nB^rBZZJj@@zARvAXf@?NBbFnAxATd@JjA\\DDBJCLqAhAEJ?PDJHFH?PFFJ^VvAv@jAd@x@VHCZc@j@eAZg@HE^k@DCH?LNh@hA@HVh@Vh@TLv@Rt@E`@DV\\h@d@`BrBvAtA|@lArBrBh@p@XRD?FGDc@VgADg@Lm@Hq@Lq@Fq@t@yDb@gBNe@DSNc@^oAG]u@gAI]e@q@AI@MNW""}"
"2020-09-19 13:43:06",ride,"Steep Mountain Hills",4737,330,14.203,,,,strava,4083131453,"{""elapsed_time"":9141,""total_elevation_gain"":176.1,""elev_high"":186.5,""elev_low"":102.2,""average_speed"":2.998,""max_speed"":15,""average_watts"":63,""gear"":""Btwin Triban 500"",""polyline"":""khjxHxcQ`@h@BBFE^gABSb@y@^cA@@DEEB~CeIb@yBTeBBc@MUs@m@_@WiDcC}@k@aB}@a@Qq@S_Bq@GICQ@a@?{@HYTa@p@w@`@w@dC}DXo@VWJEP[HW`@k@Vk@PQNYNMb@{@PMHE@GbAuAb@gALKDKCEHETk@RYDMJOAMBGVa@Ru@TWBIAEA?Zi@RUHe@FMB_@^i@?a@D[@FD_@A[BCBS@CA[Jy@Bm@`@iADa@A_@Fi@LW?EDKDFRJpAH^CT@h@KNGTHPAPKxBi@RKd@Mv@a@\\WHCRQ^Od@OD?FKFCXGd@g@~@i@\\]VCf@Uj@GNEr@YfBoATWLIVWl@g@p@_@`@Kp@_@v@]vAaALOd@y@b@o@v@qBzAaErAuCPYL_@l@u@LSNMHMLGNSl@_@JYDCA@JUZOz@k@NO@QO_AU{@AWKs@Qo@KWS}@Aa@ECA@?FPj@t@xDXx@Lr@APOVcAx@QRKDn@YRSD?HE`@]@IUkAYgACQEM?YCMGKm@uCFi@N_@BWIo@GUGMGa@IW?]AKKSG]KWEESo@AOM]COEICY?YGUUg@I]?KUi@AMQWQ{@@Uf@g@HSFADMb@e@RIRSFAFGDKh@WJMHEDIPGLMB@HSNCZUDGRM`@]BGTMj@i@\\ULQTSJENSD?DIr@g@JA@On@i@RGHQFCDINKFAVYJCPQVOLOTMJK^Ml@k@FK\\WZa@d@c@RINOPM^c@^]PGDGB?JDXZJ@L_@`AyBRo@RWAUDS\\_AFo@Qe@IEEKSYCAIK]w@a@o@[YCACIOGYi@Yu@Uy@GIGQYk@GSA]O_@Ue@Ke@Qa@G]CEIm@?KE[@eAEOBM@q@?YC?BUC]Do@CA@ICKEcBOiAKa@?II}@?iAJmAIYAyCIa@KiA?QCG@ACBASEM?MCBAACu@O_A?UAEGEAKC_A@e@CQ@gFCe@?eAFqCEUCWSm@AWBGJCpABx@HtBd@l@BJDt@@pAClA?t@DLDLCTIHBNTBR?XEH@AHg@CEADA??CIMM?GMLc@Vs@PYJ_@Zi@HWZk@Po@~@mBd@uA|@sBFS^q@FG?GdBuDL_@~@eBHYb@}@RYdAaCHId@w@`@e@|@yA^a@Xm@Pm@Fs@XkABW?o@Bk@Jc@FOFCx@Ep@QR?NKNFDC@GBWh@TBIRPDJJbBFTHPNl@`@z@JDFJNj@JRPHX`@Ph@FZTb@h@rBVd@r@tBVj@JJZp@|CdHH\\N^?J^lAN|@NXJ\\h@n@HPVZLFJNd@`@NTb@\\h@VRN`@Lj@`@VHXPlAf@\\TVH^Vv@^?DF@FJF@HHBN?`AEPE~@Kf@Cj@KbASpDO`BQlCKbAEnAWdDGzAKdAMjCMlAA|@Gr@QvAe@jCg@jAKd@KT_A~Cq@vCIPAF]hAe@dCEX?XLvB@nAGb@INWFm@V_@VQPi@`AOJAFy@`AsAdB{@bAcAzAiAtAgAdAKFWJUXcF|DkAx@kHzDs@n@{AjAeCvAe@\\qCrAm@j@_AtAaAdA[N_AV}@^eCpBiChBgA~@i@XeAr@qAhAiCfBcAj@SPg@Pi@Zw@^i@`@{Az@oAj@_@Xk@j@qA`AuAxAs@fAq@lAwBnF{@`Cm@pAw@fA@CKF[\\k@d@sAr@]JEFUNOTMBGCOFcAt@mAlAe@\\UHk@ZwAj@MJOFi@JSFsA|@SD[PWHiBbASBIFc@TQD]TG?m@Ti@HEFMHMDQ@UHGAWHEBOD]P}@HUDEDITO~@E@GNMHMAUQIAI?KHKPOv@IzBIbA[fBY~@]~@mBhEGPC`@EFQJAAFEF@@HLNBRU|E@\\A`@_@tEEtARzEDbD?~CG~BQrA[bDWdBOr@IXa@p@k@rAE`@K^gCnH]z@[a@[m@OOMa@KOKIKOG[BWBA""}"
"2020-09-21 09:03:31",walk,"Morning Walk",1076,73,1.244,109,,,strava,4091227259,"{""elapsed_time"":1622,""total_elevation_gain"":21.6,""elev_high"":116.3,""elev_low"":93.7,""average_speed"":1.156,""max_speed"":3.2,""polyline"":""akjxHh_QJJBGHr@PZKHA^M~@KZGb@w@y@OKIQC@YUBEBUJWDo@HWBc@GOPy@?]LFW~@JUD?JYBQNu@AOFMAGOOC_@GMKGEGa@AI@ULYZa@XKLCLIHQPa@dAILGT]v@g@XEPu@nAYn@QRMRQd@AHDH^b@@DFBLd@JXLLHA\\FX~@JNPFh@Ah@WPQFs@Ti@Lg@b@e@DU?KFIDQBQAM@Gj@TPNF@LNB@FLNOJCNgACGNQEa@OYQo@""}"
"2020-09-22 09:06:26",ride,"Gingerbread Coffee kept me going",5400,530,30.682,,,,strava,4096111297,"{""elapsed_time"":7734,""total_elevation_gain"":318.3,""elev_high"":207.7,""elev_low"":58.7,""average_speed"":5.682,""max_speed"":15.1,""average_watts"":88,""gear"":""Btwin Triban 500"",""polyline"":""sjjxHf_QG\\BLl@n@LVLLP^LFJLBNCVi@pBG`@Y~@Mh@Od@Oj@QfAm@bD{@fGIbAO~@U|@q@zB}AtEoDxJIb@CIA@?]R]\\aAHCFOHUJq@tAcEf@kA~@kCn@}AHo@X{@@a@Hi@Bm@FWBc@r@{Eh@wBHw@Ng@PaAJa@HM@UH[`A_DAKIQSSO_@QSOa@OUMWCQN]CAA?HDQLANBNPVFBHRd@l@LVJHJLFV?Nc@nAe@|A_AzDmAfHe@pDObBG\\Sz@[x@g@bBgGdQa@rAYp@kAbD[n@qAxDg@nASvAOb@ERCx@BTN^RXxBdFfA|BRp@tIrR`@bAL^vA`DLZb@x@v@nBb@x@J^Rj@n@lALl@Zh@pBxDDPD?DHJJTHf@[V?ZSt@w@HEN@LNL`@@b@I\\K`AEz@@TBPP\\VT\\j@~@fArCtC`ErEfFfHjB~BZf@bHvI`C|Bp@`@n@f@pKzIl@n@nA~AvA~Af@~@j@rAPVj@hAh@vA`AhBf@~@p@bAtCxEnFjIp@~@x@vAd@\\XB@DN?JNFVBj@d@nAtAfBNNPh@`@b@V`@RTP`@j@x@DNfBjCBHAv@Hh@HXZbBJVDXL`@LRRn@h@fAPh@dBdKnArFVn@j@jCJRNh@HHl@hAf@jA\\l@Pd@j@dANl@Tf@R\\HVp@rALb@RZl@tAZf@l@t@RZl@h@TXp@h@f@d@JRr@xBR\\TR\\LHH|@ZVP~@r@RXh@f@JLvBpA\\XRFj@f@`Aj@LNnAz@NJf@RdAn@RLJNlBbAtA`Ar@XPLH@f@^DFXHz@h@XTVJXNPRRHPPf@VF@x@n@p@b@^\\JFPTh@j@b@^RZPd@v@p@HNDLPLLRFFv@jAZTPZZT`@\\Zb@|@`BbAvAl@bAhArC@TAC?@LfAT`AHp@N|@Hx@PlAThA@^Ff@LrA@\\Pr@PnBRvDN|@JJTLRH^?HBTBnAAXBhAXz@\\J@^@LAj@Fj@Nz@?|AJb@@f@F\\Al@Hp@BLDHBhAhA^`@b@l@RLLN~AfATDLFPNVLl@h@`@h@Tb@RRb@NRBNHn@VpC|@fEfBlBv@lBh@`FbA`@DJATFnCh@bBTb@DRDd@B\\Mn@@HAJGJALGXSTG`@Ep@Ud@IHCt@?PCV@`@FjDHh@L`@\\lEvBVThBnBt@|A|AlB\\ZPTj@^^Z\\L`Bx@`BpA~@bAdE~Ev@v@~AnAzA~@lBdA`DxAh@\\pCbC`@f@vFtFpBbCb@l@hAfB`ErHb@f@b@^v@h@dAb@|CjAxAp@VN^\\XRDFf@h@d@t@Tj@RXH^JLv@nBDFNLf@`ARXHZ`@h@\\x@r@z@d@v@d@f@lA`BVb@`@l@N^d@dAnAtBNNNRNLF@b@CFDz@t@NV^^bFnGn@fAd@f@hBzAn@\\r@h@TPLNr@f@JLLD|@n@z@d@XVZd@h@nAPr@~B~MFXL^DDD@XON@t@e@VUXIZOTEJCJMHQCAHS\\aBZo@d@Wd@IpBy@d@[HCHKDABGTEDPII?KHMTQTc@Ry@JeA@[NUNm@ASFy@FWA[De@BgA?gABe@La@RkAJ{AFWNSXODGJ_@Hw@ZcAFEDCTBTCLB^f@FVAbAAHC?CHW@GGEQWyBCGQDWr@CJGJG`@K^IJKJ[JUCQQGKG]GQe@cAa@s@]w@sBsGo@gB{E{IK_@Gg@I_@sA_F?[GWsB{H_@iAkCuFUe@m@}@Wm@aAiBeCoD}AgC_@y@m@eBa@aBgBkJc@iBqBoGy@}CQi@yBmJm@qCmAwEOgAi@mCEe@WyAWwBw@cPGkKG_AGa@?SOu@Eg@Y_Ae@mAqCeGm@oBYkB?SOwAGyABuAA}@HiAFKLo@h@mCJkAA[EYGo@K{BFgATmAXi@LIn@Ob@UTa@^Yf@q@To@Jk@NaA?YFa@AGWIs@EUGSAK@ICSB_@AS?YEgADUDQAEBw@Ac@DYH_ABYFI?GDq@D_@@UBWNWBULSDO?G@OJc@DQJU@ID]?eAh@MLWDQJOVQLa@h@SX]r@[tA[fBEfAc@jCc@lDg@fBGH_@bASXKXGHYj@g@`@SJY^o@XcAXc@Bu@@{@Gk@KoAa@mAo@WUe@Ua@GKIWEs@e@{@QMGm@KgA?{@Po@HoAXm@PYD]Ni@HY?i@IK?}@UkAc@i@WmAy@_A{@wBcBmAq@s@OwAKm@JQ?s@L_AJmAVU@o@LaBNM?sAI}Dq@]AeBUiBQiB[kB_@uBi@wAU_Ba@_Bm@i@QmA]uBu@_@@iASkAc@mA]y@Sw@W}Bk@cD_AwBg@oKwC}@]mAk@sBmAqBuA_BkAsBcBsCwBq@k@iBoAmAs@WSq@]MCu@[qBgA}BkAEACIKQaAe@o@Yu@SeAm@e@Qc@EQGyAk@kCkA}EiC_DmBMEM?MHMAMI]s@_BwBaBkCyB{CoAyAkBkBsAkAy@w@U[WOm@g@a@g@uEiE_C}BgBaBcAy@eBiBg@c@cCiCsBgB}@o@UIk@AiBLi@He@Rc@VQ@QCWQSQG?[HGDAHDDAAKNG?[C[MWQeAmAqAsBmC}DiC_EuC{Ec@{@iC_GqByDkD_E}DmDu@e@aDkCeBkAyBaBYe@gC}CgCcDy@iAWe@a@m@WWm@{@uA_B_HuIu@w@c@a@gBuBq@aAmAiAYc@kBaBmAqAcAqBa@g@cAqBo@gBIKq@aBMc@y@kBi@_AK[_@s@Sg@c@}@M_@_GyM]aAgEkJ{AuDqCeGq@qBw@{AEM@O@KL]DCd@Tl@f@PHTATBdB^FANKN[^qAZu@@ALFR]\\_ATeA^iABGDAJUl@eBZiADAFK`BoEz@iCLi@HSFUV}@DIHEL[Tq@B[N[Lo@NkABg@LsApAaILe@ZsARmAPq@V}@JBHORy@Hg@KWw@qAO_@MKGS""}"
"2020-09-24 10:27:45",ride,"Tower Bridge ride",8798,693,44.32,,,,strava,4106000144,"{""elapsed_time"":10869,""total_elevation_gain"":337.9,""elev_high"":119.2,""elev_low"":1.5,""average_speed"":5.037,""max_speed"":16.2,""average_watts"":71,""gear"":""Btwin Triban 500"",""polyline"":""qjjxH~~PG\\FXnAnB\\XFN?JQz@e@xAMn@w@vCYvA}@hF{@zG_@zAYx@U~@mArDkHlS]nA[h@wAzDGFMBMIU[KIg@O[SKEK?ED[hAIHKDKAWSa@aAGSW]Sa@g@q@s@w@mCqBg@c@YO]UiI}G[Si@i@w@m@g@e@]O_BiAg@e@cDkCeB_AsDiBOMKCUUICMO_AIWIcAKoBG]H_@BkBAMDi@@uAEoB@iAC_@B{BDm@Ao@E}ABkGX}@FoBRyADg@FW?UBa@A]BSFc@@c@Du@LKFO?UBQIG?[FWHWBe@Ts@To@\\m@HWPCB?DWJgADo@IYB{CDy@A{BKi@?[Be@LKAWFkA^W@{Af@IAYH[JML[Rs@NWBs@PK?a@JK?c@HIFMDICEIKCQTc@@UH]HI?WJ]FUGI@OJI@IASGEAUOOI_@BQEa@E_@BUCUGIk@@[I]C]ISOy@EMIu@GKEYC[Aq@IWBy@DOAOBUMwA]c@EAu@?_@F]PKHUHQPUJOPWPYL[Fg@VKPmA`AwA~@o@l@u@p@k@^KBg@TaAx@STa@\\wAb@[@_@H?o@o@[WlAM@OI[Cc@VU@IOOKGIKo@IWMQOIUJSBw@Ba@IeCOeC{@iB}@_@WQBQh@UfBSbAIJSBOEg@_@]GYUUYCU?Ud@qC@QYg@OIMEs@c@s@U_Bm@cAOg@Oq@[e@MwAs@sBo@WGOKIM_@Mg@_@aBm@g@KcA]aAg@a@MaAg@c@Qg@ImDqAyBeAw@[EAMIICQ@_@AgCa@iB_@UKo@Ms@EYB[CeAc@oAy@_@IgBq@gBw@m@OYCe@@yAXe@FM?MF?B]FI?EAeAeCWgAk@cD[}B{@{E_@kC]gCMoCM{@WgAWq@uDaEOO[Mg@a@IEc@m@[[UMyAwAoA_ASYOMKSMOgAcAu@k@k@k@s@}@w@m@q@m@ECSWMGQ?MFa@Zk@p@e@`@k@~@EPOPWr@a@d@i@~@a@dA]h@MXORc@~@q@r@_@f@YXUZq@j@]`@KF[`@]VIL_@\\aAd@yB\\KAK@OJI@QJ{@L{Af@EAG?@@C??EM@GCG@IHOBWLYVc@NGLc@X_@LwA~@_@PoAdAMPMECBI@GOEu@Aq@OoAIeBOsA?Mb@uCFIH[D_@DG?MGMq@u@o@g@UMgAaA_@QiCwB[Ka@YyAuA]Sq@o@KC_@Y]Qa@WmAiAGCKQMc@WIq@_@K?SHINMLYPUTKBc@Xq@\\oAb@{@f@k@Rm@^OLI@QH_@TSHKAg@N]FOJc@FkAFi@JcAHq@?{DNcA?wDLg@AkANu@D_@Hc@De@HuAb@sAn@c@`@oCdBuBjAc@j@CVGRm@zAAGW@GGWs@SEKOEK?WBSZs@DU@SIl@qAjBKFEJCBm@O_BUk@AUEIBgBG{@@wCP_ANsARMPYJwAR}A@kAAORCNK`BBrAAVGFwDoHUSGK[W}AeBK?IGsAiA}CaDgAoAsBmC_AsAIIGCKBk@\\QReDlBIDSXG?SHkAl@mC`AULcE`BEAGGIDG?UHSPMDeGvAa@DYCq@HYFc@T]?w@HsAX_@B]FOHMDw@JsAEg@G{@AKDQ@y@?WPOXM@s@Wu@Mw@EcAUg@QYEe@Oe@GIEE?IHI@}@@i@DSLOCE@s@^UDMQUo@QWSe@}A{BKCIG_AeAYUcBo@e@GQ@sAWm@AqBHsBZ_@N]HiAp@AC@DMFMJoAf@_@Zq@`@IB_Ap@IJuAr@IFMRONgC`Aa@RYDWL{@j@mAbASJG@SL[VOPg@VQFi@d@a@Pe@j@WRa@TSJYRg@XU@GBOPq@b@SVaBrAu@b@G@SMI@@UCIKWQS[q@I]a@eAOq@a@_A[{@mA{DoAoDMi@mA}CMS]CGGEKQm@o@_Bg@iAIAY^kA|@GRm@f@}F|Dy@x@_@R_@PYVEJQL[Nc@`@YNg@b@MF_Av@mBhA[VILaAn@cCnBYPqBzAsBnAUV}AlAs@b@KPWKCMFm@CA@@@CBD@AJ{@EYAQJuACGWBY@aFEMUAU@y@Cc@AKEEIAYBM?GD[BsGd@i@Fa@Ea@DQBWTg@Lk@^M?ECKCMcAMq@m@qBCGCAGB?BIFECGDCCG?BGEMSe@IKa@iAE[I[GMECQAGD]@IFI@y@Do@AMB]Iy@AQJaAFw@Lg@LgADq@JKHIDaD`@sBb@K?SQcAeFg@yBs@kC]aBq@}BAYu@wCc@yB}@mDUoAa@aBUg@SSa@q@gD}Gw@kAGWMKq@iA}@oBmA}Ao@k@_@Wk@GU?GDORk@l@MTM\\g@hAOPMZEDE?o@q@aAy@QUOIwCaCiB}Ae@OMEIKSGOQs@a@IIM@]Tw@dB_@m@ICCGIBOa@}@}AQGm@Ee@CIBSKIBi@?QFI?WDGAEGS{@GIsAd@W?MJM@_Ab@{Af@mANS?WFO?IGWGEFSBSEGBq@g@GRSD_@RKJa@v@Sf@_@l@EPuA~C[`@GLEBACA@A?[j@g@zAc@j@GPC^EHOVSd@[f@Ob@EBADSLABFLIXSXOOIEK?Q[UGI?a@WSGMIE?ADAAW]e@WcAw@Ya@KAc@OsAs@CEOGGMIEI?CBIKMWYIKEIKCBCCIPADBD?BCCANG??@?NMl@v@WHBZ\\RHFn@Jb@DBJ^HNFDDADFH?H@FALB^@d@TH@DH?PMf@Cd@DF`@_ARWLAJOJDFAFGGMA@AA?ET_@F?P@p@f@ZHH?NDj@THHDBEDFNR?JFRHGADJDXHJLKd@ANB|@h@JIDARBLPBh@AhADXQlAJoAEkA@QHULMReAJ]JSHe@By@BSBE@BN?NFJ@XNV@NIJ@b@PfB`@p@d@JBd@X^FTGDIBc@MaB@MNMRCR?dAMlAY|@Cd@Gv@O\\Ob@CRBd@@FCL[@OPo@r@s@j@e@j@q@^k@Xq@RYN_@\\oAd@cAd@w@HWVa@HCFDFNF`@Z\\f@^f@d@j@^`BtAH@XVNFNPl@b@|AtAb@\\f@RJAHKX{@`@_A`AsAh@k@LSLCNNTd@PPJDdBjBd@x@PPTBJCRUd@_AHI~@qCp@{AHUBOBAALFAR[RBNDh@C^FVAHEJ?b@DXA`ABvDBz@Gr@?jCO~@F^?LAFQ?FNFRALFnCAd@DJA^WX_@\\[HK^QZe@PSL_@^k@RWROFMAHFKJ@l@]^e@h@a@VIHIl@Ij@Wl@IHEP?R]RAt@_@`@Fb@YXKRCPB|@g@XEXMV]LK`@MZEn@Dd@ETDTGlAKPGL@FAf@M^OBON[LIBGDCF@ZSCOEG@F?GBB~@I@ECBFD?X@FB@NY?IFF@FNCFSPKDMFLHFABPV|@EDC\\@LEh@?TEN?ZCVFFCLBFCD@PCp@AbAk@nAkAf@Wl@g@DKVEJEXYVQJEtCqBRI\\KFGRG\\UJARK\\UPOPIjAy@\\YLSXo@p@gAHM@FB?\\_@PCj@@bBP|@Bj@CPFXAn@JF?Tg@TQ`@Iv@[d@MHK~@m@r@[r@]\\M^SA@?ALCLGLODAFGB??BCPB@BCB@BD\\JPJH@bAZ^Pz@Rh@PPBZNjBd@hDjAf@FDB|@Kf@KPIx@g@nGmErA}@NGZW`By@ZMPC|@k@TKJIRIZOFIf@WRSx@g@@DB?JCRMJMPKDI`@c@FBd@t@|@z@\\TDFPN`@b@HBNT`@TxArAVX^Xz@v@FFH?FCb@[p@m@`@Yh@m@JEz@u@n@]fA]~@MT@JGLCdAAXFjA`@tAx@DCDKXsA`@qAVgAD]JKBAZZ`@X|@f@RHn@^z@`@j@R^PdCr@hAPt@FpADZG|@Ej@HNDn@?VBZPVJLB`@Pd@F`@N|AnBd@^J@@A@HD@POFM`@yBXUl@Kt@EpAQLENAbAMF?FDj@EF?@B^ELBXCDC?CX@VFDCv@GTGVOj@S\\DHJFl@Ph@NZd@r@v@j@ZDr@VZNVRx@b@jAz@lCnAdBbBv@jA|@fCTjAZb@n@fBJd@P\\v@`D?JHd@Dn@XjBDh@?z@KpBD`ALl@Nj@LXLRvA`BvHrGdAt@d@RhADr@J\\Bd@A^M^E~@a@`Au@HE^[TK`@Ij@Sp@MP?XGRKPCLKH@HFLVdAzCFNJJtAx@JBRRrBbAxCfBjFpCdDtBFBN?f@^XJhAt@VJXRF@p@Zn@Ht@BLHb@p@^r@dBrBp@h@p@`@FHnA|@`@h@j@~@TT@DFHh@RNRJ@DJJFVJH@`@b@\\LJL~@p@dAfAd@PdAt@bA`ARN\\Rv@v@D@RNTHf@\\x@t@lAz@zAlAh@\\t@r@h@^RRLBRN`CfBLNXRZNfAbA^Tb@ZZAj@Mp@Kj@KXKV?l@QrAY|@g@fAiAxBoBzCgDh@oA`@iAPSRa@xC{E|AqBV[TMJAVD`@XRVTPbCdCt@x@zAxAlBpB`Az@LVLHLBXPn@p@XRt@x@JDb@ZhB`BRV|@zAZv@VbAPfDXjC`@fBrAxIp@|EVz@`@l@d@`AH@HEx@KdAU`AMl@F^JhBv@hA`@lB~@NLRHPN^PVHHAX@fBNHCTJNLdALp@LtAP`APXHPFH@\\JXNvBt@rBz@~@^^Vv@^NDDBd@Hd@TLBVHn@^p@Tl@Zz@Vf@Th@Np@^TDb@Tz@ZxAd@PJh@P~Ar@ZHFF\\FNL\\LH@z@f@XFBDh@JNCt@ZR?PFPPPF^TL@LIR}@N_AHKXILAXJ\\NPLLPBL?VMjAAr@FZPRLHrBj@j@Rt@ThAPd@LtAVLFF?LEVBLCNIP@FCD?BLj@BNOZCNI\\KHEFAHE\\MtBmALOt@g@^SHATQVGPKPQNE\\]REZQLOJAd@SbBiAr@[p@a@HAFERGv@s@H[t@]PCRI@@ZATGn@ALCdABVD~@AFB^EV@PE\\]XSZIV@HE`@H`@CVBr@CV@VFV\\p@l@JDz@Lj@FLAb@G`AAn@KdAUZKRO`AWlAIDBBAHBT@`BILG~@SZM\\ALEd@YTIH?DFHZ`@|Cp@zGNhCJHN?TGN?TGA@@A?BBDXAb@OJMp@[j@KZMRCRGP@l@G^@l@EXGZAXIR?FEZCZGp@Gp@Ml@Cv@KdAIj@C`BQpAGpBI\\?ZCr@@XAPB|BBnDAdCHl@GzA?bAG`CB~@FP?l@FPHFAJDXBTPL?d@\\h@Xz@^NPPDXRXHNLPDRJbAr@RFl@\\NRd@\\RJxAlA^T^^XN`BvA`@V`A|@b@TDH~CdCRJFH\\TNRXPvBjBXNd@h@dBnAtAfAd@TTRZPvBl@f@PPBFCPUz@cCRSFOT]FO`@wAh@aBAAFI`AqCr@gBnAoDLg@`@iAFGDSNe@DEdA{CRaARa@NoA?k@H}@ZoB\\_BT{APs@Hw@XoAb@aBn@mBJg@L]C]WSMi@S[M[KMO[GYFSFC""}"
"2020-09-25 10:03:43",ride,"Lunch Ride with Dogs",2321,76,6.443,,,,strava,4109700111,"{""elapsed_time"":4589,""total_elevation_gain"":17,""elev_high"":172.3,""elev_low"":165,""average_speed"":2.776,""max_speed"":13.1,""average_watts"":29,""gear"":""Btwin Triban 500"",""polyline"":""o{cxHtkRTKVEFMBB^WBKMa@_AcCCQISE[O]AWIOSgAE?EIAOCSGIA?C_@EKCSUu@I_@GMUaAM_@a@cBM[IWUi@Y]EAMUKKQWy@cACMKMWe@[u@Wa@Uw@W}BCm@HcBAKGGgAk@s@c@I]EiBDCF@ZXb@T`BdABAl@cAXS^Kv@AF@d@XJJrBl@LHz@PPHtAVz@AhAGF@~AQtBGV@H@JAb@JtAf@NJNFb@JP?vBl@X?VBpABpAHf@Gb@KDEJANGRCD@FJXdBj@pBHf@B`@It@XdB`@tBFp@ANGXiA`ASLQROTYjAM`BWdAQdAENM`AMj@MXKPKDMLa@NIFEBECSLOLW`@KDtAc@eBx@QBCDKDSZOf@Kj@EzAKjB@PANUpAQZ_@bAs@fAODa@\\aANMAaAF]?w@_@[WY]_@cAa@sBGa@S_AGQIw@UgAa@{@GGAFBWCIC?@GGSa@s@YoA_@oAc@{BQa@Im@Uo@Ea@Sy@Uc@[wAUy@[m@c@g@gAkBeAsA{@eBQy@MoAIo@?a@Bu@ASDa@AM[Mi@c@[Mc@YCKAe@Ec@?a@@QHAtAbA\\TND\\RTUXg@PMf@Sp@C\\Hr@b@r@Rl@XbBf@t@Lb@D\\?zHe@`@Bl@J~Bt@LJZB^LnBf@`B@`@BPDx@?NBh@IVGZCJBFHrAxF@TGRCb@\\|AD\\R|@HfAGv@KFc@b@EJi@`@[j@Ml@Sp@U|AI`@_@vBGh@Yv@WXa@XKBGHWHc@\\OFG?WLIJG@[d@O`@I`@UlEOlAOx@Y~@a@z@W^i@b@uAd@S@UAo@DOAc@Qa@[i@i@Sc@Qo@iAaGAOy@gCOo@a@}@UiA""}"
"2020-09-26 10:03:54",ride,"Ride to Caterham",3635,299,17.844,,,,strava,4113945985,"{""elapsed_time"":6615,""total_elevation_gain"":236.6,""elev_high"":185.9,""elev_low"":60.4,""average_speed"":4.909,""max_speed"":14.7,""average_watts"":74,""gear"":""Btwin Triban 500"",""polyline"":""wjjxHz_QBXJT\\l@ZXHRZVHLAA@NSbAKXAJk@lBOt@Wt@w@`Ew@vEIv@Cv@UrB[jA_@lAsArDgBfFkA`Dg@nA_@tAgAxCI^MZu@tAe@xAKl@BHJJDLFd@L^lJ`TBHCXKV?LBLPXXn@nBlDz@hBx@xAPVZp@T`@p@rAd@j@XN^HNH@BTLNPZj@DNNZnAvBl@lAj@t@|@jB@PP^LHDFF@BI\\KLMZ[\\m@^Yv@wALc@n@eApA}Av@u@TWVSf@OH?b@_@`@k@fA_AV[VOd@k@fA_AlBiAt@o@T[VMt@m@b@U`@g@j@[tAmAb@[RUj@e@b@g@~A{APW^]|AeB`BuBzCsEn@eA^aAHMz@sChBqGtBqIFKHCFAJFVTnA`@ZNfA`ALRJ^\\\\n@HNHb@DL?F@NCHKfAURBNF\\^l@dALFLX^Zp@^HHZFJH\\d@DJBN?^BPLf@Td@NF\\f@bAbAJNBJHFTj@Ll@PlAXj@NLZ^AD@BLHXS|Ae@VCT@THPJ`@f@xAfCLNhAnB`@d@JFt@V^@VAh@@|@CXEX?HEPAfBa@\\?h@]X]`@Yv@a@h@]h@On@_@zBcCNSJ[^o@l@cANOJSxCwCP]f@g@X]VMZYLSFCd@o@zCwFH_@h@eA^i@bA{@XQz@OZK`BcBNG`@k@l@g@DCHK`@UXK`AS`@Qd@]j@Mf@BRFd@VV^Tv@P~@`@zDV`Ad@fAj@r@n@^ZLZDdA?~@MDCpA]b@WfAu@b@a@v@}@fAyAx@sA~@mB`DwFdAqB|@cC~@kBRg@b@y@Xu@p@oC@UHUDoAAa@EODm@CUDYFKLKL@fAc@TCRMn@i@pCyCNURE\\Cd@Mf@]ZOXSXYXUt@u@TK|@iAl@g@dCqANE^SNEb@Gz@A`AKRCx@a@j@M|@E|AQJ?f@GpAa@~@k@`@[PEPOXIr@At@IT@|@I^?hC_@`BB`BJd@HX@l@I@F@|@RfBA`@ELDJACE@?AB@CABBA?GGCk@SuB@g@EO[@GFS?e@II?YEQ@SGe@Bu@Ci@@uARK?a@LeAFK?_@DU@UEe@AOBSHEACEAWOg@YyACm@SmA_@aAEEi@aAMa@Wg@c@sAO[Ie@e@yAS}AA}AHyEFy@Je@Bi@d@kCDq@FuCAi@OcAUg@wAeCqAoBcD_Ei@e@EGWgAEm@@}BEu@E[u@eCaAgBc@q@SUk@_@eAWUIm@[c@s@c@_Ao@cB_AiDs@aD[}@Ii@OKYEI@IFWf@k@z@yC|C[b@q@d@W`@gCxCKDm@b@]d@kAz@e@b@UXgB|AgE~CUZkAh@}@Tu@f@kBn@aAl@cCfBMFE@_@Xo@`@e@`@MV[\\aBvAqA|@i@Xi@\\_@\\s@b@s@ToAA_@CW?SIIDWA{Ai@[SOCEEM?KHECEIGWBu@BQHaA@}ADo@?c@MuBg@}COq@GEGSw@yCw@eEKmA?cA\\yEJo@?OOs@ImB[qCIe@C_@EQKeAEKA[CEBCE_@EEAM]y@SWMGOGM?ICWFWPQVM^e@rBUn@g@v@KFSVG@OPa@LSJe@FSGSBULYIe@DSAwBa@]A[KyAGi@IY?_@KgAIEEi@?kDWOCO@i@IoAIWKSOSe@Iy@EEGASFE?CCI?m@PULwAX[LUD}@\\UTeA^]DULKBUJm@d@SH}@f@WHs@h@{BlAc@R[De@Em@M[CW@c@M}AQq@YYUOQMU{@aCm@}B[w@EEC?K@ULo@j@m@p@cA|Ai@`A[|@q@bB]bA}AzD_@p@]h@{@bAc@\\e@R_@Ts@Xe@`@[FSJaAt@g@j@gA`AoBx@{A^y@XON[LUPi@XqAj@MFKB_@Ps@b@WHw@`@u@Ps@Xe@LQ?a@L[FWHgABKTIj@IZOVMDK@e@GKBKHINCTIhAAnAMxAYzASt@Wp@eBtDO`@EPBlAC`CIf@GpAMdBK~@O|DTrEH~GA~ACPIxBKl@En@k@xDOn@]`AyBrF}BjGOBEEUa@Q_@MMa@u@Qe@""}"
"2020-09-28 10:18:30",walk,"Lunch Walk",1172,68,1.145,106,,,strava,4122988813,"{""elapsed_time"":1252,""total_elevation_gain"":21.8,""elev_high"":117.4,""elev_low"":93.3,""average_speed"":0.977,""max_speed"":1.8,""polyline"":""}ijxHzaQE\\IJD\\AVKFCTGVQNWm@KOOBc@i@FIAQV]AABOCGLMAADOFMGIH_@AQM]BECEb@}ABYEYCI@KIYWSGC[?UNINMHMROHc@v@[P?EKd@eApBQVYb@IDMf@IRY^OHIHEJMHCDERMTGFJ\\PPFLTr@n@n@F@HJFCLBL^DBALD?DNBBRCJ@TJHUNQHADGL?JQD]@i@BOHCFm@NEHWT_@BONF@IHEBe@CGX^VJXd@F@DANc@@_@Pg@DEDe@AUSQEK?_@FUCEE?""}"
"2020-09-29 12:34:39",walk,"Afternoon Walk",1226,73,1.231,107,,,strava,4132314303,"{""elapsed_time"":1623,""total_elevation_gain"":21.7,""elev_high"":118.3,""elev_low"":93.4,""average_speed"":1.004,""max_speed"":2,""polyline"":""yjjxHx_QRp@HF?PGNANEH@RI`@Sp@E@KMYS?IIMICKQMKDm@KOEQFEEAGQFEBQAQFJAa@F{@LMPi@Kx@QLBFJKDUDOFIJ_@RiAMe@QYGCEIE@IJMBIIG@_@RMBUXEAIDMNOh@WNUZAf@IPQNBBITw@x@IPCNIJKZUXG@C@]f@UPILAHGNA`@BNh@VLh@CQPb@BTBJPHF?HFFCPJFPH@DD@HZf@x@?@GLKFK@@DMDE@EPOE[Bc@Ti@?IBEJCBGZK@ON?AIFOD]Na@?AH]?X`AjABQJSDQ?OT{@?[IWMMCK?O@G""}"
"2020-09-30 10:32:43",ride,"Bromley & Back",4276,413,25.355,,,,strava,4132314524,"{""elapsed_time"":4878,""total_elevation_gain"":269.8,""elev_high"":174.3,""elev_low"":42.3,""average_speed"":5.93,""max_speed"":13.3,""average_watts"":87,""gear"":""Btwin Triban 500"",""polyline"":""ojjxHh_QC^HXh@v@JJRb@`@X~A{E`A{B|@cC^y@Pi@Hc@TeBFULyAN{ANoBDaCEqFC_AQiCAi@DqAd@mEP{C@yAD}@O}@P_AhAwBJW`@{@VaAL]RgAFo@RsDd@mBD_AGi@i@}AMYc@u@_@}@YkAe@_AuDmFc@g@}AsBe@u@e@iA]eAo@aCs@}Ek@}ESgCKm@e@wA{@wB[aA_@s@EQ_@m@GYa@cAuCeGo@eBQa@mAuDSYO@gAs@GI]o@e@u@_AoCqAqCcA{CYi@m@cBk@gBk@{Ag@_Bc@}@g@gBgBkH_@mB{AeLYqCA]@aDCaAI_BSuBOsAiAsIm@yFa@uCYaBYkCSkAyDuI}AsDq@gBw@cBI[qAiD}AuEWg@[]]U]MoBi@oBcAMCk@LOAMGMKa@s@Y]m@_@q@Q_@Oy@o@]_@kBwCgA_C}AgEu@}Bi@kCQWOKs@o@IMGQEQ?i@RgCAg@EQU]qAcDq@oBgCcHq@uAeAcByAeB{AyA{AcCqAkCeDyHoEkLs@}Bk@kCeBgNe@_CiQaq@wCmKKYWUCIK_AmC_FcBiDwEwIm@y@QKYEEEK[Ec@O_@_@_@}AoA}@o@i@WcB}AkAiBmBiDU]o@w@OE[D[Kw@e@MCs@i@YO{@cAiAmBa@k@YUM?yAg@YEyBR_@?GGm@iAq@}@kBaDeA_BCIIGGAOXi@|Aa@z@_@X{A`A_@PS@S?]GeAEm@IU?QFIHM^KNi@fAk@t@qApAGHq@l@SVYTYPoCj@k@@mBMW@mBBoAO}CKgABw@As@Bg@AODKAYRqA`@kBdAcA`@QDw@`@eBp@qBlAsAp@i@\\e@d@GX_@\\YJEGIAIKQ{@w@yCG[Oa@m@gCq@_Ci@iCyCsK}BqG[s@{@_BiDeHOo@aAgFk@sBeByEsGoOs@qCCUD{AC_A}@uACYa@Tq@N_@AMFc@Ge@Cw@Dc@HKJ[LSXUHMLUVMJINk@d@u@f@MFG@IHK@WPQPGDKLc@@SFEAJK@@AKFGZSBE`@SNM\\Sj@e@nF_EVErBTN?ZFd@IPMFKA?FFJUJKD?HDTb@Th@f@`ADT@VI`B@j@DVXbA~@nCT^r@~ApAlDj@tAx@fBz@`CH\\HPBRVbA\\zBR|@Jl@J^jAzBJZNVDR|@fBj@~@z@bB`@fAT~@j@bB^v@fArDrApFRl@d@fBbAxEVv@TtAN\\Lf@Tf@RDROfAiAb@[z@e@dCyAlAm@f@[jAi@r@S^UVI`@S\\KPALK?Ib@[pDEhA@b@DtBAn@Db@HtHJr@KzA]\\O~@y@dBcBj@q@\\s@l@aBJQJMLG`@@xAZz@JN?^Gj@Qf@e@h@_@X]Tg@r@wBFKJAJHb@dA^`@b@p@fBxC~@xAPHJ@hACz@GJ@~Af@hAr@TZzAdCz@`Aj@`@jAl@`@F^AVHPTP^lAxB`@b@lApBXZ|@z@l@^p@l@XNZVdB|AF@?BHJ@AZHFBHFHXD\\FXd@p@jAtBl@lA`BpDf@x@L\\^v@^`@f@`AxAbCLNLFDHDHDv@Pz@rAlEnBjHpDhNR~@`@pApA|Eh@`CFNj@zBl@nBvApF^vBbAfIPrBv@zDPj@dFpM|ChHh@jAr@tAbAzA`@f@hArA~@~@fBlCt@~A`AfClAlDnBlF`@nAT`@hAp@PRHRH`@AZK~@?h@@TRvANd@Hd@r@bCfAnCx@lBr@nA~@rAfAnAl@j@hAl@n@TXBVMF?J@^NPVXjAPP^RND|@b@z@Lh@C?BFBP?HDZZRb@h@zBdBnF~AvDPZJVLRXn@Nb@fArCf@z@Rj@P^Rp@\\n@Rr@JLL\\ZjANlAn@jEd@|DR~@LfAN~@Hr@Lt@H|@Nx@TtBPfBR`DBjAAtCDdAPrBv@fGVzB^rBP^Lf@|@fEPn@lA~Dd@fAH\\\\x@Pl@HRDDPh@RXDB\\dAH^JPTbAVf@b@hAJNfAvCDB^`AJ\\T`@DB^\\RLpArAp@bBT^@L\\t@j@jB`@bAPVZn@p@bB^dAf@rARX|@hCPZx@pBPj@`@rBd@zDR~@d@nDTxATfAb@rAF\\HLRh@b@|@Xb@Zn@vArB\\Zn@x@zBfDVr@f@|Ap@lA^t@Fb@Tj@RPj@RHDFJBPAj@U\\MHM?[CMFKNGVCZIxBI`A_@`CUz@}B`FQp@?`EMfBc@`FAzAEt@FXDr@FlAB`FAlFAfAMhBc@nCY|BGRYj@]`AmAlCgCfHOZIAUQUo@W[@IQc@GAU_@CY@MDEAB?A""}"
"2020-10-03 11:13:28",walk,"Lunch Walk",1248,72,1.219,104,,,strava,4144827703,"{""elapsed_time"":1378,""total_elevation_gain"":21.6,""elev_high"":118.2,""elev_low"":93.8,""average_speed"":0.977,""max_speed"":1.7,""polyline"":""}jjxHfaQXLDJG^@\\U~@CPBDUHMMKg@KMMEGQMNGUVi@@[KIBQFGF?K[CSBQAc@BEA]PWC\\GN@B@g@HOB@FKFYJSDU@u@AOMQGAQUQBCA[Jc@TQNORABSPQj@MJMNi@hAIHQb@GZQLq@`ACXCHa@Pg@l@ENQ`@APJ\\D\\ZXFZDBJRRLRFPADXVHL`@JHR@B@LAVYXWTs@?WJg@\\u@RQLE@MHKCWT_@CC@BC?d@`@TBJFHXFHF??GT_@CQ@EFCEWFQFIBc@?GGOEEOk@?INGCAS?H[G?F?@b@""}"
"2020-10-03 12:06:18",ride,"Made some friends",9812,751,51.82,,,,strava,4146030794,"{""elapsed_time"":12780,""total_elevation_gain"":247.5,""elev_high"":119.2,""elev_low"":6.8,""average_speed"":5.281,""max_speed"":15.9,""average_watts"":69,""gear"":""Btwin Triban 500"",""polyline"":""wjjxHr_QED@JHVTPBV`@ZR^ZZ@T_@`B_AhDe@nB?XEVWhAs@tE]zDOz@s@pC{BbGqA|DkBfFyBvG_BxCSx@GNILKBKASa@IGg@Km@YIAGBCDe@pAEHG@IAWWgA_Cs@gAEOMIc@a@[Qu@o@w@i@kEmDeDoCe@g@kBsA[YoAy@U]wA}@WWMGkEeDWQwBaAs@a@YYu@Wu@M[Ig@CEGa@IgACcD?o@CWGKAOFgFHmEA{@BiAEm@@[Ao@Dm@@}ANkAFyBTiABsANk@?c@JI?ECi@Ja@AU@IDo@FmAHIBeAN@ICUKAMDGPQLo@VWNeA^]Rk@R]ByBAoCD_BEa@Ek@?ICk@@I@GHUHa@C]FgBp@s@RK@YLUPc@N]F[@WHyCXc@PW?QR}@Vc@FM@GCGBACI@gAZIEEFKt@@DO@QCMDQLAHI@ENCCWHKRK?MHI??DML[OU@EBMVk@h@CFEVAp@D^Dx@Hn@@fAGvAWxABPF@LNHBj@f@LXBHKd@@LQj@a@|@[b@ALCFMPYTEHGfA@^DLPVTNx@PjC\\^?DDJ@BDCHOLoA?yAQaEo@qA@mATg@Pe@TgFvCgCdBy@n@a@p@WZaAvAoApBK^Sb@UTm@p@Ub@c@l@Mb@MT_GfI]j@_CfDo@xAs@lAaCxEGPiAdCo@jBOVGRYVu@xBqAbDyAjDO`@u@`B?D@FAN?ABR@\\EZc@j@k@^ILSZa@fAQ|@Yl@_ArD{G~TUn@Sb@aA|Co@zBc@bAKj@oB~FwApEO`@s@jCi@tAM`@WhA_AhCu@tCKd@S`Ba@fCwHvd@uBtLy@jDGTE@YnAWn@S`AGn@StAsFbWkBrJy@vDGf@{@nDW~AaAvEi@pBINe@pAIXI^MXY~@KTCPBl@ETEJSHQBQGQFWVoBdAyA`A[N_@HgAl@eCz@cAV{C`AyAp@KBeBj@y@PKLqAp@m@d@kBxBcAfBi@nAk@bBG`@ILETQnAe@nAAL@\\GJC^Qx@OjAMr@GNIb@w@|AEb@O^qBtEg@v@[l@[b@k@h@a@Vg@b@gDfEIZOVW^o@v@gAhA_AfAOLWf@ILO^_BpF]bBCVGRAVIv@IVMfA]dB@XMr@?Ba@fAGDQb@KHMZGHALEBUp@?LTn@Jr@Gp@QJsCLSBc@RU@yATu@F[HGFEHIZAb@Bb@f@rF@v@Hx@PfDf@rBGh@@tAf@|H@x@PpDNpBNhAHz@D|CHbBD\\`@pBb@jD\\hFN~AFpAAXKRIDm@B_B?aAHe@Ai@@WAGD?DAAFCdACRETlAJRN~AC\\?`@CR\\nB@VEPFn@j@xC^`EJ|AJl@v@zILf@Xj@Db@FLFE@JPl@JjA?RBBDz@Lh@LhAPrAHZHbAJb@ALGFGBKLg@Ng@\\y@`@QNGLCPE`AMXo@h@KR_Av@GFC@AJ`@|@x@xA@H?BEBC?IPEBCH[b@AJFt@b@lBPb@Hd@j@nBRdARzADNLbAP|@J`AJ\\L~@Lj@@RLr@Dt@LbAB^F\\ZbEXtBPdCPjANbBPrABb@Lx@XlCL~AXpCHv@J`@?r@X~ENlFRrBLbC^vE@NJXXvB@d@Hh@?l@JvAB|@R~BPvAh@dD@JINIf@@HHLHn@Eb@OVSz@CVGLLh@?l@Hj@B~@HZ@^FV?\\JhABbBBn@CzCFv@@`@K`DE\\GFIt@Cp@QjBQxAOx@MvAc@vC_@dDSbAqAnFyDdNs@|BW`Aq@|Ca@fCcClJg@pCQvAi@nBAj@S^Mb@_A`COh@KLM\\CN[j@CPBZBFZDNZJz@DJEb@BPIJSBKCa@PG?GDI@EBS@QDOLS@ULe@H]C_@?SIGIIGMAODg@?a@Da@?SA{@DuBBSBUJQD[?]FQ?a@DUHqAx@w@d@uAfA[P_DdD]V}@`@SN[LqCjBmGhDcAZiAf@sCfAoD~@o@Na@BKDq@NuB`@m@L]P_@FIAm@No@H_@LI?MCI@a@NS@a@Lc@FaDr@sD\\uAB}CNWHWDc@@a@?c@LoBHkACq@G_@KWAu@WaAW[Q}@m@[WGAKFE@c@i@a@q@GBELCd@m@^[^GRKd@ObBELIbACREFEAUQGA_AC_A?_ADsC?eAGw@Uo@e@s@m@[Q_@Km@G{CC{@GiAOgA]m@MmBUcAIoBKk@@_AAa@@KBEEE@?E?@IAMBYCc@?iABMBcAHoET}@@aACkAIoDm@mD{@RE?@k@Mw@UmAQW@aBKi@Di@LgBh@yAh@UFOKKUEcAR`A?XCLeAl@_Av@ORy@tASd@CRBXDXt@jCt@zCTjAXlBf@tDl@nFh@jFNzBFZTjCVdE@t@Dd@?~@IrA@d@EdB?hABh@DdFPbGPtEd@pH`@nFh@tFRrAzB~Rr@zEn@lD`@dBn@dCNh@LV`A~DVbBNpBHjDB|GAjCItD_@pISlC?h@IpAi@pFuAvKA|@BHFFH?l@Wh@_@|Au@l@Ov@KvCKnBMz@It@UbGaCbDmBrAq@^Ij@KlC[j@M\\KZOdDuB`@[b@YXIfAk@|Aq@t@QfAMdAE~CEv@FfA?r@Il@Ox@e@f@c@xCoDf@e@pB}BjAiAlB{Ab@Yt@o@dAaAb@[VOTArAQj@FNHZZV`@TT`BxBh@b@j@XTFrAAp@KvAo@pEc@~@OfCqAdCu@bDoB|@e@x@Yd@KpBYdCWxAMdAC`@?JFJEH@nEv@T?FIBOUcAACA@A?I]?MMm@YuCQkASu@Ia@YeAKm@GoAIw@?w@Ec@@u@Cy@KeAMg@IOMSQQWMWS_@OkBcAaDiBmCyBi@u@qBwE}@_B}CcD}EaHiAuAuAkBOe@S]}BiDkFaH_AeAsAiBgB}CqAaDi@eAUS[Io@?c@Ge@Ki@Yi@_@SSS]Oa@Kg@Eg@?g@DkAFa@ZeE@{Ag@mCIoBQiAGWq@sAk@wAaAkD_AwCOq@CeCGq@MkAKm@O_CKk@MQOIESLc@\\aDFS?OHQZMZa@@A@BTSBMAi@@@JYHDAHN`@l@l@ZDzBnAd@RPFFAZNd@Jn@Hb@Db@?PBv@Ar@Ep@?D?@IFEf@@`AGf@GdAIXEx@?RGF@^At@IdACnAOn@Qp@IRGRA\\OTAHCV@t@IpE}@XQhAUn@E`@G|Dy@fBc@hBi@jBs@bCgA~A{@zCkBh@_@~CcDj@c@XKb@_@T]bAcAr@g@f@e@XKHGLEXWBGPGFAXQ~Ai@v@GNEbAEP@dAEl@HjCHZG`@CJGx@cALIR[n@m@l@QRMPe@PSZs@Je@l@uARs@r@mBHYHi@Zq@l@gC^}Bf@yBv@mCl@{B\\iBb@wCJe@fGoTv@}Cv@cETmAVyBHYJkA\\gCFiAj@wETsDBsDIaGMe@Bi@CK?SCm@QmBAi@EWMk@FI@@@DBMBa@Cy@@c@BSEe@@SFi@?K[_DWcFKuAGyAKa@YoDw@cIUmDUyESgG?a@Fu@Oo@?QKcAYoBY_CEy@YkCIg@QmB[mCCs@Ei@CQM_@c@cFk@yEGa@Q_@Gk@AUIgASaAM]Em@a@mC_AgEUq@Ea@_@{AASGO?O^c@TUBQ{A_DDYHO^[NG^W`@a@JWBsANUTSNENMf@Qh@WPERQJQO{AA]OoAS{AOm@@i@AG@GIcBQu@CAID@CIO?EFCQ]EQWo@Uy@Qa@@GEM?YOwBM_AQiCOeAAk@]cDUqAIWMKUFABDBVKHE?CQeCWyBCq@Iu@CiASeA?sDCgC@mADi@CaDBoAAmADy@?aAFqA?e@Bs@A{AMaCGWQWEY?{BD{HGqAEMMMCK@WNs@?[IqAG]IcBIiAGyBKcBIy@EOB@AAJ_@Gk@Ga@ASFUFGNKTG\\DJCj@?tAMf@ILB^GhBKHALK@QAOS{@@UDOh@y@P_@fAcEF_APiBz@wFLq@Pk@@ON_@x@qC^{@\\e@rCeDj@w@POxAmBpByBf@c@d@k@\\Y|@wAjCeG\\m@\\{@V{@VwA@C@?Lm@AIB_@CA?EA???FM@I@o@v@gCR[JYPo@?WBIz@kCTk@^u@TYr@kAVWf@s@zAoAj@_@FKNu@NQTFPPHBH@VCrAg@JG`A[t@_@lAc@tC}@TC`@MdBy@XSPGVQRS|@]nBmAXY@[BGJCVQh@wALSl@yA|@yCxA_HzBsK~B_MvEiTX}ANgAf@{BD[Pe@~@iDZwAxAgIpAaIf@qC^qC`BaJhCwOp@cDR}@dBgFp@aCb@kAv@mCTk@j@kBH_@nBaGl@qBv@yBxAiFn@iBbB{FZy@H_@|AiF~A}FNa@PU?IFOFGJY?_@CSBOAWJ[PWf@[PQx@}B\\k@BK\\s@vAuD\\y@^q@hAwCT_@rA{CDCBBbAgCZk@l@wAXe@l@uAPU^o@x@{AdA{ARSHWXa@HGrAaBrBsCl@gAd@s@|@}APQdAmBbBoDXg@fAsAf@g@r@g@lAo@NMh@W`@[|BqAf@Wz@Y`CUP?t@FNSzA`@b@Nd@FRLNDnBN\\@\\EZIt@Wr@[r@i@VM~AqAVI\\UjBaBlAoAf@s@HWBa@EeA?w@BON[FIVIz@ERELMb@{@DE`@@RIXU~@kA|@uAv@_AP[r@{@JWTa@hAeB~@oAn@s@hA_Af@u@JIRKj@Od@UB?ZQJM^OVEXKb@E^CX@z@KN@TCFE@GPHDC\\ER?`AOlBEz@QV?\\QVCfBOt@A`@Cj@MhBKvACpABJAb@@JATBb@Cj@B~CEv@DdCE|ABv@CzA?~BFb@DTF\\P^JFF`@Ll@T^R\\TTHf@Z|@\\\\Rd@b@HBPR|@f@`BrArCtBlB~AhAz@t@r@PHr@n@\\RPP~@p@j@h@PHzBhBb@Xr@n@d@`@d@d@`BlAVLb@FNRt@f@VDHDH@t@Rr@VNCT_@T}@HMBSXy@JKJURQFg@d@oAZgAdAuC\\o@l@aBlAsD@MJQNc@V_AFKbAgCd@cBFc@Bi@TiB?WNm@@SNw@RuAZ_BFUVaBb@qBxAcFA]OOKQIY}@uAE[@ODA""}"
"2020-10-05 16:24:03",walk,"Afternoon Walk",1231,72,1.223,95,,,strava,4154970509,"{""elapsed_time"":1325,""total_elevation_gain"":21.6,""elev_high"":117.6,""elev_low"":93.7,""average_speed"":0.994,""max_speed"":2.9,""polyline"":""ikjxHp_Q?VVTDLJJ@LKZBTObAORCLEFY_@CGBCKKYOEKJCYMGGPVH?IECa@BSECFC@[DGACDKEIFSIOG_@AUj@kAXoA?KIWMQ[WYIZCBBKIQLUJELa@d@Q?EDLHBH[@C@g@h@INKH]l@M`@e@|@Oh@IJO`@EVWNUH_@\\K\\KDEp@DJVNJRVn@H\\FB`@BTXRf@PTHFH?JEF@RK?IVQZq@?_@Lg@BQDIHCT?@MTe@LEFQLOIUHCAEBELBNTTRT\\F@PU@E?SJo@NSAUI[Ym@@O""}"
"2020-10-07 11:59:52",ride,"Sevenoaks is beautiful",7638,751,42.499,,,,strava,4163527600,"{""elapsed_time"":10579,""total_elevation_gain"":679,""elev_high"":126.2,""elev_low"":28.2,""average_speed"":5.564,""max_speed"":15.7,""average_watts"":88,""gear"":""Btwin Triban 500"",""polyline"":""ukvwH{lh@K@oBtAsAhASTOD[ToAjA{@bA[p@Sl@CR?TJd@HJRJX^Tf@J\\R`AJ~AGpAOnA?~@HdBZtBHXFf@Pl@Hf@^|@HbBLTFRn@xCr@nCrBjEbB~DHVB^`@pC?rAS~CHjATx@bBtE\\~APlAD|@?j@QxAy@~EK`A@bAAj@BzBGrAQn@c@`@Yl@Oj@ErABlFM|BUhCCr@V~A\\z@ZjAtBbF~@~@hBnAbAh@tA^\\Bl@GP?b@IrAa@N@NFNPVjALPXpALdD\\tBLVAF@DXRL@P@xAOf@W\\ULMf@s@h@m@PMh@Wd@MRKl@i@`A_B^cARq@V_BPg@Ve@\\]`@Wl@Sj@Ox@Ml@QlBs@|@Sj@D^HNALBh@LbA`@z@R\\Nz@j@`A`AbAt@^Rj@b@|A`BP\\h@d@TJ\\FX?d@MX@HDT^DpBHpAPhBN`ADNPZl@rBz@hDHRX\\JHLFZVT\\Rb@HRLLb@dAfAnBX|@h@|@Rh@^t@bA`A|@`@ZDHF\\d@|@~@dDdCj@\\LC`@X`@p@HF^L^DFHLDHHDN@R?XKx@HRIdA?`@BNLZlApA~@vALHLDz@Jd@TzAn@t@Dp@SPSl@gAJEJ?JF`@n@VZnApBxAdCJZn@p@RPjAnBHHb@P`BhBjFjEx@`@PNTXjAvBnAzCTZd@z@Rb@F\\NXJ`@l@rEH~@Bt@Ht@R|@j@~DTd@z@r@pBnAdH|H^NNB\\VLDv@L\\@jBCv@Gb@D^HLHVEl@Zt@j@nAjAx@n@tAlBb@h@TFXEl@S_AmA\\kJDUTsDh@}EXsBPgBLwAPkErAqNv@sJR}@Ty@^qBxBgJpBgHRoAJgAHiBCiB[qDU_BCq@@SBKNULKPILCFELEP?p@OP@\\OTCR@N?PILC`@CbBUTD^Th@j@NH\\P^H`@@`CKn@Il@Cd@Mp@k@`@k@^Qn@s@nAkAzA{B~B}BPYZUZOl@e@zAuAx@aAJUPOvAkBz@cAp@s@?IDGFCNFZTJBZZTJZVRHlAVb@B^FVLNL^LhAXhAJNJLDDHVHZFv@Hn@RdARn@VdBx@rClAND|BGJDb@ZZf@h@p@^d@d@f@ZPn@LLLJDd@Df@@vBIhCA|@M`@KPIbAs@REfAq@jCiBHUb@o@xAoB~@e@b@G`@?V?b@HlAJX@p@Ed@ItBcAfBoARSv@gAn@iADSGQBEVDJ\\`@p@JTn@dAPPLXPT`@`A^pATX^PnAXbAd@b@^t@d@h@f@bBtAbDxB\\NXVj@`@f@Xz@v@~@hBHLTNTFd@EzA_@p@ENBpBHb@?p@KNLBJ@PGr@CbAHJ?L[lMIjAYfA@TCN]bCE~CN~@HTr@pC\\z@NjAHxBAdDBP@`AA?@FACETGxBEV@VOdE?bBNpARpAJdA^jBHv@Rn@JNXn@V\\DPNRLV\\ZFBf@d@F?JPJJLDVPLDJJRLr@Rh@b@FFRLNNFLj@`@HZj@z@BJTVHTTtADn@?ZDjAD\\@`Ap@`CHLh@xAj@x@FLPRFBHJj@FVAJCzAOh@CHBb@h@DPN^b@hCHZLHRjAFVHTV`@t@hBH\\Nb@r@bEVhBPpBRxANr@@P?TM\\MNo@tAOZKb@O\\_BxCgAhBKJS`@uArBCNUf@uDpHq@`BU^CJQ`@Of@WbBIhBA|@CXItCG|@EPi@z@ERm@x@UPYZm@fAKb@GCEs@I]GGIGiAQ]QKAECYGE?m@XOVk@r@QXuAhAe@HMHWBQJ]Bm@Pu@f@U`@Y\\g@R{@UMDMAsBu@s@GaAFQCOKa@e@a@[}AiBkC{DaBiBw@s@gAqAa@g@iAgB{C{Fo@aAo@{@_AwAUYW_@}CaEqB}BaAqAYo@k@kBa@kAS_@WYO@MImBsA}@{@_BuBu@kAWg@kAuC[{@k@qB}A}D_AmBg@q@k@g@_A[wCg@aCGSGQOQISEU?QDgA\\MDQ?]CgA]_AQcBIoAMS@o@^ORWViCpBiAp@[X{A`Ai@j@Y`@Uj@Kj@CfACFAxAEt@Cz@A|@@`@C\\BDA??BCAH@EDHb@ACB`CA`@D`BAt@B`@EdBFnACfBFrAAj@Db@?TFh@B|C?hACP[H_@?s@Tc@TAJED]TeA|@KBu@?]FYZOh@Gh@CdADV?TKlESlFMzA?PBn@FVNtAdBvQXpAjApC|@pBjMtWNLVBv@GV@r@Id@BrWcBfACPBPXFb@Bt@Ad@JN@NA\\Gr@Jz@l@vAT\\^`@LF`@ZLTl@v@vAvA`@p@Xx@HPd@lAJPHh@v@dBJ^`BbEbAbDNZBRPl@@XJh@AZOj@uA|Cw@vAM`@gArCk@nB]bAUb@CLIPkAnB[b@IPG\\AX@Z?hAWlACb@ECED?l@LT?Ji@l@?TgA|@]d@Qd@WNeAdCy@lCe@jAYnA_@zBEtDWfCOr@KZ]d@ONa@PMJKPCT?l@BRANJpFC~DBJFFFDp@NNFPRHNHZDn@FF@H\\fF@p@Eb@SjAIJQ@s@CKDq@@eACkAUy@e@[Oi@SWCMBOL_@h@uBzBk@v@G@GAIIKc@Q]MIGMs@{BQw@OqA?y@PiBDWAK|@qKN{BBiAEMIGq@@gEQ[Eo@Am@H]P]J]DO?o@E[I_@Me@_@KEYGi@BoANe@Je@Be@Ic@YWGMBKJu@VMBW?c@GMBc@G_@?a@Fa@Ba@FGFcAT}@XgDbBmDpBm@LMH{@RIC_@Cc@UKCG@GEU?{@I[?MCg@YGBKAUGOCKE[YMCUQc@cAYc@]w@c@g@IEi@KOG@BQEkA?SGQ?m@U[QQOi@Wu@mAGKKE[e@e@a@QGOOk@w@g@mAw@kCaBiHSkAYcAg@cDYcDIoE@s@^uEHwAIgAUkAIWIGQGO@i@SYSSIKCo@[UM]_@KCqAq@c@YGKAc@La@Hi@GS@OFiA\\eMv@{OJiADWAEFK@IAMGMg@KW@]QiASUAWHmADy@JIBmCdB{Az@gB|@g@Fe@BQBc@Ak@DMA_@DkBx@}A|@iAf@u@J{AJSFe@Ds@Aq@Ek@Mk@QUOo@s@_AmA}AyAw@}@g@g@_C{Ca@]g@[mBa@q@Eg@Qm@g@_@a@OEo@g@cBmBMG]Gy@CsCNWC{@@aACWFc@B}B^_@Bs@Ck@Ka@?wGpAeAXUNSBKFOBKFYDe@Vc@@YHU@[PUTQJIJQHo@h@_@LURUHOL}@f@I@o@`@}@V{@J_@Ao@D]G]AmCk@KAKF]AiGk@uBYg@@QG_@SSESIeBe@mFiAqA_@uFmAuAe@S_@ASRq@BYPu@PoBt@_G?_@J{@nAqJLaBBmCHoBLkHTcAXOZGLDn@GF@fAKV?NER@lAIXIpAGt@IpB[xBMjCEtBZfAFh@CbAY~EiBDJ@?P[bAs@|@mATSF[FKXs@j@sBRk@b@_Ab@o@p@w@r@m@v@_@nAYlAA`DFrAC|@K~@SbAa@p@[h@a@VYREPQTM^I`@OZCpA[\\KDC^Iv@a@l@]b@a@l@m@b@o@~AaBXSf@ILSv@M\\Aj@D~AVp@EN@|Cw@XGf@AVGHITIxB{ArAk@jAm@dAeAFI@]ISGEQGKBIC]K{@]o@[y@k@qAaAYYQWK[WqA_@oAS[e@i@i@UGAKFk@Aa@Gm@Mm@SwAq@s@g@iAcAk@q@eBcCe@g@wAuBgA}@m@c@KMMe@Iw@EiCJsCCa@@sBAYIWEGMK[OSEc@Uy@i@OUWUcB}CQU[Si@UeB_@IGIMMc@CSBq@R{BZyBFqAIoIGqAEc@ISUUu@W{@OICK?eAOw@Qk@Q_@S]KIGg@YOCMOSMiA{@a@e@g@_Ae@g@YEq@SkAOo@CY@]G{@Fa@LUBEB[FGBu@NG?}@NMAc@JQ?YNG?WNOB{@j@_@Zm@Z{@b@qBx@}A|@m@HKCSB_@Ac@Ea@ICEQEOMG?aAw@[e@YS]e@o@eAy@m@IKmA{@E?WOm@c@e@Q[QSQ]OOCa@SwB}A]Qa@_@MCMKSI[Uy@WwA?GBUCc@FY@iBRe@DS?}@OSIc@S}@k@q@UIGCOKUA[Lo@\\_At@wCd@cEP{BT{ALgBHkB@cAUsDIgCAeBFgAZw@~@cAJQ`@wATm@TY`@[PSRk@@M^qAFiAt@wJ@UCWKq@GUKy@GcBO}AMe@Gq@Yo@WUCAK@W@YLoAZe@Dg@Ck@McA_@]QOC_@YY[_@Ui@e@_@_@U[u@cBc@mAq@}A]gAUiACUd@kF@sCEuCBeCFYJS^]\\i@Po@D]@[EcBAkB@cATaB|@sF@m@Co@UuAo@mCi@}Ay@mBK_@CcAPeE?s@SwAa@sBKa@oAwCcAqBs@cBKi@[{@u@qDYoB_@aA[sAm@oEWsAOWUYi@S[Si@k@Qa@Qm@O_AGm@Aq@Da@Jq@L[j@y@FONw@Dc@Hi@J[N]^[dAm@ZWHEd@]p@s@bE}CHCFBDHXPDN?A@?""}"
"2020-10-11 16:12:01",walk,"Afternoon Walk",1115,70,1.179,101,,,strava,4182079768,"{""elapsed_time"":1261,""total_elevation_gain"":21.8,""elev_high"":117.9,""elev_low"":93.6,""average_speed"":1.058,""max_speed"":2,""polyline"":""ckjxHl`Qf@z@DLKNCRBj@EPQT?NKHSQc@o@g@c@GSDIC}@DINIAkA@G?]X[L]?IBMFIFCDk@Sm@MUI?MMAHIG[H_At@SJs@~AECOXY|@O\\IDQZOd@KJ?JUZ]PKNSLQTQj@?LEL@NTh@d@n@DJVTPFDAJHHLVh@PTNBJGJ@^[HAHG@CRM@a@DICg@H[L[HEPUHk@V?AKD]NM?EHJN?HXJTX\\JFTu@N}@A[NUMSWw@?MFKFG?GOA""}"
"2020-10-13 08:39:27",walk,"Morning Walk",1567,89,1.498,95,,,strava,4188578310,"{""elapsed_time"":1834,""total_elevation_gain"":23.2,""elev_high"":117.9,""elev_low"":94,""average_speed"":0.956,""max_speed"":1.8,""polyline"":""ckjxH|`QNBRRBRMp@AA?b@CXEFGVGHo@{@[SGAMM@OHCCM?g@EU@OHKFc@AK@_@AKNs@IFDz@CQJw@FM?MMj@Sb@@JBF@XEFBJMVEDOb@AND^HLBPGRFHEBM\\BLBDEBEHCPQPBF[JMNEREFGRCXMf@QP?FWZUHI?ICEIGCGYUWGUUGEB[CAGIKAKQQ?MOg@Wg@CGBYb@u@b@WZ]@MFGL]HI\\w@\\k@HYLQLa@RWHSNMP_@DCN[RUf@KFMDAT?BBFB`@h@D@DL?`@Ud@ETe@jAMrAERKJELAV@\\RLBHAVFB^\\JFXVDHFBNSJe@AKD[LW?_@a@y@FYRQGE""}"
"2020-10-17 10:38:10",ride,"Box Hill Viewpoint ",7360,626,42.969,,,,strava,4206541850,"{""elapsed_time"":10992,""total_elevation_gain"":357.5,""elev_high"":209.5,""elev_low"":58.7,""average_speed"":5.838,""max_speed"":12.9,""average_watts"":76,""gear"":""Btwin Triban 500"",""polyline"":""wjjxHf_QEBAHJf@^p@\\TP^VTFL?XCZUx@MXSv@GPcAxDOjAy@tEa@dEU|AUv@Ox@Wx@u@nBm@jBMTcBbFqAhD}BhH[d@}@dB[dAKLa@|AO`@AR[p@SXALHn@d@hA|@~AjDlIR\\v@bB~CrHdA`CXf@`@~@f@lAdArCl@rAXv@bAzB\\|@p@pARn@RR`AlBdAbBV\\FDFA`BiA\\c@JEXHHJNt@Ab@W|BBd@L\\TTZd@n@l@x@~@^d@HPRPxBbCzBnCjApAfF`Hl@t@TZjExF^`@Z`@HP^Z^d@hAdAtAz@jFlEn@b@zBnB|@v@x@|@`AlAh@r@b@z@xEfKfBhC~ExH`CxDzA|B\\r@LNTHXJJ??@FCD@DHHVHx@P`@Nh@n@|@DJd@j@Xd@DLXZv@fAv@lANTFBFVF?Vb@^`@PXDL@TIX?DX~BZnAf@rA\\n@Tt@BFF?BXNZDTBVLd@ZrCl@vDT~@f@vAHb@Bb@Af@q@nIMtD?`BRdEZfCVbBTtBf@jCf@`D^|A`@pAb@hBVhDH|AHz@@d@Jx@f@fFRjDHtDj@dGVzB^pBd@nBLXzAhFr@rCDVDd@DHHr@d@nAb@fAXf@\\`@h@h@zBnCrApAnA~A`@t@Pl@F^Xr@nArBp@z@dAdAd@h@tAhBPLrAdBVRNP|@|Ah@lAfAxBxBfFT\\Nd@\\j@lAlB~@hAz@v@Vb@z@v@h@^dDxC`Aj@h@D|AIr@O~@YtCyBHAJCv@o@`@_@fAqAp@m@`@WVKl@KZCz@Hz@PZRHHXLh@f@HBz@j@bAdAvAlBn@p@T^d@b@Zp@XXLd@d@h@^v@Z`Ah@zBTtATpCf@~DDn@?X]zE@p@H\\HL@TNf@Hx@LhBFVDl@N`@RvAFPBRJd@JNDRp@|APTVh@nAvCVr@XzATtAHVHnABhAM|BD|@Nj@HTX`@\\z@n@fBv@jChClGPZHBPRtChEpA`BvEfGfApAh@v@`@v@Nb@LTVr@n@~BHb@F`ADPAlADJ?HCdAIfAeAxHSz@Y|@?VBRbA|BNTTRNDF@VEbAw@\\OTEj@AtANjATb@PTPPXjAxAzBfCfC~ArAbAp@\\XVXPRDVN\\\\ZJXVHTJh@DjA@hBDJFn@R~GCZITYd@_@~@Qz@i@jBsAfGK`A@h@DR?RC~AK|@]jAGb@Qn@ITALO`@U`@QHg@\\s@`AS`@OPELy@pAOd@ALRhA@p@Fl@f@fDD`@BDZlCN~@b@nDRxAAv@CHULC^FD@TB@LAJHT|@BVD`BLt@FrAHn@Bv@VbDPtAPvBt@~H~@xIHRFFFPLPZl@xAxBxAvCrCzEvBvC~HjLj@jA`@Z\\d@JRxBhCdB`CfBnCL\\\\f@FP|@v@\\b@zAzAVZ`@~@z@rAvDhF~ArBjCxD\\p@`@^b@h@bEvFlBlC`@r@l@v@|@vAf@h@xBtChA`BxDlFd@t@\\`@rCxDdFfHt@jADFHB\\BFFDHHp@@VVr@b@bADL^v@V|@FNNTL`@P\\JDHJVt@fKf^p@rBbC`HFV?h@ObAc@tAGl@?dABl@Hf@FPb@zAZbA`@bAJ~@VfA@RL~@l@tBx@vATP`@b@d@`@X^h@^HDX`@HBRPx@v@BHl@b@VVRJPNtAl@VDXTj@ZbC`CXPLT\\TRRb@TfAdAX\\p@n@DNRRLTXZd@`At@fAHTZf@t@`BJJLTrAnDh@hA\\fAT`@Z`ATh@`@vAf@rAj@lATt@\\x@t@hCRf@h@hBPTr@vBTf@^rAFN~B`Hh@vBVr@DZLd@HHDL`AlEL`AHVJdAVhBRnBNbAJHBNVfBRtBbAbGpAjJnAzHNvABnAHJBNXjCPdD@NHZHl@XzDb@rE|@nFv@nG?v@c@nF?h@Y`FIxBCbBBtDCt@AdH@`EJjE^|BvArGBbECz@Gd@I^ENg@t@Ub@Od@QPK@gAIONC\\@@T_@P@JCXDHIXm@NKN[PQR_@No@Dc@NYBqADSOi@@g@OyAiBiIImBK{ADe@BmBGe@DiACi@DeAC_ADu@?kAC]DQCUBc@Ek@@uCBo@Jq@HaCXsDDi@CMV}DEg@WcBa@yCOs@OiASkAGgAMi@@g@QeAAa@M_ACo@Kq@K}@IyAKy@Cq@Qq@@[AUWwCQyA_@kCI[I}@YgAEa@GWSgBc@}B?[EUcAcHIw@_@sB?[KWGa@EO?SMkAMm@Gu@e@{Bk@sBKu@C}@UeAa@gBYcAw@_C_@wAYu@i@gBGMq@mBe@eBkAoDa@_AKa@_AuCc@{@]cAeE_LoAaDa@}@kA}BeAeB_@{@qAqBu@_Ag@g@kAaA{@{@o@e@sBiB{A}@mDwAQ_@eAiAqBiBkCwBW_@Wc@Qi@A[Kk@a@eBe@_BIg@GQ[]?a@[{@_@_BSgAGq@@eAJgAJ_@^cABm@G_@i@_BmBiF}AmFQe@w@wC}GwUg@uAw@iBm@kAESUi@KQi@i@o@{@Si@mBqCMMUa@wC}DyBaDu@_A{@yAUQMUkB{Bo@eAi@q@qBwCiAyAcBgC}AuBIOUU_@m@qD{EsAoBa@e@g@s@IEm@gAeFwGqC_EmDuEcBcCmFkH_@k@cAgAq@mAW]eA}Ai@q@mBuCMWECGW[e@UUqAoBEOi@q@Sa@_@_@_@q@_AoBSWWi@Yc@Wk@_A{A]y@s@eAAi@Ca@e@eEwAqNy@qK[sEKoAMUOIMMOEBO\\[BKBYCe@EGE]AOIo@A_@_@eCUmBOo@aAqH]_BFWRc@DWh@i@d@w@JO\\o@`@_@HEVUNYJa@FIp@eCVyAHw@He@@QCW?o@FcBN_@Da@R_A~AyGj@}AVi@@e@?cAScFG{EKs@GM]]e@WGGcDqBmBoAq@]aAo@}CqDo@_AII_@UKEWGqAUi@CK?g@Ae@FQFUTWJa@XKDK?SIOOaAgB[q@G_@B[j@sBJuA|@gHHoDEY[yAMm@o@}Ay@aCIUWa@QI[]wBqC_AsAgD_EuB_DoAoB{@kBk@uAaB{Eg@qAo@uAQ_AAW@q@PmA@e@EW?m@AW]yB{@kDc@qBiAmAWc@q@iBe@}AYoAKsAI][}Cg@cCAaAT{CBuAIoAa@uCg@oEa@eB[eAo@}AaA_BgAuAm@k@aBeCs@{@_@_@[KYQ}@{@_@W_AYs@K_ADc@Hk@TgAbAcAlAi@b@uAx@mBxA_@Lm@ZSFm@Jm@Du@?GAOG_Ag@gCuBcAaA{@q@s@m@OUSOoA_Bk@{@w@wAc@cAWc@I]m@mAQi@s@sASe@]q@OS_AiBWa@iBaCoDaEuB{BgAqBq@_CUc@}AoBwA}AwAqB[_@KEi@g@e@o@Wm@[aAGa@e@sAIy@YeAUeAy@aCa@wAaBiHm@qGOqCGuCWgD{@}IOsCUsCuAeGs@_EiAiHm@yEM_DCwBXmEh@gFB{@GwA}@wDc@oB{@}FScAYmAO]S[Qm@Uo@EQIKWyAO_@QyAYy@MKSa@m@_AEEGACKS]mAeBEMSMMY{@eAs@kASc@_@sAYYe@[Y]y@sAm@s@gBmCkHcL_BqCgA}B[}@QUg@iAq@_BWa@uCiDsAqAaAw@}@}@{C{Bk@i@wB{AKMUKs@q@SK_@_@cAuAuA}AiB}B_FaHeGuHcAmAiBkBoCoDoAmAs@m@CAi@k@a@]mAwAe@u@o@kA_@g@u@}A_@aAmCuG_B}C[}@AACBCEQa@GGUs@}@kBWw@_@{@w@aB{BeFSm@We@kFmMkCwFq@eBMQk@qA?UFYHMJAXHf@`@PF@Fl@DVJH@X?f@TNDHAPQn@oBP]JOBKHC\\s@f@eBHQRg@XeAACHOv@aCJOh@yAP]BQd@wAp@aBfAcDf@qANu@A@AAHKPs@LoANiBL_@F_@RkAJgANg@B_@ToAPu@VqA|@}C`@eB?SKGQ[KWUUk@iACQFQB@A@""}"
"2020-10-24 10:58:48",ride,"Happy place = Cycling & Coffee",3143,276,18.077,,,,strava,4236653279,"{""elapsed_time"":5831,""total_elevation_gain"":138.2,""elev_high"":123.7,""elev_low"":59,""average_speed"":5.752,""max_speed"":12.9,""average_watts"":79,""gear"":""Btwin Triban 500"",""polyline"":""ekjxHz_QFODd@LZl@z@JHh@v@?^CTUj@uB`I?X}@nFUnBYzC_@zA_@tAoAhDmCzHuAvDuBtGgAjBSn@w@fC[nASdBI\\?f@hDzHt@hBXh@DN|B|ElApCDPXj@dDxHx@vBh@jAX|@Zj@`AxBHN^|@Vf@Xx@NVlA`Cx@rA^d@F@b@Q^Wr@u@NKVGRPHXB`@Ep@EPGn@?|@Jf@^f@HT`@n@\\XH@NTJ@FFRRBLTXpAlAn@x@HDhBrB|C|DnCvDfBdCl@r@bDdE`DpDj@b@`@V`@^HDv@n@RJFHxBdBbAt@fBvA|@`Aj@h@vBdCv@tAjAdC`@v@JVT^`AnBTp@nBvCFRFDb@x@FFj@`AxAtB|F~Ih@ZhAX\\?bAHX?L@z@Kt@@NALEz@Pl@HHA`@DFA^JP@z@^n@l@FBLJLHAA@CHP`@XbAfATLhA~@jCrCj@f@~D`EvApArBvBpBhBdAx@tCpCrB`C~@pA|CrEt@`AZ^LBLEPBh@d@j@\\t@j@~BrAdBlA`A^PLZJDD`@NP@`@P?HnAh@\\LDA|@ZLJ`@JTLnAf@TND?JDh@XH?bAb@j@j@XRF@VT`@Tb@Pf@ZTRNDXXfAj@l@`@`CnATRNHFHjAt@fBxA|AfAx@p@tB|AbCxApAl@l@Vj@N|Ah@n@LfAZnB^f@NDFDBb@HZLn@FdCn@nCn@V?\\FFRXFVL`@FBBHPD?FCH@h@NBDTBNHh@NFF\\DFFhAVL?nAb@RLRBzAh@rCj@jA\\zBh@rB^`C\\bD^r@Lb@NbAN`AH~@@TET[Z_@BMADBFJHb@BD@DF@J?XEPO@g@Tg@?_AE}B[kA[yBSi@K[?wAOaEu@cCq@}Co@}Bi@{CeAyF_Bm@USCWO{@YiCs@kIsBcBe@q@MqA[{C}@aAa@qCaBuCsBQI}J}HuDcCq@SkH}DcBy@aCcAwDyAoEqBqC}A{ByAmAq@]K_@LMAOOQm@IQ[[kA{AgC{DmCeD{B_C}EoEmHeHMQeFqEw@y@]e@w@u@cBmBgAcASM}@c@cAUm@ImBD{@Lw@d@OSOKMAo@FUD?CG?Y@YC_@Ma@]o@u@mAeBsFsIoBgD}AwBu@}AaAeC]m@Wu@U_@[u@o@iAaCoCc@c@a@i@eCsB_@_@oB{AwAsA{B{AiAm@YS[_@eA}Ai@q@o@i@eBgCmEcGwCwDwE}FyAwAwAgB}@}@]i@e@g@s@s@oBeB{@_AQUO_@QQc@cAIGK[[a@i@gAe@mAEOIMs@aBS[_A_CEUmAcCqA}CqBsEk@yAaDqGMe@iAwCuA{Ce@oAEU[s@o@kAkAeCa@iAgAuB}@qBIIKCIFWp@EDE?ECKQWKWWKEU[MEUOCE[WAI?WRaA@W@AV@XPTVXLhCrBl@^\\JFN|@l@dAZd@Hb@NHALEDGVi@\\gA|@oBh@aBt@mBb@uA|A_Ef@cBd@eA|AuEf@mAFON}@Tq@TgBJ}ANk@RcBPu@PsAJe@L{@VqANi@DILs@ZkAPc@`@oACU[c@S_@UWa@y@EQ@UBE?@""}"
"2020-11-01 14:42:45",walk,"Afternoon Walk",3351,215,3.631,121,,,strava,4272184588,"{""elapsed_time"":3594,""total_elevation_gain"":94,""elev_high"":173.8,""elev_low"":103.8,""average_speed"":1.084,""max_speed"":2.4,""polyline"":""{bdxH~fa@OYqAhCF^EFQBKTFDD\\^hBZn@DVHRCFR`@NTHXNNZLNPLXFF|@^^f@N\\HBLZLR@HR^JHBHBABDR^FXBDVLDNAFd@VE`@v@h@BDNDJHNHXZFJHd@`@~@Lh@fAhAZd@FPAFBLT`@@FHJb@|@V\\Rd@X^j@~ARb@PTPv@RTF@BZFJVlAHPBLHNFTAHFf@ARFZHTFn@FT?NJd@BRj@xANf@DHFDZjAb@nAXGHIFCNBb@j@H`@BhAF\\L`@HdAHXV^Lr@Th@DVBnAEx@Ln@RWTMZ@HKJDT?BGHC?K@@@YHMF_@@mAC_@BOAKFcA?kABm@IiEESI}AI]GmACM?m@Ec@C]@w@SwACC?[B[AcAKOOFQECOIQGAKYLa@Fw@NcABg@DMB_@Hi@@c@J]HwAC[BW@SDOA[AEe@[Y}@R_@?KQc@GK?FICgAkBGWQcBUYCK_@o@O_AU_AYu@c@u@MYEECKA@Qa@?IW[i@Vk@Lm@RYHm@@kAJe@Gc@WMAUIq@OSCw@Aq@Gq@MOIIBQ?KEGBECMQKGE@GJYTOE_@CKWc@WDC]AKISGYYMYKGIAc@c@OKIIKCIWGCGMAIUMEMYa@OAIGI@M?YIG?IGIMCBGOM?EPEBMMOIEOOSSEYQS_@UFGCAEKFG\\GJG?g@YE?AFDD""}"
"2020-11-02 16:23:32",walk,"Afternoon Walk",1095,69,1.166,108,,,strava,4276540504,"{""elapsed_time"":1151,""total_elevation_gain"":23.7,""elev_high"":118.6,""elev_low"":93.9,""average_speed"":1.065,""max_speed"":2.6,""polyline"":""ckjxHn`QNDFJD@LL@TKVKJBBIn@U|@CBOUUOAIUO@@KUCBMUJQAMI]BSAGJQFLCwBB?BDJMZqAJKDUAIGU[k@YKM@MCI@EF_@Vy@rAc@`@KTI^KHKVGDARq@`AM^GBKh@YXM?MFWRg@z@Hb@NHVFNPJ\\@\\HJLHXFHFJB@FRV@FJRVRREBM^]R@JCFIAGHYAQHM?IDGAOBa@R[VQFMLk@AUBMR?VRLRHBf@p@L[PuAHOCa@Wi@ASDSFE""}"
"2020-11-03 10:24:19",ride,"Caterham Viewpoint",5680,468,28.335,,,,strava,4280001449,"{""elapsed_time"":7146,""total_elevation_gain"":374,""elev_high"":234.3,""elev_low"":59.6,""average_speed"":4.989,""max_speed"":15.2,""average_watts"":74,""gear"":""Btwin Triban 500"",""polyline"":""wjjxHl_QEJBTHRHJD@@JDDt@bAJ?X\\DCFQVeAvCuH^{@Nc@NYPg@Je@d@sDFKLi@@cANkBFuECs@CoCEaB?cAKcAFwBn@kIA}@BmAC[KY@[@MLYz@cBNe@NU\\q@b@wA\\sBFu@DMD[HyAXqAABNYH}@J[NMHCbAHX@HBT?V?j@KTATK~Ac@rB{@lAk@`@_@jA]j@[h@e@\\Qj@e@x@Y~@OpAk@n@e@j@e@`AcAl@c@VOdA[rAq@j@_@j@i@n@_AZi@f@oAP[|BgGh@_Ah@kAbAwAd@c@JQd@YZ]\\URS`@Wf@c@b@UzEwClB}@LI^QTUXIVYv@m@HKlBqAfA{@v@c@TUr@g@NOVMZYz@m@f@c@h@]pAs@x@Ut@c@x@}@p@kAx@u@fAc@`@Wp@WHIpBkAb@_@nAy@ZWBGpByAn@[|@]`Ag@\\Wd@Wr@o@p@e@nDyCb@[j@g@PKPS^[d@i@fAwAFEXc@rA{AJSd@i@JSx@eAj@}@HIRc@T_AD]L_@^cBFMFGJFBTANJd@?h@FbAHRf@JJJ~@^LLLDp@b@ZN`@`@PJn@j@r@f@JDHJTNJLhA~@HP?DCG@JPXt@hBfAzBHVpAzCd@x@j@j@V\\nBnELl@p@tFZpAr@vBLTLd@`@`@TLRFh@B`@HNLZRNPz@h@`@Nl@h@XLX@b@Ex@YXFLHPRr@bBZf@LVr@xBpAhDb@rAv@~ALNpAbDHJb@XNNf@V\\LLCDENSRULEV?JDTVRh@Nn@JJJFhBRj@HtAZjALp@LtA`@XPr@JXLr@`@h@^TVFDf@h@P\\^\\h@^HBf@^NT`Ap@zArA|AfBxA~BLJV`@JXLTj@l@`@f@ZPJLXRn@ZH?\\T~@n@F@TP^Tp@f@h@XlBvAhAjAt@h@DFfBx@ABBFrAZ^PrAb@pAV~@DXA`@GVIr@Kt@a@`CqBXQhBeBLE^_@HCZWJMDKD?HOJK\\{@DARa@LOFCXg@Pa@PYDKPUTMJMJAd@[p@Uj@GDEd@KB@PEZ@t@GDn@HHLBR^p@v@^VRTVJ\\ZRHDFPDJLH@JPTRFDXZRZxApAJDFHPLRFLTD@HFH@^B`Ab@ZFRPLB?GFBNP`@NXFZJd@HLJLBFABFP?XPd@LFDn@N\\?PDr@APG`@?\\GDERE\\Wx@]TONEhB{@j@S\\U`@Mp@k@z@_AJGT[ZQV[fAi@HM^]NITGNMZU^i@P_@\\qANMXKb@HRAFBNC\\Fb@@lAGZGVBd@A\\Fb@Cf@@LCTOTAd@PVRXFZN`CtAx@^`B^FFL?HDRBJLfAl@r@Nn@^VZJVFVDBVjA?JGN@^GtA?dCA`@Il@GXCDALARB@@Z@p@D^Hb@Dj@Hd@P\\BRJV@LJ`@ALFl@R|@Lb@@JRf@Jf@?JRr@PlATz@LnBA\\Bb@Ev@a@hDa@`AWbAi@zA[tA?XWbC@h@N`C?j@SvCIdBKrAMr@WfAa@lCYrAQn@Ib@KfA?b@PrAFp@@hACv@Mz@?JAJUd@Kn@EFk@x@_AhAQZ_@`ACVuAnDSVm@|@[ZEPk@l@mAbBsAnCaA`BGDFACAIPBJHHNDh@`@n@^t@N^@PCp@QZYPGR@hBaBVSVIXGVFlAJ~AMXDn@DPB`@PHN?P?RYb@Q`AYv@WbAo@zAaAjBeBvDo@bBw@bCiAbFe@rC?V]~C?zBY~BE`DB^Gd@At@@j@Fv@C`CBXDFHpB?jAInEFJCfAOxBUpAEv@cC`T?JDN~@bADHHZDx@Az@I~@?vAFjCCdB@fECz@Dx@?z@Ax@EfABn@Cb@KvAQz@St@Yh@g@rA]l@q@xA_@rAEVMhAGpBBhCJfBDvAFjANjB@^HbAFlAmAfRI|BEtBGr@EvA?l@E~@?l@Et@AhAE`B@bDAx@DlHHrC@`ABj@B~@Ab@FvBBbADZPxFH|AJ`A?n@LjEH`B?d@OnCLdDRlAAf@QXa@Da@GE@GCQ@YCUBKGg@FKCOBYA[BYEM@w@EYBOA_BFa@DGAcAHe@F]H_@DEAi@JW@a@J]L}@NiCr@iAl@k@j@CHG@W^[p@a@tAUdAEd@O|@?NO|@OrBc@nD[rAa@bAeAlBm@j@s@b@kA`@qAVU?GAUBc@GQ@UCIEe@Ge@Y[OQMKCOM]Mk@e@KCSM_@Ee@UWIWMgAW]Eq@Ca@Bu@T}@He@TqA^u@He@HW?_@MY@c@Ic@MSMe@Kc@Wo@a@{@q@WY[Se@c@MGo@Ie@s@[WYOk@Qo@GoA@aAPqANaATqATsAJaA@}@GwA[]Ek@Q]G_AMkAIeAMYIgAO}@WK@]GUI_AO{Ac@_@C[Ik@K]MUASIM?OICBIAGGs@QSKK?SKGKKAm@Us@Se@SiDaA_@C_AQm@Wa@KsA[OAOE[U{Ag@gAYmFaAkEkAu@Uu@Y]QMEw@a@_B_AiBoAaCiB_BsAk@a@i@g@eEyCaC{Ay@_@y@m@{@g@KCcB{@gA_@IIBICImC{@cBw@mBw@}@c@_Bo@a@SeBu@uCcBkDiBe@H[KYw@sAcB{@yAQSi@{@}ByC{AeB_B_BaAy@wCkCgJcJqCgCg@a@uBeCiAaAsAwAiA}@_@WQGiAUiAIkC@[AYF_@N_@Dm@Ca@@e@EQE[S]]s@iAeA{A_AyAwAsB{BwDcAwAiB}CaCcFEQeBkDe@y@iAyA{B_CgA_Aa@YaA_AoAaAmAiAm@e@w@i@UEs@k@I?EEUUYSMOEAE?UQm@}@uAcBYi@KIw@aAIS]g@a@g@u@eAUWk@y@iB{Bw@gAc@e@gAyAoB_CqBsBSQg@m@eAgAm@_AcAcA[WCGQOQUWUOGk@k@a@e@c@s@ECBE?AYa@[o@m@{@s@{Aa@gAUc@e@oAeA_CEOO]Yc@I[[u@EIEBQm@MOq@eBcAuB[y@Ug@Y}@qBkEYw@aAoBM_@g@gAc@qAuB{Eu@}AM_@qBkEYw@GKGE_@{@G_@?WLWJAF?NNRFTRz@ZL@ZJZBj@RNALKf@{ANSLY?GHK\\s@TYDYV{@~@iCLWf@}ANY~@iChAoDh@uAJQRm@AEB@?IHIH[Zw@^wAL[Lm@Jy@?k@Fk@P_ANqAJm@LaAd@iCVeAHm@Tm@VeAb@sAT}@CU_AwAM[Ua@G[FQ""}"
"2020-11-07 15:30:55",walk,"Afternoon Walk",3705,228,3.865,126,,,strava,4303195959,"{""elapsed_time"":4729,""total_elevation_gain"":145.5,""elev_high"":179.7,""elev_low"":38,""average_speed"":1.043,""max_speed"":3.8,""polyline"":""slxwHba|@LABEGFPULm@POTa@P{@LSHy@DKNF@E?IIFFG@WAODAJH@^Hp@G@DNBA@THNFPLlAAj@SzBGJAf@CTIX?ZGFCt@HYYp@APDh@Cn@EBDPGr@KRUXFD?NAIGf@AZBD?FGlADX@ADHFCBDCJBBOp@BJJFL\\F\\LN?REFGd@AbCEDGl@@VPt@F~@Pl@ADGGUVQKOFWBQFGEEPCBCNFTCLKX[b@Of@If@?HUfAOh@Oz@BTECCIDVWAERKROf@D@?ZUd@Mr@IRKdAIXGDIE@HEEQsA?KAIBe@DKFi@Ie@@KCm@Ok@?y@K_AHiAAMFcABKNIALSCIDMg@Ee@?RY}@OOUCWOKIAICADAM@KCk@e@c@GWQYAMBw@Ia@@c@PLKDKk@n@QBQPK?WTPQLW@OEIA`@GVQR_@ZST?FMTQRg@t@c@bAQZMb@[p@m@xAGp@GNGbAKp@Cv@MGNNRHFDBRo@GOIM?i@GOQYg@Eg@Sm@MEI@YKU?]L[@Kq@@ISq@AIIG?K@F?CECAQ@QAQFIXs@FUR_BT{@AINkAN]ICHKBWZw@CMDw@Gu@Nw@Ae@FDHCb@[NA^]NED@FGJ]N?RW`@SLQHEXCXSPCBEVMP_@PEFGd@Md@UL?DENCJMB@\\K\\U`@Gd@SFDp@]TCVOJMN?FIRCNBTCTFFARLLA?Ab@THGLDHEr@JN?^ENBPMB?\\{@Bu@Pa@D_@FSLW@MA[BQBAFWHk@K_AIOKOIGMCc@WKIAG""}"
"2020-11-09 09:17:58",run,"Morning Run",1895,74,1.26,110,,,strava,4311721675,"{""elapsed_time"":1895,""total_elevation_gain"":0,""average_speed"":0.665,""max_speed"":7.3}"
"2020-11-14 14:00:56",walk,"Afternoon Walk",2312,123,2.081,122,,,strava,4336560430,"{""elapsed_time"":2641,""total_elevation_gain"":43.8,""elev_high"":118.8,""elev_low"":94.1,""average_speed"":0.9,""max_speed"":3.3,""polyline"":""wjjxHf_QTnALPBGCAGT?TEHF@]f@Kp@KTCAc@y@[WAIC@HS?QACDQIQBQGM@KDEAm@BG?O?SCCRs@L[D@Na@HK?[@MF@DKLKPUR?@JMWm@c@MEOFYIEDM@KHQ?GLKDEFC?MHk@z@CLKHKRIBKLGPK?CZKh@GFYn@OJGJCL[^Od@_@TOVKDMP?HAFOFQ^?VBTR^DDH@LTBJRNBF@Rd@NDCPXDNb@h@TBTMJANYNMF?FOBBDO@k@Tc@Bs@PCJKHU`@A@MHC@GRQ?GIWSK?KDIAKMc@GIAYABVUBK@e@BE@k@Je@`@_ANU@M@OGWKKUQWGOIU@IDQRSVG@QTI?ANk@v@IXIBOf@]n@CNMTKHERSb@KHKh@_@V[ZQXKFKTELATFPV\\Sk@IGC@U[Zh@f@p@HRBNNN^RVFFCHZb@p@PNH?FALQPC@IDEP@BCNa@@o@D]N_@@KHKLCBGPGLa@HIFS@QPKGMf@r@?AVRPVDETw@Ba@Nk@@U""}"
"2020-11-19 09:26:40",walk,"Morning Walk",3214,235,3.976,119,,,strava,4359240849,"{""elapsed_time"":3306,""total_elevation_gain"":47.9,""elev_high"":162.6,""elev_low"":121.5,""average_speed"":1.237,""max_speed"":2,""polyline"":""yehxHtwQNDHHHAPLRDAGPWRG\\ZR}@D@FYLW\\kAHe@Tm@H[MPt@gCRd@NJZ`@j@f@XRLDV\\^VBFRAPDAENO`@kAJ]Ta@Lc@?GLYPo@^}@bAwCP_@Tm@Rc@DCJu@?SNWL]Li@DYFMHe@f@{AS^Re@Vu@NYVq@Da@\\}@H_@Ca@EQDaAACA{@Du@EaBNu@EuCIO@KZk@BKT_@@KZc@v@sA^}@BOX[HWHKMP@FLMV{@Zg@PQ\\s@PMHKBOXe@FSHGJc@b@i@l@yALMVaAHKJ[v@wAJO^}@f@{@J]Re@Vc@f@{A`@q@DS^_AHEj@CHFn@?TDJAJBJCf@?FTENILUJ_@j@Sd@Qf@eCzFK\\KPQn@KNe@jAg@`AgAxAITm@bAYb@MHOZyBbDOHe@l@iBxAk@t@EBOTOd@QZWn@GPILc@fAa@|@Qf@CPINCXAfECHAN@|@F\\ATIXMTWdBMVGXMTCLo@`B[pAWx@INId@GNIh@K`@@KILGTOZKh@Yh@[x@GFEV_@bA@DIXS`@Oj@MTw@zBONO@I?OQO?[]CSk@]EGMGCC_@Y]_@GCMVYlAGFu@|BQv@a@hA]lAMH@@GGK?IEES?OAGGEMCYMM@YGCDB@@C""}"
"2020-11-22 15:17:15",walk,"Afternoon Walk",3498,333,5.642,129,,,strava,4376077580,"{""elapsed_time"":4083,""total_elevation_gain"":92.1,""elev_high"":162.4,""elev_low"":101.5,""average_speed"":1.613,""max_speed"":13.2,""polyline"":""qehxHvwQd@HH?JD`Av@BKHGD]HMH[Ri@DYHM`@{ALWPu@AJL[Nu@HURF\\XTV^Xj@j@RJPTDHD@DGJCTLNQFQBWHKHQJ_@\\_ABCBSnAeDH]b@_ANs@LQ?IHQJKLYB]Fe@Xw@BS\\oADYZw@DS?IHMF[Vi@@OJQLo@HSB@Nc@D_@Ak@EA?UBODcEE{@BMj@qAV}@vAaDt@oAPm@lBeBx@gAMDABPG`AgAPU`@u@`@e@f@s@|@{AZ[T[x@iBn@iAHk@Vg@Xy@PYN_@vA{C^_ABWA_@Ya@k@Uc@Ci@DQJIH[~@MRALq@rA_@bAYb@EPMNCJMRk@jAENMRITEDw@~AUr@QZg@tAU^MHeA|BSRSh@]ZCLa@l@O`@EB_@n@Q`@W^]z@U^Qb@KHIRGF[v@Ib@BHHdCAZIXCdA@p@C~@@rAE\\?FBB@FB`@C`@Sf@Wx@e@|@HBPCMJGNMDOVWt@CVO^y@bD[dBYp@w@tAYhAUh@Mn@KPQr@CDMDMf@Wf@Sf@WZKTUL?GKIS[KGa@c@_@[SKm@m@KIGBAFUf@G\\F_@FMQx@Sj@EPMTi@bBc@lB[n@IJU?ECIWCWIGcA[K@?DBABMXRLBE@E??GAB@C?@D?ACCF?E@?cAa@gAOg@@e@TILAAMaA@eB?iBI_JEq@S]kAd@iDtCq@DcAEGQFaBAgEc@kKM[e@?]BgA?c@Vi@?YYi@U}D}@s@?kCLm@@eDqD]QwBc@O?INKv@In@QbCOjASfAOj@eBfEgHbDPUE]""}"
"2021-01-01 11:58:00",walk,"Lunch Walk",1795,117,1.982,111,,,strava,4548220242,"{""elapsed_time"":1892,""total_elevation_gain"":43.1,""elev_high"":118.5,""elev_low"":93.9,""average_speed"":1.104,""max_speed"":1.9,""polyline"":""akjxHjdQ@TCTOj@UYGEAGGOMI@D?QKEASDOGG?UDEEQD?CIDGAMFIBUEc@CEB_@Zq@?UBKD?@KHOLu@AQEKEEs@e@G?c@JwArABDGVQN?B]b@Mb@i@z@ELSZMd@OBCHS`@CJc@^ODQREFE^KJE?EHEJ@HHXZ`@PNFPPVz@b@?DHPPPZf@RBHCFCHSPKFGPIJe@@@?YJI?KF[RSFST_@@OJ]@O@k@Fm@GUFYJCBMCIAYBKBgABGT_@FOLACQPk@@_@DWBNYGCKMUSQMAUBURk@l@_AnACPc@z@ERONE\\MNOX[^KPG\\IHc@RWVW^Up@@NLX`@^FLLNJ^RNTBHFb@p@ADDDTNJBJADARYj@_@FY?UDM^_Ax@sA@GJUFUB?DBJDx@dAD?HQD]Ha@Ri@CUBGIYIKK]?OLM@KOMDG""}"
"2021-01-17 09:01:02",walk,"Morning Walk",1089,68,1.15,126,,,strava,4633627190,"{""elapsed_time"":1209,""total_elevation_gain"":23.7,""elev_high"":119.1,""elev_low"":94.1,""average_speed"":1.056,""max_speed"":2.5,""polyline"":""akjxHf`QTr@VRGPKFCt@CLMT?VIDq@o@g@_AK_@?]LMFMBMEO?c@@KDI@Yf@eA\\gABQAI_@]GC@FKO@@KEKOIA]LQPWd@SFUNM\\KPGBKNmA`CURk@|AGJKFERKDe@v@IXKF?d@@FJCFDBTPn@HFZb@b@RRTBNPNh@LF?DCf@CAOFMHEDE?CLUE[FOAOBK`@w@NMR]@MNGDYASHC?EBJRJXXNVPPBCTq@Jw@LY@QCMKQEO""}"
"2021-02-02 10:34:21",walk,"Morning Walk",1196,72,1.213,116,,,strava,4721019315,"{""elapsed_time"":1649,""total_elevation_gain"":24.1,""elev_high"":118.9,""elev_low"":94.1,""average_speed"":1.014,""max_speed"":2.3,""polyline"":""gkjxHl_QPp@m@rDQW]_@SGO_BX}BFGH?FC?KGIIBMUGCA@UQIKSa@USMKKEC@M\\Y`@a@x@?|@ESWRGJ?Fc@d@a@hA[^YN@BMJg@r@EN?JPPLd@p@fAPRLBDCF?RXHZPRHBHHPDFADBRQR_@LIHODY@UN]F]JUVYD]LWHe@DMFBVTLRVPHLPLD?J_@He@ZaAC_@[g@CSBSFGB@ILEND[JE@UES""}"
"2021-02-09 12:59:39",walk,"Lunch Walk",1387,103,1.742,164,,,strava,4865923549,"{""elapsed_time"":3521,""total_elevation_gain"":38.8,""elev_high"":118.8,""elev_low"":102.6,""average_speed"":1.256,""max_speed"":5.1,""polyline"":""wkjxH~dQLd@KRE?CCS_@YQAMME@MCBFIUYEu@JWDu@Vy@DAAB@FCLP@KKHKEBCCB?EI@HGAJ?IG@@?GF@GOLILU?IICB@HCA@ECB?Jo@LPB?EAQh@CAB@?ME?HJGEBCk@q@yAwAZ\\NV`@THVL@\\^?BFDABA?BAq@u@KQQMs@s@GAdAjA\\PXVJXOCLBEGq@U}@c@SAK@OFED?A`BFVFFFF@`@VCDBHQ\\@QNUMTUA?JCBMb@BHAF?NFNAFU`@CLEPBrA@FG^ORJe@NCGS|@x@EFTJLJG@J@FEFOBUAGHE@QBG@QC@AUJKFKSWOa@Kw@PHR?KOGB@FNBJqAPo@""}"
"2021-02-28 14:41:28",ride,"Short ride to the flat",204,7,1.414,,,,strava,4865923489,"{""elapsed_time"":204,""total_elevation_gain"":0,""elev_high"":119,""elev_low"":59.6,""average_speed"":6.93,""max_speed"":11.6,""average_watts"":29,""gear"":""Btwin Triban 500"",""polyline"":""_kjxHf_QGXDXZ`@D@^j@F?FDNVFDNT?JIn@Yz@Ib@Kb@IPS|@Yx@SbA?VCTq@~Ca@nCc@tEEV]nACXSn@uBvFYdAkClHaB~Es@jB_AdBMj@g@vAIJIBMKU[KGm@SOOKCSFU\\CRM`@KH[CKIGKg@cBAMUc@IGUDe@~@QCk@k@I?KQSM""}"
"2021-02-28 19:01:00",ride,"Evening ride home",548,62,1.489,,,,strava,4912258145,"{""elapsed_time"":672706,""total_elevation_gain"":59.9,""elev_high"":119,""elev_low"":59,""average_speed"":2.718,""max_speed"":7,""average_watts"":102,""gear"":""Btwin Triban 500"",""polyline"":""}qkxHrhSMDBGIK_@QKQ]WAGBc@ZgAR?n@b@JBFHtAhAVNZZ|@f@^NNPHBFH^Vd@FnBj@LANWj@cBJSZw@T[Te@d@yARc@Lm@ZaA`@cA`@kAVm@^oALWp@uBb@kANWNo@d@iAVg@Pk@Lu@Tg@JmAB{@Dc@\\eBD_@TqANkAJ]Hc@@Oh@eCTw@FYBEPu@Vo@X}@AYK]u@kAKW]g@CWFM""}"
"2021-03-09 09:56:21",ride,"Morning Ride",989,109,1.135,,,,strava,4918862693,"{""elapsed_time"":22419,""total_elevation_gain"":23.9,""elev_high"":119.7,""elev_low"":94.1,""average_speed"":1.148,""max_speed"":3.1,""average_watts"":99,""gear"":""Btwin Triban 500"",""polyline"":""sijxHnaQ@B@NQ`@?E@RGFAM?h@APEJC@ALIHE?MKEAKMKAQKGSEAQe@CUDWAOHAAAFKNeABWEWVi@@OR_@Le@C[Kc@OGKKE@GGO@KEQD[HEHKBEHULGFWt@EDE?GFYv@QRe@|@STAFGHGTILIb@QJMNKBo@x@GXE@EPAh@BJJHVd@DP@PLT\\NBBP?FJHVHFFPPTF@BBJ@ZGVUXMPUDM@UR}@NWVYRm@FQ@]BECGl@VJFHPPPFAFBJQLE?OLg@D_@DC?a@Ka@Q_@BCFY""}"
"2021-03-09 16:11:04",ride,"First proper ride of 2021",1800,131,9.605,,,,strava,4918862787,"{""elapsed_time"":2218,""total_elevation_gain"":95.9,""elev_high"":184.6,""elev_low"":117.9,""average_speed"":5.336,""max_speed"":12.7,""average_watts"":65,""gear"":""Btwin Triban 500"",""polyline"":""_kjxHn_QGFJ\\`@`@NZf@x@LNJDPG|@oCd@kANY`@aAFWj@kARk@P[HWZy@ZiCBIHc@b@{EHcB@cAGqA@eACeAEyDKu@?i@@W?g@JqAJm@JmADu@Fo@BI?o@Dm@?kAB_@CQEGK[CU?KJWDEZs@Xi@j@sA@INQRm@DSVy@V}AHcAFSJyBTg@FW@SPy@FQLQXIbADNBHA\\B^Cj@Iv@Yn@Md@SFADED@fAc@p@]r@g@|BaAn@a@JIjAs@r@Uf@Ir@Sd@Up@c@~@_AhByAnB}@p@WfAy@`@]TWx@{AjBwEb@mA`@cAb@y@f@sARYNK`@k@ZYV[x@m@HMRKn@o@p@g@~@g@f@a@NCZSF?XUHC~A_AtAm@jBkALONINQp@e@LMVOdAw@TUrA}@zAkAjAu@nAaALOVMDIXODG\\QZIn@Wj@_@n@g@LOJSTW\\o@h@a@dAk@PE`@Wr@Y^YdAm@jBqAZO`@_@fBwArDcBvB}ARWXMf@a@LQNKNO~@o@`@]HI\\SFILIb@g@r@o@vAqB\\W~AmBNUXUn@gAXWVi@TWXa@h@cCh@wC^yAHUDGDABDADU^Mr@BBC\\Bl@Cb@HdBC`@EHGJ{@d@UHWNi@r@AHs@|@[h@s@x@eAvA_AfAw@x@U^{@`AgAn@o@t@qCnBu@p@]Tq@l@mAr@kCnA]X]Ju@n@_An@SReBpAuAr@c@P_@Tw@X]Ve@d@qAtBa@`@QJw@V}An@KJy@j@m@h@gAp@_BpAyBvAsCpBm@j@gAz@iAl@k@`@a@LULkCzAi@V[Tw@b@c@ZkAdAKDUNk@b@y@x@UXk@~@k@hAOHCFc@pA_A|B{@bCw@hBSPk@x@wAhA_Bt@e@`@EEa@Ly@l@a@b@a@\\INaAn@_Ab@o@R[PqAj@G@IAG@WPkEvBYFqClAc@L_@RGDQBWN]J}@ROHGA_@BOCM@KXWdAGJIBw@AIBIJUz@KvBQ~A[fBm@bB}@hB_@n@c@jAA\\Hr@?ZC`BKhBC`A_@zDKnB?VJ|@HjBDnGAvCEjAStBEf@a@vCOr@O^k@xA_AtBg@~Ao@nBGl@EN[d@Od@KPQDIKQk@Q]OO""}"
"2021-03-12 11:15:48",walk,"Lunch Walk",2389,122,2.065,,,,strava,4933425913,"{""elapsed_time"":2577,""total_elevation_gain"":43.1,""elev_high"":118.7,""elev_low"":94,""average_speed"":0.864,""max_speed"":3.4,""polyline"":""cjjxHtcQGBCH@RCPMh@ILWQMMIUIK@AGEDAAAYSKCCG?KDI?MC??SCI?SFKHCDUBAAQ@IBEDy@DA?KDK@KJSACXoAAGDQCI]SCEB@?AA@QUG?KCOFCFG?@?GHm@d@G?GE?FEB?BSVANGLGHGAGDEFAPCFCA@BAHIZEFC??FG?Q`@EBGRMRGDENSTEJAHO^MBQPMDCJWVENOVK\\Bf@FPLPPHFHFXHFDNPLD?@BHA@DXHNVLHNd@HBJFNC^[@GD?ZWHi@F?AK?a@DA?OBMLUHCFGTg@JCJGCIFEIEFCDw@BEAE@AM[Ca@BQDIJ?JSCgA@QDE?QDMJA@MTo@J{@G[MKGMSIMDKAi@F[LAD@?C@ENMBEFMV?BW^E@KJQ`Ae@x@KJGRGHE@CNGLIF]v@WHGJUHOTEPSNKd@BVAFFPRTFPHFHTVd@F?NHVHFHDBR^JHBHABNP?BN?`@KFI@@BMHANIBC?EBA@IJYAE@O?_@BGNE?CDG?WDGNIFORG@QJECIBCFA@KB?I[@A?GFKb@h@VLR\\HDFI@GJW?IDICC@IJ[AM?DCEBDAEHMD]AGGIYm@@WHGDG@CAA?@@AIGISIEJFC@@FIABDF?AA""}"
"2021-03-14 17:01:12",walk,"Afternoon Walk",2356,163,2.762,,,,strava,4947358671,"{""elapsed_time"":2460,""total_elevation_gain"":58.5,""elev_high"":119.4,""elev_low"":75,""average_speed"":1.172,""max_speed"":4.5,""polyline"":""ykjxHrfQII?GKCCE?ESQB?C@@@GI?AKSGHMM@DG?YIIDGMGAMBCc@CEKFAFUFGHI?SIMNCHSTEJM@UPE?EJe@n@ECE@OJKD[CIKIAMFKHMGA?KLANGDIPEL?LE@?JGNATQp@?LADEB?VAPEDAGHFMGGKGACKQQk@Ei@FCEWASKAEYUKOAICCEU?BISCCEU[o@EWORQJGHAFMDCHE@EJEAKP@BEJORCHEB?HCAAD?FC?CGCCMJM^E`@G@OOEI@EKIYIKGYEMQC?FAOGSBMMG?EIKA]SGKQGQSYEUQ@ACHIB?BEASO@AMOe@\\GHOd@C?CDG@OJE?GGUF@?OZB@GHBDAIEC@MCIDC?AEB@T@??FF@GP@EEGFUDGJ??A@@@IGOIIGBIED@JN@ABD@CDBBO@LEBQb@OPDGLXOc@EAFOBLADDAGBGJDUALFCALEOCB?TCPLa@?MFBGB?CMJAEMNRUBKGDDIC?DG?CGAABF@EFJE@FBV@?ACAHPODQJMPGBBJ?`@[HCFGB@FMXWJQNMCBBJNTDJRFHLJJTNLDLL`@TNLH@FJd@DVHLLD?HFFBFAHBBFJBJALEHKDSDCFYB?DIBADWB?@ABGD@FWJE@IFKDB@ABWL]@?@EBCB@DNJPHBFADRHPBPLTBJZv@PPJDDPAEJA@@AAH?BB@AHBPKFDFAJB?P@@DED@PED?@CH@LFHPF@DJFFF]C?ACDM?OA?D[HI?KJY@S\\mADELCFBPGB@BADDL@@BJDN@HAFI^KRo@RM@?BGJCFGL@@QVa@FAB@@DJ@LKFAHIJIHADDAHBHBALHB?BJPAPHHCBIVTCKHFBCCED?JJFLAAB?FFD?HP@?RXD?TcAABBA?MVw@CE?KAC@OGIO]CSLa@?GGCBA@G@D@CMDKCEE""}"
"2021-03-27 10:35:50",walk,"Morning Walk",2168,133,2.251,,,,strava,5018066806,"{""elapsed_time"":2923,""total_elevation_gain"":10.2,""elev_high"":185.9,""elev_low"":179,""average_speed"":1.038,""max_speed"":3.3,""polyline"":""y~cxHtzHJJT@?@G?@@?CBBC@@C@BBAC@@BHABBLABB`@CABDCHBJID?DFCD^GF@ZIPBV@FC`@BDBh@MJBKJFF?BSLHFPDABHFDRD@Ad@HZAl@Dd@EL@A@FANJ^B@NZHHHf@AZCN?TOb@?ZCRDV?jAFTD??NDDDGd@SHATMPGLKR]@a@CQDGA]Fa@Go@F_@FQHIZo@Lo@Ec@GGKGIACEWKC@SGWCIOCOI?ECG?OHAB?BC@LAAC@B@AEOD@?F@?@E@?AFCAAD?EE@@?@A?IBE?RG?JG@B@AF@E?Jy@@S@EVY@MJYDUGi@JeAAOISGi@KII@IKF?IEM?C??DG?MHECE@MLK@AFG@g@AAHCBB@Q@GBAFMDAACBGCEB@AO?JMo@TI?K@CDK@UJORCVCJ@JC@GXGDITI@ADINC?EFKACEWACAa@B@CE??EQAICM?ACQA?C@?CAK??AKMWBMFCRSn@Ib@?HGT@LELGRGHALMVe@zAIFGh@]|@@BKb@@BAH[x@@BWz@C^M\\@@IXANGDCPIRCXE?ADKp@GJBJLAIFBAAE@ADBCOFi@@TEL@@CC@BDOCML?@KAI@IFIAGBOHEF]AIJe@DKEC?DB?C?Dc@Re@ZyAJUBQHKRqAFIDSd@_AP{@DKHK?GP_APm@FGHc@@O@EPCN?BARFAHIKI?FLCCCBDAIAESG?EGC?ECEBEV""}"
"2021-03-31 13:34:40",ride,"Afternoon Ride",579,64,1.491,,,,strava,5043612223,"{""elapsed_time"":676,""total_elevation_gain"":59.9,""elev_high"":119,""elev_low"":59,""average_speed"":2.574,""max_speed"":7.3,""average_watts"":99,""gear"":""Btwin Triban 500"",""polyline"":""utkxHreSAECJA@Ba@TgA@A@F?C@J@?AODCBDLDDDNDz@~@bAp@hAbAJFRDv@Zn@j@HDx@LRH`@FXLH@PKJWf@eBHOBMP_@FATWNYJ[XmA`AsCZgA\\w@v@oBd@{AJSFWv@mBLe@LSHWBEz@iCP_AJSJq@@[F_@@y@FMB]T}@Hs@f@iC@YDQ?KPcA`@iBXcALk@Li@Rc@ZoA?Se@_Ac@q@EQGGQYEW?GJQB?B^@CGYG??AKEDCGG@FBI""}"
"2021-04-02 17:17:18",ride,"Ride to Beddington Park with Ben",3841,211,15.92,,,,strava,5057490101,"{""elapsed_time"":8042,""total_elevation_gain"":130.2,""elev_high"":119,""elev_low"":28.1,""average_speed"":4.145,""max_speed"":12.7,""average_watts"":49,""polyline"":""yjjxHf_QAJBPHZ|@hAN\\VXB?Db@If@MTSn@{@|C_@zAIp@kAfG[dCK|AO~@a@rAE^KZyE`NwAvD_@lAwAdEo@lAs@jC]f@IBOKQYs@Sm@WG?C@INGb@KZQRQDICKQ_AmCMU_@i@m@c@g@k@{AkAIKw@q@{B_Bm@g@MSwAgAoAiAu@e@]]YQGKSMs@q@KEGG]QW[mAaAg@WiA{@YYy@k@o@g@[Sm@QoAs@UGw@g@IA]SSIk@I[KE@i@M_@CwBGqA@w@A]Gg@FaGIuAFeAA_ADcA@ICaCFGAk@D]FW?OBG?wBJkA@_@LoDZ{AFk@FSAi@BKBc@DM?GAQ@m@HYHGDGAIDEAYJGH?XRx@Fr@RjAP`BLd@TdBThALjAJl@TfCd@bE?f@ZrCB`@?`@H`@PhBP|ACd@OXE^@d@C|A@dCAvA]|EM~CWjBKdB]rDYtBe@fBaArCo@xAOTOd@Qb@kAnDi@lBUhAO~AB`BHj@@\\?VB^EVEFOFEDSDg@Bs@CoAYo@IU?SDW?GDOBWNG@QNi@VcAr@]ZK\\G`ABjAAfABlBFbA@hABZAhBCd@@HG|I@jHD~@Gx@@fCDlA@`FEjH@jAGnC@pBIjAIZEd@U`AWr@o@hASTWPWFe@^S^Qj@WbBGr@GpA?j@E`AQ~Bg@nDWhAY~BSbG@x@K|@KDw@D]Le@B{@P]DwA^e@FW?ODS@SHuAXIF?LSTWn@_@h@YVWLo@l@SJQTq@d@a@T{@t@Y^KXGf@FfBEf@?bACXAn@KjCEn@Mt@Qx@w@xBmA|BUXk@h@UVIRGp@P|DHz@TlABf@JV^`DJd@F`ADFTATCNM^o@~AuBx@uA\\e@n@WH?DBJ@HKVo@h@eBDU^sAN_AZ_AJu@LYDWTm@@Kl@qAt@mArAiCN_@Ns@P_BDKFy@@w@Fw@@oBLe@J{@?YTeCHyACeB@kAHe@NCR@T?f@OvAUDGH}@BoAJw@@s@PeB@a@FcAX_BL_@HeAA_AV_AD]?_@PoBEaADk@?SDWDkARm@AGLo@Na@Z[bA[\\Ub@o@Vg@L[Jg@Hy@JaDH}EEcFDuBBYE_BC{IEcD@w@AkCDuAByFJgFGaFOiDK}@Ag@@YLUf@Kn@]RITMJELKJCp@w@\\DLC\\Ax@JPHp@FJCPBBCRAND|@KBEFa@Cu@DyBFcARkAx@eDLShAsD^u@~AcEf@gBZgB`@gEXsDDmAJ_ANmCFi@@m@FUA{@BWBoCBY?cCEaAGYLq@Bo@SqCq@mGOgB?c@QiACs@K}@}AgJm@wEGM@IC{@DKTQPETAn@Q`@?hAORDHAT?ZIX?DCl@Kj@CFE`@?hCUP?XEbBG|@K|CQb@?^Ep@@`@AlBDf@AD@vB?^AdCD\\EpA@d@CdABn@C|BB`@CN@FDZBn@RbAb@F?TPVHh@XZJFD`Ab@t@d@HDh@^RT`Aj@VVfAt@j@f@PJx@|@l@X`@`@h@`@XXx@h@DFZXnA~@XPv@n@H?RTPHLRXVRFTXVTlCxB^b@h@ZhBvAj@Zl@RHJ`@VHL^JLJb@DJ?HAb@VVJH?LI@KBCb@kAb@yAP]LMJc@bAmCLc@Ng@FIb@sATe@BUfA}Cn@cBd@}AXq@R[Ro@Ve@AO@Ir@cCPgBDINkA?_@@AD@PeADe@N{@HQHaAT_Bd@wBNe@rAaFC[IKWi@OOQc@WWCGAWBS""}"
"2021-04-03 08:42:44",walk,"Morning Walk",3414,220,3.719,,,,strava,5059777750,"{""elapsed_time"":3463,""total_elevation_gain"":44.3,""elev_high"":96.1,""elev_low"":71,""average_speed"":1.089,""max_speed"":5.8,""polyline"":""ydoxHxnNRa@DA?_@HK@GT[@GUi@?EMOCMY_@GS?BFABGDA~@iAZm@HYTYFOJg@?_@FYB]AqAFe@CKHS@Y?c@FsAJk@B}A\\gB?WG]?OCa@EI?QE[GMIGQ?KG[CCCOBEAIBOLM?EJA?GI]LQAQDGEIAOJI@c@Rc@BYLUBEDWl@Q`AGRQHECK[AU@GAEC_@@i@CG?w@EoBBuAEGFO`@g@F?LILCPLD?BCOGKQSk@I]BC?EEO@o@A_@Bq@E[@aAAWC[i@cCUWQKMCO@EDM@k@\\I@QLI@UEO?e@GYBKGW_@_@mBK[EWIMASKYG}@@]DK?M@CAIIQBQCc@QYKq@ISY}@IOMk@Qg@OUAAK@Q?IBKAFYG@GEA@G?MQAIWQCOCAEB?CGGAIOUOMAI]]Ug@OSSISAOFKHOFGHYP[C?Am@BOAQLERC|@?f@DRBf@@BLt@Vb@d@BPDBAX@DAXFJHNZ@\\G~ACJMJB?HT?HBDD^ALJvA@l@VpAD^@p@E^BDA@HLBVFLb@ZZpAFJFBZn@HHJXVd@Ph@DFN^d@rCFT@RHb@Bd@FTAFBHFDDn@Lr@JNZnBDJPl@v@jD@NJTZfAPx@@RHNDZDDF@PZ?NDP?p@DfAB\\BHDlBDbAAl@BRALBRARBH@b@DXF@BDB?FH@TAPCB?XB^p@|CJv@V\\HDPRD@b@j@TRDJZ\\HPHBDJBJr@j@HBh@f@TJH?TIDKAc@BOAYBIAGL}A?CMEAQBUN[?MD@?ED??C""}"
"2021-04-04 11:44:14",walk,"Afternoon walk along the river with Nim",3557,208,3.516,,,,strava,5067873241,"{""elapsed_time"":7091,""total_elevation_gain"":12.6,""elev_high"":16.5,""elev_low"":3.9,""average_speed"":0.988,""max_speed"":4,""polyline"":""akbzHuzvBDN?CIQ@GKIGCACE??ABJJYQAGIYKOCMJQAQBECGBGCG@KGEDE@KAe@BCAG?OH[DCBKAE@WEGDa@JQ@GDGAOBO@CFE@c@HAAM@YPAFEBKAGFDX@f@Hl@FVD?AHHHD?PZD`@HLDVFJL~@GP@DFF@NRv@DHBf@DDCV?HLj@Dh@AHB^DNAJBlABF?JHLHLFDB^?LAK@FABD@?A@DABEEBGBB@CBBABG@CBBDCBA\\B\\J\\BXBp@@JFH?FBL?pAH`@C^?d@Gf@?`@AB?`@Cj@YhAKl@ITKh@EF@DAHFDGL@DGHK^MPADB@EDIXQz@?NCL@r@El@@hACL?D?CADACABBD?CA@BA@@ABAGEX@^@CC@@D@zAI~C@AB@GZEdDERQ\\E|A?|DBA?LCb@ArBCj@@t@@B?f@BPAXH~@?l@Kb@Q`@Kb@MTM\\[`@KH?L?AGBKAB@GLGB[FSECEB@LMD?CF?C@@A@AE@BCA@BBCE@?A?BBCACAB@@?C@A?@@FDC@CF@BCAEHCPQJGb@o@?CC??BD@AIDBECADC@@CC?DBCA?E?F@??EA@DBEAAEBBA??BA?BAAC?D@E?@@?CE@F@AG@?G@D?C@@?ABDAEBDECB?@C?@@BG?@DGIFCEDAIHHC@CEXm@IHCX@NGE?BB?ADEG@AFFEA?A@?AA?B?CAB@E@FCE@C@BC?FH@A?@?A@?CA@DBABIACAB@CRSBSNYH[BAFQBWBG@OGKGq@?WBY?CABAAAKC@@CDBCGCCDF@}@C[@k@CG@SBwCAOB_@C]@SAy@?@HoBFQJID]AK@wAAe@BY?WBGAa@BGBcACkDJe@AMBYAQ@M@kA@?C_@B[Ja@N[Fc@FEHSB?CGDG@WFMBODE@MDIX{AHU@ODKFCFQEYCw@JcA@]NY@CJ@LEDBd@KJBLCLBPEH@VIL@FCl@C^BDBPKFMP@FEJ@@EAQDUAKBSC[D_@Cm@@KAq@BKACHi@@m@DC@MAQI_@B_@J]B_@?i@@GC_@?]EU@IJa@@q@AS@o@G]Nc@FqACcAA@Dm@AO?EDCAQ@g@JKTELBBBHCDDD?LCDBN@@CBBF??CAA?BGGLJCACBDGDDEFBFENFE?DA?@EA?@?BG?F@K?DC@KR@ICEA@?@DC?@@BFGE@ACBIAB""}"
"2021-04-05 15:18:34",walk,"Afternoon Walk",1101,74,1.255,,,,strava,5074435912,"{""elapsed_time"":1136,""total_elevation_gain"":24.1,""elev_high"":119.3,""elev_low"":94,""average_speed"":1.14,""max_speed"":4.7,""polyline"":""wljxHveQ@CMU@IABCCYCG[JGEM?a@A?GWF[JIAG@YDKAIFKCS?KN]ETB@CJ@??DFGLg@@MFGDQ?MEMOOSEQD@??G@?DKJMBYCU@O?CG@DGKFBCC?BBGBAFC@KCGDAFO@GLQJELGF]JOJGH?JEJGDEHIBGLG`@GB[b@AFSZEZBEE@GTILAFCB]x@MFQZUB_@ZINAHQ^AZ@X@@DQF?HNLd@JN@JLPB??DJNDDVDHF?@FNHHFDHNDNHBFJP?DBNAPO@KPKHKJCLMBc@CQF[DKD?@AFYFMBAZk@DIBYDM@WFUHDAFPFv@p@LVLDLc@@YTm@CCHK@[CQU[I]AWBEFA@OB@@EA@@CGEELDAAIECd@TDBADH?QPI@?ICEYKD?KTDG""}"
"2021-04-06 17:06:59",ride,"Cycle to Streatham Ice Rink",4628,284,21.544,,,,strava,5080935270,"{""elapsed_time"":5791,""total_elevation_gain"":121.9,""elev_high"":119,""elev_low"":33.4,""average_speed"":4.655,""max_speed"":12.1,""average_watts"":55,""polyline"":""sjjxHh_QCPDb@^ZN\\NNHJJ\\RJBJ?JWpAqApEoAfGw@hFMzBSxAi@pB_CnG_ArCyBdGWz@_BxEg@z@Qj@_@~@G^?CE?[l@GBGA_@_@m@WUMUEMFMn@OTURMAUUq@uB_@_@UKCGABEAeAmAKSg@c@IQ}@i@][]UyBiBuAqAa@W_A{@_BkAcA_A_Aa@UWGE_@a@[Ui@g@s@a@sC}BkAy@eBy@a@Uw@[u@e@sDw@uBGs@BcBAg@Di@C_@@iACU@kA@c@CK@uC@k@Bu@CyB?m@@sALk@@_@DQ?o@FqADaAPuAFk@Hs@?MB[@MDKA]Hm@?}APWAg@Da@LI?MDYAu@VEFa@Ti@PEA]P{@Vu@FeAAi@Io@HuA@y@CMEg@?OEm@?IEU?GBU?OLMFi@BGBI?[Hc@Hi@TYDq@`@YFUCWDWJECEAMHS@GF_@Ci@DOJ]?GD_@HWRMIGDALGD_@H]Tw@V[Nk@LSBSA_@Q]@KCCG?IEEIAEFIAQDmAG_@JKC[B_@Cc@CIEEBk@P}@f@QBSLo@JMJQDe@Vq@j@q@\\a@HsADi@ZQREF}@t@G?wAh@oAb@c@ZYJWXS\\SR[Ti@f@Y\\i@f@iB|A_Al@]XS\\m@j@g@^o@`@IBk@v@{@j@cCtBqAbBe@`@c@|@QPITWd@y@t@a@Vi@j@[Vq@z@MHEJY\\c@Xe@`@G@]EM@SVg@TaAv@{@`A]TYN]X[Le@d@[VI@YRMLANg@\\uAb@s@J_@@eC~@yBb@YL{Ad@mAZUJm@TcAh@OL}AdAaAv@wA`Ai@Xk@PWLEFm@Nk@H_@PKHAFEP?\\ADIBGF]b@k@b@UHOAIUIIUs@GEEASLUBe@N]Fa@NKHqAf@]TSB{@VSNSHKNBn@HR?FEBKAKy@EKEC_A^k@NQHGAMDOHc@NONWLa@X[Lo@LID[VcBbA_Ax@i@TiAn@MDQN_@LgAh@O@e@VGHWHUNu@Vg@Xg@PSBIF]HmAh@i@JeBj@{A`@mA^{@\\}E`C{Aj@wAn@g@ZgChA{@\\G?_@Vs@X[VmA^QN]DUJc@F[Fg@Fe@JgCt@yAp@e@\\c@PwAz@[Vs@Xi@Vu@h@mBdA_ATo@Tc@BEEWKk@_@a@Ms@Wc@CYNQRMDSVg@^w@d@q@v@c@X{@z@uBjCKPcA`A}@j@SHy@n@]PUNYZo@d@Y\\ODe@Xk@TaAVgAT[LY@s@JcC`AQJS@e@L{@f@sAl@a@Tg@LGFEC[JYZ{@h@KDG?QFQRs@ZYRc@PQLYHULAVIFA?EIWPUGd@g@A^FGJe@A[JSTG\\U~Ao@NKv@W`Ao@vDaBTMnAk@nA_@zAs@jAYx@KlAUf@Oh@Mn@WTSn@c@dAi@x@i@z@}@lA}@xA}Aj@u@j@e@fDoDPENUhBoARG^EL?HBl@`@\\HzAl@J@p@Cl@WXGp@]`@OVOj@c@\\SZYLO\\Uh@Sf@Y|AoARIr@UPKbAa@bBg@\\C^ATEt@G`AOzAq@^_@dA_@zAu@pBoAbD}AvAc@TOt@YdAm@fAi@`AO~@_@bBa@xAk@`@I~Aa@TKREpAi@b@Wv@[r@g@RExAu@ZS\\]XO^OTQZOjDaCx@[t@_@j@STMh@OtAo@hA_@NM\\KFEp@Q^Ox@UHEF?JIPETMNCXOPC^Ml@IPG`@C\\OTEPKr@SVMH?b@OR?v@WbAUJKHE@CLKNARQDKJKjE_Dl@_@hAe@tAUd@U~@[TCzAi@r@Q\\CRQFCdAU\\GZKnAWvAk@pC}ANQzAoAd@YLQ`BqALGR?TELQJG^AHCJK\\i@VW|AcCNU@OPYBQTU\\YR[VUZ_@t@o@LGTW`AoAhA}@jAgAn@e@t@y@f@[\\[T[NIXW`@Yd@k@VU?CZSRU|@q@\\_@JGh@i@b@Sn@q@JKTKV[b@SHKTIVYTG`@UXGDEZSTGJ?NGl@KL?HDLMVCNMVE\\OTEBGNEZQV]BA@Bb@Mj@E\\Kp@WFE^QDIV?PKH?F@FEJ?NDNCL?FAJMP?HCJBDERC\\AVEBBT?XIPDFCFLXHd@@HCZCdAA^QL?HMJGn@Md@MPATI|@KtA]VCHITIr@Mp@YjDeARER@FEf@ILMDC\\C~ANv@@bACb@@XGr@Cl@@XDx@AH@tA]pAa@VQHCFGLIpAYZCv@CZG`@?REBBBA@FD?ZI`@C~A[|@CRCt@CXKRCf@?H@vAQx@CjBO~ACrBKzDDrAEj@Bh@CdBJXA`@Gt@AbD@NB~@Az@Dp@AHDFA\\FZPL@\\PN@b@Tr@T`@XvAn@`@XD@TLz@t@|@h@b@d@x@f@f@^p@n@~AfAfB~Ar@b@d@f@t@f@d@b@b@R\\\\HNZL`@b@`@PBH`@\\HLf@\\JLZRDHl@`@PRJFPPFBp@p@zAdAp@X`@TNNJDHTxAV^Kh@^J?LKLY\\qAP]ZYRa@DEb@eBFORw@DI^oAP_@Le@lA_Dr@_CXi@BMn@mBJSDOTa@Jc@l@wAPy@Re@Ju@?WJc@@k@JaAPaAB_@Nq@Fs@h@_Dh@_CPi@Lk@\\}@TgAL]@SEMQ[K]Wa@IUOQKWGW?MDE?B""}"
"2021-04-09 14:37:15",walk,"Walk with Annie",3985,253,4.286,,,,strava,5097732117,"{""elapsed_time"":4193,""total_elevation_gain"":58.1,""elev_high"":166.2,""elev_low"":130.7,""average_speed"":1.076,""max_speed"":2.8,""polyline"":""s`exHjmT@NBFB@BCBBDCNFDSRH@ARc@D?BGFC?Eb@GH_@NBFDJSBBCQAAF@?GFGD[LEDGB@NMH]F?DINm@FKDAVe@@@HGBEHs@BGJKAOJ]?m@@WAQDQAK@g@D]?SJwANq@@g@L_@RyARe@DAX_@?GJMFa@Xw@@EEE?KCAEF@GBA?BFAJQDADEJSLGCEB?@C?@HA`@YJOF?HCHIHAD?FFFXFHH?RPJ@DDNENABCHARKB@BEPGH?VHX?\\HRM@KJORI@EPICKFKLc@CODEAMCEABEYOo@By@RUFABEFDBIHE@MDAAMN]@MHKBQ@KCSAACB?BBCEOGeAIMCSGEC@CUCAIYCq@CCEDICECAIKKE[@SIIC@CCIBc@`@G@KM?SOc@G_@EICYECAICC?MEH@@C[EM@SIc@Wu@KGCGAUISCSKYQiA]mAIKIe@GU@M?BAC?FC@@[IMASKYAMKK?SKc@GOCe@C??MIQ?IIOAMGgBESO{ACu@EM?QCIC[ABCG?QCGB@?SMm@Cg@GSAe@Gm@?SGk@Be@Ie@CCIA@?AABA@E@@AFCQBBC@ACCWAA?a@GCAUBKEO@??PBZAZFJAH@PJ^BZ?NFZATBh@FECZ@?@B?AALDf@@\\DTFr@Hf@Ah@Rt@FSAJH^FbADP@j@BNAzAH^Bd@FR?NFLDf@LXBC@@DNN~@Xz@BZFVFHHDDRPZDl@DJHd@DDPl@Dj@T~@?PDM?H?EF@Hp@Bb@JVBJHVVjABVANCD@JCLBD?FEr@CDE@B`@ATGAGFMGI?EBAJMHMBEDAAG?EFATBJCHIx@@TJHC^Bd@CVKJKFAAEJILENGHI\\ANWp@CDCLC@CH]\\CHIFILWJEJQLc@`AU^ARKPELMTM\\ORELQTI\\JL?EG@EVKRMjAK`@Ed@?VIX?XAVKd@Ef@GP?JET@ZGVBVMr@CBAHGJMHINKJ?FI^MPOZ@Dg@d@KTGTKRABS?CLIJI?CJIAQDITIDELA?GHKEENIDMKQBQQIACPGHCLEAEFEACDQD?@MEMDEFE?MDC?A@I@GCYNKNQBC?CBICIDUTQ@CF]\\YRQEEGAACBIGEHE[?KKOCSEI@QMKE@IIIBIS@KGCDAA?B@CCE?GFELIJSLKDEF@@GBMJ@@QFc@XIBGKEi@GIES?YISEg@CAAG?SFIFC?GDBGCEN@ACAEE?BDBCO@QGa@@PCLBVABD@""}"
"2021-04-11 09:44:32",ride,"Coffee at the top of the hill",5610,420,28.854,,,,strava,5108131860,"{""elapsed_time"":8709,""total_elevation_gain"":264.3,""elev_high"":208.2,""elev_low"":60.3,""average_speed"":5.143,""max_speed"":16.1,""average_watts"":67,""polyline"":""mjjxHh_Q@BENF^PRR^TZL\\VXBZ{@~DSh@q@lCg@jCo@~DKdAOjBOdAg@rBcCtGs@|BwB`Gc@tAGZ]x@iAbDMXUTWh@e@lBGJg@rAQjAMVYhAAJHj@n@vAl@bB\\r@Nh@tBhE`DvHjAbCdB`Ez@pBfBvEP\\FVR^Nb@`@n@Xr@l@nA`@dAV`@jCfFPTFBH?NCROBCRMTSn@{@RKNNN`@Bb@MjBAfABRR^RR|@hA?A@@CSJEBRPTVXPXf@p@f@f@j@v@bBjBpAfB^^dAnA`EpF\\b@lDxEvCrDnBpBxAbAl@ZLRt@h@DJTJDJxB~ApDzCdCnCx@hAl@hAl@rAv@vAFRz@hBDRVZLb@^d@hBbDl@v@^l@BHr@bARb@PRR`@d@l@BJV\\DJj@v@Rb@h@t@R^VXHVRTTPXJ`@FJDJ^H`ATp@j@z@Vf@PRd@`APPJD`A`BVXRd@Z\\JVt@|@NVVRBJA|@FTJzAZ|APl@Tb@Tp@Tb@Ph@`@nBJz@XrAZlBVhAv@zCJj@?Jh@~ALn@Vf@DZLVJLL\\n@pANN@H\\j@DVb@z@`@dAFHH^n@lA\\~@^l@Rd@LNP`@lAjBLX`AbANFPLx@~@`@tAh@jARPh@RPNXH\\PRRPHBDf@\\HBRZZRd@h@b@R^Zb@P^Tr@f@JPFBVR\\LXPFBj@f@VJJJPF\\RhBlAj@V|@n@RH^XfAn@XVVJLJPDPTl@Vj@^`Ad@JLn@d@XRh@Tp@f@^X\\^F@^h@v@|@p@fA\\X^VTT^l@HDDFBJXf@VRPVf@^^d@lA|BZZ^l@b@h@T`@b@fAb@lALvAJVJx@@f@Pn@JpA`@dBJjAJr@F|ARjB@p@DTA\\DRBx@P~ABJFJVNd@LL?JDLAl@DTEhAHBD^FDD^HRFL?DF`BHdCZf@CJFXB\\?b@JVCt@BdANxAvAr@dAhBhAx@\\JHJBd@ZPF^r@p@x@PN\\LRDhCx@TDdAf@|@d@vB`Aj@PPBXPVFL?f@Zz@TvBb@PFpAPFBr@FPDN@lAR`ARpAPR@LBb@?LDRKx@OLIPEf@Ud@CLId@E`@IXAFA|ADXC\\@XDPCN@PCTDd@?RLXFZTVDd@RXFx@^h@\\RPZN|@x@PVLH`@t@JJXl@h@x@t@x@j@t@`@TRV^Xt@^FDx@^vAhAdBjBbCvCn@j@z@bAZP~@x@n@f@|@ZvCxAxAn@RL`Az@HD`@d@TPx@`AHDXZb@`@h@^pBnBrAxAhApAXb@x@zAb@r@Zt@f@t@`BbDr@z@v@j@h@Xd@NTFPJdC~@hBz@z@x@^RTP^h@f@bAjBtEhBrDnCxDl@n@r@dAXZfDnGZVLDV?PHVR^f@H?NJnBfCp@p@v@`Ab@j@fAdBXZZRnHpFlBpAf@n@Zj@Px@JFBFPn@tA`Ib@rCJb@JNFBF?TWNEHIVOZI~As@PQN]Jo@Pu@Xo@ZQLCJGtCcA`@W`@O`@]Xc@Pq@RaBj@}IPsBTcBDsAFUJOh@UJc@JeATk@JMHCJBDDF?HEH?RHJPJh@@PG|@QDc@u@MoAGOGCCB_@l@GZ?REVMZQXMFQAWIKKSo@w@cBq@eBwCmJuDyG_@mASmAoAkFc@iA_@mAiAkEo@kBo@aB}@wBi@}@u@wAMUa@c@aA_BiCqDYe@a@w@y@yB[{@Sy@w@qD]cCk@oCk@mByAoEeB}FQ{@Sq@aA_F_AqDQcAq@sCc@cCE]SgASsA_@mDScCOuDCcB?yAFs@Ae@BgACi@Gg@AqCI}@S{A]sAIIUk@Wc@Ym@g@u@Yw@_@g@a@iAW{@Mo@@SU_CKoBA{@BO@q@HcAEM?MHo@b@kBVcBBeAQwBCsADs@Ho@V}@HQLINKbCq@JGZ_ABSX_AZcBIeAMEi@COBa@?YDMAq@BOAe@GG@q@E]@WCq@H}AD]Hi@DE@EDs@LO?s@HYHW@SJWDKF}@X_@F_@LQ@EBc@J{@^q@h@c@j@Q^c@zAg@nCK|@Kd@K|AMz@Ej@]`BK~@IXCNgAzBWZKTc@^}@j@}@`@{@NW@cACG@a@EGEc@?}@W}@]q@YSOk@Ye@MKI[Ms@e@}@U}@K]?YDO@[PsAP{@\\SBYJa@Hw@DU?]Kg@?]QmA]i@W}@o@eDuCm@c@m@]c@SgAYMAyAHyGjAy@HgADwBWaDm@eCWYGo@GYG]CYIe@GgAUWI[EsA[cASa@EgAWa@OG@MI]M]K}@OIE}Ae@MGoHyBgAW_@OoA[s@Y_IqByAYgFuAsAc@mB{@}BsAoF{Da@_@WOa@_@KEsAiA}AgAiAo@UUoAy@gAg@}EoC_D}AgA]iB_AaE_B_By@}Ao@gCmA}CqBUIe@[IAWLDAEWSO{@_AUQoAmBYi@qBwCuAcBuA{A_C{BmF{EaI}HoDaDmF{F]Y_@Yc@Ys@YgAUa@Cu@Bq@?_BJi@HiA@WDOKGBw@OOK_@[{@oAQ]KEUY[k@aAoAy@mAo@mAgCyD_EyGeBcES]_AqB]k@g@o@sBcCqBgBqFmE}@w@SIe@_@m@_@USiAw@OMs@aA]i@mBoB{@uA_C}Cu@kA_AcAmAeBkDoEuB_Cy@{@s@cAeBkBe@c@Y_@QOw@w@KEg@i@a@WqAyAOYGOmAwBy@eB}AsDWe@K[IOQe@GWOe@aAcBoAuCDOHML]\\i@^w@\\k@@IGc@a@}@_@k@mAwCsBkD?YF_@A[GSUa@I[w@qBW[O]Og@a@s@c@cAMa@c@u@Oc@_@s@[s@e@y@IYKQKGGAEM?KXg@Jg@j@aBP]HCT_@Lq@L[H[LYh@cBZq@V}@lAuC~@aDf@mA@KJYTc@FU@ABBFOLu@Tc@BQP]Nc@Dc@NWFu@Ly@?WFo@R_ALmAH_@TcBFKNaAP{@Bc@Ne@Hg@b@gB\\y@F_@JUH]AYa@u@SYIWOQQUCU?Y@C@@C?""}"
"2021-04-17 15:36:19",walk,"The Barley Mow Pub",2909,210,3.548,,,,strava,5143583778,"{""elapsed_time"":3513,""total_elevation_gain"":82.5,""elev_high"":129.1,""elev_low"":87.1,""average_speed"":1.219,""max_speed"":3.9,""polyline"":""sqvwHzoEY_@E@OQUCAAIBCEE?IFKACA@QCYKe@@i@B[G[CYA}@Gg@?Wa@{BUw@AQYs@COEKE@Ba@Cu@?g@J}@Aw@L_AEa@@A?GCg@BECQHQ@QADCm@CM?MBAJWG_@@??GDI?U?@BIB?@m@?KCCDKMSASIO@ODC?EC@@CCCBFQi@AEDIGM@OGKCSI[Cw@GO?QIWAOIMIa@Ui@GEMi@AOQo@CSGOCSGUKO@CGWGM_@mCMWBEEi@B[AMK]CSOWGg@e@y@G[KYEi@GG?[C??G@_@GYIG@IA@CGK_A@KEME_@?c@G]Am@EUAg@CUAODMCU?WG]EuCIy@?a@G_@@e@GoAEM?SI_@?KIYMmAOo@@UIoAAi@CIE]E{BEB@@GWQSQIk@IABC?B@ADACDCf@rAHMF@@CFCPFBNDfAAXNjAAf@JjAFP?RJ`@PdB@NAPDT?f@Hb@JzAAF@D?LBXC|@DPARNzA?^CRDTAPDJA`@DR?VBJF|BBBJp@Dj@DVLZANDZHFBZB@BRB\\FLLH?DRVNZDZRp@Bv@BB?LABA`@FNRrAFNP|@?FRf@Bl@Rl@DZHLFVAFFHBLR^J^LNJdADLAJBX?PB@BZFF?R@?@RBPJTABJb@@PEL@A@?@PAZDF?PBDAH@JG`@DP?LEH@^GR@RGPAVB\\AJFL?f@EzA?h@EZ@f@Eb@BDAt@G^@FCN\\f@Tl@Jj@DLHf@?FVbAJhBAVJz@Ez@Hp@?l@HADEFCT@LLJ?PHZ\\LFXXFBVDBBBFBNMr@BWDMGHEPDJNAACCJa@b@MCNFBA?CS[@IJCOVA?CJz@c@Oe@DFACA@""}"
"2021-04-22 14:53:12",walk,"Afternoon Walk",721,51,0.87,100,,,strava,5172486123,"{""elapsed_time"":824,""total_elevation_gain"":23.8,""elev_high"":118.7,""elev_low"":94.1,""average_speed"":1.206,""max_speed"":2,""polyline"":""kojxHrvP_@^?NGHQJa@j@MZQZ@Qw@fBe@r@HGGCOn@a@p@WTKVc@b@S\\C^DXNXNNLXPZVNVFJPFRJFZ`@HDHELALORKVSLOF[CQZeANM\\k@@?FIHQ@c@JUB?l@f@j@n@Rc@L_@NiAAYWi@EQ?MAEFCHMB@""}"
"2021-04-25 14:39:31",walk,"Afternoon Walk",1046,70,1.193,118,,,strava,5191016843,"{""elapsed_time"":1339,""total_elevation_gain"":26,""elev_high"":118.5,""elev_low"":94.2,""average_speed"":1.141,""max_speed"":2.8,""polyline"":""yjjxHp_QCJ?V`@n@Kb@Gx@Ut@I?e@_@][OUOGGa@Ai@Lc@P}AFKPk@FIDCNi@FGDDBEIy@GYOEMUGAk@R[PQPO@SZIFO\\ONCAS^GZO\\S^IJIRw@rAY`@]^Yn@MLK@E\\C@B@KGVFLr@DARl@Tb@HHX?VLh@hA^DPKV]XOBEFUBa@N[Fc@XY^o@L}@FEBAVP`@`@NTPLPe@?GJ[Ns@A_@Wy@@KFK""}"
"2021-04-26 09:00:04",walk,"Morning walk",1277,71,1.204,112,,,strava,5194666898,"{""elapsed_time"":1277,""total_elevation_gain"":0,""average_speed"":0.943,""max_speed"":10.2}"
"2021-05-09 11:21:52",walk,"Lunch Walk",2300,191,3.231,131,,,strava,5267446778,"{""elapsed_time"":2396,""total_elevation_gain"":76.4,""elev_high"":166,""elev_low"":89.5,""average_speed"":1.405,""max_speed"":3,""polyline"":""iqgxHbkQHWXq@\\kAVk@H]\\_A`AuBn@mAJ_@Re@HK`@}@La@L[JMDQfBaEj@w@BIRYVUFKXWZc@NOd@i@JSDCX]z@}@bAi@XY^WJMVO^]PGh@e@NKNAd@a@RMLORMFGRGPORILQN_@h@YTSh@[D?PUXU`@o@BMNQD[R_@PKLWJOVKTEVKJATKRUL?LM`@Eh@MPIR?LCj@DJLDj@HJDBHt@DPDJJ@`@^Db@Tf@FRXh@Ld@FNLf@^`ADR^n@Nn@d@hALPJ\\NRVn@PTBTHF@HAFHVHj@DDDXr@f@`@`A\\tBDj@Af@KVGDrBBPCp@Ml@Gb@QTC~@n@`@RD@ZPFJTJZ`@PFLJJLx@tBNVDRVh@DPPnADJHv@ZhANx@Tn@\\tDF`@JhABPB`@BJNxBPp@f@pANr@RVLj@p@hD`@jAZdB@XDRNHB^Vn@@TFPDD@LHFPBbA`@RTTp@\\|ADHFb@Gd@Yx@MTGBQTKXEj@?DJBPe@IGBW""}"
"2021-05-09 12:54:47",walk,"Afternoon Walk",3205,213,3.612,123,,,strava,5268194469,"{""elapsed_time"":3205,""total_elevation_gain"":55.5,""elev_high"":166.2,""elev_low"":89.5,""average_speed"":1.127,""max_speed"":1.8,""polyline"":""w_dxHl}RBYz@yABSIe@Oe@Q}@IUAKOg@Em@K?IGKK]GCCIDMBI_@Q[?EQWAWM_@C[GMOo@AUEYc@mAG]q@kCIg@Yu@I_@GMU_AEe@EMAOQk@K}@Qs@CgBQgBU}AAu@UkBIqAI]Oe@Q[QSSIOSG_@_@iAYm@Qm@w@}@QIGKQKUIQMi@UII_@IOa@QKSUe@U]Uo@YcAs@[Me@_@c@Y_@SWEEGWiAEm@EAG@FQ?MMFI@CAGW?IYu@GGGOIIc@gAKe@GGWu@MSMe@i@mAEUWu@QSIUMSIg@s@aBKg@Gs@KWKBE?MQOCGAAEI?WRWFMHU?]JeAJQDi@ZKJKXa@ZSf@]f@KZKPGVIDELa@Vo@t@OFEF_@VSHg@h@c@PONm@\\YJEFc@Z_@\\OHEH_@R}@x@uCnBo@v@]Zu@bAg@b@c@f@u@jAKJKTMNm@|Ag@dAK\\_@r@I\\MTM`@W^EPgA|BSj@WZ]hAYr@IHITY`AWh@CNk@~Ac@xAQ`@GDSDUCO@KCk@m@EGmAu@WYQUCAe@fBEXMT?Jc@fAOl@c@rA]REAKIKCC?OHQ?OJKCq@[""}"
"2021-05-12 18:24:02",walk,"Evening Walk",1086,75,1.274,109,,,strava,5291507869,"{""elapsed_time"":1130,""total_elevation_gain"":23.9,""elev_high"":118.9,""elev_low"":94.1,""average_speed"":1.173,""max_speed"":1.9,""polyline"":""gkjxHt_Qj@r@FTIZATICDv@UPMd@CBMGU_@YSOUMOCIDc@?c@VsABg@FMJILk@CAG@RO\\{@Ea@Ui@WYEKKEc@NLAm@d@SXWNGLQL?HHB`@S]FQHEB_@r@Ql@IJELQNu@hAGV[r@AAKFm@j@IT?NWTGRA^HTXTPd@`@d@FDR?TPHVLVVZJ@ZEXYRGHODKBe@Nc@Je@DK\\WRSB[DG?]LSJ?FHVNPPR\\HDLUb@_BFKEc@[s@CMBKHGBI""}"
"2021-05-13 16:55:21",walk,"Afternoon Walk",759,62,1.052,111,,,strava,5291507803,"{""elapsed_time"":1064,""total_elevation_gain"":23.8,""elev_high"":119,""elev_low"":94.1,""average_speed"":1.386,""max_speed"":2.6,""polyline"":""{ijxHnaQRZSd@QhAIXKHG@[YGMc@]_@a@BEBk@ASDQFMBOBs@D]EGF_@Ge@CAI[c@B]?EEC?MWUMCf@MNG@{@`B[h@MJe@|@Sf@[f@c@TOZIJO`@AJDPXf@LL\\l@HJTLL?HDZj@^b@NBRGNM@CRKD?JGJYHq@^aATWDSXq@@[DO^N|@`AF@FELYLq@L_@Ei@Um@CK@O""}"
"2021-05-16 12:06:44",ride,"Exploring Colchester",2010,105,8.057,,,,strava,5306737260,"{""elapsed_time"":2258,""total_elevation_gain"":42.5,""elev_high"":33.1,""elev_low"":1.9,""average_speed"":4.009,""max_speed"":10.2,""average_watts"":47,""polyline"":""{rs{HicuDECKAIBe@f@u@l@e@j@_@ZcAdAGRETDnAAPENIJMFMDO?MDKDIJmDvGMLc@n@o@zA[j@QRIDoBJQAcARiAF_@DUFs@Fs@Bc@AUHc@BYPEL@b@JRd@d@Zr@?RMTUD_@B[NGNCb@Kh@ELm@`AIXAZCFG@EAQPELOFGTGd@UZMV{@fAELCPCbCBZRr@PXh@t@L|@Rr@BX?XGZa@`AQv@a@xAY`E[xCB\\A`@Mx@a@lAOJI?UAIEI@SVg@b@GJ?NGR?f@Gh@YlAkAtBe@fAe@v@]r@MLq@DME{@o@Q@IDMNAH?`@YbC?r@STEABCOFQA]OGA]Mo@w@S]M[SUUQW_@e@e@OGa@[oAc@{@UYCSKe@Om@G[Da@T[ZeD~E]n@[v@a@jBUv@k@rAWv@QZYv@MfAG`BL`BXrAL`ARzBBj@Iv@]`AMt@^`E@rCDV?NH`@L\\Zh@JF@HJGJJHR@NPj@HLRTPDLJz@dADz@?l@Gz@@`@JVh@^Xx@@JPl@BZRx@?RFx@DBHCf@[VBFAHUP_BHSFCHDCx@DZCf@DJTDTAb@KXANBNAN@VADEL@DCVCN?NEHBJENBDBL?d@HREPBRKXAROF@NIXGVIH@?B@CBDBGDAJBHHC\\@b@Ij@Cz@?|@CTBdCEdAFJJf@@b@BJDn@E^@z@Ix@DV?XHp@G`BBLFJF\\I|@BH?LFFDL^FJ??JHDF@FABBJ?BC`@AT@PET@`@GV?h@Kv@JJA?ML{@BaAFgA?s@FoFEgBCU@o@GS?OEQ?_ACiA?a@JkBCoACSDo@@iACwA@]C{@FCHBZCRBlAQh@CHA\\QJOAI`@s@@KLQBIZ{ALaAH_@H{AJeANwCLeADw@ZiBF}@R{AAy@ZcCBk@GgABkCCu@@y@CgFB[GeBH]?aBHg@JyAViGn@kM^}N^aJAuBNmEJWHATDb@CNEFGNk@LsARuC?c@Da@?_AFYLW`@]JDNLNAdBHLDPBJEj@LJAHB`@PVFP?j@AXKnAIp@WPSR]La@`@wFGOA[@eDHu@C@?BLGDK@wAGkAUuBH_Ar@{@TOR[DE@KHIFCj@o@NKTWRGZF""}"
"2021-05-16 15:12:44",ride,"Race against the clouds",5336,254,22.785,,,,strava,5308747577,"{""elapsed_time"":9393,""total_elevation_gain"":117,""elev_high"":37.4,""elev_low"":2.6,""average_speed"":4.27,""max_speed"":13,""average_watts"":43,""polyline"":""kcbzHiyvBPQLBtALpADtEXrBFd@?dBFP?XEXFV?X?nDDpD@t@Gh@N~@LVFd@BNDvALRFfCR`BAFCFUGcFS}EA}AIcBBC?GAFAa@@W?m@K}H?mBCaFIaEBcFEgAUyBEcAEaBEa@E{BAiAXqH^iCBm@@yAGsDGqBCsDEcAAsBH_HDuFDY@g@BgEDiBAqCCaA@uAE{AEqJEiCm@oGMw@IiAGiBCaFBeAEoD@}ANeEEuCIiAIg@SuBWoHQsAU{@Yu@QS]QaBg@E@EFQHGCES@a@Oq@[cDMaCEiBC[EsAMqBIcCCaEGoCSaGUkDIqCEs@Is@U{@{@kBwAqDQg@YkAYkBOqBEwA@q@F[LSPGtAF\\?^@PAfAFd@CPMDIBSJ_BRqA^aJH{DHsA?}@HWHaBXcCJwATyJ@WFWDGPGZ@|Br@LHZJ|@Jl@@h@CjAMTGh@@h@JV@NGHSFg@TcFLsABw@l@kGTkBZwDNcAJW\\e@BMAuA@cAJ_BRuFHiBh@sH@a@IcEDwADW^kAHUT_@^_@j@[TWBI?WWsB?SOgAMk@MkAGkC?{@DiDTaFNwE@_DCi@?yFBYTo@jAuBL]ToA@m@?eBUcFO_Ai@cBM_BA}FEwBEc@EoAGmE@s@AsCNkIKkGOgCKkAiAiJ_@wGEqBMiCEu@Iq@?aFLqGAoBCu@K}@Ia@cAwB_@cAoAoES_AUsAKaAGmAAiABo@CgBB}@?q@Be@BuDB[C}@AAKHDBBGDe@@mLGkBKmAUwEYuIImI?cDCc@BoBDcALU\\YJEl@IJEHMLc@FoBB{EDaAIeIFyCCWLe@FcCDk@ReGBiBEo@EUO{AKkB?aAEeDOiD?_@KgAEIEC_AGs@FSAu@@UFm@EK@[GOAC@CHa@IQ@KEI?GEA@?FBUA[DS?QCd@AXDHRHDD\\Kp@Bb@Cd@Bp@Al@BbACp@BJDNZHb@@PA`@LfEAtAB`@@vBFx@XdBBl@?pCMdDOfBAzAQdDGtBHfBAVBxA?tEAzA@b@IjBM`AKZEJIF]J]FQJKRIVCh@AjDEl@BlGNvGHzBFv@?j@HlBRpDJ|@?x@DbAEp@@n@ArA?fEKvQA\\ENATJz@HXp@nDfBtGr@dBX|@PhAFxBCbDItD?vABvBRtDLfDh@zJFZHH`@zCJ\\DTFdAA^JlAHvBBV?tEMvHA~C@~@Cd@DrAN`CFjCBjDAhB@THj@b@|@TnAVzE?^@P@h@C|@IfAQt@[r@}@|ASh@Eb@DbCBvGK|@?\\I`BDV?j@G`@I`AMxCBPErBBPDvCB`@Db@\\jBDz@E`@Mn@w@|BKREX_@bAOf@Ih@?pAHdEEr@?Va@dGKxBKfDS~B@n@En@@jAGXWREHOf@Ij@A`@UlCq@nF[`EKjBAx@W~DS^QFQ?e@Ig@Ak@R]DgA@m@Ck@GkC_AiA[WBm@n@UNAV?ZLPHRHh@FtCAb@K`B@^[rC?j@c@tHG`BMnBEbFa@fCKvAQNWBK@YEMDM?OCY@IGk@Oo@Lo@BWHKHUZHz@XnAx@v@FHFTCL[b@EN@v@H|@dAjC|AlD\\dAFd@f@bK@zADJDPHfDFdA?lDBrCFj@HfBBtANvC@zAN|AFZNlAF`@FPZ\\fBb@ZTHJZh@l@vBFvATxCBnAJzAN~@JpBBhA?z@CRDPQfDBHCtDBl@CbB?RD\\RPKhHLfALb@HnALf@TzBDxBCjABL@`@?lAFjILrAKhAAjCIdBDNBn@KdCBf@CjAMvA?|AA\\?h@D\\GrELxCBnBAnCHf@Gd@BhBD\\?x@GxAIb@]fDMtCE`CR~DAjBFHBPDj@FX@\\@dAGf@?~BJH?JAvBFdB?rCF|@?pEBH?XBZC@@?Cf@HvHBhALvBPhG@bCGJ?XGLMDS@QPQ@wDa@{AKe@I[A}Ba@aAAy@BWAUBsBGy@Be@Ag@FACK@[CMEsAASCsEKc@IcAAyBOkBCq@CGCG@EBC^CB""}"
"2021-05-17 18:43:26",walk,"Evening Walk",1118,63,1.066,,,,strava,5313790491,"{""elapsed_time"":1296,""total_elevation_gain"":24.5,""elev_high"":119.6,""elev_low"":94,""average_speed"":0.953,""max_speed"":2.1,""polyline"":""gjjxH|`QR`@Ql@@LGR@^QTEZI??Bw@_AGCKMKCOU?i@Fk@La@Bm@DO?WCC@BDCGGABHPEC?EAKBQCBBC?HCCBCA@ACHFOYi@OQU@@@QAF@Ds@m@@IE?ING\\ACC@MP@?EBITGDCHGBEHQNAHKNEHBDSV?FE?AH]n@Md@EBATKJADKNA?SPEHQJCJ[p@?HPRL@BBBFB@Jd@Rb@RNDCZFLNBJDBN`@?DB?BFXHJCLOB@?EFID?DEB?HMDADEDSAKDc@LQFONWHKB@FSRSJg@AEF[HSVTV\\F?LPB@DNBBF@@AHSHMJWHm@JWCS@KCMSYEK@C?KHW""}"
"2021-05-18 08:41:45",walk,"Morning Walk",955,65,1.094,119,,,strava,5316227235,"{""elapsed_time"":1546,""total_elevation_gain"":23.7,""elev_high"":118.6,""elev_low"":94.1,""average_speed"":1.146,""max_speed"":2.6,""polyline"":""ekjxHv`Q\\DNXBNENMVEt@M\\CTMB]SYc@o@_@Be@A]@SLSB]Aw@DOPYBOAUNc@CMa@_@MEIIEAQOSCMLS?EF?RKBWf@MJkAbCe@n@EVWl@s@p@i@x@O^HTd@n@^x@PLZDNDb@x@LPZ@RULA^_@Fg@ASN[Jg@h@o@N_@?_@JUr@Xn@t@HETi@Fe@L]?a@Oe@IICI?OHW""}"
"2021-05-19 16:18:35",walk,"Afternoon Walk",1081,69,1.17,120,,,strava,5324058068,"{""elapsed_time"":1100,""total_elevation_gain"":23.7,""elev_high"":118.9,""elev_low"":94.1,""average_speed"":1.082,""max_speed"":2.2,""polyline"":""ojjxHt~PEdA\\j@K^GJAb@G^ILK^OWe@c@OG[[AGIsAPQDODeAPs@FGJUNw@AMBSIg@k@a@WGG?_@\\UZWVUd@_@`@Yf@GNQRe@z@KLK\\]f@EZGRu@l@a@p@EZBLPb@RRBLL\\`@\\`@DFBDDd@v@NJVKFGJEf@_@HODm@Tm@DS\\c@P_@PcAPDNJVRj@p@DAJWHORcABk@[}@AK@GJQ@I""}"
"2021-06-02 09:27:30",walk,"Morning Walk",1268,75,1.275,,,,strava,5399391597,"{""elapsed_time"":1580,""total_elevation_gain"":24.6,""elev_high"":118.7,""elev_low"":94.1,""average_speed"":1.005,""max_speed"":5.6,""polyline"":""ikjxH``QJ@FN@JDJFBLZGXGHDXIb@Qf@GJGEGKGCYa@IEUWA@CCAGAHGAEG?o@AE@EABAYDQNWFk@AYJUID?CP_@JK?DBC?K@??A?H?G@@AH@CA?C@DKEHCCAWDQBQ?MBMAACBAATWDWEE?BFEB@LZ@HIO[SCGQMK?KGSCEBQ@EDE??A]`@KFMREP@MH?e@f@QXEPG??HIJMd@QRG@ACI^OPALINMh@EFQ`@@@EEA@?GAFC?GF?HIRMAIHKPGD?BKHAHO\\DLCBC?AB?LBPRL@A\\t@DRHFHJ\\HFF?ET\\@??FHBBJLLHNF@BBF?HBLGVg@^M@@DMAO?QFOB[P_@HWVQHUFIL]Hs@B??DNF`@\\FB@DZ`@BBF?BSFQ@KHUPw@BCCg@?@Wm@AQ""}"
"2021-06-04 16:22:01",walk,"Afternoon Walk",1030,68,1.156,,,,strava,5412837653,"{""elapsed_time"":1030,""total_elevation_gain"":23.8,""elev_high"":118.8,""elev_low"":94.1,""average_speed"":1.122,""max_speed"":6,""polyline"":""kkjxHn`Qj@ZFPSj@B`@ATKXGF?NGJGCi@m@OI?@[]IOGq@?WBKBEDODaA`@oANy@@@@UFMBSC?Ma@B?KIU?CBICM?]F[TSHk@|@A?IFIL[p@?JIXUNO\\I@KNG`@M^ALOZSHKJKBQT[b@GZGH?PVNX^F@?f@N`@RN\\DPf@f@n@JB`@?DCDKB?JQB?DGFCFKBWAODYVa@Ne@JIRa@DMA??E@GBA?EFU?OFO^Jh@h@LPJHBADK@KHORcA?KB?AE@]Se@GYDSFGACF?EIBACC""}"
"2021-06-09 19:26:21",walk,"Evening Walk",1015,69,1.17,105,,,strava,5442766681,"{""elapsed_time"":1095,""total_elevation_gain"":23.9,""elev_high"":119.4,""elev_low"":94.1,""average_speed"":1.153,""max_speed"":2.2,""polyline"":""qkjxHj`QTAXp@LHK\\GD@FGv@K\\EVICIQY[GMSGEIGCQOAG?YAIFk@FSHg@Bk@Nu@f@iAG[Qm@IIQ_@IGK@MDOHYXILWLQ^Y^IF]n@Qf@i@t@i@~@Yx@KJUJQTMHe@jA@TDJHJHDFJBPVZPf@JFLCNLhAtAD@TAPGVYTa@Dc@FYP[Pe@RUHSJYBa@J_@DCPNNFb@h@NTH?P]DSDYJ_@JQG[M_@IMCI@SHOEW""}"
"2021-06-10 17:32:01",walk,"Evening Walk",595,37,0.632,113,,,strava,5447633175,"{""elapsed_time"":1484,""total_elevation_gain"":6.8,""elev_high"":118.7,""elev_low"":110.8,""average_speed"":1.062,""max_speed"":2.9,""polyline"":""ekjxHtdQZI?NG`@M`@EBo@}@UKa@_@D{APo@?UJg@DQHIDIQSRRKCAEDBKKDXEmCPCAGVlD]DQYI^GnA?LKLCPC`ABLF@RXPJt@|@LSLg@Tm@BSCm@IMK]FQJS?GMJ""}"
"2021-06-11 19:49:39",ride,"Evening ride with the Stars ✨ ",3067,274,17.554,,,,strava,5453616046,"{""elapsed_time"":4605,""total_elevation_gain"":134.8,""elev_high"":124.4,""elev_low"":59.6,""average_speed"":5.723,""max_speed"":12.4,""average_watts"":80,""polyline"":""ujjxHb_Q?^BLNZDBNXTXP\\PT@B?HJN?FCTy@zCu@lCo@|C_ApFi@nFMh@O`@A\\Ur@qBtFuAbEiB`F{B|Gq@zA{AhEk@rCO|@?RJd@^v@HFLVr@dBXf@lAvC|AdDtC~GdCrFxB~Fn@rAH\\R\\ACBADRz@jBbAnBj@zAXj@h@nAZf@Zp@RTALLPTPD@NEZW@E?GPKh@i@Ve@JEH@JHPZDd@?d@ObBAh@Dh@HP|B`CxCfDHLv@z@xAjB^\\dAnAvBvCFL^`@nCrDbAxARRlBhCPPd@x@\\d@\\V?EZ\\`BtAHDlAr@|@v@l@`@PR^V\\\\VNf@f@t@h@zBrBxBdClApBxE~J\\b@\\r@`@p@v@vAjAfBb@j@NXHHfBvCDL`ApAjBvC`@T`AXj@B|A?rAGh@HN?NGZ?ZFLH^DJATBXEX?x@T\\R`@`@X\\p@n@PFh@`@l@j@zB|B~BhCdF~Ed@f@fGrF\\VFBpDpDxCnDjCzDb@h@`@p@f@l@PHDCPAPFd@d@hAp@XTr@^XVRJvAdAbAn@`Bn@XPlAh@j@NPJ|@ZHFl@L\\LLJRDb@RF@ZRNB`@X`Ab@XN`@\\VL`@\\`@TLNzAl@nAv@h@VfAt@n@Xr@f@DHjBlAd@b@~AhAt@d@HJ\\XzDpCtAv@v@VvAp@VBj@RTBjBd@bBf@~@RpDdAXBdAZrBd@fDbAVNx@Vh@TNBXLPB^LDDr@PrAj@b@FpA\\DEGBYGQ?PCFB?BR@PNTB~Ad@x@PP@dB`@|@VlB`@p@JH?x@R`@BNAl@LP?p@N`@FHAv@P|B\\d@BlA@LAZYF?@A@QJO?GBABEqE~@EAOBAEGPBJFE@BIFIBwCs@]C{BY]A]I}@MiCm@wAc@kAS}Cy@?BIG]Gg@SWE}Ag@iIcCyAa@e@IgA[s@Oa@M}D_Am@QeHcByAa@{@Y_Bm@iBqAyA{@}CmCsAaAgDmCm@k@q@e@gCuAgBy@sAu@y@]u@We@Yk@U]_@i@[ICE@KC}@k@oBw@[Qy@[wDaBuAs@qAe@MMyAaAgBeAUMc@EKEa@[eBwB}ByDc@i@sAmBsDsDuAsA_Au@}A}AaIyHiD}CgBeB}BcC{BuBs@c@y@Yk@Ki@Ek@?aAFi@J{@XKAMMMCk@?QDURE?[QQBMQMKWKa@YoAuByEaHgE}GaBuCgA{BUa@Oc@g@y@}AmDqAcBeBoBoC}Bq@o@}FqE}@m@uAy@c@e@kAcBmBuBk@aA_AiA{@oAuAaBqDcF{CuDiAoA_@m@eEuEy@s@y@_Ai@a@]c@QKOO}@aA_A}AWm@MKQ][q@kAqC_B_Dw@sB{@_BCS[y@_AmBYu@iBiEq@eBq@wA{AmD_@m@i@}Ay@iBS]g@sAc@cAU_@}AuD_AcC[o@Wo@WaACMBQFIHIPEv@`@NNhBf@j@ZF@FCLKJUd@wAZsA^[^eACA?BBE@B?BBAHKFOZaBvAsDFIZ_APs@r@eBb@yA`@_AR]Vq@BYHSJYLQNe@?MH]`@wANgA@m@He@@_@DC@OLa@Jw@Nk@Bm@v@cFXmAj@gBHi@d@_BCQOYOc@Ya@Ma@KKISCU@KDI""}"
"2021-06-13 16:46:30",walk,"Afternoon Walk",2235,109,1.845,,,,strava,5464746326,"{""elapsed_time"":3310,""total_elevation_gain"":31.4,""elev_high"":118.7,""elev_low"":94,""average_speed"":0.825,""max_speed"":7.5,""polyline"":""{jjxH|_Q@RHHD?@PNN@HOZ@DED@B?CC@Av@KT?CCFAD?ABDIRFK?MBDAAKVCB?EGK]_@GKIEY]QI?GCUFJ?LC_@BIAK@WFWAG@AFe@FOCGB]AG@GHKACBAA?AIB?ABAAD?DE?IHULK?IGCAB?CKF@A@BHH?CCD@?TQ?IFADICIBKAN?GAB?@@C?D@SEHDSI\\?DBGAL@I@F?CBMGb@EB?DHU?g@BFEMBNFJQ?J@N\\GEDF@i@C[DYCVMLIXAFLNFcADU?UStABGH`@KIGFACFBC@CDAA\\BDDUOIKC?BKB@AEBT@EABAAB@?A?DGIEABEADB?C@@?CCB@?GC@?GGGOC@NIIFCTFNG@G@@TWFQBS@??CAEGGE?GKE@EDACABBICCCD@BCC@D@CGADCA@DB@AE@@ACIOFOGAGMCEME?MKEJ@ACG@AFF?BDFA@BC?BC?AEEDAK@?GC?CFECDIQE@AFSBQNKTC@SZIXBd@ERIPAFBAA@@?MPQLGNGBADC@Ur@?FKPAFCCCBGRCACNGB@FOR?DC@CDG?EJC@@FGNCPG@EH?HSRQFKFg@v@ENKPFVVXBN@ALRJ\\JDLVDDH@JCFF@CBBF?BBC?DFHVLJFRXXJCJFDEF_@BGFC@EB@DGDBFE@EF?Hk@?UJ_@FGL[DGB?^m@DSFGBMAM@CACDUBED?AHXLRPd@l@DDH?JWRaAPe@ABEAB??EA[]}@H]BE?@DC?GGCBLITFQ@MOMIM@@""}"
"2021-06-14 09:09:33",walk,"Morning Walk",841,58,0.989,121,,,strava,5467324667,"{""elapsed_time"":923,""total_elevation_gain"":23.8,""elev_high"":119.2,""elev_low"":93.9,""average_speed"":1.176,""max_speed"":3.5,""polyline"":""kkjxHd`Qh@t@BHAJKX@PAR?TIPOh@E?g@m@]W[c@AeAHY@U?a@@EAMBBAZB[OISWQY?GG?KMI?CI]m@GEE?c@p@Un@KNE@@B]h@Mb@c@t@O^a@`@GN]RUVIR?XT^KMFDh@DHFXXRNT^ZLr@s@RI`@GTMP?@@LIPUNYL_@Be@DGJ?b@VPLHNTVFA^y@FQFa@DCGe@Uo@?M""}"
"2021-06-14 11:05:35",workout,"Lunch Activity",3329,,0,128,,,strava,5467949866,"{""elapsed_time"":3329,""total_elevation_gain"":0,""average_speed"":0,""max_speed"":0}"
"2021-06-18 12:56:36",walk,"Afternoon Walk",1984,127,2.142,111,,,strava,5490211453,"{""elapsed_time"":2196,""total_elevation_gain"":13.3,""elev_high"":16.5,""elev_low"":2.9,""average_speed"":1.08,""max_speed"":1.8,""polyline"":""scbzHwxvBFCCIK@GCI@i@AUEQ?IBWCQKM?YKi@]QGUAIEISq@DICK@QCi@DISSAGEOLa@DMDk@IQII@KGI?ID?XCHIHGCQBQJc@FIAc@LCBg@DEIMoCGm@@m@MkBQISk@?OGSEk@QoAI_AOm@OkA@o@Gw@@k@OoAA{@Cc@E?@aAE}@AMGEDc@?NAuAGg@?OHYDCRGPMTA`@O`@Eb@Qb@GR?THNGLHVAVEVHJHBTFx@Hz@BjANz@Fl@J`FFt@T|@Vf@Jb@Fp@?nA@p@CjCLdBB|@^zCHDP@f@GZ@ZEX@NANBh@V?XNLVPPHz@RVAFBJ?l@Fb@d@ADFCKNJIAEH@""}"
"2021-07-14 16:37:41",walk,"Afternoon Walk",1106,68,1.145,124,,,strava,5627135898,"{""elapsed_time"":1182,""total_elevation_gain"":26.3,""elev_high"":118.7,""elev_low"":94.2,""average_speed"":1.036,""max_speed"":2.3,""polyline"":""sjjxHneQEBCFI^G?EIQMOW{@i@DUGq@DYFS@[Ni@?[d@{@FQHe@`@_AFIBK@MS]GAKGIBSGy@LIDAFQJI@s@~@ELEBYd@QPa@lAi@bAWZU`@S^@HEL]\\UZQLORGNEVFLRNJRLFDXPf@NNF?TJdBpAB?`@g@B?PW?]J_@Vm@^e@HSPm@Fc@FMD?l@d@HBFLVVFBBMJOB]DKR}@AWG]OU?IDUDE""}"
"2021-08-14 17:10:38",walk,"Evening Walk",1180,68,1.148,120,,,strava,5792681338,"{""elapsed_time"":2419,""total_elevation_gain"":24.1,""elev_high"":119,""elev_low"":94.3,""average_speed"":0.973,""max_speed"":2,""polyline"":""ykjxHhfQUIIUQQEIYICQ?OC[D_@ACNm@F{@H_@M_@ISSUW?QKg@QMIWj@KLSp@[b@MZ_@h@[dAMRQJKL[TGHAJIHUv@ALBVRVDJJPBHJJFRNRND\\?JNHZV\\VHN?\\_@RMP[@q@Rk@FGBO^a@Tu@@c@NO@@PBf@`@t@XBCPgA?[DKAMWq@AKBWIm@HAHJGFHCGMJJK?DN""}"
"2021-09-02 07:36:38",walk,"Morning Walk",1064,68,1.156,115,,,strava,5891879457,"{""elapsed_time"":1244,""total_elevation_gain"":24.3,""elev_high"":119.3,""elev_low"":94.3,""average_speed"":1.087,""max_speed"":2.4,""polyline"":""_jjxHhbQGRCnASh@E@WISS_@UYWIOIk@Ac@LW@IAg@Py@L[Z]DM@W@AEKO?QKKKELe@?WEYQIBGJMJX{@FDc@h@GZSd@GFCZUd@Yt@QTOh@e@r@OJ]l@YR_@b@EXDZHVLFb@x@LJLBLHZXXf@r@Dv@u@Dm@T_ANY`@a@L]Jm@HITJVTLH`@d@F?VQDED}@Na@@_@COW_@ISJ]JW""}"
"2021-09-02 09:17:48",ride,"First ride back. Time to get in gear ⚙️ ",3256,224,15.881,,,,strava,5892605363,"{""elapsed_time"":5381,""total_elevation_gain"":98.7,""elev_high"":119.4,""elev_low"":46.1,""average_speed"":4.877,""max_speed"":13.6,""average_watts"":62,""polyline"":""ekjxHj`QDMBBFVR\\hA|ARR?ZE\\[x@k@tBKj@k@zBYrA}@vFS`C[`Ci@vBcI~TmB|FqA|Ba@~AGJ@?ADKNIBGAa@e@m@O]QOCKVMf@GLIHIBMBU?KKUu@i@mAi@}@m@s@eBqAc@a@kA{@wAiAiAeAo@c@yBmBiAs@m@k@e@[IMiAu@UYo@g@c@UcDuCc@OcAq@k@Yw@g@WKs@c@c@MQMu@[YAy@S{AOmAAkB?a@Ey@JgAAGAgA@cAAy@@gACaB@y@Fo@EkBBeDNuALq@B_DZkDPaAPUCe@BeAJ[@i@DoAZGDk@Je@PSNs@PmAd@[FmBIa@Gu@FUCU@s@CkAAq@ISBQGa@?KDc@d@KC[JQB[L[FSNQDSBGAUBQLI@QNe@?I@GBQ@s@REDmB^G@EF_@AgAXw@DWTK?WJWL]TODYCa@M[CQEIEEGESUHI?MDa@E]HSAKDMA[@MAIMUGSAMFEHGBIBK?ODKRKFGJMDOAa@DOHEAIH]HMHK@ODQLKTEHSBWBm@LGDQDQL_@FWJMCq@NUGy@z@g@Jy@f@NGALUXy@\\CAKJ[LEDEGGLANGLO?EDMPe@ZeA|@k@n@MDg@Z]b@_@Xc@Z_@RmApAORq@b@cAb@Y\\IDsBzBgAbAg@p@qB`COX]`@MXc@d@_@Xc@h@g@b@]f@]XMDa@n@[Zw@j@[B[LUXIHMDg@h@_@f@q@VSPi@`@a@JWXa@HM@KDMNGNMPy@t@WDkA`@K@IEEIAa@a@uBMeAQaAIQMm@m@iF?OQq@Cm@S_AIm@@SLmAFQ@W^gBt@cAP[RMFK@IQ{@w@uBQu@KQESWw@?KBMNQVSx@{@LG@G^[X]LWTSJQ`A}@rC{CxBuBn@w@@GAUy@cDsAcEYoAo@yBMm@oAqDMo@k@uBq@wBYmA{AiI[qAU}Ac@iBAO]mBw@eEIk@YyAKYS_@W[IEy@S_AS_@MSBCCo@M]M]CG@c@ZG@MNOBCDC?RQA?ILDGZKV[NINCBCR?d@Tl@NVBLDL@BHlANDB^BLFf@t@FPNt@Z`CRz@XlBPh@VhAPjAFNZ~AdA|Fh@fCL|@d@jBd@xAPt@Vf@ZdAFF`AZh@Vv@VlFvBJBTLp@Tn@Zp@T\\Hn@VF?JBZRFBNLb@H\\TXLFFCE@B@?HMRi@H{@Ns@LIJ?LBHFH?XDl@\\DLDd@ATMrB@RNXVNr@H^JPHhARXLp@LLA`@Fd@LPNF@?FXPZBTJJFLRBJB\\FRJFB^b@MV_@\\]LKREx@y@v@g@LQp@o@z@_Ab@_@z@ULKHONQf@Un@g@VKPAHQLGHSDCNQNMRY`@Uf@MNIl@UJM`@WLSVUP?NCTMHARIPOl@MNKfAAHDb@AZDHFPCd@J`@@VUfA?h@_@TAREV?VDT?ZAh@EXBJFHr@[fCLnAE`A@~AJ|@H`ACP?x@FJALGPBXFHRJJ@fAONEd@Er@QhASRInA]FGRCNIl@QTCFCj@GBCLETUTAjBHb@C^BTAHBbABzBIp@Dn@AFEdB[t@]FIPGNO^MTCLEL@p@GPEJARBBCBD?EPBFSJINAHID?@C@?@HFGhACxAKb@IX?|BSx@CVGn@EV@TI|@C^Kn@?n@GbA@JCfA?b@Cx@Fz@AlABNDj@?RGR?`ABnGCt@@^AJBjA?HBh@Dr@CZFNHXHb@RTDXPj@RTPZNNJr@XLJTF\\RXTTXJB`BlAfA~@PJLLNTp@Zf@^XPHLZRPTjBvAH?JD^b@rAbArAhATLX\\^Nh@l@n@b@NP`Ax@JPPDNL\\RNDRRj@`@LTRNLPbA\\f@d@HPlAZp@Hf@RNELMf@iAB]NWPk@JOD@DEPYRq@@IDELc@Ns@|@aCZcAf@gADWjA_DRu@n@_BNi@b@oAVi@V{@BQJUNo@Je@R{CVmAFs@Li@@ILo@Fo@JUn@{DRo@Jo@R{@\\_AV_AAMYk@IW]_@I[We@ASFI""}"
"2021-09-06 09:44:34",ride,"Monday morning",2009,136,8.892,,,,strava,5914461634,"{""elapsed_time"":4281,""total_elevation_gain"":75.4,""elev_high"":119.4,""elev_low"":59.2,""average_speed"":4.426,""max_speed"":12.7,""average_watts"":61,""polyline"":""ujjxHx`QNPD@@C@BXj@XVLVJDJV@TG\\y@pCYtA[bAo@|Cs@pEUxBC|@G^[tAk@rBsErMsApD_@nA}@`C_@nAUj@k@|@On@CTiArCI\\M~@Sn@GLA\\Db@^x@HZb@z@Pf@z@nBr@vARXb@~@@RDNfCzFtAfDfAxBz@hBbAnCZd@DTFNPZF\\Vv@j@rAh@x@r@|ATRHPFFHZf@bAX`@\\nAXl@f@~@FDNFTKHKj@_@b@a@Xa@P@NHLTHd@Av@K~@EhAF\\Td@zA|Ap@x@XV`@d@PLpDfEZb@l@p@nAfBXTRXR\\FDj@t@JR`@b@rAlBVXZh@`@f@Vd@PPbArAp@p@PNLNN\\TTFLl@j@VPd@f@d@RbAn@b@b@HDNPt@`@hBdBPHp@p@JDRRNJLLNJNDf@j@f@r@b@b@\\d@\\^~@nA^t@FBXp@v@rAxAnDpCbFb@h@DLT\\`AvANJvAdCnB|CR^rAtBTPNDJAFEAJQGQHWKMKm@eAo@w@GQo@w@Yk@c@k@Qc@k@q@gDyFSUO[MOO]a@k@sAmCkAgCU_@_@_AOUi@kASSe@s@cBmBoAmAo@e@w@w@m@a@Y]w@k@cA}@SMQUiAu@q@m@UM]Yg@U[]c@m@Qa@i@q@_@]OWg@k@e@{@[WKWU[GCe@m@OIoAcBa@a@iB}BS]iAwAUa@yAgBYa@cAy@eAcA[q@i@k@IOaBoBc@[W_@QEOKO[KKIAk@a@a@m@WWS]Se@YW]u@Y]m@kAGUYm@Mc@MYOc@KQQ_@SYM]MMYcAg@kAa@u@Uq@MQEO{@eBoDoIcAuBaAaC[m@k@qAyAwDkA{Bk@eBSYcA{BIWYe@EC_@gAKe@Ye@_@kAAQBSJ[BAVH\\ZNZFF?JNCHJN@FCj@DLCTFL?NFTCTSXu@Lg@FGBMEG@ILKJS\\]HODYPWDWLW^qAd@gATy@f@gAT{@LUX}@FWFOBOHUFEJe@f@qAHMPk@HMV}@JQFULU@EC?DAFOHW@WHa@Rk@FUB]C?@AASFSBk@f@uCB[L_AAKHSBWf@mCPq@D_@RaAPg@R_@Z}APm@@Ya@cAY_@GWSWGEE[@UDA""}"
"2021-09-07 09:51:56",walk,"Morning Walk",862,58,0.989,124,,,strava,5919753831,"{""elapsed_time"":914,""total_elevation_gain"":24.2,""elev_high"":119.2,""elev_low"":94.3,""average_speed"":1.147,""max_speed"":2.3,""polyline"":""umjxHj~PF]NW@LGLE?b@}AReAOa@IICMKSCAU?q@RWTe@j@]bAKJW^GFWh@GTEBCFORCJ_@f@Sl@]`@CHa@RY^Sr@CRBHJFHPPJNP@NNR@JHHJDTHF?HXNFh@p@LDTEDKV[JCNSDU?ONq@Xq@VSJYLa@Ba@DGF@NPD?HDn@r@J@DQLSXaB@IOWU_A""}"
"2021-09-08 08:57:29",walk,"Morning Walk",972,63,1.062,117,,,strava,5925408442,"{""elapsed_time"":1428,""total_elevation_gain"":24.4,""elev_high"":119.2,""elev_low"":94.3,""average_speed"":1.093,""max_speed"":2.1,""polyline"":""cljxHxfQAQOUUKa@k@Gk@?S?ML]TuABGJGIJb@sABQ?KI@Na@@T?COGS?YQMEMCA@KEa@ESDOb@SVGHM?s@fBKTQNW`@YZI\\e@|@OBEF@FKBYZIBM^AVLPb@b@^bAHFLF^@HV\\d@BFJLXDPMLONMPKBEDKJg@Nc@Vq@PU\\}@?UBMDEB?r@f@\\j@D@TY^aB?[[cABO""}"
"2021-09-17 08:55:21",walk,"Morning Walk",941,67,1.138,114,,,strava,5973583390,"{""elapsed_time"":1079,""total_elevation_gain"":24.5,""elev_high"":119.3,""elev_low"":94.3,""average_speed"":1.21,""max_speed"":3.1,""polyline"":""wjjxHj_QBb@PLNP?TMh@Ir@KVGZIHq@q@UMQUKIAi@EO?QP_ABk@H[\\i@B@AOOPKf@A]WoA[MOMWD_@AMHELORUd@Wb@IF[r@a@l@Wv@[VER_@RKPGDa@z@?PBDBTTRDJPT^v@XHPJDFBNNBLJNVXHRIv@o@@e@Vs@He@j@s@NYLeAj@d@n@z@FAb@cALw@Ag@Yw@AIDSLS""}"
"2021-10-26 09:32:51",walk,"Morning Walk",1190,78,1.315,,,,strava,6168092954,"{""elapsed_time"":1444,""total_elevation_gain"":24.4,""elev_high"":119,""elev_low"":94.2,""average_speed"":1.105,""max_speed"":3.825,""polyline"":""amjxH`eQKGCEC?AGGGAEELCEAI?OFI?ICG?_@IQ?BBGBA@ODGAK?QFIB?AKBU?OBKAIDIFEXu@BCF_@@R?U@GCYGMEC@@C@ECAEGCIGM@GACEG@EKGDCAKDCFKFIXST?HILILAAEBA??DGB?DCBCAABE@AHIF?FE@INAZKJAHACAD_@ZIRC@@HACKRAACVE@@BBEADEIG@@T?CC?MNCFEBG?ELACAHMNEPCBEEIDAJE@GPM@ETQZCPRv@DCFHFABFBAF@@FBAAEB@BBI@ACBLB@?DFD?FDA@FD?@DHJD?@BHAPDFADEFP?JA?BB?DF?BB@ABDB??DFL?NFD?DDDDCBDAA?@?AB@@EC?B?A@D@VSHCBSDIB@FEN?BEB?@C?UDOCGBE?SNs@JMJEFID?@CNEFG@MDAGBHQDa@?QAIGLDMAFFI@LAFRXDAFF@EB@DE?EDDLVBNABDFBGDFJ@LYBK?GBFFK@SDC?KNg@Mk@S_@KUJ[FI@BBCCQ@??@?CBAABC@?AEZ@AFY@BECBU]WQDLD^N[EPPK@?IEH?JROIDNm@Sn@CC?BBACCDGHL?A""}"
"2021-11-01 09:54:13",walk,"Morning Walk",1128,74,1.247,132,,,strava,6195926635,"{""elapsed_time"":1244,""total_elevation_gain"":24.4,""elev_high"":119.3,""elev_low"":94.3,""average_speed"":1.105,""max_speed"":2.023,""polyline"":""ykjxH`~PdA|B?HO\\B^G\\MVCB?FKPE@ICQUQOB@OSSK?CHDMMUCAEASBQ?UIW?GN[@?D[@g@D[X_@Rk@?HI^T{@?OHe@NYDMOZISEDKWCBKS@@YKKOG?GNYPa@p@QTEBMTKFGR_@^EZOZCC@M[j@CEE@BTCFAPQVCJ[^ANMPOTKCWJ[h@Wv@?NFRDDAFh@^Hb@HLDCDJ`@^JMNFBBBJNHDFBZNRNAN]D@NWNOHKFABaAHMTQHMJYRU@MFOAMLq@FB@ENPRJh@h@R^BC@MDQDAP{@Lc@?Oc@wA""}"
"2021-11-23 07:53:46",walk,"Morning Walk",1052,68,1.153,127,,,strava,6295481736,"{""elapsed_time"":1124,""total_elevation_gain"":24.4,""elev_high"":119.4,""elev_low"":94.3,""average_speed"":1.096,""max_speed"":2.041,""polyline"":""sjjxHt_Q@b@JZJR?DS^?x@[x@E?MUaAw@Q]DSCQB_A@GJOF]Bo@d@eARcAB_@KUQQKWQSKAABSBQNSLSTMXCPKFKRWRKVQTKd@Wd@CPa@^G?ERIDYd@@NK`@K?SJi@d@_@fA?TJ^b@VH^Pb@AEJLNJFE\\?FHHRJJN\\FDFPD@F?DITOB?BIJC^o@DYGQBSZ[HULKVa@J]Fk@FMt@n@V\\@AJJHC?EPg@AE\\gA?e@]u@AIDM""}"
"2021-11-23 08:39:29",ride,"Morning Ride",908,45,4.761,,,,strava,6295855607,"{""elapsed_time"":926,""total_elevation_gain"":21.6,""elev_high"":119.4,""elev_low"":55,""average_speed"":5.243,""max_speed"":11.654,""average_watts"":44,""polyline"":""wjjxHd`QBTDL~@bAN\\R\\D@BHALG`@s@~Bu@zCiAnFc@pCa@hEUtASv@{HpT}AvEw@vBa@x@u@zB[v@KBc@e@UMaA[S@IJYz@IJUFMEUWs@eBk@gASYkAiAkF}DaCsBqFkEgBoA{AqAoEkDm@c@sAw@aDaBGBGR[zBKhAa@`Dc@~BOjAIRKNu@l@ORYLe@LGJc@FWE{AD_@RQRIRIpA@hANpB@xAMbGEFIFQBiAOi@@i@Cu@DkANiAX{@f@GHAb@V`CLp@VpD@j@Cj@O`AKf@[r@SZWTWNoB\\KDQRUj@In@?NJ~AZpCN|BJ|@XxCX|D^hERlCBx@D\\LZLhAP|ELzA?f@Ft@HxBDb@AXEH]^G@QJiA|@E\\VdEFbBN`BNpC@p@Cj@?dAJhADJD?VOfBc@HGBI?KG_@GaAKa@@IDEDSBGNGRFAA?@""}"
"2021-11-23 09:48:03",workout,"Morning Activity",2404,,0,184,,,strava,6295855580,"{""elapsed_time"":2404,""total_elevation_gain"":0,""average_speed"":0,""max_speed"":0}"
"2021-11-23 14:09:35",ride,"Afternoon Ride",1374,103,4.915,,,,strava,6296808925,"{""elapsed_time"":1735,""total_elevation_gain"":84.2,""elev_high"":119.4,""elev_low"":51.9,""average_speed"":3.577,""max_speed"":13.764,""average_watts"":67,""polyline"":""atmxHp`WC@CLQLEHER?ZH\\ALHv@EL]RW@YJIH_@BOHQCEU@]EeA@gAAa@Is@E}@k@qIM_C@MZa@b@_@f@[TSHO@I?c@Eo@]uGUkCA[]wFm@}GYaEM_AAq@Km@[gEOkASuCCs@L_AZu@RMv@OLGT@FC\\Qf@g@NWZ{@H]JiA@g@SaD_@wDE[KYCYHe@Tm@b@yARgALoALyAF_B?u@IwCMmBUcBM}AOqASwBE_AIoG?OH]VIPAV@tDCfA@N@`@EpI@d@LN?PEj@BxBx@v@\\ZTv@TVPF@^Vx@`@b@^p@f@t@b@vDxC`BjAt@p@p@`@\\XlApAXJ^Vl@h@zC~BZ\\p@d@pAfAjBpAnAfATNb@Nl@XxCfALJN@POJUXaA`@aBDBb@q@n@oBHKDW`AsCdAqC`B}ERa@HYZ{@b@wA\\s@Vq@@UTo@T{ABu@ZoCNeAPw@HUHi@Ba@z@aEr@aCHe@f@aB@K?KGQSUO[MOQc@QOMa@?UFI""}"
"2021-11-24 09:44:34",walk,"Morning Walk",1238,77,1.311,,,,strava,6300327535,"{""elapsed_time"":1553,""total_elevation_gain"":24.5,""elev_high"":119.4,""elev_low"":94.3,""average_speed"":1.059,""max_speed"":2.402,""polyline"":""_jjxHfbQD??DCJILAH?BFD@DIPCVGH?HIL@DA@INC?OWYW@ECBAG[QGKCCABIIBAE@EGAq@@e@DUDC?CBBAHAA?DEB?GFHED?I@HNa@EYDM?SBc@JQC?LOBMAB@@BQNa@DEB_@BED[?FA?G[?OA@IEIKAF?KICGKOACDQMGBGLE@@@KBGDE?Ud@U\\E@CNIDITQVB?EBCFMJGRGDCJE@EL?BCD@JAACBANGT?AG@IAGPSLCF@FIJB?AJS\\BFETC@CFKHKG?RWTMZQJIPAZTb@HBLPF^T\\VNLA?BDBH@DLKKD@C@B?EA@CIEM@GD?B?EDCJPBC?GFBABBC@GCAA@JH@FEH@BD@LNH?BL@@BAL^L?@CF?DCB@JIDIDC?EHEB?ACD?HMFEBBHg@?OAEAOFSHE@MFEFQJGHWLEDIAKG@?CBCADFCBGBQDI?Q@?DMBABBAKT^?AB@TVFBDCTd@JHFQHMCG@EAET]?SPc@AOMm@GGKW@IHI?G@A""}"
"2021-11-25 08:05:55",walk,"Morning Walk",1121,86,1.456,122,,,strava,6304319901,"{""elapsed_time"":1847,""total_elevation_gain"":24.2,""elev_high"":119.1,""elev_low"":94.3,""average_speed"":1.299,""max_speed"":2.084,""polyline"":""ekjxHf`QR^RRBRM\\?j@ETE?Un@WMB?QSICKQ[Y@CAHKQDQCE?IGGFq@CBV{@EMLSWFNWAAJYPQX{@FqBCIMGEM_@UMCG@UNCPOJOPGPWXMZGBWTWb@MLWp@G@EHOXAJKJ?BW\\AZI\\GDILIBAD]NM@IDUp@SZ?d@BHDJJLL`@NNT`@@JN@DDf@HDDZt@VVDBLE@CDDZYHSPGFML}@EUBOPKX[\\m@Jw@?YLGRP\\PPN`@h@DE?OH[F[Ro@?_@OWQa@@QHKBMB?BGGC@CCJCQF@CCG@LCJ@Q?B@ICADBA?B""}"
"2021-11-25 11:33:16",swim,"Lunch Swim",116,,0,144,,,strava,6304811342,"{""elapsed_time"":595,""total_elevation_gain"":0,""average_speed"":0,""max_speed"":0}"
"2021-11-28 11:29:18",walk,"Lunch Walk",1077,72,1.222,119,,,strava,6317000473,"{""elapsed_time"":1352,""total_elevation_gain"":24.3,""elev_high"":119.2,""elev_low"":94.2,""average_speed"":1.134,""max_speed"":2.332,""polyline"":""ojjxH`_QBHDx@JP?LU\\DJ?TQn@EVOPQ[AGQKWWOCWWFwAHQFEI?Jo@DI?OBOBMV]U`@GBZa@BMAEDE?KR_@Fa@Mk@KQOMAGS[QF[@ULSRGPQRWl@a@b@]t@ELBDe@d@Sd@[b@[n@?De@d@a@j@CBS\\GVA`@Nh@b@`@Vl@HDJH`@JHJFPVPFRNP\\?^a@@IAAXSL[@q@BQPUDQX[^q@JaADBE@`@HLPVPVZHBHWF_@Ri@FW?_@EO[q@P]""}"
"2021-11-29 09:45:01",workout,"Blaze Workout",2755,,0,174,,,strava,6320823041,"{""elapsed_time"":2755,""total_elevation_gain"":0,""average_speed"":0,""max_speed"":0}"
"2021-11-30 09:05:57",walk,"Morning Walk",1100,74,1.255,118,,,strava,6324710831,"{""elapsed_time"":1498,""total_elevation_gain"":24.4,""elev_high"":119.7,""elev_low"":94.3,""average_speed"":1.141,""max_speed"":2.226,""polyline"":""uhjxHfaQaAi@BLDNFDP\\M^IjAO`@AHIJE@q@w@c@_@?CKCFWGIG[?i@N[BQAEH[Be@R[XmAHQHe@Ki@c@i@ICW@CDG@SNQFa@`A[VYl@[VOd@MHCJG@EPILD@g@d@EVIBCNQ^GVEHa@VS^]d@Gb@BTXj@LNLB@JJL\\`@d@?Pd@RRDPJJP?^KBQPSVKDWBk@`@_A^e@L]HUFi@HAE@PJ@FFBPTD?^d@L?\\eAFa@HGAk@GYMQEM?SNQCWE@BBFj@XWCGo@SDDDQBD""}"
"2021-12-15 13:39:21",workout,"Afternoon Activity",4331,,0,141,,,strava,6387079809,"{""elapsed_time"":4331,""total_elevation_gain"":0,""average_speed"":0,""max_speed"":0}"
"2022-01-16 16:58:55",walk,"Afternoon Walk",1004,66,1.123,,,,strava,6534371770,"{""elapsed_time"":1038,""total_elevation_gain"":24.2,""elev_high"":119,""elev_low"":94.2,""average_speed"":1.119,""max_speed"":2.35,""polyline"":""_jjxHvbQCJKFEbACB?CEDCJ?VA@ADGBKYEC?CGAEI?EGBAKEIEBIAUWGFEMDc@CW@E@[Ra@GEFYB@@C?K@JGGDWDAA]AA?GGEABACCKA?MSAGGH?IOQKIA?@BEACKBDA@EAB@EI?IIMCG@A@DC@]KINE?UZB@IHCRE@KXSTETC@EFEJC@EDCHGD?@C?BHJ??DCCABSJEFAH?CKN?HIPALC@?DEJGBM?CDE??E?DKPCBQb@A@IPEAMLO|@DVNLBFTHJREABBAFNPHPNH@FNBDELJCEG?H?JXABB?TJ?BJ^THNBFCB@JAJGFUTYBOB?BEDQG@IC?@B??EDCA@ACFO?MDMBG@?JM@@DEFYDC@OBB`@u@?MDGJi@BA?@?A?BC?@ABDHBDCDLJDDHHD^f@DFDAd@eBJ[@B?]]_AAODUCK""}"
"2022-01-17 10:04:43",walk,"Morning Walk",1016,78,1.322,104,,,strava,6537083567,"{""elapsed_time"":1499,""total_elevation_gain"":24.2,""elev_high"":119.2,""elev_low"":94.3,""average_speed"":1.301,""max_speed"":2.26,""polyline"":""ujjxHt`Q^Z?BKb@?VGLCr@Sh@K@k@u@g@_@MED?KGC{@Dm@HKBQNyAFCJ@DGL]Be@H]DYE[AKs@s@GCQBKBE?OHUVo@bAEVUVEJEBk@fAAAGd@e@p@AJY`@GZMTSTOFQPO@EB]r@CL?\\FPDHN@\\f@FRJJBLLP\\CDBL?L`@DXR^FBL?NAVQFWHAXQJc@@g@FMNk@NU`@]DMDw@@@FYAAbAt@X^DB@CPg@PaAJOIg@Yo@?OFOBK?DJII?I_@DZCC""}"
"2022-01-19 08:41:25",walk,"Morning Walk",1764,105,1.772,111,,,strava,6557390851,"{""elapsed_time"":1859,""total_elevation_gain"":43.9,""elev_high"":119.4,""elev_low"":94.2,""average_speed"":1.005,""max_speed"":1.829,""polyline"":""{ljxHr{PFMLC@EE@PMAG@YE?RWLWSKCK[WEKGEEGe@?{ArAMXUVELe@t@@@e@`A[b@k@dAI\\MPKHQTIBSR?BOT?DUj@APBLTXFRHLJHXj@TPLFZAL^ADNLBJVb@BGZILQHE@KNQJEACJIBc@?MH]DGB@Vm@`@e@De@DCHS@WIiABSBQFIFUFi@@c@RYTg@EENm@DKFc@Me@g@u@OCUFk@h@a@`@MHEHANMPMBGFIXKJKXORk@lAa@n@IPGVQTOHGJIDMVONELGHSf@?d@BHNNAFNH?BLJAHLPJHBHHLLFZ@P^PPDJ@HJJJBL@DBJCLKHQAEHGB?@CVSH[?e@LQPk@@?Te@X]Lm@?YBE@?CFt@d@f@n@D@Rc@BYDEHi@HYAk@IUGCMS?EBMJS@DBI""}"
"2022-01-23 11:18:01",walk,"Lunch Walk",3418,228,3.854,,,,strava,6568505294,"{""elapsed_time"":3675,""total_elevation_gain"":38.9,""elev_high"":96.5,""elev_low"":71,""average_speed"":1.128,""max_speed"":12.848,""polyline"":""o_oxHvuMFOBUCGD@BOBYDQ?_@DUAI@q@FYDIJu@@YG}@QkA?MECCII@O?OCUOI@C?m@N@@ABY?KFCA?BU@MHGCG@KGWF]RYBm@JUNKNMVWfAAJ@ACDB?GPQAGIEUGaB@_AGqDBWK]HAPKBGVUZIRRXb@ZV\\F\\C@EDBVCPEFEXy@Ba@CgCMiACy@@WOq@e@{AYa@Mc@IIGSMo@KWGo@]kBMa@OMGAOFKLIX@X`@bCCXGJMHg@NQ?GDI?YL]FYJEFu@RGAKB]IO@GCODSCGKGCIUAIIWCSKa@A@O{@YgACIABACE]Ca@CARg@@GAe@AK@OE]a@mAc@cAg@aBIEG]CAO@ICEKKDM?KDM?c@RE?ECCDWEM@GJMD@BGJDCCCGBEDI@CFMDSNEf@@l@GxAG\\K??LCLAd@\\`BN`BDJNz@Lb@XPJ@HRJA?EKXA^VpAZ~@Zj@Rj@h@fAVt@PfATbBDNDbAHVHHDXF`A~BpKPl@Pb@Jl@JNALJV@ZFJJ?@DHd@@PCTT|CJhE@hADdAXNDRAh@Fx@ThAHf@?HHXHb@PZfAhAV^l@p@\\j@`@\\h@Zf@b@HDFAJIDOTaC[}@ES?Sj@eDXs@D?@BJB@ABDB??EAH?G?@DA?AB?@ENKPC@GBA@BBEC@?AICGTCBEAEHCX@\\JXZJPCRMB@?@@?HN@VGtDE`@MdCUnC""}"
"2022-02-12 11:29:05",walk,"Lunch Walk",1104,73,1.244,120,,,strava,6670624498,"{""elapsed_time"":1311,""total_elevation_gain"":24.3,""elev_high"":119.3,""elev_low"":94.4,""average_speed"":1.127,""max_speed"":2.519,""polyline"":""wjjxHz_QFd@ZX@DIVBK@]Ot@B^G^GLKb@IDo@q@i@_@@?CGI?CEEe@?m@DUHIB@?k@L}@T_@HQ?BNi@RiAI[k@g@IC[B{@`@AFDAGRQZ[^KVOJ?AKT]\\OZQTS`@AJ_@n@MZGTORE^@EWAUPk@nALGCBA^DJR`@d@p@P\\RLT@FBNZLFJABJBRHDD@VEDG@KTUTMFMDC?]Dk@DEVm@JIFMNKLc@Jk@HUD?DPBBt@j@X^D?Na@Ls@Pi@Ea@IGOSCa@?@Fe@@@FC@B?UBB""}"
"2022-02-15 10:13:13",walk,"Morning Walk",861,65,1.1,,,,strava,6685716090,"{""elapsed_time"":936,""total_elevation_gain"":24.5,""elev_high"":119.3,""elev_low"":94.2,""average_speed"":1.277,""max_speed"":2.93,""polyline"":""ijjxH|`QRh@Qf@DB?CB^IZSRGZGD[[GUICKME?EGGCCKGA@BE@ESFc@Ag@L[DQ?i@IME@AKE@CAE?CAOSEQG?EIHVKMAKGEG?COKGM_@KOIEQVABDB?GMLEHBB]h@EDEAIh@IHKRGB?BIFQ^AJOT?AIPIVOJIJMD[f@KTALQZ@JH`@NN?DHHD@?BB@DGA??CC??@LLRb@@C@HPN@B\\TFCJ`@D@JNDRBA@B@JBATFHCFDFMHGAEDED?JW@BHC?EJCACDKDEACDWAOBOFWDEDMEQHADE@@BAPQDOFG?IRo@CA@CFOF?AAA?BACA@DJJ@@@A@@Z\\HBZb@FBDMJOH]?KV_A@MGe@GOGII[LU?D""}"
"2022-02-16 11:36:44",walk,"Lunch Walk",1008,74,1.253,,,,strava,6695146154,"{""elapsed_time"":1098,""total_elevation_gain"":24.7,""elev_high"":119.3,""elev_low"":94.3,""average_speed"":1.243,""max_speed"":3.126,""polyline"":""wjjxHp_QJh@LLHTGd@A@AAGf@?^Q^CLKJYa@QQ?E_@SIKGCEEGY?W@CCQFc@BGFG@g@Le@@Q?KL]DW@D@ARw@@AAHDGLa@@MABI]OQ@AIGCGQMU?OFE?ABAC?DMAYXEL?EWn@W\\CLSTGLEDc@VELEBGRIN?HGHCNUTEPOPCLG@Md@MRDMB?@LUAKD@LGDE?@ACJWPMf@KNFB?BEDATDJNNAJFXBCBJF@FJ@ABF@J@@@A@HPRNHBC?DB?BBDCJ@DFB@FJ?DBJNJN\\JDPQF?DEDQHIFADEH?@EAADC?EHIBI@KCQBWJO@MBAJWRMHULKDIAIFUBAHm@JA?BC@?CFJp@f@Xb@LFFQLQCILWDa@NUIw@EAMMES?OBIPMC?B@EF?O""}"
"2022-03-21 10:47:29",walk,"Morning Walk",981,67,1.128,120,,,strava,6858247275,"{""elapsed_time"":1051,""total_elevation_gain"":23.9,""elev_high"":118.9,""elev_low"":94.4,""average_speed"":1.15,""max_speed"":2.067,""polyline"":""gljxHreQe@Uc@g@@I?u@@YNo@JcAFIJEENGF@BAAF_@Vw@@OLa@Ba@ES]k@GGYCS@o@b@KTc@l@IPSPa@fAK`@KLOXCNCFSFGJARSZQd@ODMNOFO\\YLINQd@J`@PZLPD@P\\PVB@DLJJLDFCTr@F?X`@f@K?EJCHMPG`@[CW?c@b@m@F_@HK\\y@FK?]FSx@j@f@j@DBBCTu@Hc@L_@Ia@MUOe@Rc@?@HWB@GDJ?K@""}"
"2022-03-23 21:37:13",workout,"Night Activity",4730,,0,111,,,strava,6872503249,"{""elapsed_time"":4730,""total_elevation_gain"":0,""average_speed"":0,""max_speed"":0}"
"2022-03-26 19:01:26",workout,"Evening Activity",3464,,0,141,,,strava,6887500503,"{""elapsed_time"":3464,""total_elevation_gain"":0,""average_speed"":0,""max_speed"":0}"
"2022-04-05 16:12:03",walk,"Afternoon Walk",1278,76,1.282,110,,,strava,6935776342,"{""elapsed_time"":1629,""total_elevation_gain"":26.9,""elev_high"":119.1,""elev_low"":94.3,""average_speed"":1.003,""max_speed"":2.477,""polyline"":""yjjxHf`Qf@hAOPGDF`@CBWhAKJMUIEUY[OOSC@Om@Ak@@QLSB]NkADQ`@o@Tg@Fq@NQH@JK@I@WEMMQGBOEMBKIQAKE?EUS]OSLBFKVADC?U^KBGN?JDRGTDXEJIHI^IDCKONE?ENUh@?RE@GNKLMFEHIBGHELGBCR]x@e@XALCHKH[`@O\\ERAHJVLA@EJZJVDBFZd@f@P?\\PTr@HLVTD@BEL@@IPOHYBADMXMDOIk@@GX_AB?LILWJIBMLOLo@BBR?PNHBHLd@h@JC?ELSRqAFOCC@@@]Mc@KSASDM@Y?@IGDEAA""}"
"2022-04-11 17:49:02",workout,"Evening Activity",3750,,0,140,,,strava,6966345357,"{""elapsed_time"":3750,""total_elevation_gain"":0,""average_speed"":0,""max_speed"":0}"
"2022-04-17 09:59:05",walk," Lunch walk to The Barley Mow",3020,226,3.826,,,,strava,6995714326,"{""elapsed_time"":3283,""total_elevation_gain"":69,""elev_high"":133.2,""elev_low"":98.3,""average_speed"":1.267,""max_speed"":2.879,""polyline"":""wsvwHtwECE[CU@CCYGg@@MWOBECEBIAEBW@GCE@CCA@??EAC@W@ABOC[FCAG@MCE@WCKAEOUFGEIEO@C@]KIDIIi@Q{@i@Q_@a@c@_@u@IEI[IEMO@KMCQUICMSMCOQGOQSCMBE?AA?@@?O?NEACCBOEAEKIEGCOL?@CAEDGCKFBI[FGES?KCM@WHCDAAIDILMLAAIBIFMAg@Z_@LO@_@LEEKFMBSLABSGCDG@YZ_@LED?B[XQBONYJUDo@XMCIDKBQACBM@OJI@MGWBCAGBKC[JKAG@ICSBc@JG@SESDCLAHDH?AABBTBDDPJ`CH`@XjDDXH^Bb@Rp@H^ABJb@Zl@JLj@dBRf@R\\J`@DFBLPZH`@LTLb@FDd@pAr@|A`@bADDBABBFC@EBBBCH?AERRHBHFECAB@MAJ~@`AJPFDFRFDDLHBJTJJVn@FJDPTbBHLFNNH`@h@Xd@DNZ^B@@FTb@p@`ABJLRRd@NPZl@?HFDRZb@|@z@tAb@|@N^Zh@Zv@BTFXP?HQGe@BKAKBOAW@c@@I?Q@a@E_@Aw@D_@AeABE?cA@YEq@@QCe@CK@i@Ei@BYAWKmA@QCWAYF[m@aBBiA?BBED_AFe@?QWsAEq@Ss@KQAQIe@CA?GIMGi@GK?KEGK{@IGKWA@G][s@EAMm@W[?GGQ?QCMUe@?IKA]e@GW@MI]@[Vk@LI@BLIFKFWFAR_@F?DEFo@FC@EJKNg@LKJOBQBBTANm@FCD?HE@@LA\\SFID?HCFIF?XVHBDDJ@BBH@f@RDAZLTEDBLC@DFBB?FDDAHBb@GH?JBLAF@BGDJHCBFD@BC@UCDDJB@BEHFb@FBCDBPAR@?BLILBd@?`AJR?nAFHCCBHa@""}"
"2022-04-19 09:15:44",walk,"Morning Walk",1012,72,1.211,113,,,strava,7005852496,"{""elapsed_time"":1236,""total_elevation_gain"":26.2,""elev_high"":119.1,""elev_low"":94.4,""average_speed"":1.196,""max_speed"":2.168,""polyline"":""kjjxH~~PGf@FRT^BJGRKfAKZEXIHCAq@s@QMCG[c@B[A]H[Bw@Jc@?QA?FKRSJULk@Xs@CUa@m@KCe@WKDO@QHUXS`@G@@AMJM\\GD_@r@OPGb@GLUVAOAVAAMBW^Q\\?FC?K|@KHAFIFEHUJe@j@GNKb@BRRb@RVH\\NXZTL@JEH@NTTVBRF@JNHBZGCMFGDM^UBKDq@H]FGL_@h@m@Lg@Fc@DMDC|AvADAJ_@BCN{@N[Eg@Wu@@UHK?@BIEA?G""}"
"2022-04-23 11:48:38",walk,"Afternoon Walk",3666,238,4.03,,,,strava,7027619237,"{""elapsed_time"":4200,""total_elevation_gain"":75.8,""elev_high"":133.2,""elev_low"":98.4,""average_speed"":1.099,""max_speed"":4.207,""polyline"":""ipvwHzxE?k@@DB?C?CCBDABGAOKIBECIBm@GC@CCCBECSAK?w@GK?GCEBEEE?ECE@EAMBOGIBEAKBUIMBMEEEEBMCE@CAE@GCM@GCADE@IEIDEC?GI@AIM@CAI@?CEDKAMD]QM?GCG?AEIBa@QEIMCEIEAGBOLEACCc@f@M?MHKLM@ENAAMLIRIDM^OXE?ABCVAAMFKLEPEDE@A@DPIEa@d@K`@EDCLYl@?PBF@TDHAFBPDBHRADDF@HLJ^r@B\\BHFHDPPPHb@Rd@BB?FDFFZR\\DXNd@BR@D@CBB?LDL?JDJ?FDF@HDBHd@DHDRJVJt@?LPx@@^?ECJ?PC@Gd@@@@AB?I`@@HDFEBAJBTARDZFLHFN^A\\BRAX?BHAI@ACFRAHBHADBN@j@ADBXAr@D\\A^BKARB@B`@?IALDh@?VCFDPCL@B?\\Gj@@RId@Df@CL@NC|@ACDJ?HCJ?ZEp@@`@C\\BEEHATCGC?CEAQK[IS@HEOO_@?@AAGSo@qAOSCA@@AKMKQe@QYIIO[E?EQSc@eBsCq@mACI?@]k@CAKS]e@Uc@KGQ[CCAEGG?GB?A@@@AGBACC@AC??B@?CA@CCCGm@GOCY_@y@KK?G_AuAWWMQWSBACEEC@BC?GK?DGG@?MSI?EHI??@A??EEFQYIUQU]}@?D@CCE?@SYEOIQ?K?BQ]EWa@{@G]MWKc@i@oA?@IOAMIID?AHAK]_A_@m@Sk@Kq@UaAIiAMk@AQ?QGi@?KEIGaA?QIm@@OGWAq@EUEKC?BIBP?a@JHj@DB?@ERAH@PEL@HC@B@CPEJDBCF@@CDDLI@EXILA@BDEPA@DHEJA@CNCZENIL@HET@?C@?DGRCTQHK\\QLM?E~@q@F@RGR?JGLCH@PGLABETEPMPAFID?BGXGDIPOP?DCHB?BBCFBHG@@J@?ABAD@BEDBFER?FCF@?AFADCNBJN?DD@?An@jAb@XRXHFHLD@DHFDDFBLPRDRH@JTF?AF@Cv@`AFBDJf@XRBPHL@FFD?BLJCHBBCHDBCF@@CDBLAJFHCFBH?CEFDHCJ@`@JBB?DAGRAB@BCb@DHAPDR?DBFEPBBC?EEDR?XFFANF^@JBFA`@DX?BBL@DE@KIF@DBKA@?C?BB?BOJ@FCFJJFBWI[BO?@AEBEJHH@BOAEDOEO?OAJ?C?@@CADCCE[KEAI?JCFB@BKACBH@A?@CE@FCG""}"
"2022-04-29 11:26:09",workout,"Lunch Activity",315,,0,123,,,strava,7059001221,"{""elapsed_time"":315,""total_elevation_gain"":0,""average_speed"":0,""max_speed"":0}"
"2022-05-01 11:37:32",workout,"Lunch Activity",1940,,0,169,,,strava,7070005684,"{""elapsed_time"":1940,""total_elevation_gain"":0,""average_speed"":0,""max_speed"":0}"
"2022-05-02 12:11:51",walk,"Afternoon Walk",3252,215,3.636,117,,,strava,7075695027,"{""elapsed_time"":3513,""total_elevation_gain"":43.1,""elev_high"":96.5,""elev_low"":63.5,""average_speed"":1.118,""max_speed"":1.904,""polyline"":""gaoxHheN?BFg@Bq@Fi@?WL}@FWB}@Au@LiADk@Ao@Hm@?ONo@@WCYDSFo@HSFi@Ae@IgAMq@[YM?ACKBGI]GI@MF?ESJECADIDU@SFAB]BSEINAJI?GLGAMHs@?IJK@OHEDKTUp@Gn@KDMK@DKS@MGW@PGoA@u@E_BByBCUZc@VMTCRNXUFMK}@Y{AOwASgASsBEUEe@?c@Ig@QF[?o@TUDKFKPa@HMHG?OKG@ADWG]AGBSCQQISOg@G]IWI]?OOe@CQGQGI@_@GU?]?MJUBUAQC@@g@KCC]Mg@K_@Ua@i@cBKSASCCIYMLKB]AOKQm@GCCUMCE?MUKEYg@IGKY[a@_@S[F]PCAUVGAIDMCIQa@Hc@POl@AV@z@NlAJ^R`@`@JLAXDREJ@NFXb@@VEl@@FK`AIDDNB?JP@tBHbARdAFl@Tt@F^Ph@L~@Lh@^t@XZXn@\\t@^jAFv@NZLx@DJFh@?LBZ?NNVNtA`@fBJXHh@BZP~@Rh@Rv@F\\DNFXHN@LJVf@dCNLJRDl@AXDj@ATBDHvBFRAnA@|ADZARD`@DNTTBLCVB`AVzAb@pB`BnBFDZ\\HBZf@B@P\\RND?BDPF`@^TLNPLEJWJu@FkAJaAf@oB?DPaATWTC@GB@A?EIEq@IAId@Pr@\\NkMdkA""}"
"2022-05-06 11:07:45",walk,"Lunch Walk",1449,83,1.406,112,,,strava,7096758082,"{""elapsed_time"":2024,""total_elevation_gain"":37,""elev_high"":161.3,""elev_low"":130,""average_speed"":0.971,""max_speed"":2.974,""polyline"":""utkxH`rJARf@dAb@t@Vh@]h@ENBB@AO@G^OX?HE@CLPHBTDFDTJDJ?BHNLPA?XDHGNK@CNOCCd@WJMNEAAIE@]VMOQEo@ZEBGAOFU^@TCPILIBQEMHMLDHFG?TOFGCELHXUBCHW@IBCDBZJFAI[?FMa@]EY@IQUI@Q{@Wg@A]IUOCGUKKIEGAO]SIC_@KEE?QMAMA[KUGCA@Q[CSGOIc@C@@UQe@EACG?OMg@KMCKGGGg@HSDSEAFWDM\\\\BTJVBANl@LHFLZR@Qb@DLUH@FGAu@n@OLRHVDPF[DID?PHFJB?DDL?Bs@DJRI@?Z[@DFc@KWRJJH@XA?DDLBJLF@BLJLBNAB@EB@JVPIF@B^FJFGEF@NPTFNJQ?NVZLDTl@LHCE""}"
"2022-05-11 18:44:11",walk,"Evening walk with Lyn",2055,129,2.176,,,,strava,7126736085,"{""elapsed_time"":2253,""total_elevation_gain"":48.4,""elev_high"":119.1,""elev_low"":94.4,""average_speed"":1.059,""max_speed"":2.519,""polyline"":""sjjxHp`QP`@LLOX@FEFDXARGHAJGHARAC@JGF?EEDI@DL?Om@o@UMMQC?CEK?GEBMCc@BM?c@N[ABDe@FOAGD[FALWEAAGCB?DC?KEAEC@?B?CB@NML[B?JONa@HIHSHEDIF?BCHYC_@MWIAEGM@CCCDEA@CI?EAKBADCAODI?EDMFc@b@W^?AEDCAIBIPEBGRE@GP_@j@CFKLENGHGB@BCHKDGPA?AFC@AJE@CH?NQP?BKBGJEFAf@A@GHKBCFEEAJG@@BGAKNAHABACAJCB@BECIDSb@ACAB@FI\\DHF`@HLDADN@AD@BHCDD?HPHH@A@@PXPJBA@CJF@A?BF?BHB@?FC@NJ`@f@@@DCVJ@EFC@OJIBOD?@C@BJM@MD?BBFa@AMDMAGBA@CHKNo@H@NM@MFIDAHYBW@?DMCMBG?S@EAEBKCeAHIDOJoADCJ_@FGL[JMHm@HSFEHWLIL_@A_@YQILK?IAE@KCGASJ_@Fa@Zm@t@IFI@ON_@v@[^ITCFC?AJEFC?GLCBAPE?EFKRGDGPA@?CC@ILI^AHB@GTGDI?EFAAMNGBSb@ILE@O\\EZ@HLf@DBDH@HL?HP@LNJ?DFNF?LJJDD?DCDBB?ADFNPTD@ADNJBJJB?BF@FEB@DGBFDO@BHGBSB@FMH?FG?CB@@A@UAEFQBa@DCFGNc@LQ@GDEB@?CHGACDCJ_@?MDSAEBA@MDAAAH@AA?FBABD?AJNF?RHNXHBPTD@Ha@E?DF?KFD?EB?ECJWJe@DG@@FQEAE]""}"
"2022-05-14 11:30:19",walk,"Suppose to be a morning walk 😂 ",1015,75,1.273,,,,strava,7140258100,"{""elapsed_time"":1122,""total_elevation_gain"":24.1,""elev_high"":119.1,""elev_low"":94.4,""average_speed"":1.254,""max_speed"":2.758,""polyline"":""ijjxHr`QJRJ^ITBJAFA@B@Mp@IXGHAJGHWQOSKESOEGGAYUBWI]?ODK?SXw@HeAHC?D?ADB?IAHEB@UXeAN_@Hq@@NCKDBIMCOKMGCCGEAESI?EDWFCB]Ra@h@QJGPQPCJ[RQ`@Ih@GDMZYRMZ?DK@GNAFDPAAGRCACRIPIDQT?AINEDM@ORABIDMXECMDCV@VJb@DFP?CD?A?CDLF@Vb@LH@D@ADBDH`@DFGH^DD@?DN?NFBCEBTDBF@FH@A?@BABJT?DCJIAABE?KBGFGNCHSHABI@SE_@DG@IFA@BDKEU@IDCBQRQFSRSBGPoAFH@C@HH@b@b@LF^h@DEJ[BUDGFg@DELc@GWQSOUCQ@ELKDO?IBC""}"
"2022-05-17 16:58:08",walk,"Afternoon Walk",2315,154,2.612,123,,,strava,7158926201,"{""elapsed_time"":4474,""total_elevation_gain"":8,""elev_high"":16.3,""elev_low"":8.2,""average_speed"":1.128,""max_speed"":2.005,""polyline"":""qdbzHiyvB\\FBCQCIWQ?SG_@DQGYBOAYQMEGISGa@_@QGOAA@[IGD[?SEEBOAIDGEM@KHGACEKHKk@As@Q_AOuBAc@B}ACSBM?QCMDYCOBa@?k@CUM]Ei@_@{@QoAGaBC_AC_@Ag@SqDS_CKWCBUGe@C]IA@YQ]]CKIA?BCYBKE@?HGNFKAIIEDOALA?@LBIANBVBKCq@AFC@AC@LEHB?CIDBC@JBV[H[BAFi@TgAHI?BE@CO?B?E@@ED@AEL@MDI@FCGB@E@D?C?BV?GFPAOAAABAABCCDA?BCA@ESHXCG@BAA?B@CA@AABIOl@E\\DbANBCBCRA@CCB@LAMH?I?DLb@Al@LTHDN?d@QV`@?HFJJf@CH@^Hp@HlBBPJpA?n@DXB|BDXV`ALZL`@LxAAVCHBh@AJB\\A\\B`@A`@CV?h@P|BVnBBZDPJ?NLZAXIB@PCBDJCJBFCH?Z@NBBDLB^ZNBPVXDHDJC\\FHANZ\\HVA\\FDFK`@VJ""}"
"2022-05-20 20:59:19",weight-training,"Gym Session",1823,146,,,,,setgraph,,"{""sets"":[{""exercise"":""Leg Press"",""reps"":10,""weight"":80},{""exercise"":""Leg Press"",""reps"":10,""weight"":80},{""exercise"":""Leg Press"",""reps"":10,""weight"":80},{""exercise"":""Squat"",""reps"":10,""weight"":60},{""exercise"":""Squat"",""reps"":10,""weight"":60},{""exercise"":""Squat"",""reps"":10,""weight"":60},{""exercise"":""Leg Curl"",""reps"":14,""weight"":19},{""exercise"":""Leg Curl"",""reps"":15,""weight"":19},{""exercise"":""Leg Curl"",""reps"":15,""weight"":19},{""exercise"":""Leg Extension"",""reps"":15,""weight"":21},{""exercise"":""Leg Extension"",""reps"":15,""weight"":21},{""exercise"":""Leg Extension"",""reps"":15,""weight"":21}]}"
"2022-05-21 10:44:29",walk,"Lloyds park loop with Lyn, Mum and Bill",3604,206,3.494,,,,strava,7178306103,"{""elapsed_time"":3887,""total_elevation_gain"":41.8,""elev_high"":96.5,""elev_low"":71.7,""average_speed"":0.969,""max_speed"":4.56,""polyline"":""qcoxHpoNAEEBIE?@HKAI@]Ag@@a@A@F?BG?QJm@@SEA?@FKEQ@IFG@DB?JIf@k@AQFQ@[Jw@B}@JK@OAIBOCECB@BDCDMEYHSCK@EEDBUG_@FQB]J]Cc@BUAYB[AAX}AC]?a@Lm@FS@QCCJS@MG]Gi@GWEe@IS?WC?CD?CCHAAIBIECGG@OGACA@EGMJGCE@@BAAGFMBGAIDI?EDOB?BICMFM?MC?CEDCA@@E??DECGBOH?DE?KDB@KCMFAEG@A@M@GDCAGBAAQHADE@MZC?Ib@ILGl@EPS?AFCI?MGI?u@E}@@_@GoC@SCMFg@CW@@BMAA@BHGLOB?DGFABGLELB@F@ABBJTDBJNLDHJ@?BOK]IgAUyAEY@QCC?KEM@KEI?K?B@CEOEa@WmAC_@Qy@E[@[Cw@EQCBM?BBIHMCCDYB]TM@KHOCI?IFADBJ@?IAAC?EEBC?@BC?ACC@EDKDCAM@CKC?UB?CE@CEOCQDE?GCCBAEGIO_@?GEEGYCAASGSAMGKAKA?EO@IO]Mq@Ew@BQHQ@KG]AMBICK?Ua@oACGA@AAKa@Q_@Qk@EKIa@AB?AA?DNYy@Y@IGK@QCMBE?g@VWHUGIJ?COJEAEFIB?CEFMJWFGTBLCVBXGzAId@IBL`@FJ?ADvBBHHrAPp@?RN^Hj@@@AHTZFZ@LGLBD@FA?DDLb@A?@?NVN`@FDBC@HDD`@t@Vr@LR@JDHHRBN?FLl@CF@HJR@HADFJ@XRj@NtANb@Dv@DTLZEJLVBPXfANt@^~ATlA?D?EC@@BJZADNTNp@JTBVCXLNBHCFDLPHBDDXHZ?NFjA@XAHJt@AH?f@Hz@ADBJ?x@AHBn@Ad@DP?PBHJHHNNHVVDAVHZRl@Vl@b@RBHFt@PB?BGBBPL`@LF?BEP?JDFHLCD@AC@D@GFALIPOH?D@@DNBAA?HHVAJ?MFMGOCFATAABJFg@EQ@CALAGD??@EDBi@@VB@A`@GP@VBI?UAF?GCG""}"
"2022-05-22 15:30:11",workout,"Afternoon tennis with mum 🎾 ",3326,,0,128,,,strava,7185996963,"{""elapsed_time"":3326,""total_elevation_gain"":0,""average_speed"":0,""max_speed"":0}"
"2022-05-23 11:20:40",weight-training,"Gym Session",2074,176,,,,,setgraph,,"{""sets"":[{""exercise"":""Dumbbell Press"",""reps"":10,""weight"":14},{""exercise"":""Dumbbell Press"",""reps"":10,""weight"":14},{""exercise"":""Dumbbell Press"",""reps"":10,""weight"":14},{""exercise"":""Incline Dumbbell Press"",""reps"":6,""weight"":14},{""exercise"":""Incline Dumbbell Press"",""reps"":7,""weight"":14},{""exercise"":""Incline Dumbbell Press"",""reps"":6,""weight"":14},{""exercise"":""Standing Cable Flies"",""reps"":10,""weight"":6.3},{""exercise"":""Standing Cable Flies"",""reps"":10,""weight"":6.3},{""exercise"":""Standing Cable Flies"",""reps"":10,""weight"":6.3}]}"
"2022-05-25 20:27:02",weight-training,"Gym Session",1519,132,,,,,setgraph,,"{""sets"":[{""exercise"":""Dumbell Rows"",""reps"":20,""weight"":16},{""exercise"":""Dumbell Rows"",""reps"":20,""weight"":16},{""exercise"":""Dumbell Rows"",""reps"":20,""weight"":16},{""exercise"":""Dumbell Shrugs"",""reps"":10,""weight"":16},{""exercise"":""Dumbell Shrugs"",""reps"":10,""weight"":16},{""exercise"":""Dumbell Shrugs"",""reps"":10,""weight"":16},{""exercise"":""Deadlift"",""reps"":10,""weight"":40},{""exercise"":""Deadlift"",""reps"":10,""weight"":40},{""exercise"":""Deadlift"",""reps"":10,""weight"":40}]}"
"2022-05-27 11:25:59",ride,"Lunch Ride",591,,0,132,,,strava,7210402908,"{""elapsed_time"":591,""total_elevation_gain"":0,""average_speed"":0,""max_speed"":0}"
"2022-05-27 12:39:43",weight-training,"Gym Session",2341,190,,,,,setgraph,,"{""sets"":[{""exercise"":""Squat"",""reps"":10,""weight"":39},{""exercise"":""Squat"",""reps"":10,""weight"":39},{""exercise"":""Squat"",""reps"":10,""weight"":39},{""exercise"":""Leg Press"",""reps"":10,""weight"":100},{""exercise"":""Leg Press"",""reps"":10,""weight"":100},{""exercise"":""Leg Press"",""reps"":10,""weight"":100},{""exercise"":""Leg Extension"",""reps"":10,""weight"":42.5},{""exercise"":""Leg Extension"",""reps"":10,""weight"":42.5},{""exercise"":""Leg Extension"",""reps"":10,""weight"":42.5},{""exercise"":""Leg Curl"",""reps"":10,""weight"":35},{""exercise"":""Leg Curl"",""reps"":10,""weight"":35},{""exercise"":""Leg Curl"",""reps"":10,""weight"":35}]}"
"2022-05-30 08:58:06",walk,"Morning Walk",1661,104,1.761,112,,,strava,7225582593,"{""elapsed_time"":1900,""total_elevation_gain"":40.7,""elev_high"":119,""elev_low"":80.5,""average_speed"":1.06,""max_speed"":2.127,""polyline"":""ukjxHz_Q|@jAOb@A~@ILK^IFSe@CAOSMECEMASU@LEa@@eARy@F{@CCX_@Xi@@SNUFWN[CMJEDIA_@IWYGIIKDMGUGIMMGEGKCBES@EJGBg@|@MLGZ@b@D@W^KTY`@CJGDI^YXE^QBYl@U\\G\\CBGVCAQPULGNo@~@EEEAK@KIAEOCKGSFSOIIE@_@g@c@mAQJMXMH_@r@APBJXd@RLTBb@I\\BRMFM?MABNNCSTPAFBRDTF?b@TL@JJFNNFBFFFJVLLDJ`@^D?JEF@BRV^X\\RJTO?KHAFKDAAEFIXKH_@C[DQFIDSFAFSPM`@y@NiAEo@@{@LMHo@A_@@MGH?HE`@?VGDKTAVELB`@APLVDB@A?BDAd@^d@j@JHX}@F]FU?YDQIm@MQ""}"
"2022-05-30 18:17:03",workout,"Evening Activity",2575,,0,139,,,strava,7228417435,"{""elapsed_time"":2575,""total_elevation_gain"":0,""average_speed"":0,""max_speed"":0}"
"2022-06-05 15:29:02",ride,"Afternoon Ride",1277,50,3.509,127,,,strava,7260263214,"{""elapsed_time"":3191,""total_elevation_gain"":31.4,""elev_high"":92.4,""elev_low"":5.8,""average_speed"":2.748,""max_speed"":7.53,""average_watts"":35,""polyline"":""kodzF`tps@t@\\~@j@HHb@Tz@r@LCPDZC`@FLDVP^XHJNBTF`@GBBHAFG?BHBb@?XEbCHp@APB`@?^DVENQR_@RE`AJFCx@Dl@Jj@N`@DJ?HEDIBIAi@BGHGf@?NHJ@AA`@HJ@BALFLE^@\\IXMhBa@R?f@Ih@MRA\\Il@OFGDEDYAg@@aABM@g@F]GEBEF{@CM?WDG?MVo@DGDAtAXHDJ?VHDA`@J?@?IIASACDE@GGSECCOIGAGBMEE@SOKAIBCAM?UHQz@KfBAb@@VKj@DV?l@D@@HMFFHJHL?fAKr@ATIN?TGh@GTDJAvBe@rA_@rGqAl@WdAUb@EpAYNFXPDP\\j@XXv@hARNLFh@DBHGFG?e@EGEE@QGc@UGAGBISOCOOE?AKC?[S?Go@i@CII?CEGBQQGUGESCEUQY?EC?CHAn@FJHl@DJCFBFC?B??FJBQOC?AHPb@J`@NPHVDDH^f@jAf@vAD@EDE@BA?FHPAFBFB@@HD|ADL?NDD?PNX?JDRFAFBFJFb@FVA^Df@AVFP?C?CSPBHDBBRHHD^CJFh@FD`@GF@FCD@LOFNBIJ@DEDBDNIDBAG@F[@LGCDH?EDRDKCEDHAQ@LK@KCPBGA""}"
"2022-06-08 11:19:04",weight-training,"Gym Session",1634,137,,,,,setgraph,,"{""sets"":[{""exercise"":""Dumbell Rows"",""reps"":20,""weight"":14},{""exercise"":""Dumbell Rows"",""reps"":20,""weight"":16},{""exercise"":""Dumbell Rows"",""reps"":20,""weight"":16},{""exercise"":""Dumbell Shrugs"",""reps"":10,""weight"":20},{""exercise"":""Dumbell Shrugs"",""reps"":10,""weight"":20},{""exercise"":""Dumbell Shrugs"",""reps"":10,""weight"":20},{""exercise"":""Hanging Leg Raise"",""reps"":25,""weight"":0},{""exercise"":""Hanging Leg Raise"",""reps"":20,""weight"":0},{""exercise"":""Lat Pulldown"",""reps"":10,""weight"":35},{""exercise"":""Lat Pulldown"",""reps"":10,""weight"":35},{""exercise"":""Lat Pulldown"",""reps"":10,""weight"":35}]}"
"2022-06-12 19:28:01",walk,"Evening Walk",2269,144,2.439,120,,,strava,7299075277,"{""elapsed_time"":2779,""total_elevation_gain"":57.6,""elev_high"":119.7,""elev_low"":74.7,""average_speed"":1.075,""max_speed"":2.084,""polyline"":""wjjxHt`QL\\NVW\\Jb@GJ@TIRIHCJIJYc@EW[ISM?KGGa@BYHAEUGIDAGBSECQDMXQAGKQC_@\\KR[TK@Yh@?VEHQ?]PQKKC@DSIIAEFIBG?WPOVGV?FKf@EHCRDLG^?VENE?IHGMIHOSE@[GG@GESDSOOFK@SE_@a@?MWUCWW[i@mAQb@a@d@_@n@SXQb@MNGVE@OGQQi@KEEKAEEo@OeAq@B?KMm@]AGO?ICe@]G@WKC@ENAWKBIHI?]b@SHEAMRMFIJE@KHAc@AJB\\TOb@i@RKDBl@k@LGF?HJn@NTHTPXHXZC?|A`AXDf@TBCVNXF@DLD\\y@LUZYDI@GT_@HCDKLOPYB@Nb@RZ@RPb@LJDPHTPN`@PJ@BA@KPJRBn@EJ@VRJP@?HSPmAHUHKD]MGN_@LKN_@HAJBHIFBLXNNXl@HHXJJCVR?FLN@L?Cb@f@BCT@JMDAFSCEDGN@NG@KDCFUABG[?OBD@UZ{@RM\\k@@UJW?MDSB@@F|@r@\\`@B@FGDWHKD_@Pq@A]_@aAFYFA@GE@GO""}"
"2022-06-13 09:54:42",weight-training,"Gym Session",1834,159,,,,,setgraph,,"{""sets"":[{""exercise"":""Dumbbell Press"",""reps"":7,""weight"":14},{""exercise"":""Dumbbell Press"",""reps"":10,""weight"":14},{""exercise"":""Dumbbell Press"",""reps"":7,""weight"":14},{""exercise"":""Incline Dumbbell Press"",""reps"":6,""weight"":14},{""exercise"":""Incline Dumbbell Press"",""reps"":9,""weight"":14},{""exercise"":""Incline Dumbbell Press"",""reps"":5,""weight"":14},{""exercise"":""Standing Cable Flies"",""reps"":10,""weight"":6.3},{""exercise"":""Standing Cable Flies"",""reps"":10,""weight"":6.3},{""exercise"":""Standing Cable Flies"",""reps"":10,""weight"":6.3}]}"
"2022-06-16 10:29:29",walk,"Lunch Walk",1084,71,1.209,119,,,strava,7317593752,"{""elapsed_time"":1201,""total_elevation_gain"":23.9,""elev_high"":119.1,""elev_low"":94.4,""average_speed"":1.115,""max_speed"":2.363,""polyline"":""mijxHh_Qa@f@DHADR`@Ob@DTKr@Sl@K?[]COg@YIIOEES?k@CKBS@@LUHy@AY^_AB]B?BOLC@@Je@FEJSOY@CIKQIADUc@ICc@HIJERUN?GIHERWb@OHEJ?WFINDOHQ\\SRQTE\\OHSv@C@GZWJG^EDKNIXE@CLOJg@LCNUb@[RGFJn@V\\H@@CJBLh@FHFRJJLAJJJTPHPD@JDH?FDD?NTELKDKHDJGBOBADMTQ@YC?@c@NSXq@VYFCPY@O?QDSHSH?ABPZf@TNNN^FCRm@TyAEEEe@Sc@AO""}"
"2022-06-17 08:20:50",walk,"Morning Walk",1067,68,1.146,115,,,strava,7327071993,"{""elapsed_time"":1192,""total_elevation_gain"":24,""elev_high"":119.1,""elev_low"":94.4,""average_speed"":1.074,""max_speed"":1.761,""polyline"":""sjjxHd`QHVLPBJCT@DE\\?CETAZKPMf@KEg@o@k@a@@@OOA]?_AVo@Ai@Fi@X]?@HQLk@Pc@DUCMo@u@[OM?[ZWRMTIRC@MRC?IJENIFSZUj@ELGBS`@Of@ILGBMXGFGPWLCNIH_@VMVEZa@p@Cb@NN@LBFLLD@FLVZHNNFLBRLJXLBHHBHNL?@RFLEDIHE\\k@DAH_@?WFSXo@LMHQLMN_@N}@BCJBNV\\XRJR\\LCHa@@QDEHg@La@ABG[[}@""}"
"2022-06-18 08:12:17",walk,"Morning Walk",2539,167,2.834,112,,,strava,7327449782,"{""elapsed_time"":3139,""total_elevation_gain"":62.2,""elev_high"":119,""elev_low"":74.7,""average_speed"":1.116,""max_speed"":2.392,""polyline"":""cjjxHj_QQRPb@NV?PMb@C@@AE~@CFOh@KCo@s@e@]K@EO@_AAQ@a@PQ@a@BMAWFSZY@OTOBg@HSDQ?O?\\@?LQFa@ACCBQEKMGDCCACOCSUICO?UL]\\U`@OFW`@G\\c@^INQb@IDM@EB?RMRC??FGFOn@IHQx@]ZKBQ?IFADIDa@p@ERMLMX?JGh@St@OXG@@FE\\GTGx@IDKOYOeADSGE@w@Y]i@gAuCI?ETe@~@]j@WPUj@IJAAIXMIi@S}Ai@SQQEe@e@UISOQGG@IUMAKKICKIG@WKUXGNG?KHEAOTG?UFKFOXa@VKBU]STv@VBe@VGDIBDDGBMFIHEBBfAc@DE@KTULNNHFHTF@A`Al@XJFF^Pf@`@J?XTXDPLb@FDBHVFERm@f@}@Vi@f@o@Vc@HJBLfAnCZ`@H@LJTADBNDL@JC`@HFIP?BJHBLPLKFMC]@MBOHILi@CMRq@Ra@JEH@JGDAHHDJXVP^DL\\RD?DBJBAPLDLHN@P^XCPJ?Ib@g@DQFAJcAFG@@Tm@DCACV[@ILQRiAD?@BVR\\RNJVZ@?Z{@FYFKF[Kq@Ui@?KFK""}"
"2022-06-19 07:53:58",walk,"Morning Walk",1182,73,1.239,108,,,strava,7338005711,"{""elapsed_time"":1349,""total_elevation_gain"":23.8,""elev_high"":118.9,""elev_low"":94.4,""average_speed"":1.048,""max_speed"":2.34,""polyline"":""mjjxH|_QMF@J`@t@Md@G|@M\\GZSMo@u@OCKSMMEOCe@Dc@BOVYGOPS?EKSXkABEEAEZGD@p@AARUDMTqBE{@][G?GFEMO@OGADWL?CMVCRSb@MNKAQVSJENIp@KTAJo@|@KP?FITAAOZUr@IDCAGFMBGTG@Yh@Un@?DJNCCBXDHXDADHJ@NEDH@XNDHHHHEJDJ?LXTVHTHHFCHVP?Nk@PM?MJMHYDMCg@JUAEFOVUR_@TSFu@JOE@XRJFJ@FFJF`@l@D@BCPu@@YNe@A]I]GOQQ?IDKJE@C""}"
"2022-06-20 07:45:14",walk,"Morning Walk",995,68,1.147,114,,,strava,7338005749,"{""elapsed_time"":1277,""total_elevation_gain"":24.2,""elev_high"":119.2,""elev_low"":94.4,""average_speed"":1.153,""max_speed"":2.048,""polyline"":""kjjxHv_QCX@NX`@Kb@DVCBQp@Ql@GAq@s@UOGKABOIKs@@y@BODC?BLa@A[Dg@JUDA?DJ?PgAFIJ_@D]?CA?OIK?MQBASGEEc@ZM?CD?ES^I@WEG?Ub@K^GJKHIJGLIZY`@Q`@CREDWj@OP?FIJIRMNOH?DQFKXYHMPGd@BN\\\\HPFHJ`@HDHLHDBFFBD?LCH@R\\HDJ`@RL?FLANDFGBWNEFGTe@FaAJQFQVWDQXk@Lc@@WBSHF?Hj@b@d@l@@FL?DG?@F_@HQNq@RWQUCYWg@""}"
"2022-06-20 10:14:19",weight-training,"Gym Session",2210,158,,,,,setgraph,,"{""sets"":[{""exercise"":""Dumbbell Press"",""reps"":10,""weight"":14},{""exercise"":""Dumbbell Press"",""reps"":10,""weight"":14},{""exercise"":""Incline Dumbbell Press"",""reps"":10,""weight"":14},{""exercise"":""Dumbbell Press"",""reps"":10,""weight"":14},{""exercise"":""Incline Dumbbell Press"",""reps"":7,""weight"":14},{""exercise"":""Incline Dumbbell Press"",""reps"":7,""weight"":14},{""exercise"":""Standing Cable Flies"",""reps"":5,""weight"":7.5},{""exercise"":""Standing Cable Flies"",""reps"":5,""weight"":7.5},{""exercise"":""Standing Cable Flies"",""reps"":6,""weight"":7.5}]}"
"2022-06-20 18:48:42",walk,"Evening Walk",1801,114,1.938,114,,,strava,7341091388,"{""elapsed_time"":1985,""total_elevation_gain"":21.6,""elev_high"":144.5,""elev_low"":124.9,""average_speed"":1.076,""max_speed"":1.654,""polyline"":""iqgxHpiQJGHMVgAB@H[DG^eARa@Ro@RSJ[HGHu@FWFIDMFa@DI@OHWLmAHIJe@P]Ng@LSDUFG^kAJi@P[D[ASFEJO`@mAVa@J[?IVYBKl@i@d@o@h@e@Va@FGFAVY^[HCHMb@KDGH?HDDAXBHCB@XKTATKDBZ@Gd@c@r@Mb@{@n@IJKJEAIHIBYXe@ZQPQZMFKR]XY\\IDCC{@lAIDY`@Yf@WNGJQp@OLCNS`@CPQVCJUf@KJCTU\\GXC@AJOXCR[h@c@nAST[h@@XQNCHACMEB@CLEH@@QGKX@XSj@CNILEPMTEZKTWfAWp@CN[v@Mh@MPOd@CNGFUGKOSBk@k@?UBOHIRi@@S`@iAFa@DEBSE?OOU]u@y@ABKA@H""}"
"2022-06-21 08:05:34",walk,"Morning Walk",1039,73,1.244,127,,,strava,7344312703,"{""elapsed_time"":1303,""total_elevation_gain"":24.1,""elev_high"":119.1,""elev_low"":94.4,""average_speed"":1.197,""max_speed"":1.798,""polyline"":""gjjxH|~PKf@HXJPFBDHGVOP@FAp@Kf@GHOJ]e@k@c@QWABEAFy@CMXoAAIBOAQ@Q@CPGBCXy@CY@@CADQJGAo@QU?BMI?FHDR|@M_@CQSWKGIHQIQEa@J[TMVKHc@l@c@bAsA`C_@z@SXAAc@`@AFIFOVO\\GXDTLVLLBJJTFDDLXXNFH@DDFALNFRJFLXPNRDNEFINGN[LIP[@IEQBU@EJIDKDi@JGLAFCFKHWAQTWBKAUNPNFHNB?PJR\\FDLKDKAGFKNa@De@DK?]Gk@ECQW""}"
"2022-06-22 08:40:24",walk,"Morning Walk",1086,72,1.211,124,,,strava,7349231310,"{""elapsed_time"":1242,""total_elevation_gain"":24.2,""elev_high"":119,""elev_low"":94.3,""average_speed"":1.115,""max_speed"":2.081,""polyline"":""wjjxHn_QEL@LJLPZLFMd@KbAITCNOVCAk@w@c@WIIB@A?GSEkABUL[@QJaALYBAJFW\\LU?KHQ?GV{@D[A[]_@O@GD]SG?[TQ?ORQh@k@l@i@nAW^IVSVM^IBKTMDGNE^Y`@KFGAWTG@EHIFCNKX?FVl@FB@IR^FN?JPZJFH?JLD@BCPNLZ@A\\h@NJNDRKCEXk@BALBDA?MVSAi@DEF]HIJSh@{@DKJ}@BA`@XTVVPHNB@JKJW@SJS@KNg@KeAUW?SBE""}"
"2022-06-22 10:43:31",weight-training,"Gym Session",1649,157,,,,,setgraph,,"{""sets"":[{""exercise"":""Deadlift"",""reps"":10,""weight"":39},{""exercise"":""Deadlift"",""reps"":10,""weight"":39},{""exercise"":""Deadlift"",""reps"":10,""weight"":39},{""exercise"":""Dumbell Rows"",""reps"":20,""weight"":16},{""exercise"":""Dumbell Rows"",""reps"":20,""weight"":16},{""exercise"":""Dumbell Rows"",""reps"":20,""weight"":16},{""exercise"":""Dumbell Shrugs"",""reps"":10,""weight"":16},{""exercise"":""Dumbell Shrugs"",""reps"":10,""weight"":16}]}"
"2022-06-26 08:15:24",walk,"Morning Walk",2177,144,2.434,115,,,strava,7370176191,"{""elapsed_time"":4848,""total_elevation_gain"":57.9,""elev_high"":119,""elev_low"":74.7,""average_speed"":1.118,""max_speed"":2.109,""polyline"":""mjjxHd_QMj@R^LFBJOX?n@G^QTE\\UWOOGOa@WSUYlAM\\GDQVSLCFI@MLMBOKOFOCQRAJIHIDWBICGGISKK]KWYUBQIE?a@NC?GEIBMRAFDJC\\IR?PM^E\\IHCR?JANSDECEMMKBAW@QAIBEAWDCBi@I]QIIYe@y@uBOQIQEf@KFGNUVENML]l@Ut@?GQPQKC?MMECQDKIGAGGQCACc@OQMAEC@[MWUUMEGMASQKCQQMAKBCGIEOEEGGCMFIHE@GJSFWPSVI?o@v@bA{@^?LWPOR]HEBENPj@RPNF?PJFF^N|AdARDFFJ@TNJCNBHDP?LRNC^u@DOFIDSR_@XWT_@VQLT?DXn@DPb@z@PCNNTN`@C^FFCP@JDV?^f@@HNg@?e@H]LY@MDKDS?QNa@HGV@DCJ@HRVRAHDNVVPLX?NFBBCLh@p@NLJA@AN?JKJE@KFCDK@BX[DYE[BCRm@LM@IFCBIJIFSPUDq@DKh@\\b@b@NRPU\\uAF[Ce@Yu@P_@C?OU""}"
"2022-06-27 08:44:57",walk,"Morning Walk",1002,69,1.17,118,,,strava,7375712096,"{""elapsed_time"":1406,""total_elevation_gain"":24.2,""elev_high"":119.2,""elev_low"":94.4,""average_speed"":1.168,""max_speed"":2.386,""polyline"":""_jjxHl`QINHRNXKXCVB?GXWt@APADI@MUy@s@CGa@ODc@GIA[BIAMNYHa@@u@Ti@@BFi@T]IU@OFMB@CYEOQMK?E?QROEUDORMFELO@MN?BYFGJGPKJ]LILCV@TKV@FIf@WZCLIDKXE?EVOJQBILC?GFIPO@EFCKCb@QTITJd@HV?GVVL^HFN\\JFLCb@JJTDRPXLPLD@EHA?EVYBOBEVONSCOH_@z@gBTQJ_AD@@C`@ZJBR^ZVHKRy@FKFQDIDA@K?IGUO_@MQAM?GBKNSB?""}"
"2022-06-27 10:00:51",run,"Lunch Run",169,18,0.302,150,,,strava,7375712083,"{""elapsed_time"":169,""total_elevation_gain"":0,""average_speed"":1.788,""max_speed"":2.758}"
"2022-06-27 11:16:35",weight-training,"Gym Session",1477,126,,,,,setgraph,,"{""sets"":[{""exercise"":""Dumbbell Press"",""reps"":10,""weight"":12},{""exercise"":""Dumbbell Press"",""reps"":10,""weight"":12},{""exercise"":""Dumbbell Press"",""reps"":10,""weight"":12},{""exercise"":""Incline Dumbbell Press"",""reps"":10,""weight"":12},{""exercise"":""Incline Dumbbell Press"",""reps"":10,""weight"":12},{""exercise"":""Incline Dumbbell Press"",""reps"":7,""weight"":12}]}"
"2022-06-28 08:40:18",walk,"Morning Walk",1188,71,1.197,125,,,strava,7380649603,"{""elapsed_time"":1306,""total_elevation_gain"":23.9,""elev_high"":119,""elev_low"":94.4,""average_speed"":1.007,""max_speed"":2.195,""polyline"":""mjjxHt_QATBLR`@?XEF@T?X_@rAIBKKKEEMICMOOIS]EDGGAI@UGM?u@JUJKAi@BCN{@BI?HJQHa@Zg@VaABG@@KASQWGMOK?AAKAIDW`@ECYJSb@OHCHULMZMBENGDG?IJ@TGFENGHOr@YLODAHY`@CPGH?DCLGDC?ENMT@FCDMF@@QLWt@@^H^Z?FLHh@LJRBNHNVFTFDLFN^N?LJV??]BC?MFA@ODGNCHKDMCOHk@FKD?POBMHEBIFUPEFKDMDy@@AJDA?PTJDVVV^B@FADEPk@FO@UPm@Gi@Sk@AI@I""}"
"2022-07-14 09:21:36",walk,"Morning Walk",1353,74,1.257,,,,strava,7466627489,"{""elapsed_time"":1455,""total_elevation_gain"":24,""elev_high"":119.1,""elev_low"":94.3,""average_speed"":0.929,""max_speed"":2.184,""polyline"":""ojjxHh`QFTPVDB@FIV?CQRBF@TUr@G`@E@GC?EC@UUIEGOE?GIABUc@OGBg@A{@@IAGFE?MCCB?@IASJIAIBSBBBGB@@PFOFi@DICFAAA@AAFC?B?A?DIL@K@AA?Z_@D_@AGDW?WGK?@ACADEUMUKAMJ@?ABCKICYCOBGD{@|@AHMR?@MHCLKJWl@AJABENGDCFG@Q^AFKDGLUP@BCDNACHQJ?DMNMT@FEDAA@DI@OHEHKDOP?FITGD?BGBAFE@EJB?AD?TBDRL@DJJF@CEB?JHFPD^FR@E@B@A?DBFD@FHBCB@BBBC@@@CH@@@D?JH@JR\\A?B??EC@DD?HDDNLXA@@ACB@XUHQHKC@@KDA@C@?BCCCBMCEBQAKPSDUJEHOHCP]LMD[DI?KA@BGAI?KDILCAAAB@JBCJDBFRLVZD?P^F@@AN]Bc@XaAIg@SYIYPa@@@@A""}"
"2022-07-19 07:14:11",walk,"Morning Walk",1122,68,1.151,143,,,strava,7492578250,"{""elapsed_time"":1180,""total_elevation_gain"":24,""elev_high"":119,""elev_low"":94.4,""average_speed"":1.026,""max_speed"":1.961,""polyline"":""mjjxHb`QGHFNX\\@LOn@@NETKXEN@BMLOAe@k@a@UAGCEK@EABWYOTg@@[BHOFRIRmAFSCSDEDAA?FON[AC@INWL}@E_@ISYCCSIEWAa@HCBQHMJCJUZCDDGORWf@SFIXOTGLCJIFCTMRe@f@?LE@EGCL@XAJGRE\\GFOZSDEDAAWH?FKFE?MRAp@JRFBB^LLBJFDJT?DJB?DJAPFVGF@FFDX`@d@JVRI@E@@LGFM`@a@CCFQBU@SPm@LWb@WFGRk@B]HMHLLHj@n@B?JPB@JKL]ZmAAs@[w@Nc@""}"
"2022-07-23 09:12:50",walk,"Morning Walk",1236,71,1.203,114,,,strava,7513930657,"{""elapsed_time"":1369,""total_elevation_gain"":23.9,""elev_high"":118.9,""elev_low"":94.4,""average_speed"":0.973,""max_speed"":1.957,""polyline"":""yjjxHl_QG\\RLPb@@HGVIFF\\G\\O`@GZGF]i@ISGGKKE@OOG?MMB[?KFe@AKP{@De@Ts@HMJc@D]ACDs@GSEEGCIBGCU[UESVQf@EB[?GBAE_@d@E@?ROPUb@E\\MR?HOP?NE?UJEP[RCJKJK^G@?PDRAFINIBMJ[@ABOJ?DWb@CJALH\\L\\PPJGB@@TFJ@NDFFD@BTNXB@A@FXFCCVXDb@NHJEFKF?DGFABMHGBIBAZ_@Cc@DIHa@Xc@NG@GDCHKTe@ES@[JKDARJRTb@`@DJNLFGRs@ReAE[KUAAK@BA?UCOTe@""}"
"2022-07-25 08:00:28",walk,"Morning Walk",2252,148,2.503,,,,strava,7524837728,"{""elapsed_time"":3068,""total_elevation_gain"":62.2,""elev_high"":119,""elev_low"":74.8,""average_speed"":1.111,""max_speed"":3.833,""polyline"":""}tjxHneQGHM@CBG?EDS`@?LER]AORK@EAI?CCC??BGGQCM@IFQAGF?\\CJINCREFEP?BGV@@GCC@BECBBTGR?\\E@ERBA@@E@AFC?CEG?CKSQGBGAe@AAASBACKAGCK?CGQII?MMGSIEWk@U[i@uACB@?BFONADG?IJG@EEA@GAGDERKJ[l@E@GFMVIFGLEAABM?_Ae@C?CFMQC?_@SEAIGE?q@a@ABQKa@MIK@JKSMMEQBIJIJMZSCUEE[RGJMDMTiAt@?DGFG?[ZIPECC?EGW\\IFQRACA@EJKDKYCOPh@BKADDEKNAWAJOLA?FTFQPDLQAAFFCIA@DG?AC@D@HGAGFGJY@A@BNOD@?AFAXW@DB?DGL?JET_@A?HJB?ZLLHBAJJPCLNXNDG\\JVLRDVTND@CFHJB`@RBAHDNHNVHEFKJEFGJ_@V_@BAFGDMPWHSNU@J@CCELFHAHMFHH`@LHTh@NP\\v@JDTTRDJ?DBJ?BENCDBLAHB^?J^LNBC@DFOFE@QBC?QCKDg@DCD]HODWHSBMDG@URMFADBLGB@Xb@FDBFAJNLLPTPD@N?RDHR?HC@?B^XBDCBJRFAD@PK?GREFQDAHK@DAADFAADE@MDIBWBE?c@DKNSPe@V]LKD??O@A?EDK@YDMF?FFF@\\Tl@r@HC@KHIDKAIFa@Pm@Aa@Se@?AGKCMNW@B@AAM?NABG?B@EGBRC@@GGSDKBB?MHCEBB@GCCK@HAGA@F?E@BAAB@??BKABF?AD@OFDGAAJ@?CBG?D@GABC?B@CA@@C?@CC@@@@ADAGA@BAAAB@CB@C?AB@E?BA??CF??B@G@JEAB@?DCC""}"
"2022-07-26 08:13:18",walk,"Morning Walk",1125,63,1.071,116,,,strava,7530027424,"{""elapsed_time"":1277,""total_elevation_gain"":24.1,""elev_high"":119,""elev_low"":94.4,""average_speed"":0.952,""max_speed"":1.405,""polyline"":""}kjxH`fQ_@UOGUOMOAK?SCO@k@DQJE@CJo@@i@RWC?UBACHRB?HEDKRq@PmAGg@MSECEBe@Ug@J]^MJQFYd@IJa@t@Q`@MRKVG@GPk@~@Wv@MJCH_@X[b@Uh@GVLl@HJBJPLDRb@j@JHHBX?FJ@JLRBAZn@R@RENY?IN?FID?LWDKBs@P[HYXa@DOLOL_@@a@FID?\\Z^VLJFLH?LUd@aBKy@Si@""}"
"2022-07-27 09:12:50",walk,"Morning Walk",2964,184,3.107,130,,,strava,7536114197,"{""elapsed_time"":3151,""total_elevation_gain"":53.3,""elev_high"":161.9,""elev_low"":131,""average_speed"":1.048,""max_speed"":2.335,""polyline"":""atexHhoTOZJn@DFJ@JCVYNA~@cAXMJ?BFELADJJV@DF@VJR@NJ^VXNGD?JWPM?AHALQTAB@\\YF?DGJ?XWF?@CNBFC@DNGD@BC\\KZGFGFADOHUL@@D^?HFJCDKHDHCNOFSAAPMREJEHUJ@HCJKHSBUDKIAVAPQJ[PQ?GJKJ[JUHEDQFIHAFa@La@Be@HO?a@BUA[RaA?s@Hy@b@eCF}@Ri@\\o@Le@p@uAN]BQTe@f@i@j@a@TWPWHa@FO]hACR@^BLJLb@@ZIPG?Ap@MTDRAJC\\BPER?JBj@`@Lf@Cx@QbAKTML[J[Ds@?q@Q[QWSKCKLOL@NHNBRRr@?ELTRGb@]\\?PDXb@N~@CXGHc@f@KDeAhAYPKCMWKw@Ag@EUMQKAIHGHCH@d@b@vB?L?VCFOT@?_A`AqAz@K@IAMEU[Yk@W[KEQRAHITG\\MFK@KOK?Af@GLA^E@EHQx@KFIJQFGb@CHOPGTKTIPI@CHSLAHBBI\\UPO?QZE?]FCVGHMFADIDACQHGCAESDE?QOI?K^QBORI@KCOL]HEE]BMRWFIHDBK?GL]@GPI@]XEAUNEB?FICQMI[C]OQE_@IEIDIMCDGACGAUMDWT_@^e@NEJ[RGBIACOBEASG_@?EIQEeAEWBW""}"
"2022-07-31 09:55:05",walk,"Morning Walk",1143,71,1.198,121,,,strava,7557945417,"{""elapsed_time"":1328,""total_elevation_gain"":26.3,""elev_high"":119,""elev_low"":94.4,""average_speed"":1.049,""max_speed"":1.856,""polyline"":""}ijxHh_QWZ@T\\d@O`@Dd@M^GV?JKLe@e@G?YOMYKMGOASDQCa@BKD?LQB_@?[FUAKB@FOFG?IZq@He@A@D_@@EDD?UG?GDEHNAFON@FSNG[o@I?ECOHCGWACBO?MPGBIEKJGPw@`@EBEPGDS?IDCR@@KRGVYZAHA?IJCPIFIh@G@OJUTOTIVCN@AG@K^GDCFQL?JMNYn@E?Mb@DZJXJADEFBLh@LNBLFJPDXCNDR~@FLHFP@RCNMBILBNMJULe@@OCCPYBk@FGRDVa@FS?KFOJa@CE@CHARN@Cj@l@FLLFVc@B[V{@Ee@Mg@""}"
"2022-08-01 09:38:13",walk,"Morning Walk",1200,72,1.218,134,,,strava,7566910471,"{""elapsed_time"":1333,""total_elevation_gain"":24.2,""elev_high"":119.2,""elev_low"":94.4,""average_speed"":1.015,""max_speed"":2.166,""polyline"":""}ijxHr_QQHJ`@P^?LM^BVYx@EVGJo@q@c@[IKGDGIEMAkA\\u@BOAMBe@Hc@Pa@D@H]Bi@Jo@?IKBGUC?M[KAKGI@_@n@c@VWFEH?AGHKDGJ?PUV@AIVQTUh@[f@CBGTOJKPKd@]h@AHGCQNI?MVMLCAIZOTEZANFNFH@L?CPNFJD@BRJHR`@HHRDFABCLLCDRL@LNNBJLNLHXQDKL??CNO@GLK?AHMLOCIBUAB?SDKFELS?ODMF@DMRSBSLO?WNc@BDDCCBPH@HHBBAZXPb@JCDEZaA?OLa@Aa@CIKIOUCIAMDOJO?K""}"
"2022-08-02 09:19:11",walk,"Morning Walk",1030,66,1.109,134,,,strava,7571054580,"{""elapsed_time"":1085,""total_elevation_gain"":23.9,""elev_high"":118.9,""elev_low"":94.4,""average_speed"":1.077,""max_speed"":1.718,""polyline"":""wjjxHhaQRLDJ?HAHIJB\\Gd@MVEVK@c@a@EKMEQQGCQYFaAAG@QD?DGF]CMBI?B?QDWFIFCMLPQRg@DYQuA[IIBM?[KQDc@@QJiAvBCJMLGNGDMTAPMHCHYd@IVKLAJKPMD_@f@MFAFOTITE`@Jl@HPHDH?T\\BJ@?LJBFd@HBENZPJL\\LR\\HV?H[DANe@FGDKCQ@c@V]x@uABWBEAIBUFOFCNLv@l@HPNLB?Vq@Fc@Pc@E]a@cAJU""}"
"2022-08-03 09:26:42",walk,"Lunch Walk",2424,165,2.788,,,,strava,7574816449,"{""elapsed_time"":3008,""total_elevation_gain"":60.6,""elev_high"":119.9,""elev_low"":74.7,""average_speed"":1.15,""max_speed"":11.74,""polyline"":""qkjxH~`Q~@QILADJZ?LKTAP@CCN@DCJCVWv@E@m@s@QIOOMEGMBFC?EGA@C??@ODCFM@IKQ@IIG]EBI?KDIJC@C??EC@OIG?INQLIZKAIH?BEB@EMJ@CE@KLKVIFIJE@IACFMLQES@CCODKAEDMAIBIPGDCPW~@Kn@EJALBVAJBA@DIJH?MHYKGOOEKIMFOCGIIDKOSDYEMIK@CACOMGCOEGCMMKAGKQOe@GEMYAIE?@@GACFA@AAUPIROPGZIFENQHO`@C@BBC?EPCTIPGDDAIIAFCEIMDCCGE?EEMB?AKBCG[EEEE@OMK?AEC@MKMEAEIEACUGe@[QS?CWGSGSOSCQMEAAB?KO@ABa@XMHG?OVK@ACC?KROLALa@PQPCPACC@APES@A@@BCB?BJAKNGAEAP?IAACF@H@ADH@K@?@T?y@GFADB?d@jAAy@c@Q?@?C@DEGRbAQ_AECBFB@EHB_@EFB@A??C?DB@?G@N@AFZMUFl@TeB[h@@IDIGb@CEAI?HJNADBAICF@@GLSJE?GNOBADMBA@GDEDADFF?BB@GN?BEDAAAB??ED@@C@MFEFMTQHLDCH?CBDDH@DCLLJ?FBCE@LDDFB?AFFRHPLHADDD?n@l@B@BAFDJBJFJ?@FLJDA@DDCFHHADHJ@PLH@HP?L?E@@JC?KB?@@BCFY@IN_@BQHSJEDKB?HG?BBC@KZ]J[JGFIVn@FB@ADDA?FHAFJL?BHN@FJH?DLNDVB@BCD?VNDAFBFCDDL?LERALNPBDAJB\\h@FM@?FMB?@{@FIA?AGDKJc@DKHWDG@SBADOLKFAD@HEFBLA@ALD@BLBFHHENSFC?AH@NOCGB??EFIFA?CPWRKBBJA?ADBAGFGBSBADO@BD?@ED@JD?BF?@BDIJDFMABB?AEDE@K@@@CDCFP?R?CBDDCLBJLHCBBBABIFBHGBFDAB@E@?CBJH@FJB?@BHB@DHHF@BJF@BHFB@DHBDCZ}@Fe@P_@E]K]Sg@Rc@CE@KC?""}"
"2022-08-05 08:40:11",walk,"Morning Walk",892,58,0.983,137,,,strava,7585591082,"{""elapsed_time"":1036,""total_elevation_gain"":24.1,""elev_high"":119,""elev_low"":94.3,""average_speed"":1.102,""max_speed"":2.092,""polyline"":""yjjxHjeQBZMR@JIMWWGOOEUOIMQKCa@H[Ag@BILCF{@?WDICKQU]_@?@Sg@MO?BMIMSGCI@Y`@?LQTIBGt@EASRIB?PMb@OHMPC?MPGBKXCHOL@ZKTY\\M?QTQFUn@LTB?HXDALJZ`@@DPXAAF@HRJJJDDAJLQEZZNH@NRJNTL_@HGVWBKFAHO?@RMEIJi@JQFOFGVi@\\eAHk@TJ^^V^HDF?BHHGJYBW^gAAU_@_A@WHG""}"
"2022-08-06 08:52:38",walk,"Nice walk with Lyn and the dogs",2394,158,2.671,,,,strava,7590826524,"{""elapsed_time"":2657,""total_elevation_gain"":35.7,""elev_high"":93,""elev_low"":72.2,""average_speed"":1.116,""max_speed"":3.36,""polyline"":""ceoxH~nNGDE?SK@GCAAFGMOGUCY@CEGEGOGO?IAB@@GRKHELGBSE]D]IO@GCO?OGK?ACE?EBOCEEMCOKC@IMEAEIC?EEGCMQKEGDKEGBAO@OEQBCEK@SEIDAHQGA@OG[CAAi@BEAEA@CYC?EEHKBA@@CMCg@@MB??A@@FIEK?SEGUMPCCMEDHSAE@ACQ?QCC?I@@Ga@@D@?EOKACI?IDI?OH?@KAEBAEM?SQO@G?R@@CLDDCF@FF?FJHBBEF?NWHGLUPUJe@BAD]BCAEFY?_@BK?u@BQAe@LgBEi@@SCc@QkBGUOWAOGI?@De@DIHIDYDKBSPe@XyAPiAP[@KDAH]JSH]JOZKDGNG?ED@DEDAHGDKd@WFKPKF?PIRHJLNHV`@P`@FVHl@Cl@DT?d@JVCFBCGG?LCGADBG?I@??JCED?CNGXO^UZITYZI?SHGCEIMEc@g@KIG?MPIZc@XMVOP@XCp@BZCRBLA^@LAH@@EPHZCH?LDT@jADb@DJLHJGDBh@qBHMDABGJAXKH@FCDGVCNK?BBIDA@BNMFAFEBBH?@@BIB?DFDCBBB?BEHAHKBAD@@A?B@C@@@A@FD@@C@D@C?F@EDBJEFBBIDBBGPEFHBEBFJDDCDDRDBDDT?HHPCRFTJR@FC?DF@PCx@C@AAKNM\\APCHBT?VITGl@GjACxAEH?ZEDBHCR@HAT@DCJ@l@@DEF@LACCBGX?ZBDCH?JGV?XIRM`BGN?JITGd@u@vBAt@@x@CNDP@f@FV@JOl@CTGTEFC`@DI?K""}"
"2022-08-08 09:02:01",walk,"Morning Walk",1104,68,1.145,140,,,strava,7602029830,"{""elapsed_time"":1125,""total_elevation_gain"":24,""elev_high"":119,""elev_low"":94.3,""average_speed"":1.037,""max_speed"":2.101,""polyline"":""}jjxHl`QHVVd@CNKRFDGTAXIZATABI?e@YQUMCYYSCDc@Em@DSRc@BSEOLkADODHFG?QH_@NABGL_@?OMYa@e@SOG@KIG?KPQNk@\\S\\IFIRAPMD?CIV?HEFC?GTEXKNCJKLIh@SLQ\\KHGAMb@MLIN@DONAHa@DIJMl@MLARJd@FHVNLh@X\\@ELJ`@HC?@NBB\\TTRFPVCJJ?KJUZEDG@QR[?UESNQ@ORS@GZa@N_@DOFs@FEZHHHXLBJX\\H@L[Hg@X}@GWYa@IY@KPW""}"
"2022-08-11 19:35:52",walk,"Night Walk",1768,116,1.962,,,,strava,7622375164,"{""elapsed_time"":2054,""total_elevation_gain"":20.2,""elev_high"":101.4,""elev_low"":80.8,""average_speed"":1.11,""max_speed"":2.412,""polyline"":""{rlxHteZLT@LABFHB?E@@B?AA@FDCRFH@ZBRB??LDL?PF?@HBTADBJAFDD?HHX?LAF@@?DFD?@?E@CBRADC?DD?CB@E@B??EATBF@A?FDRAA?FBFD\\FNBNBD@H@ACFBVANB@AEDCCE@C@TBBAFHZE@FBF?NFDCFHN@DLJFCKK@@ABFBCDJDBBEr@l@D@j@f@D?LJDH?CDDJ@NJDF?AHD@DD?HHBABDPHPPB@ACNHF?@Bh@TF?ACL@JDDF@F?AF@AEBBDCJJb@JVNF@BCZHb@RDDDABDD@XNCEG@p@VPJFJRJN?DDFBBAJHDCRDBAFHJBBCFBDEBKCG?BBO?@@_@BWC?@CCEBKC@F_@AC?WD]CWF[@QCUBWCABWCE?QBQACC@B{@C@BE?WBAK}A@KAM@A@KCD@KEO@KCSAEA??c@CA?g@Gs@Aq@@@?CAACOCuAEWCs@Mw@?Q@BJe@GABGDCLcACOBKCS?c@AI?KEa@ACA@@CIIG]IS?YCOGMAMICCG@OCKGOMGACC@?CGDG?@YEQEAi@RBFm@AABEESDOHE?KFI?EJ@FYRKVMFEJG@GJQHCF?LEDCBE?EHOFD@?BC?CAABE?KHE?GJEB[XKB?BMFIAIJm@TCDCAACCFIFO?IFG?MLQ?ADi@PIJE?SHI?QFEDUDS@QNQFEAI@MNQHGA_@FI?KLARGVED?C@DC@@CBH@EE@@A?B""}"
"2022-08-12 09:35:13",walk,"Morning Walk",865,89,1.061,154,,,strava,7676126348,"{""elapsed_time"":1964,""total_elevation_gain"":9.3,""elev_high"":88.7,""elev_low"":77.9,""average_speed"":1.226,""max_speed"":2.586,""polyline"":""{elxHxcXFFJt@^`AFf@An@N^Jx@N\\LdALRHb@NTHf@Nb@Fv@?LITEZAf@C`@Kx@Oj@C~@GXC~@NhBAPCDI@OHSRKBKHQDGFId@@p@DP_@f@]Dk@Xc@JSNKAOG[@OG@?U?i@HMLMQ?EKEg@DUHEHk@|AYjAKRQ|@En@DvAHp@B`Ad@vCEPGFAJAG@GEJAG@NJLEQ@R?ENBCHEA?CA?GOD@C??FAAAADFCS?JB@""}"
"2022-08-12 19:51:42",walk,"Evening Walk",1777,113,1.914,134,,,strava,7627538452,"{""elapsed_time"":2324,""total_elevation_gain"":19.7,""elev_high"":101.4,""elev_low"":80.8,""average_speed"":1.077,""max_speed"":2.044,""polyline"":""mqlxHrgZEECR@t@BRNHCXDD@NJd@N\\Cf@LR@TDH?\\Ff@NhADHAFB@?ZDL\\PNLPHJJB??EHABDJBFJTPDFC@h@Z\\\\JBNLJBJ?NRNFXPNRLDJ@?@ZJJADJZFJNNAp@VF@@@P?PFD?DDNDFFb@N\\VD??AVFJLTR`@JNALHJAVNPBFOAI@q@Dk@FO?s@EI@BB_@Ae@BQCGBm@AE@WCQFa@Cw@@OCWEgCCo@EICy@GcAIeDM{@BICKI]LOFgBEa@FQ?MHAEcABEAUGQGk@Mg@IQIEGKUKOU@EUSAQIGULCA?HUDCCGFQAQDKACD@Ba@DMJAJULAD@Fg@l@]XGHIDc@f@G?OPK@UXMFGJk@LEDMAGBILC@AEQTY@IBGLEE}@`@E?KDOJOBIA]Rq@VYBKFOKKLUFGFAAKl@GDB??JMNFKCHGDV?[GBJ?IDIBDCENHIC""}"
"2022-08-13 08:45:50",walk,"Morning Walk",3197,209,3.534,138,,,strava,7629895518,"{""elapsed_time"":3886,""total_elevation_gain"":32.5,""elev_high"":88.7,""elev_low"":75.6,""average_speed"":1.105,""max_speed"":3.139,""polyline"":""itlxHr_Z?m@KmBEO?S@@Ba@BI?QHg@?IFSCIFQAKFQTUNs@`@k@CATUT?TGP?DTZFNFJEV@PFTCPMV@PG`@CHBP]LM@EZ?FMB@P[?o@?BFg@?UNe@HEPy@Ra@Ps@C]BYTm@CQ?e@FMBWFM?OJo@Bg@FQ@_@Cm@@s@Ma@Ia@Q]GQEYUg@Go@O]Ek@Qc@?y@AMOc@Ea@M[Oy@GMCCI?OUI@a@a@g@]gAaA_@Oe@[uAQSGKGESQiAE}@?YDi@?qACGU?ECK@OCRGVOP}C?{EGkA@SJEEkAUgEX_@j@i@HMj@k@`AoARQvBu@f@OhAOp@EP@j@EDf@@^C`AOdCCFIrCI~@@JYzD{@rNK`AIpAIr@EnA@d@TfADl@DTCLHj@@VH^@@Rt@BXCj@Pd@FZ?NJXJl@FHCHVp@Hb@PPDPBZJVDDAB?VDJ?PI^MnABZAVEHUn@CV@l@Mj@Ej@Kl@IXMVId@MRCH?PEHI@?NMl@?ZBHIHGZIFUBi@ZKHE@MEC?QTC?MEOBICQLMGE?MMCBQAKDACUFG?KYUJEAe@LE?IJI^Yt@Uz@QPIp@Of@@PD@Kj@F\\BZEBLnAARDLH~@T|@BX@RED@V?SG@CDIBFX""}"
"2022-08-14 08:51:46",walk,"Morning Walk",3674,0,0,149,,,strava,7640683756,"{""elapsed_time"":4467,""total_elevation_gain"":32.3,""elev_high"":88.7,""elev_low"":75.6,""average_speed"":0,""max_speed"":2.229,""polyline"":""gslxHnbZK}@GABEG@Iq@AIBGEu@?]Gq@ECCG?GPc@GUBWJGN[BK?]T]@ICOD@BGLGHWHMHYHMPIh@GDTTFBEJE?KKCJDL?D@FAFBDGXJL?BIJGB@JLBHB@Vg@DCRHFALDDACOHSVOJ?DBJBJKJOCWBQCUFW?G@ITOAGBGRc@AID?LUECRc@@SFOE]DCGEPa@?]@IDAGu@Li@AM@UH_@Hw@La@@WEYBq@EQKS?IBGE@IYMQGQASSWAGIKBI?KC_@E?GOOaAMa@Da@A[Q]Wo@EQ@SCG?GCQKKCFQIGOOMIMgA}@GMKGSUm@YSOc@QE@EAEBGE]Ce@KEEOm@BFA\\CDECN_@ESSi@IK[UMSAIDSDENw@HWDC@G?I@G?]@SAGHa@Bg@AGD[CSBGAI@GAu@DkBC]@m@E?JBECEg@@SEg@?UOgA?]AQCEIaBBETCHID?DQRKj@q@NUZYf@s@DCNSPKREZO|@UPMXI^ARITAJ@DCPBr@GRIBG?ZFd@GhBGf@DQFaA@g@CF?RE^CdAMxAGrCW`EGf@MlB?j@Ir@I`Ba@tFEvAE^Bp@H@G?OVGl@Hd@@R?TEFJP@j@F\\@X?LRz@RdABZ?RCH@HLTJ^Ln@HNFr@FPLLHj@?JJFBJJL@THV?PHd@Ch@Kn@DTCHEDCRIRE\\CDKr@Bn@AFANOREPEh@BDKXBFKRGRCBMZ[l@Gj@IV?T@FCN?HCJIP?HE@?IMHG?GJE@MJIJAFMFQCIFQBEAOHKEE?IFUM_@GEBDNq@EO[QDW?[HIZi@fAEXOT?HEDAHGBOp@@RGXHB@GHOEAEBET@HCFCd@Hr@F~AT|AB`@Rt@?PMJBJAICAEHDBGC""}"
"2022-08-21 15:42:07",ride,"Afternoon Ride",1256,66,4.027,,,,strava,7676624860,"{""elapsed_time"":2188,""total_elevation_gain"":60.2,""elev_high"":167.4,""elev_low"":117.9,""average_speed"":3.206,""max_speed"":12.256,""average_watts"":47,""polyline"":""oijxHdbQFTTJX^JHJTF@Lc@FGBSbAyC|@yBTo@Zs@BINWHYXk@Ty@f@_EXsCJoBDaBGmCAsBGaBCUEED]@YG_@CYJmBVkCAIFQHsBHgAAs@BkACWIe@@[HWp@wAn@eAFUb@aAH_@BAD]?IFOBONm@Fy@CSTmAFaBTy@L}@FSNWNIHAnBHf@?rAUJG|Ak@nAo@H?n@Yl@a@NWDAD@JED@?DBA@RFBFEFFd@lCPv@Hf@?TLXRpA@PPPTpA?BFAhAiARMb@a@BGB?A@?E@DHGAAHCJO\\UJAJKPKBE?SEIWgAAY@OCa@a@yAg@oCISEEE?yAl@qBfAoAf@e@Xc@NQLuB|@qAd@]HQJI?EDQFo@L]Bu@AOVQbAIPOLG@Q@GESCOJEHQr@MnBCp@c@`Ca@rA_C`FQp@HzBCbBOlC_@nEG~A?PJxAH~BB~FA`CCr@]zD[fC]|Ae@bA]bAiBlEqA~DOPI?GEKSq@y@O]QSOYAQBQ@?""}"
"2022-08-25 16:41:47",walk,"Evening Walk",1388,75,1.275,,,,strava,7698949226,"{""elapsed_time"":1606,""total_elevation_gain"":27.5,""elev_high"":119.1,""elev_low"":94.4,""average_speed"":0.919,""max_speed"":3.764,""polyline"":""wljxHjeQGAOQ?@ICIG?EICAI@e@CA@YBMAGDQ@@FKBKCKBm@BC?KLO?O@BBAFIVk@FOHc@P[V[?E?AA@B?AABCCMDF?ECKAAAFEOC?@AAIMSOECAEDKGE@MCEPK?UB_@TMNC?IPOFGFEJMHELORQP[l@?FBFE@@CFGHUB@KDWt@MJWj@Y^KTEFCJKLCROTCCGBMRKFKRA??FGLGBABA?EFUb@CXJj@HJABJD?BB?HHBP^h@PHJ@@BBAFBD?JLAFJJ@FPH@HC?BCFLPNJ?@CB@DCBFBABKJEDG@IDEB?DC?EJEHOBIAEB]FS?ILUDWJCDQHGBMHGBKFa@BCBe@DAB@?E@BC??CLLDADBDPEAB?ACFHCID@^\\BFPLDHHGH_@Pc@@MN_@BWIa@OSISAKNW?B@UCE?JEA@FAAAGDE?@AECACMDDBAGEAFBAEHCADBFLIA?EEE?KCB?IBH@KBA@@EGAFB?DFBKGDDHED?AB?""}"
"2022-08-29 11:33:28",weight-training,"Gym Session",1654,150,,,,,setgraph,,"{""sets"":[{""exercise"":""Dumbbell Press"",""reps"":10,""weight"":8},{""exercise"":""Dumbbell Press"",""reps"":10,""weight"":10},{""exercise"":""Dumbbell Press"",""reps"":10,""weight"":10},{""exercise"":""Incline Dumbbell Press"",""reps"":10,""weight"":10},{""exercise"":""Incline Dumbbell Press"",""reps"":10,""weight"":10},{""exercise"":""Incline Dumbbell Press"",""reps"":10,""weight"":10}]}"
"2022-09-05 10:40:58",weight-training,"Gym Session",1346,113,,,,,setgraph,,"{""sets"":[{""exercise"":""Dumbbell Press"",""reps"":10,""weight"":10},{""exercise"":""Dumbbell Press"",""reps"":10,""weight"":10},{""exercise"":""Dumbbell Press"",""reps"":10,""weight"":10},{""exercise"":""Incline Dumbbell Press"",""reps"":10,""weight"":10},{""exercise"":""Incline Dumbbell Press"",""reps"":10,""weight"":10},{""exercise"":""Incline Dumbbell Press"",""reps"":10,""weight"":10}]}"
"2022-09-12 09:09:21",ride,"Morning Ride",310,,0,173,,,strava,7794957568,"{""elapsed_time"":310,""total_elevation_gain"":0,""average_speed"":0,""max_speed"":0}"
"2022-09-12 10:16:04",weight-training,"Gym Session",2135,172,,,,,setgraph,,"{""sets"":[{""exercise"":""Dumbbell Press"",""reps"":10,""weight"":10},{""exercise"":""Dumbbell Press"",""reps"":10,""weight"":10},{""exercise"":""Dumbbell Press"",""reps"":10,""weight"":10},{""exercise"":""Incline Dumbbell Press"",""reps"":10,""weight"":10},{""exercise"":""Incline Dumbbell Press"",""reps"":10,""weight"":10},{""exercise"":""Incline Dumbbell Press"",""reps"":10,""weight"":10},{""exercise"":""Standing Cable Flies"",""reps"":10,""weight"":5},{""exercise"":""Standing Cable Flies"",""reps"":10,""weight"":5},{""exercise"":""Standing Cable Flies"",""reps"":10,""weight"":5}]}"
"2022-09-14 10:31:11",weight-training,"Gym Session",1531,144,,,,,setgraph,,"{""sets"":[{""exercise"":""Deadlift"",""reps"":10,""weight"":30},{""exercise"":""Deadlift"",""reps"":10,""weight"":30},{""exercise"":""Deadlift"",""reps"":10,""weight"":30},{""exercise"":""Dumbell Rows"",""reps"":20,""weight"":10},{""exercise"":""Dumbell Rows"",""reps"":20,""weight"":10},{""exercise"":""Dumbell Rows"",""reps"":20,""weight"":10},{""exercise"":""Dumbell Shrugs"",""reps"":10,""weight"":10},{""exercise"":""Dumbell Shrugs"",""reps"":10,""weight"":10},{""exercise"":""Dumbell Shrugs"",""reps"":10,""weight"":10},{""exercise"":""Pec Dec Machine"",""reps"":10,""weight"":27.5},{""exercise"":""Pec Dec Machine"",""reps"":10,""weight"":27.5},{""exercise"":""Pec Dec Machine"",""reps"":10,""weight"":27.5}]}"
"2022-09-22 18:00:34",walk,"Evening Walk",2084,131,2.215,106,,,strava,7852236913,"{""elapsed_time"":3034,""total_elevation_gain"":5.7,""elev_high"":160.1,""elev_low"":117.5,""average_speed"":1.063,""max_speed"":1.742,""polyline"":""mxhxHzgN^~@OHUVSNGJOd@B`@Rv@DX?VEJKJ[d@M\\STCN_@x@Kn@K\\STcApBGHI@[?IMIY?i@WkAW_AKq@?]B]DMHKTAf@WDId@_@RWP[DQ@MG[EKc@uBYkBC_@DSFOPId@m@Ba@A@Ak@CUGEGQ?LHFJpADHTOL?TNVj@`@`BFh@DNCt@Dr@Fh@JZFJ@LR~@@LAHEJUTUf@Ob@QTSf@WjAa@p@Wh@ELa@r@OLYCGCKQCOAi@IWO{@KYG]Ic@A_@Bk@LMn@QROz@u@R]BM?WOu@w@mF@YDK`@_@DKNQBOC_BGKEAEFHBL~@LNFD\\BHFLRTz@FHPjALh@P\\F\\R^LDz@y@XMNMDKJC?GXSDGRK`@KJOBAHHEABMS@NJ@BA@HGk@{EQu@ek@jxA}IpH?]AGBEBV?u@EEDXEG""}"
"2022-09-23 09:47:26",walk,"Morning Walk",994,61,1.036,123,,,strava,7854871477,"{""elapsed_time"":1054,""total_elevation_gain"":24,""elev_high"":119,""elev_low"":94.4,""average_speed"":1.043,""max_speed"":2.864,""polyline"":""mjjxH|cQIv@Kj@CDCABAi@o@IK[QOS?MEKD]AQR{A_@a@E@Sa@C?CEE?CIO@K_@GCIYGGMEEBGFBBSLCRCB@FDGPc@MTSp@QTWr@QTQb@M@KHCDBJSTOFELEFQHGTMHUZCb@?TBDJLD@BHALBLTNTb@HBHLZFBAH@JRDPF@N^RHJ?NELYNMBKVQDaAHG@GRa@h@k@Nc@BOEEHYZJ`@Xh@n@Pg@ZuAAg@Ue@CM@ONUCS?H@?""}"
"2022-09-26 11:37:56",weight-training,"Gym Session",1575,,,,,,setgraph,,"{""sets"":[{""exercise"":""Dumbbell Press"",""reps"":10,""weight"":12},{""exercise"":""Dumbbell Press"",""reps"":10,""weight"":12},{""exercise"":""Dumbbell Press"",""reps"":10,""weight"":12},{""exercise"":""Incline Dumbbell Press"",""reps"":10,""weight"":12},{""exercise"":""Incline Dumbbell Press"",""reps"":10,""weight"":12},{""exercise"":""Incline Dumbbell Press"",""reps"":10,""weight"":12}]}"
"2022-09-28 10:33:39",weight-training,"Gym Session",6301,358,,,,,setgraph,,
"2022-10-01 10:47:41",walk,"Lunch Walk",1739,99,1.682,118,,,strava,7898952951,"{""elapsed_time"":1841,""total_elevation_gain"":31.6,""elev_high"":115.9,""elev_low"":82.9,""average_speed"":0.967,""max_speed"":1.686,""polyline"":""qoixHhh`@CUKOc@a@KO@ASMMMFEG[@UEINMFSRGJ?LBXPNc@Hq@Co@KcAISKi@ICCMDI@IEKBWAUABKYGq@EKMDM?QIGIEDa@Ge@UU]KCMBGCE@SECGQBAGGCa@Ia@WQKOCIGMEGE}@MIGMAMM_@Is@AOGUUMGEKI?SLYCS@o@LKRIFOXOHIROJWXGT[d@SRMRmAxBo@`BGXDZVt@`@j@DBBDADRDZZNJ^D^\\FBJLD?VN`@ZNDVTF@TNr@RXCz@HNFd@CJB`@KZMT?DBPA\\D`@GPDBDP?JAb@P`@?JALDHCJDNED@LCFEPAPDNCRFH@@DNBDGHADKNLPXHXXP?A""}"
"2022-10-02 09:54:36",workout,"Morning Workout",2671,,0,177,,,strava,7898952934,"{""elapsed_time"":2671,""total_elevation_gain"":0,""average_speed"":0,""max_speed"":0}"
"2022-10-04 09:49:26",walk,"Morning Walk",1043,67,1.138,127,,,strava,7909019941,"{""elapsed_time"":1262,""total_elevation_gain"":24,""elev_high"":119,""elev_low"":94.4,""average_speed"":1.091,""max_speed"":1.802,""polyline"":""mjjxHdcQDj@AZI^E@ITm@m@MSMCIMWKAIGw@?UBON[F_ADWFAFULK`@qAFG?IQYOa@GAW]_@Ci@PCJURE@Y^AVKXUT_@`AKPGVOPQ\\UJIJIh@O`@ORg@XMZMNM\\EXL`@^ZBHEFKSIG?KVVJXNXRNL@F@LGHF@NVb@JZPHVCLQFEBOJGTWBM?_@@M\\{@V_@NOJSH]@YBOBEx@t@d@j@FBBCPi@Hi@Pq@@DG]Sa@CO""}"
"2022-10-05 12:42:10",workout,"Afternoon Workout",2989,,0,161,,,strava,7915275828,"{""elapsed_time"":2989,""total_elevation_gain"":0,""average_speed"":0,""max_speed"":0}"
"2022-10-09 09:55:44",workout,"Morning Workout",2446,,0,183,,,strava,7935181951,"{""elapsed_time"":2446,""total_elevation_gain"":0,""average_speed"":0,""max_speed"":0}"
"2022-10-10 08:22:24",walk,"Morning Walk",985,60,1.02,135,,,strava,7940136423,"{""elapsed_time"":1169,""total_elevation_gain"":24,""elev_high"":118.9,""elev_low"":94.4,""average_speed"":1.035,""max_speed"":1.828,""polyline"":""mjjxH|dQOr@MTKIMWMKKSIICBUWFDQYDOCM@YEOH[AMBM@@@YBEIKWKIBEKCUGCKOKGE@CMa@k@?GIGIPST?PGTEFG@[`AE@MPGVU\\Uv@YXa@VE?@A[ZIBAHMT@D?CEh@DJHDJ^NBBKICBZf@v@XNVD@D?JLN`@RHXHJJB\\OB[FQB@RIHSBI?g@JWHAFEFQCIF[HKLGJOJ[Hq@DG@DL@\\X@FVRJTLJDETu@F]Ti@Ea@[k@CMDUHMBIP?KFEKQWFD""}"
"2022-10-13 09:01:33",walk,"Morning Walk",1952,147,2.49,129,,,strava,7966402486,"{""elapsed_time"":2014,""total_elevation_gain"":52.9,""elev_high"":131.5,""elev_low"":78,""average_speed"":1.275,""max_speed"":2.4,""polyline"":""ojjxHv_QZ\\Nd@`@`AT^JFDEDQZw@X}@FKx@}BFGJ]Xm@DORe@Z{@@Sd@q@\\gBT{BBSAKS]QQKE]WGMUCq@}@CAEBQWGEI@USGKGASYUIg@YEDYGSOYKq@e@c@MCEKCOOKEM?OQEBYCM^KJA^Kj@_@nAa@bACPa@xAYp@EBOd@[r@?BO^OPOb@W`@_@`Ag@|@o@|@S\\AFUXi@z@IFa@h@c@p@_@p@ON?DRHL??BPADHB?HNBN@b@CTIJGIOBEGSg@CM@WDIGUCEG?MRE@Yl@_@`@KRMJUd@ARtA|CHDNXNLFFNBBGRCH@^GJDJGH?HDFNFB\\f@XXNJ~@fANLHPHBb@h@f@f@\\d@f@d@d@l@NXH?f@t@t@p@LAJ_@?a@FWHy@`@iCJU@SHc@FM@QH[D[T{@DSRc@No@?QRe@Ji@f@gBGOIEI[c@g@W_AO[""}"
"2022-10-16 11:46:35",walk,"Morning Walk",407,107,0.57,133,,,strava,8009967434,"{""elapsed_time"":456,""total_elevation_gain"":0,""elev_high"":17,""elev_low"":11.3,""average_speed"":1.4,""max_speed"":3.731,""polyline"":""ylnwF`xtbMkBnCsAvAUh@_@ZUFER@?@YDFFR`@^TZDL`A|FDn@?NMTYTm@^a@b@OXQf@""}"
"2022-10-18 17:00:27",workout,"Evening Workout",3196,,0,146,,,strava,7983584179,"{""elapsed_time"":3196,""total_elevation_gain"":0,""average_speed"":0,""max_speed"":0}"
"2022-10-26 19:30:34",weight-training,"Gym Session",3585,220,,,,,setgraph,,"{""sets"":[{""exercise"":""Incline Dumbbell Press"",""reps"":10,""weight"":12},{""exercise"":""Incline Dumbbell Press"",""reps"":10,""weight"":12},{""exercise"":""Incline Dumbbell Press"",""reps"":10,""weight"":12},{""exercise"":""Incline Dumbbell Press"",""reps"":10,""weight"":12},{""exercise"":""Barbell Skullcrusher"",""reps"":10,""weight"":12},{""exercise"":""Barbell Skullcrusher"",""reps"":10,""weight"":12},{""exercise"":""Barbell Skullcrusher"",""reps"":10,""weight"":12},{""exercise"":""Lateral Raises"",""reps"":10,""weight"":6},{""exercise"":""Lateral Raises"",""reps"":10,""weight"":6},{""exercise"":""Lateral Raises"",""reps"":10,""weight"":6},{""exercise"":""Lateral Raises"",""reps"":10,""weight"":6},{""exercise"":""Lateral Raises"",""reps"":10,""weight"":6},{""exercise"":""Incline Bicep Curls"",""reps"":10,""weight"":10},{""exercise"":""Incline Bicep Curls"",""reps"":10,""weight"":10},{""exercise"":""Incline Bicep Curls"",""reps"":10,""weight"":10},{""exercise"":""Incline Bicep Curls"",""reps"":10,""weight"":10},{""exercise"":""Hammer Curls"",""reps"":10,""weight"":8},{""exercise"":""Hammer Curls"",""reps"":10,""weight"":8},{""exercise"":""Hammer Curls"",""reps"":10,""weight"":8},{""exercise"":""Hammer Curls"",""reps"":10,""weight"":8}]}"
"2022-10-28 08:49:26",walk,"Morning Walk",2171,139,2.355,117,,,strava,8031203620,"{""elapsed_time"":5887,""total_elevation_gain"":60,""elev_high"":120.3,""elev_low"":74.7,""average_speed"":1.085,""max_speed"":2.08,""polyline"":""ajjxH`aQJh@O^DJ?NKd@IJGCIj@Y[EMMQMISGWUSFAIMJG?QEEBKICSIGEHMHQHUOSFKTQRAJo@d@_@`@ODSP}@CUDICGBYf@@BId@?F]~A?h@QOEIUISAC@KEO@SEO@KAa@MEEKEQSGc@MMUu@]s@EAOFoAjBKVKHMVELNNKGYj@QEGMICK@GGGBIEi@K[Q{@m@IAg@_@c@Qi@[OCMKEBMSQTOJONSXIDKCECSHAHQVKFKVI@Eb@Du@TGBGRGFK?ITOTIXJDA\\i@FOHGD@HJN@HHX?HF@CNHJHHBH?FBFHNJD?HDFHF@TP\\BDH\\TJDBCb@VDALHPMBGRSBSRQR]b@c@@MNYH@HCNQJCD@HHDV`@bABN?AJXTVEDFHNJVA`@NV@LIJCNDJ?V\\DANND@@}@FICMFEPc@AUFMD_@H_@HCJFHCF@JAFBTC^OBGRCPE@GHAL]RKBGPCLQABHUPQTENDH?LM@IHGPf@ACREJL?@f@QNHLXPHJPHBFFZb@BATs@?UVy@@UMe@KMEQ""}"
"2022-10-28 14:55:43",weight-training,"Gym Session",2748,208,,,,,setgraph,,"{""sets"":[{""exercise"":""Dumbell Rows"",""reps"":20,""weight"":14},{""exercise"":""Dumbell Rows"",""reps"":20,""weight"":14},{""exercise"":""Dumbell Rows"",""reps"":20,""weight"":14},{""exercise"":""Dumbell Rows"",""reps"":20,""weight"":14},{""exercise"":""Dumbell Shrugs"",""reps"":10,""weight"":14},{""exercise"":""Dumbell Shrugs"",""reps"":10,""weight"":14},{""exercise"":""Dumbell Shrugs"",""reps"":10,""weight"":14},{""exercise"":""Dumbell Shrugs"",""reps"":10,""weight"":14},{""exercise"":""Deadlift"",""reps"":10,""weight"":30},{""exercise"":""Deadlift"",""reps"":10,""weight"":30},{""exercise"":""Deadlift"",""reps"":10,""weight"":30},{""exercise"":""Pec Dec Machine"",""reps"":10,""weight"":27.5},{""exercise"":""Pec Dec Machine"",""reps"":10,""weight"":32.5},{""exercise"":""Pec Dec Machine"",""reps"":10,""weight"":32.5},{""exercise"":""Pec Dec Machine"",""reps"":10,""weight"":32.5}]}"
"2022-10-29 10:40:45",weight-training,"Gym Session",1754,139,,,,,setgraph,,"{""sets"":[{""exercise"":""Incline Dumbbell Press"",""reps"":10,""weight"":12},{""exercise"":""Incline Dumbbell Press"",""reps"":10,""weight"":12},{""exercise"":""Incline Dumbbell Press"",""reps"":8,""weight"":12},{""exercise"":""Barbell Skullcrusher"",""reps"":10,""weight"":10},{""exercise"":""Barbell Skullcrusher"",""reps"":10,""weight"":10},{""exercise"":""Barbell Skullcrusher"",""reps"":10,""weight"":10},{""exercise"":""Lateral Raises"",""reps"":10,""weight"":7},{""exercise"":""Lateral Raises"",""reps"":10,""weight"":7},{""exercise"":""Lateral Raises"",""reps"":10,""weight"":7},{""exercise"":""Incline Bicep Curls"",""reps"":10,""weight"":10},{""exercise"":""Incline Bicep Curls"",""reps"":10,""weight"":10},{""exercise"":""Incline Bicep Curls"",""reps"":10,""weight"":10},{""exercise"":""Hammer Curls"",""reps"":10,""weight"":10},{""exercise"":""Hammer Curls"",""reps"":10,""weight"":10},{""exercise"":""Hammer Curls"",""reps"":10,""weight"":10}]}"
"2022-10-31 17:03:59",workout,"Afternoon Workout",4608,,0,171,,,strava,8066663289,"{""elapsed_time"":4608,""total_elevation_gain"":0,""average_speed"":0,""max_speed"":0}"
"2022-11-06 12:35:40",walk,"Afternoon Walk",2470,182,3.089,,,,strava,8077308631,"{""elapsed_time"":2643,""total_elevation_gain"":61.8,""elev_high"":119,""elev_low"":74.6,""average_speed"":1.251,""max_speed"":11.064,""polyline"":""ojjxHx`QJVNPO\\CP@C?NGP?XCBCHAXEFOBCAEUSWCKKKK@Y[G@CD?BACDSCAB??EEWD[CS?I@@@I@@AALKBYFQBs@@AH@CC@CCLGDV]F[C@FC?IRk@@SFWMk@CCAGSQAGIIKAIII?UNAAWLSPEJMLWb@ILC?GPMLY`@ETEJ?HCHQXAFMJCHIHABBRKEIh@GFAFIFE`@GBCFIC@EA?KBIH?HCFCCB@?BIACCKL@HGB?JM??HC@Qf@C@GLGBAFCDAHIFCNEBC^K^SX?XGJCp@?`@AJEBGAk@k@UC?CD?W?]DGCIBIAIFWKMQIEIQGWUe@Sk@KUKI?OCMMNIDGFMVGZEHG?EFWh@Yf@M^GHG?EHC?@?AFBESIEOKC?ECAKDCCC@GEC?CDG@OIg@KIMQIUQaAc@OMKSEA?AA@ECGGEBCEA@EMI?SIIQCNMQELKLo@l@E?KNG@EAGFI@IFE?SVGXKFOKIKiAiAtBzAIAEL?MJ@EGAVDMJBI@AFGDAD@EBBAGTYBAHYHG?@?CTUBEN@JCN??CLIBKB@BOFKHGJE@FFJDED@h@P@F\\J^VHJH@d@\\VLRPRBj@XH?HDJFJAF@@BB@JLDK?SDINOTg@RWLYLMJU^g@FODGD??Ch@z@`@`AJb@B?HL?JJPLFFCD@@ABFH?XFFEP?DBJCDBBDFED?PD@FRP@ANNFM@QBOG[JW?ILQDA@CCe@DWJIFAJWPBPEJN@HDC@HHHA?JXB?HLBHBBD@?ADJFCD@DCLFJK@@BH@AFVTV?JBRFHHBJEDEB?@CF?DKLABU@BFDDACE?F@KLKJYAq@R]@QHIBKHEFA?IFIBE@BDCT[CSBKAOFKH@@AG@FCAFDDF?b@V^l@FBD?Tq@PeAFSCYYy@?WLMB?@DAIB@""}"
"2022-11-07 09:41:06",ride,"Morning Ride",294,,0,154,,,strava,8081185941,"{""elapsed_time"":294,""total_elevation_gain"":0,""average_speed"":0,""max_speed"":0}"
"2022-11-07 09:49:01",weight-training,"Gym Session",2136,169,,,,,setgraph,,"{""sets"":[{""exercise"":""Incline Dumbbell Press"",""reps"":10,""weight"":12},{""exercise"":""Incline Dumbbell Press"",""reps"":10,""weight"":12},{""exercise"":""Incline Dumbbell Press"",""reps"":10,""weight"":12},{""exercise"":""Incline Dumbbell Press"",""reps"":10,""weight"":12},{""exercise"":""Barbell Skullcrusher"",""reps"":10,""weight"":10},{""exercise"":""Barbell Skullcrusher"",""reps"":10,""weight"":10},{""exercise"":""Barbell Skullcrusher"",""reps"":10,""weight"":10},{""exercise"":""Barbell Skullcrusher"",""reps"":10,""weight"":10},{""exercise"":""Lateral Raises"",""reps"":10,""weight"":7},{""exercise"":""Lateral Raises"",""reps"":10,""weight"":7},{""exercise"":""Lateral Raises"",""reps"":10,""weight"":7},{""exercise"":""Lateral Raises"",""reps"":10,""weight"":7},{""exercise"":""Incline Bicep Curls"",""reps"":10,""weight"":10},{""exercise"":""Incline Bicep Curls"",""reps"":7,""weight"":10},{""exercise"":""Incline Bicep Curls"",""reps"":10,""weight"":10}]}"
"2022-11-07 15:04:28",walk,"Afternoon Walk",1128,78,1.325,,,,strava,8082446530,"{""elapsed_time"":1151,""total_elevation_gain"":24.3,""elev_high"":119.1,""elev_low"":94.3,""average_speed"":1.174,""max_speed"":2.832,""polyline"":""cjjxHdaQHN@FYh@?FBLCJ?\\Mb@MN?FA?Ye@QOWOC?SYC?IMCc@CI?k@CAFKB@DEHSC?BQAIBM?S@QDGNGDILg@EVEDJFA@BKWXERNWLe@LWH}@Ca@Qc@[c@UCEDMBURSJ]f@GBKNOVAD?CCDM\\Yj@I`@KNIZEBICG@QXKFCTEBGLGVINALGDM@MJILOLENMJEHHEFI?BE@ILWp@?RJ\\C@@DVL@FD?@PD??BBHRV?ADNJB?AA@FBA@@CB@?C?J?CJDBA@DB?DIBJB@BGCBTb@DDCCBHJDH`@?EP??CBFB@PGCICDBB@GD@JE@ED?EI?EJB?CDCHAFQF?FMBKAEBSAED[FQB@AGHUDCBBJIBODADQ@AHW?MBA@@Fg@AIDGDFAAECTFLXJFB?JBFPNFFTJEBKDIB]FEFOBYN_@AYEU[u@@KDIFC?EFFCB""}"
"2022-11-09 16:20:49",e-bike-ride,"Afternoon Ride",1180,73,4.363,,,,strava,8092755642,"{""elapsed_time"":1401,""total_elevation_gain"":16.7,""elev_high"":16.6,""elev_low"":2.8,""average_speed"":3.698,""max_speed"":8.422,""average_watts"":55,""polyline"":""a}iyH`lI@DC@?D?ABFDf@DBH`@?APtA@PALLHLPPv@LTDXARDFFZLT?JJR@PBBD\\H^?@ECEP?^CDCR?h@@JDFDPDl@DLAX@BHv@@dADt@JADGD@FPB`BHhBA\\ORCRPVJd@D~ACL@?AZCv@BJBrBUdA?|A?NHl@VlA?T?HIRBRIL@h@CDOLGPILGh@?d@BPFHPDNKJFHLNFjAtADDFTE\\_@lAc@~B]jAKh@K\\Kj@m@pB?J_@`BKx@KFC?IOI@GEOKGM?EOFMx@IFMTIDGL@\\A\\e@nCGLCf@Hb@LBJLHVh@r@NFDL^j@^\\f@z@H@h@|@BJJRb@h@D@@VFPFXBd@Mp@?XELORYjBOl@k@xAYfAYp@ENS`@i@zAW\\s@jAOf@W\\Yj@K\\ALQ^GFKAKGUUw@c@u@q@{@e@UEEGm@]u@m@sAs@u@e@qAu@{EsCu@i@qAs@aFu@i@CiAOGBi@MQAi@KK@g@j@]j@SRMVCA?EC@iAjA_@B]CWBGHKDs@UG?ICGKCQ?a@G[GyABQ?gC@G@WI?WMm@N_@GKJc@G_@DEFa@ESDY?SCODKEMCQHa@?G@YPSFKHJvAAr@KRk@p@Yx@UPG@@DGDCPDT@\\DT?LHJN^Hn@LVD@NKBGPCRKPAFGFCFBFGd@KFGRELSH?FRF~AFFC`@IXDLB?@DBB`@EF@CFVKFD\\l@\\^DLDB@LAD?FN`@ZLBLHBFRB@?B`@TI@EAAJECI_@BGAU@UGDAIQ\\W\\[z@B?FHESCH?CSNO^GHIDEFE?GJEAABE?CCE@""}"
"2022-11-14 18:07:34",walk,"Evening Walk",2812,267,4.52,,,,strava,8118017107,"{""elapsed_time"":2851,""total_elevation_gain"":28.3,""elev_high"":15.3,""elev_low"":4.4,""average_speed"":1.607,""max_speed"":15.118,""polyline"":""mzjyHxyO@NEL?BHFGFKB?HIB?FDC@@@DE@AHD\\QXIh@?HFH@F?LKFERIJHCEDE?D?XZJF@VCHKJE@UWGAMG]CSIMAg@MECK?IGMAWKiAWk@SUAWKKAMGM?YIWM{C|@D?FG?@NECBhBc@y@Jr@AJHuBw@N}CDvCKkA?tC?qA?dA]d@GVIt@Ez@?FB??JEO?`@GXALEv@BXJDBJX@LC^LPA\\DNGFPHAPD?XCBSp@IjADHAHKzAED?LEFG??FEF?JEC?Ng@nCZR?^YdBAt@CTSz@?PMl@CB?GIGEc@@ACHPtA?NF\\D^ELE@Kh@H_@c@`AOp@EJCTWh@GDIAA@IG@??CC@@@AA?FMEBB?EE?@Ak@Mk@?_@HGF?DW~@CR?TRLDLA@?CAD?EAJAb@ADBHGVCf@CJFp@HFZ?XJJJPDHLAAJ@KBAANABA@d@Kj@At@ED@E?DMv@Az@DZAPKzBGTBvACzA@d@Ad@@VAH?REHFBCNB^Ed@?j@ALC`B@^Cz@@N?^B`@Cj@CBBDEH?HGPAJ@JFHDNCNGN@NCF?HCR@T?ZADBJAVBLGLQAs@XGFCT\\fB@\\H^Af@Bb@Fl@Cr@@l@Cd@CP@PC`@B`ACXBBDVHNB@J@FH@JCd@Rp@CL@TCl@B^CDAn@B`@If@@XFf@Cp@?VBDAN@h@Cf@@d@BN?RBn@At@FXBV@bAGNJr@Cz@Fh@?f@Jp@AX?TJz@DjA\\hBBf@T|ANlA\\tBDf@Nl@I^FTHJFVHN@^DPFHFVANKDI?GHCADECAGJo@xAh@eBD@CIBAA??GFKr@g@NOFMNEHMh@a@v@y@LGp@i@fCyBLQfBuAV[j@a@HANICEE\\OEIJQ@?DBP?RBTCRJNF^HZJTHH?FFLPVFTD?JVJJNVVVb@p@HFJ?PLPGNVFA?G@?CA@DCGGAI?@D?ACBCCE@DA""}"
"2022-11-27 12:11:30",walk,"Lunch walk with Mum and Marty",1456,74,1.254,,,,strava,8175528461,"{""elapsed_time"":1487,""total_elevation_gain"":26.9,""elev_high"":119.1,""elev_low"":94.3,""average_speed"":0.861,""max_speed"":2.337,""polyline"":""wjjxHr`QBCN`@?HHHIPGVEZ?XIXALMNS[UWCGME]WAGABCAAKBY@q@EU@BDC@@@E@a@COFE?DDM?EACB_@LI@UHANMDOFK?GJa@P[BKAGAOEEOEYSCKUYGCGDM?WTG??DG@SPUZMJSb@KJINAHSd@Kh@AFE?AJKAIFIJEPMHY`@HSI\\OPSp@OFCD?BIJMD?BCAADE@g@t@CPIPANDPNTFXFBHDBD@ABHADBH@AD@JFBFHFLXPFH?FDBCBPCAD?@FNP?ANZ@?BBAABJHBDGF@LGD?DIHAFGBGJI?GLEBMFIDSCS@OPg@D?N]DADIJKDQDCTwABDCDBAHDBAJJHDDFF@NTR^FD@CJk@B?HWLe@?KHU?OEa@GIEQKIAEBIJO?E@BBC""}"
"2022-12-01 09:36:06",walk,"Took Bear and Beanie for a walk as Lyn and Robyn are under the weather 🌧️ ",1892,129,2.18,,,,strava,8192643603,"{""elapsed_time"":2170,""total_elevation_gain"":68.4,""elev_high"":144.8,""elev_low"":74.8,""average_speed"":1.152,""max_speed"":2.334,""polyline"":""gimxHdsPLa@LQHWFGHa@FMBC@B@AVk@Za@AUJa@?BZ_@LKFIBACF?C?BX_@HEXUBKAEBBNEDBF?HOb@SRUJI^a@VSDOOk@MMGSAOKOSGKYMIGKEAEOAKMYOG[aAIOUMOSCGEAGMGAECSYOKM_@KEEa@GEMUKEKSYWIQC?AAFE?EIW@CAAHMAGB@D?AGBWBACDB@HCHQ?SAEBCBWHKE@ABB?DI@@FIF?FO@YTWCBLG?EB??E@?DKBBFQBCFHBEDAHKJ@NAFU?U@@@E?B@CB@BAp@q@HOPEZFBEGSFi@?QH]Ra@BSNOPi@^IJQBKZWNUFC@GFI@MJWTWJ[Vg@DCDKM`@Uf@IHKZKJ?BS\\K?IFODYXKBAHGBQb@IL@JGJI@W^BJCLCL?CS\\?C@BIT?FA??C@@?Au@`AAB?JCCIBYRKVMNKZC@OCEBOVM@EBGPKHGF@@GBSd@OJEHCAC@?JUTBDABBJ?VMBAL@A@@AAAGIZC@G?CFCP@HA?QhAGP@AKz@EVa@xC?AQv@Eh@IRGt@M~@e@jCq@tC@BTLb@`@bBnA\\ZVNXV@BA@AC?B?TBL?LM^""}"
"2022-12-05 09:45:50",walk,"Morning Walk",1884,105,1.781,,,,strava,8209810141,"{""elapsed_time"":3958,""total_elevation_gain"":5.9,""elev_high"":160.1,""elev_low"":155,""average_speed"":0.945,""max_speed"":3.81,""polyline"":""{thxHrgNC?UVODa@\\?HNZG[CFG?SNC@@COHIF?BKFIJ@BOoAYy@AOU}@EYCEE]Sm@MSSGSFMJa@j@QJUVIT@ZHP?HBE@F?EFKAB@AAJAG?^L~@FRAD@LFT?TLn@?F@B@ABJBb@CFQTB?IHSJq@n@GB_@HYREHC`@@P?ZVjAN`@Lh@Hf@?ZDRJZFFZCJGP[BKpAaCPaAd@}@Nm@NOHM\\]DOCA?KESEc@GYAJCC@CAUIWEEM}@AYHq@Io@GG?KABEKC]M[@UEI?BKy@GG@EEYA?EKC?@ICC?KAUOk@Ga@CCIF@?EQ?m@CNHFDLEGBLCMAHBPCO@ABFAIFDA^AWC@Ia@GCBE@?CG?`@GOADEEABFAABb@RMGE@AR?LHDLIBTLd@?NJJHd@CBLh@N`A?VDDXbBHTJPDj@Ll@RQ@?\\YAAB?VSHKJENQF?BEA?POD?PQ?@LG?EJGJM@@JGF@NMHD@PCIBHAOABDECDBAE@@A""}"
"2022-12-18 15:31:32",walk,"Afternoon Walk",927,58,0.986,111,,,strava,8263752574,"{""elapsed_time"":986,""total_elevation_gain"":32.4,""elev_high"":160.5,""elev_low"":149.4,""average_speed"":1.064,""max_speed"":1.877,""polyline"":""iaixHtdNJd@HFGRBb@DBRl@?b@DDDb@Nh@Bl@?FOXADGH_@`@OFKRMHe@ROJGJId@@h@Hb@X|@Lj@F^?VJXFh@BFPGVCJML[r@uABKXa@NaAdAwBf@s@@OCI@MO{@KQQo@Gs@?_@BKC]Gk@Mq@{@qCOASDOWE?Os@Qc@BEl@UBCK[QCCCEHc@N[NGFLLH@""}"
"2022-12-20 11:08:40",walk,"Walk with Marty",1141,76,1.279,,,,strava,8269988628,"{""elapsed_time"":1205,""total_elevation_gain"":26.3,""elev_high"":118.8,""elev_low"":94.4,""average_speed"":1.121,""max_speed"":3.11,""polyline"":""ejjxH`_QCV?ZHVFF@HOX?\\AI?AB@ALOd@@HE^YRCAAKa@e@[QMQI?CCGw@CEDo@P]JmAJKKCFC@BIIKA?C?BEAAB@C?@D@X^?KRs@CYFs@?k@GSIG?IEUIWEAAFO@OFCFWT@BA@UHKL?B@AGJW`@AVCFWR[|@CDKBONCHBTEJCAAJSXE?M^ULEXID?FE?BDCASJMLCXMLAFKH[j@CR@JJN?CC@CCFAFL@`@DFTZDENNDTRRD?LDL@FVDHj@n@BBH?\\QPSBG\\WHMBQ@i@AAMFAEB?PSDAHOCUBMZ_@BIRGLe@@YHS@HEAF?HNDABBHHRNb@f@@@BAHa@JUFg@Nc@CEE]Wm@AILW""}"
"2022-12-21 11:33:45",walk,"Chilly walk this morning 🥶 ",1020,69,1.174,,,,strava,8274133611,"{""elapsed_time"":1081,""total_elevation_gain"":24.2,""elev_high"":118.9,""elev_low"":94.4,""average_speed"":1.151,""max_speed"":2.44,""polyline"":""qkjxHzfQEMYYS[M?OO?BOAGO?QFSE]@[HQDEBM?MLcARe@JMDSSr@@@A??DD?O\\NYHWH_@COBi@AGKQ@FgAoAC?SHQNe@r@K^GD?FUJ[ZCL@ZETKLGBAEEB@BIN@JEHMXIDEVIJEPOZADG@HSGLALIN?CABG??B@C@B@AGN?AE@AEE@KJIBM^QLM^ALBFVTDDBA@BBACFDJFFBPDDNZNPFBJANNADb@t@DLRTVCNMBU@@FMBMFAFENC?IFK?KFSDo@E?FQDCFOJG??LOZi@BGCE@MJk@LEA@@?A?BDJL\\ZLFb@f@N]@ABJ@A@YDKB]HY@SCWOUQc@?IHO""}"
"2022-12-22 11:28:09",walk,"Lunch Walk",2958,187,3.158,128,,,strava,8278239297,"{""elapsed_time"":5297,""total_elevation_gain"":82.8,""elev_high"":119.4,""elev_low"":60.2,""average_speed"":1.068,""max_speed"":1.968,""polyline"":""_jjxHnaQFROb@B^_@nAIFO[Y[{@k@k@HCDEKU@Ec@ECUNCF?DUHIKOIa@l@ENSHEE_@`@GLCBMRSBWVGIWEOBG?MDIEKFEBOt@MP@PYdAE\\DZGL[i@IGUC{@BECYAc@OQSOa@GG?Ga@_AK]OYYXGN[`@[h@ELKLWf@]~@CVU`ASr@[t@AJ[l@GVYd@Qn@MTCVORENE@Q^Mf@c@jAALKHIZIL@P^f@@H[fACCC@U`@BNIHe@}@OSe@e@EIQMUWUMM@QAOGe@FUNYj@AMFI^kAPa@?OMSw@{@YQW[uBsAu@m@c@Wc@_@I?IEG?EHAMHa@J?Nk@LJD@ZSj@SBBLGZYLEJKZOFKZCf@g@JQFCHIFAPWTI\\IFI@GAAHFvEmCXIN^TJFHVHJJH@bAx@b@LXNTDXLH?DGJ_@FGf@u@Tg@DCJBBIHGV]A]RQPRFXDBj@tAH^L^NHBET@FDJ@FCZBPCd@@PH`@`@DYAYn@{CJSFId@GXPh@lAFFLJPBXCH^PRFTHNHFRADEX_@FELAHQDOBQAWH[Pi@FMFEf@{@FWAIJ]TJNPb@Z\\`@FIF[HQDe@Lc@Ce@Wg@EOFQFIGDBFBCFe@Gf@CSJ@K[""}"
"2022-12-24 11:02:38",walk,"Christmas Eve walk with the family",3270,205,3.471,133,,,strava,8285633477,"{""elapsed_time"":3426,""total_elevation_gain"":33.9,""elev_high"":95.5,""elev_low"":71.2,""average_speed"":1.062,""max_speed"":2.423,""polyline"":""wblxHt`Y^UFs@Ro@@KH[Dq@?QJi@B_AEQ?e@KUCAA@Ge@M]GEKg@MUGc@Qk@Ec@Ke@MSDk@AIEYMYEUM_AM[AcAIs@Ak@Ma@Ae@Dm@Nu@@i@TuCFgBNmBHaBh@_IRkEX}DAiAO}@Ui@COEAEKWSUEoAq@g@Si@e@WYs@q@OCOMSG}@Aw@ByARQLU^Kv@?\\XjECVEHa@VyDxB_@VQFOBKDOVG`@EtAD~DP|DPbAN`@V^PNbAz@vCnBd@Pn@@DBBBErABPTl@VZHHvChAh@LJ`@VpBDn@?j@XlB?lAHTPLP\\t@fAb@jBNX|@bDBz@HTBTIh@?VGVAh@JN@CKd@Bf@WbAEz@Sf@AJMREVO\\AJYLWDOCSFGAq@PWT@DQHMTU?s@j@CR?f@ADQHCFE@AAI@KAI_@SH]FSHSh@UXGZ?LCLD|@Cp@Jj@FFAA@h@q@DGDPjCVfB?JKVF\\@\\YH""}"
"2022-12-25 16:06:46",walk,"Christmas walk ",1444,81,1.37,,,,strava,8290199841,"{""elapsed_time"":1607,""total_elevation_gain"":26.5,""elev_high"":119.1,""elev_low"":94.3,""average_speed"":0.949,""max_speed"":5.467,""polyline"":""kkjxHb_Q@LBU@XHJ@T?ABBXd@Sh@BPCD@VCJSp@?BCCIHA?BACEGSCDGIMWGEOCAEABAEKQKD@EIKBGAG@JD[CQ@QAWNQ@IAABG?KDE?E@B@G?K@C@]KKDE@GCABB?DA@CEBA?@ACBACAB@HCCNGC?CA@F?`@m@Ja@AGA?ADAE@G?SA@JMKeAGACCE?GOE?CKEGICK@KFOTYJACC@CFSR@?IVWTCF@B?DGNKFFFED@D@?DMOJI@SREH@BEFARSFCHC@AHAA?PEJ@LE@?DAA?BDD?FE@CCKDGAADCCCDKA?LCD@AMTBHI@DPABC??H@BEJI@CCC@?FMDILCCC?GLCBCA?FKF@LEA?HST@DCBEb@FRHH?CPBV??@DA@BLAHDF?DL?FAA@@@GBFBCHDBJ?BA@H@ABDFCJRNJAJIFONGF@\\MBGN??EGC@EABL@JBDAFF@C?KBD?EDABBBGF?BEB@SGJBRMG?PGJSNEDG?GDCBKB??CCC@GGCBCDMFG@MDAEHB?MF?IEGD?BD?B?AD@LCB@FLBVBCB@BFF?LNJDHRBADBLSF[FMDi@FSJIMIAa@EIGGO[DYDC?CBCAA?@AW""}"
"2022-12-26 11:01:12",walk,"Morning walk with Mum, Ben & Maria",3802,287,4.853,,,,strava,8292781935,"{""elapsed_time"":3950,""total_elevation_gain"":64.2,""elev_high"":226.8,""elev_low"":181.3,""average_speed"":1.276,""max_speed"":2.732,""polyline"":""eq{wHlwj@HFN~@DDJ@FRJDHGd@A@AH?LEBBD?B@PA@ATBPADEXk@DCBGBOFE@E?L@AIq@?y@IOGiAEO@Q[eCC_AYqBGs@CEEYG_BG]Cg@EIGkAQuAEIEyAGa@GI@c@Ge@EO@MO_B@OAECoABKAMCACO?[CIAUEWEq@QcAK{A@BCC@KIg@Ae@CGASCE?KKq@Ey@ACCg@EOCe@E[Cm@BEDABFNDJJJ@DHF?BHH?NJB@FITLDAJDJHh@LXZ^ZRHb@ZPDPNH@RJDFNFHLNDJH@FH@NL^LNNLFDFd@ZF@TPRXb@PVVF@BBPDBCPTLJHDB?BCB@?CJBPHLJJ@BBRFf@BBBT`ALTFBHAd@W?BHCLH?JF@LRR@PNN@PH@CNHF?RNJ?B@BCJ@NHCBB@L@FCTD@@BAHBBCVABAZ@BAJA@CF?DCFDHIF@DELCdA@J@RLTAJBNEDGJED@@CDJDALDFA@CFLLBEA@@@CEKA@DD?HJK?MM[GCGMAGAOZq@JY@QFOd@cBL[FYPk@^w@JMXc@FQ^q@Nc@Ra@Vu@A@BAPg@d@cBFs@?YLU^qCVeAV_@^eA\\k@HIb@MFK?WBMA_@FSGJAEEAUF?LGVk@xAQhA[|AObA_@rAKl@St@Q`@ER?H@BCJW`@YtAIPKFMTE@IHUj@]b@CHk@z@]t@Oj@CVk@fBATEJBDAHMNO`@MTIjAG^?DA@Ah@ET@JAVBf@Lx@AJ@n@Dr@Jz@Bh@?PLp@FbAH`@JpA?^F|@@`A@h@Cd@@jACE?RCPB\\AnAClAER@RE@Gp@QGE@GDHEINIJm@VIJK?QHQ?KBCAQBEFC?OAMEABMAGFILAd@EHCb@CBCHAj@CDARIp@EjAIREV?RKb@@FADC??DNJ?DCBCNBVAJHf@?\\KHGAEBEDWFIFAAK@OHCAI@EAEIg@Uw@e@KAIECAA@IEi@m@C@CCCAGIABGCCIKEGO]U[c@YI@CGIMO[KKKk@[AEc@a@C@AJQMQW]UO?OCS?OGWACACGKCKDGAOBMCGCGMICODOC_@OACA?SGGQGAGKOGCICAAQEAIMM?GF]v@ONKBSGS@YAm@BQB""}"
"2022-12-31 10:21:21",workout,"Morning Workout",3951,,0,180,,,strava,8315434678,"{""elapsed_time"":3951,""total_elevation_gain"":0,""average_speed"":0,""max_speed"":0}"
"2022-12-31 11:39:25",yoga,"Lunch Yoga",2792,,0,141,,,strava,8315820275,"{""elapsed_time"":2792,""total_elevation_gain"":0,""average_speed"":0,""max_speed"":0}"
"2023-01-02 12:04:45",walk,"Walk with Marty",1257,70,1.192,,,,strava,8325134487,"{""elapsed_time"":1298,""total_elevation_gain"":24.1,""elev_high"":119.1,""elev_low"":94.4,""average_speed"":0.949,""max_speed"":2.044,""polyline"":""kjjxHzaQBf@Cj@@TILCAMb@AHCBo@y@UIOQGA@EG@EI@QB??EACBQAUAC@SAOPK@g@@C?EC?Fk@BEBBJOCAABDGHS@OLQDKR{@AMEKSYOIKQUKMMK@INMBQPa@n@MHILC?ERKRMJQXEPGF@JW^C@IVID?DE@QVIRA@ERCh@C?GTIFOBACC?CFG?KJIT?NEBCFGBSh@Ab@FFFRD?FFD?DDNp@D@C?FLDDH?JHXEF@?DFBFVLRAJHBHXJLBBF?TGJSB?DKFAJGASN]@OC??CJ[@SLIBSFKRI@SDMAEJIDKBKDe@FYFEDBC@@FLHAD?C@?FDVZPJTZHFX{@VcADIG]OQQ_@AKL[""}"
"2023-01-06 16:30:06",walk,"Walk with Mum and Marty",779,58,0.988,,,,strava,8348112519,"{""elapsed_time"":816,""total_elevation_gain"":2.6,""elev_high"":160.1,""elev_low"":157,""average_speed"":1.268,""max_speed"":2.118,""polyline"":""c_ixHhbNA??COP?Dm@d@ELAL?FL^?VDJDD@NDFLFCB?JD~@F`@FD?RBH@CBRAFBLCVKVC@IRSJi@h@E@EFk@NIDGJCXA^H`AV|@T`ABP?\\BHP`@JD^IJMx@iBT]FMHg@Le@j@kAPWDOB@Xa@FQ@KA_@Kk@Oi@MQ?KMg@AOBo@AWUuA]yAEMY_@SCOHEDC?MyAO]KG?Kf@WNOCIC@GKMCIK""}"
"2023-01-07 11:51:01",walk,"Lunch Walk",971,67,1.132,,,,strava,8352006452,"{""elapsed_time"":989,""total_elevation_gain"":3.6,""elev_high"":160.1,""elev_low"":154.8,""average_speed"":1.165,""max_speed"":2.388,""polyline"":""iuhxHvhNCCKCIBQLOPMB}@z@Hf@I@KHAJVtA@VCLCBSPEF@@}@`BWp@Ox@{@`BO^OXGFGBKCM@IOK_@?a@UkAe@aB?o@Ba@FMHAB@TEf@WHI?ADIPIXYTi@WwBI_@OcAESMaACYBOl@i@h@m@LCTJJLL^Fb@HRPn@B`@Zz@BZPt@`@[HMB?AADIB@d@_@HCTQDGPIh@i@ZO@@FCHKHF@ABP@E?H@EBPCD""}"
"2023-02-12 11:45:07",walk,"Lunch walk with Mum and Marty",807,46,0.78,,,,strava,8548267301,"{""elapsed_time"":2373,""total_elevation_gain"":4.5,""elev_high"":159.6,""elev_low"":154.9,""average_speed"":0.967,""max_speed"":1.92,""polyline"":""crhxHneN?DODB@A@ID@?GFOFAAIBIJ?ECBQRQJQVYJW^a@\\MPEBCAMcAASCMWa@Ce@Og@O[Ie@Uc@MMKCM?QLGk@@SIe@WUBCMQ@WOPTl@B?J`@LXHp@B?LIPCNHPVPv@JR\\rBHPHFFf@Lf@LGPQNId@e@NI^a@ZSZWB?TOJAHKNR""}"
"2023-02-14 09:47:38",walk,"First full loop since Op",1231,73,1.236,,,,strava,8558545526,"{""elapsed_time"":1323,""total_elevation_gain"":27.3,""elev_high"":120,""elev_low"":93.9,""average_speed"":1.004,""max_speed"":2.125,""polyline"":""kjjxHl`QF`@PP?FIPEF@LAVSx@CDEPE@q@w@]OMOC[@OAm@@IHG@GAUBAAGFIBc@CCDEBGBB?GBONYAA?BLSJYDWj@kA@]EWSMAEIBECQ?EEKCAEC@]YEKC@QIE@?FE?OX[\\GPGHM~@Ob@IFAL@BE?BC?TOJAJKNGDELE??BOFYr@KHCRE@ONSh@GBCJCTOJGPAAI?EBe@p@Uh@CVDPFLJJFNNPJXTZVPJ@@CD?BBF?HL@HJRJJDJJFDJJBLAAAHCBIZ[XSBMBo@DUFG`@aAHEJQB@@EH[Bg@DMF@AAD?LJHDRRRLPVF@HOL[Nq@N[ESCYQe@CU@K""}"
"2023-02-15 10:33:57",walk,"Morning Walk",1352,76,1.295,130,,,strava,8564402150,"{""elapsed_time"":1613,""total_elevation_gain"":27.1,""elev_high"":118.5,""elev_low"":93.9,""average_speed"":0.958,""max_speed"":1.816,""polyline"":""ojjxHb`QEDJj@PTQb@?C@^EFCZOf@@ACFGBICIMMGWYQIMUQKCQDOAa@EQJUHEFKGM?K@EDECMF[RSHUACDOZk@HW@QL_@T[BGIMKKKCGGW@EGSC?IMCKUI?ACOEEDQFo@fAAH@TDDFAA?Ud@FCLQDSCN@GEB?GCNQ\\MLEPGFGNSTMV@@EBCFEDAHKJELC?QX?BWXELB@ADQ\\UVIVe@`@AFGD@@ELOP?AHMSTIRGZDX\\\\Vv@HDHR^LR?BCBB?HLF?DHNH@DDBVNLB@ZI@AGEPOF?DIDCAEJALY@?ACDIAWD]DA@MLYX_@LYJINeA@ABBDEPHd@d@NJFNLNJMNg@Jk@JWCC?WE[OWEQ@QDG""}"
"2023-02-17 10:41:50",walk,"Late morning walk with Marty",1116,69,1.163,,,,strava,8575344219,"{""elapsed_time"":1142,""total_elevation_gain"":27.4,""elev_high"":118.8,""elev_low"":93.9,""average_speed"":1.042,""max_speed"":2.024,""polyline"":""gjjxHjdQA`@O\\CTGFECk@s@YOGMGE?@GAGKB]AIBGEI@]BQJI@GDeABQ`@y@`@oAJKFMDMJQAA?UGOI?CEUEECEBC?QMYFSA_Ax@QXC@SXKTC@AHGDGJCNSVKXEDWl@KHCHURCFOPOn@Q`@]NIP]^GPQ\\EL?RPh@FFB?HN@FJDR^D@BJF?PLDABBNGD@FH?DHTNHDJ@JFLFDR?@EB@JG@IDCDIVU@@@GJI?@?YJs@FI@GN[?@HI@GFIRMHW@MBEBWBIDCAK@?BH`An@X`@BAHW@MHOLi@J_@Ec@IYGKIS@ILO@I?B""}"
"2023-02-18 11:37:00",walk,"Lunch Walk",1024,63,1.073,129,,,strava,8580674671,"{""elapsed_time"":1101,""total_elevation_gain"":24.1,""elev_high"":118.6,""elev_low"":93.9,""average_speed"":1.048,""max_speed"":1.902,""polyline"":""qjjxHbeQQx@KBEIGCS]KEQSMGCGC?@BOMCU@SCW@QBGAETc@FqAFMLk@JOOb@GB@f@Ww@MUESEGUQCGC?JYNIQBYCKDG?GJE@Mj@AEI@ERQ\\EBOh@UXGP@DKLE@CPGBCHAAIHETEDCPILELKLK@IBCLYLIHENIHCTOTCJARBRRJFPPT@LBDFBFNLFDHf@DLZ?FFFBCD?NT?DC@JPLCBBJ?FCNKHM?IDC@@BIDCP_@By@DOFG@KFCHM@CDCDMTQDKJm@@WDOFA?Dt@f@d@n@BABMDCLQ@OHMLs@Ee@[{@?IDIDCBIBC?@D??KAA""}"
"2023-02-19 12:06:35",walk,"Marty was very excited for his walk",1025,63,1.073,,,,strava,8586827329,"{""elapsed_time"":1040,""total_elevation_gain"":24.2,""elev_high"":118.6,""elev_low"":93.9,""average_speed"":1.047,""max_speed"":2.045,""polyline"":""_jjxHxbQCACP?H@@EX@H?RGFMd@KHm@u@OMGAAEQSGS@[Eo@@OJQ@CCGDQDGFs@IMIEC@CQMYk@s@OGEGMIK@UVOTGPGFCPJE@CKJ[l@C?MP?HG@KTIFIVKLa@hAKLSL?CQPKTUZQj@AJFRTb@NNBCD^HHFBFPLBHLH@HCLBLd@NPHLF@BJDB@@\\CFGFQ@BBGPGLMDAFI?c@CCHa@Zk@?GPM\\q@?EDW?WJWF@EC@GLVr@f@X^DAJQRo@Nw@Ai@KWOOCWDKLSBDB?@IEADBAC""}"
"2023-02-20 09:44:42",walk,"Morning Walk",994,66,1.118,133,,,strava,8591590066,"{""elapsed_time"":994,""total_elevation_gain"":28,""elev_high"":118.8,""elev_low"":93.9,""average_speed"":1.125,""max_speed"":2.11,""polyline"":""okjxHrfQMKKDOa@SGQ]CD?BI[BMCs@Pu@AQDQ@YBMDGAAJIb@eAF[JQRg@LSBa@ABCCCOWQMCIBSGC@?BAEA@QS?BAAGMGAEMKC?@K?SPKREBIRY^E`AELMJ?LQNSZ]x@CHW\\CJS\\E@ITOXGPEDGVE@GLQLE@QVMHC??FGFENEDMb@BVFDFPND@P@DF?LTFTD@BNHLF@BDDANF@??CVB@HDFC?JL?AFFHL@LB@?CD@?DFHBATK?ED@AGFE@GPIJMD?DOFCA]Ho@Xi@JKLSPUFU?IDMB[BIH?A@D@LR|@t@JPDCTm@P_AFICa@[{@?KDI""}"
"2023-02-21 11:22:46",walk,"Lunch Walk",1176,72,1.214,140,,,strava,8597506700,"{""elapsed_time"":1242,""total_elevation_gain"":27.2,""elev_high"":118.7,""elev_low"":93.9,""average_speed"":1.032,""max_speed"":2.532,""polyline"":""okjxHpfQO@]c@g@YAMOACE@WAUDGGI?WAD?CFULSJIEGAG@ODCAEBGCC?CXeA@?J]BPBA@MPg@DYJGHYB?HO@WGOGACBCEE?ACQ?OGC?ACCBCADEIEA??@B?OSQGABECEIK?OLYh@GBOXAhASp@UTE?ABGAQb@GD?EA@?XKHETQTGNGDCHKLGRQX@BCJKRCJG@CFIDC?GFAFC@CFOFAHEDUj@IL?DEB?J@HZPBHBCDBHLDXDDDRJD@BHDHAFHEBL@ABFDFVXRALBFVLJ?DCRA?GNGDI@BHGAGFIAGJQ@IBAAI@g@HKJa@NUJC@IFIJ_@NU@MEb@?HC@CNFe@FICCFk@FMB?PTZTD@\\f@PJB?Ni@Fg@DCLk@B@BAECK]OWKY?MRUA?BMCIBHG@BCDFCA@D?KD??BEA@DMOC?BCA@BDH?CE@@""}"
"2023-02-22 13:17:04",workout,Treadmill,2400,,1.5,,,,strava,8603956329,"{""elapsed_time"":2400,""average_speed"":0.625}"
"2023-02-22 13:57:00",ride,Cycling,714,,2.736,,,,strava,8604011274,"{""elapsed_time"":714,""average_speed"":3.832}"
"2023-02-23 11:02:22",walk,"Lunch Walk",943,60,1.013,,,,strava,8608558102,"{""elapsed_time"":943,""total_elevation_gain"":24.2,""elev_high"":118.6,""elev_low"":93.9,""average_speed"":1.074,""max_speed"":2.463,""polyline"":""onjxHldQIQCOBk@?AAJAMBc@NW?GBGCOBEB]BYD?LSPk@PmACYUo@KM_@IE?SVUJAAMLM^_@f@M^EBW^Kd@QZGHANIHKRC@UZAHGFOh@KLC?@FOTCBK?ELGLM?IX[`@GPCF@LLTHJ@NJFDAH\\JLDJI?^NR@NDRf@F@?BLNDNLHXCFQPWFC?CDCDA?GJIBIDq@DOPe@DCACFBB?AIHGL_@JMJ_@Fk@FAD@@FRRPHTRZb@DAPe@\\{AC@AWMa@KSAYLS?E@@""}"
"2023-02-25 10:06:54",workout,"Morning Workout",4275,,0,166,,,strava,8618784630,"{""elapsed_time"":4275,""total_elevation_gain"":0,""average_speed"":0,""max_speed"":0}"
"2023-02-28 11:03:10",walk,"Lunch Walk",927,59,1.001,148,,,strava,8635336438,"{""elapsed_time"":963,""total_elevation_gain"":27,""elev_high"":118.6,""elev_low"":93.9,""average_speed"":1.08,""max_speed"":2.258,""polyline"":""wmjxHx}PJYB?T_@?EN]Jc@Zu@H_@AWGOQMECU@KESECEGAGMWQEGGAKHMBCDM`@]h@?\\ETCBCNU\\Wl@i@z@S`@GHa@x@ORIx@CJC@M?ODCDQDAF@@AJKd@MNU`@AP@H^XDRHLVp@XPPATDN^LNJTLPBCL@@CHAFQFC@ED?FOX[@EAUBECSP]BMJQ@BN[HGHOJY?EHUFa@?BFCABj@\\r@r@BBBCV}@De@LUCc@]q@?WCGB?""}"
"2023-03-04 10:37:59",workout,"Morning Workout",3977,,0,164,,,strava,8657408038,"{""elapsed_time"":3977,""total_elevation_gain"":0,""average_speed"":0,""max_speed"":0}"
"2023-03-05 13:18:30",walk,"Afternoon walk with Annie",5898,437,7.405,,,,strava,8665095090,"{""elapsed_time"":7224,""total_elevation_gain"":95.7,""elev_high"":234.9,""elev_low"":191.4,""average_speed"":1.256,""max_speed"":3.342,""polyline"":""qk{wHzyj@RLNA@EFALS@@HKBINYFBH?JFDPHFDTJHEFPDHJAAt@h@PCBCLAf@N@CPBDCF@@CZHDAJBBAD@AEJC?@FDFLFARFBB?AH@FRJFBAVFBFFALNVPP@BFPH@CJPABLLB??BF?CCDFJB@HHBABFABBDF@HFENBAPDDF?CBZZDHD@?BL?NR?FNLFB@DD?DDHCZb@VLTD`@TD@RJH@JHRBHGFCDINOFAH@HCBUL[Cq@ACGq@@A?a@B?@O@A?SBEBMBEBS@u@@C?MBIJU?[FO?QFQHsAH[Aa@?IB@AFJLNJF?FCF?DELBTORBDIZFHI?GFA?EPI@GXOACBBJGF?HD@ECMBOL[Fo@C{@DoA@CAa@?]BSAaBDSA_@@A@OCS@c@C[@GEKBOGOGc@BSKe@@EGM?YGOCCBO?KIW?k@Iq@?]Ie@?UI_@Aw@Ia@@yABW?]Ba@Fc@PLJA?DCIB@ACTIRSNi@LMNIFK@GDCEKBAFB@EJCHI@GFELSFEX_@HQD]La@BOP]AQDOLUFCLSBBBSAWFQ?KRc@F]LS@GPc@@k@DYBw@Jw@BaADUD[DID[Zq@Hm@@e@Hk@FSBQXeABS\\aB?]H]A]FM?aAFgABCC[?OKqAMw@Go@II?SKUCQBu@CM@m@DI@S?UCIDUEa@BS?WBKCa@@e@Gu@?UEUFg@Eo@EO@QAE?UCKCk@EYEu@EOEaADi@CM@o@KkBIa@Ck@@UCS?Q@]Em@?O@MEaAEKGq@Kg@MiBEc@M_@?O]oCGu@GOEYAEC?CKE]GQA[MaACg@EOAWKc@Eg@Oy@KU?K_@m@?CGSMeAEQGq@IY?e@Ge@Ag@Gg@?OUw@Cc@IQCKNsCGMO@ACEB?JCD?CCJEEOJHA?BC?NLCEFKB@CM@@AKCBDH?OCH@KAKHb@EG?IEEM]BRBCAE?@KGD@DAHPAHFAAAHIFQ@B?MOTAPJN@GEABBAK@BD?BL?K?DCE?J?CD?FBABA?GG@??BCAB??FDF@m@IIA@?S@@CA@G?DAA@?@BEAD?@B?IAH@AAAA@HF?ACBCK@DDB?DDLIVALHH@JQrA?FCD@^?HFB?TDDBNBF@JAAH`@?CBDHj@?NCFBFAFBf@FX@\\FVB^FJAFHTFh@BF@??CHb@Tn@HH?AA?ABXlABf@BFF^LpALz@?PDNF`@Zz@@VT|B^zBBZFBAEE\\DJAJFRGRBLCF@DDBBLE\\B@@A@VDBB?@HB@ET?VDb@C`ABVAPL|ALb@@RBp@CPFbACTDX?RFtAHXBXLxDAf@F`AE`@B`@APBLGp@@|@CxAB^FZDj@Jr@FJ?FH^Ah@DRBrACJ?p@Er@@HEb@EH?TARUl@KNQ^Uv@Cl@AA?BDF?CEA@DGXAPEDG`@IVKNOJIRQ`ACb@UfAARBDWnAO`@KNQn@STMd@EF@@Wh@E@?HGDELEBc@fAOHOZIXGJANINI`@MVKh@O^SfACJE@Wr@Or@@TKt@@n@EZBhAHx@AHBHAJDL?PDH@z@Hf@Br@Hh@FRAJPlA@h@B@ARBRADDT?^Dl@Ar@BXEV?|ACt@BZCD@f@EV@d@CPCf@KXC^C@KCG@CBIRa@LKLODM?EDMBKAUDA@UHO?EEEBKGG@GRALKb@?JCFAXId@IpAC@Gz@EFATKl@@DEX?jADXANDZCTBA?BECEFE?MJG@KFC?EFIBCCA@GDIB_@KYUUGMKw@]MKEAUSIAAG]UIOKEIM[SAGCAEME?IIYUCEC?CEG@c@c@a@QACE?QOMGCEWKKOMIWGACIBOG?DUIA@OCIEIAGGUE[BKAEEMCC@MEC@AAQBECKEIQYMi@u@IEOQWVSb@UNIBGAACIBc@?IBs@Ae@@C@IGEICi@I[BE?K@a@CADA?F?I?B""}"
"2023-03-07 11:04:46",walk,"Lunch Walk",988,63,1.061,,,,strava,8674412547,"{""elapsed_time"":1035,""total_elevation_gain"":24.2,""elev_high"":118.6,""elev_low"":93.9,""average_speed"":1.073,""max_speed"":2.462,""polyline"":""}ijxH~bQACEBILF\\EJIf@EH?HAC?FILGEGIHPKWUSEM]UKKGAIK?WBEAq@J[BCJ{AHM?ECGEAEBCCa@k@GE[[WGBCB@G?UKC@ENMTQN?CMXCJ?CC@I`@INIDQ^_@PA\\ITEDCVOb@QDEFC?CHAACFQFM\\YV?DMP@ZDNDBFJDD@C@JBADR@CJT@FLP\\RL@B@JCDBLb@HFNDABBHADFP@?AA@F@ACAABFHHIB@CB@EC@B@BADGJCPc@JCJKHCH]AODK?U@IZq@RMP_@HIBUFYAOB@HQF@C?BHl@b@`@f@JFPa@VgAADCGJ[AWIMUi@@QFK""}"
"2023-03-08 11:45:01",walk,"It’s snowing ❄️⛄️ ",929,66,1.122,,,,strava,8680271465,"{""elapsed_time"":971,""total_elevation_gain"":24.1,""elev_high"":118.5,""elev_low"":93.9,""average_speed"":1.208,""max_speed"":2.763,""polyline"":""ojjxH~}P?|A@BLHDJ?HEJGFDEC@IP@DE@?x@Sr@GHGG[o@k@[CAEBEIA?CEB@CO@ECY@SCSNOFSC]DOBg@FME??GUUOYMG]q@CCG@BGG?AAECODMNCAIPKHMP]jAIBKLI\\KDIPGPS^@B?CEHOd@OLILKFs@|@CAMVAJBTHT^h@HRPJDHLJ?DZ@@?ACB@TV@JTNLXBLJGD?DD@CBBDADD@CCABBL??IFEC@CEBEJC?KF@BMJADQBSGSDODIBQN_@FAFMD?BCDKNQRsAF@?@@CB?RPD?^Xb@h@LSHGHy@DSDE@MAUE[GQGGCQ@GFMDCJ?@IEME?ECJN@HGABAB@EU""}"
"2023-03-11 10:12:52",workout,"Morning Squash",4205,,0,158,,,strava,8695352572,"{""elapsed_time"":4205,""total_elevation_gain"":0,""average_speed"":0,""max_speed"":0}"
"2023-03-13 09:58:42",walk,"Lovely walk with Sarah",2533,181,3.059,,,,strava,8706671040,"{""elapsed_time"":2653,""total_elevation_gain"":10.6,""elev_high"":160.1,""elev_low"":154.9,""average_speed"":1.208,""max_speed"":2.359,""polyline"":""grhxHdgNKGQ?KIEFKBGLWNEFCACFIDEACFMHMVe@b@G@[\\Mh@APBZH\\Ku@Qa@Kg@Co@BQBA?KEY?ECIM_AOm@Mo@Wa@ABKKOESJ]d@u@p@E\\FTDf@Tz@ANVpAHz@DJ?RUl@IHSNKDCHURKFUFCF?CODMLGfAHn@Pj@^`B?h@DPFNFFA?JDRATMJYTa@@?@GHKHUd@y@ToADE?GHGJYP]B?\\u@?CTQFS?SQ_AMa@CGGAGYGq@BsAYcBK[Mw@U[OGQAOJGLWNKNc@^EHE^BPJX\\hCJ`@F^AHJj@GR@HUXIBADACAHAAWTORi@RK@OJEHCXAn@DH@TH^@@@GD\\FJBVVjAAXD\\BDRNRCNGBGJQBIBGB?l@oAPWBAFQLw@HQB?Vu@PWXq@PODIBEFMBOOy@CC?BA?Oq@MWKu@Ak@D]Em@IQK}@IQAOSs@SSOISFe@f@ABC?SPa@`@A\\Jt@?FBD@CBJANBHABBD@RXnAFn@HX?VKf@k@l@IBED@@SHGFSBYFMZEj@@TBFBZFL?L^dBHP@JAT@NPh@LBNCJCJMBA?GBAr@uA\\g@FY@KH_@BMDEBOJMBKDEFQFG@G?BHOBOJO@ELKT_@Ac@]yABE?KJQBORSBIbAy@X_@^SLKb@YFCF?FDHPD?DCBLB@?C?BAA@@@EA@B@?@@A?BC?@?AG""}"
"2023-03-13 16:59:02",walk,"Afternoon Walk",736,66,1.118,151,,,strava,8708390622,"{""elapsed_time"":1464,""total_elevation_gain"":0,""elev_high"":28.2,""elev_low"":25.2,""average_speed"":1.519,""max_speed"":3.323,""polyline"":""krmyH`gYf@eATKHIHD?EB@?C^dBPf@D@DJBNHPR~@FHDVLXJh@DBDNJNJf@JXABBJBHLEF@BPLP@THRB?HAHMFCA?DKFCLMT]PCJKB@NE|@m@JCFGXGFGJSHAHKd@]LCHELMDWFKBAP@JS?MFKJDJCNE@EFCNADE@C?@FCDKLMFUHKB@DHB`@BH@VKb@AVCSFGFED@A?ASCFw@d@dAQBTDJBv@TVJ@FCLU^]HCBSB@N@^_@LIVENYPGHDLA\\e@HEXGBFC@AFFSBL@MHGJ_@DDNKm@d@AC@?@JCD""}"
"2023-03-14 16:17:53",walk,"Afternoon Walk",919,73,1.229,,,,strava,8713486181,"{""elapsed_time"":971,""total_elevation_gain"":27.2,""elev_high"":118.5,""elev_low"":93.9,""average_speed"":1.337,""max_speed"":5.129,""polyline"":""_jjxHrcQWy@Hp@Az@Sn@GLECU_@[Y?@AEa@[ABAIG@EM@Q?KBGAK?[DMCG?GLOBMDC?g@FWN[Ja@FIRo@HMLa@R]CYIMSKM?[ECG?GCAIBGKB??CC??@CGC@SSC@ABI?SPQZEN?XCXUj@OZCAA@EAC@?B?EMTUf@IXMRI\\ILGF?FMLSb@KFYx@EBOX@CKJ?BMFGJG?QZE@IPI`@?VFPJH?LDH?CBBVf@B@DLJFFJHDT?HBJ\\HB@DBCBLHH?JFHXDNE@GD?L[LGD@@IB?@CDDDO@m@DOFIHe@PYPK?EJGP}@D_@DEA@?@JADDh@\\h@p@BA@GLO@UHUNo@@@BAC?Ak@Qc@EQ?QFO""}"
"2023-03-15 09:16:46",walk,"Morning Walk",1113,69,1.171,138,,,strava,8717233735,"{""elapsed_time"":1229,""total_elevation_gain"":24,""elev_high"":118.6,""elev_low"":93.9,""average_speed"":1.052,""max_speed"":2.258,""polyline"":""_kjxHb`QPp@HJBHOf@?~@Yl@EDBCA@Y_@QGg@i@EAMY?qABKPQBKAO@CISHq@NSXu@No@@SEQ_@k@IIQ?WHCFc@^]JCB@?GCDIX?LFMHI?IDEAM@EFC?GZGJ@KE?ELOVEN?KCL]`AQZIHALGHCAMJ?DMVYz@INQPEHOBORM\\OLGLGNALBNJNHFD?FTL@BNNRDL?BNDBDC@LAHBNCHBJd@NNHRDB@JZDF?DEAMV_@RMDKBA@D@cABEFEBQJSRMJMBST]HI@ECS?@D]@CHAC@TNJL`@VZb@DAN]BY^gAG]OUM_@?OBMLG?@""}"
"2023-03-18 10:43:22",workout,"Morning Squash",2652,,0,163,,,strava,8734043557,"{""elapsed_time"":2652,""total_elevation_gain"":0,""average_speed"":0,""max_speed"":0}"
"2023-03-19 13:18:07",walk,"Afternoon Walk",2178,182,3.085,,,,strava,8741539315,"{""elapsed_time"":2339,""total_elevation_gain"":27.3,""elev_high"":99.1,""elev_low"":71.2,""average_speed"":1.417,""max_speed"":2.684,""polyline"":""gnvwHdxEPDBAJDN?BAD??IJFBDJDJ@DCPHT?LDEGB@LFF?FBDCJD`@I@CFF@CD@@BBCB?XFRAJBRE@BF?@CFFJ@FDFAn@DBCHDZ?FBNARBHEN?LINA@EB??JXSLABEJATSNIFMZc@FS@@DETg@b@g@LUBKt@_ADO\\i@N]^o@NO?DFUZc@BMZc@Xk@NSXo@Ng@NHFPAUHg@BCHJDC\\k@N?d@GZBJCh@BDAtANDBP?\\DN?H@j@CH@BARA^?l@IR?JEL@JCN@b@ABDB?@BNGN?HAZBVEVD^?d@BPCl@@JF@DDd@Ah@EnA@AEP@hBEX@d@I|@Df@KbBAb@BVAD@AAAB?C??OBe@N_G@K?wABe@AYByACe@EQGCAGIAAEG@CCK??DWEEBKEKAM@AAK?A@c@EY@GCg@Ba@CEBIAI?UFOAA@EAkAJGBW?CESFECy@Bk@CK@UIe@GUGi@A]GQDg@TGASFACG@c@n@OCEBKAEBGZSh@ALUZQ`@C@EPe@h@O^QTGPWV?CM\\SVO\\EBUZAJa@l@GPEBMXONSZQ`@QT[d@MLCACBOPQHCCe@ZACG@IBKJ[DUHc@K_@AAC]@I@CCaAE@CUAG@OCCBACMCSD?AWIMBI?QI[@EBKCU@WIS?GGG?_@BABCAABKCE@EGG@AHBA?@EIKECEKCIWEEC@JIHMDYHMAC""}"
"2023-03-20 10:53:33",walk,"Morning Walk",876,58,0.983,126,,,strava,8745802026,"{""elapsed_time"":988,""total_elevation_gain"":24.4,""elev_high"":119,""elev_low"":93.9,""average_speed"":1.122,""max_speed"":1.97,""polyline"":""sjjxHffQQZEAy@}@OKICCGAE@BSQ@MAI@CAM@I?[?CB@@QHSAONmAUa@KIORAGEC@E?MQ]Ou@MMCNSLMd@EFKBCLWh@CNUZK\\QROLCNO^Ib@MNAACJKACHKJADQPGBOZMJKPE\\DPJPD@CB@?FJD@FF`@p@PJ@DDCN?L@Vn@Xb@JHNCPB@GHGNQ?IJILYAGDO@i@B@BMVi@HKHGHSD@Ja@FIBe@DMJADHPP\\TT\\LJD?@AJYHIFk@J[FYABA[a@}@?KNW""}"
"2023-03-21 09:00:56",walk,"Wet and muddy 🐾 ",2849,174,2.943,,,,strava,8751036600,"{""elapsed_time"":3582,""total_elevation_gain"":18.4,""elev_high"":160.1,""elev_low"":145.5,""average_speed"":1.033,""max_speed"":3.946,""polyline"":""kshxHpfNEF?AMBDD@AEDBA?D@CC@?DOKCDACA?]\\QLSFKF{@~@KHGAMQAg@Yw@Ek@EGKi@O[Gc@KOI[IIQCOKABQc@G]IMUO@EI@ADCGAXFE@HEFCB@MB?C@BBDSEEELFCBIC@BIAA@@?BCE?@AA?BDA?@A?AD@EBA?AAAALIRCC@IDDE?AFFABYA?@AAFI@BGDGANBXCA?AAB@[JNG?@@GGBQBEIP@KB?BGB?ITPC?EFC@JAXHPBf@Hl@F?FEACPCFAHBHJXp@BZHRHf@BJFDDf@@d@E\\@RFd@VdAJXLt@?NEJBF@^DHBVM\\Yj@G`@?LRj@@NENB??LNf@?h@Lv@Ap@CNS`@KVk@z@@ABBRCXQpAgBtAaDRi@@IN_@Pq@FOJq@XkAJgACiAEs@Gk@GS?GGU@EAI@M@??IDEDU?OQk@?ECE?SG{@CIA?ASCAAEScBIYAQc@aCK[ECMCKFADMBm@TG?GHE?IH[PAJ@LTjACNINOLEPNbATnAANKPODYPIk@MYE]Si@KGQIK@KDk@n@WPSXC\\Df@H`@FF?JDKCh@n@tDIZINMNI@ILe@`@KFe@LOLGPGp@?RHN?ADXB@?NDRJP@H@AADBBF^?LD?DCAC?HDTCb@DRJXJJZETU~@eBDMR[RaAh@qAJK\\s@\\c@BMAOMw@Qk@DE?CBKLM?SJQTWHE`@e@BCB@Z_@HCNQH?HQBBFERUNETQJBLJHE?D""}"
"2023-03-22 10:29:13",walk,"Morning Walk",897,63,1.071,,,,strava,8757249260,"{""elapsed_time"":916,""total_elevation_gain"":26.6,""elev_high"":118.7,""elev_low"":93.9,""average_speed"":1.194,""max_speed"":2.669,""polyline"":""mmjxHr~PA@CGBo@n@iALi@NW\\aA?BKWI?WKO?KGG@CC?IM@EMMA@AAA@AGAGKG?ORMFEL?Ac@p@I`@AXCLGNIDCN_@p@ERUZETCFID@KE?E`@]b@CPW`@AJO\\WTINMHGF?DOJADIHCHCGB@G??A@BACIh@BFAN@HJHNBLFRCHI`@IJMJ[DC?CNCBGFE?EBBDU@AHFBCLYDEB?BGDBL?FHVKXk@DDDf@?j@AFA??VC?D`@ARBFEHB?CA@ADFF?JKDOB?JGBODAF]DKCY?EBAAGFMHDEDF@NJNDJJRHHPRPP_@Lu@Re@ESA]Uu@LM?ED?@AABAC""}"
"2023-03-24 11:53:34",walk,"Lunch Walk",1067,77,1.297,,,,strava,8768782792,"{""elapsed_time"":1131,""total_elevation_gain"":28.1,""elev_high"":118.8,""elev_low"":93.9,""average_speed"":1.215,""max_speed"":2.482,""polyline"":""}ijxHpcQ?ED@@HABG@GLGh@GRKNE?g@q@[OKKAGMEB_@Ei@@OFCGEE@GHBFHMJA?MJO?WDS?a@FGGMB?LKBKRUp@oBFIFE@GGe@IOEASMGAEBOEK?OGCGGCEGCAKQEAKJKCE@Q\\STUp@ET?ZGRGDUb@EJBDc@f@I\\AC?BC@?C?@DBC@@ABDAEA@@CE@AAL?CAEBIPIFC^E@CFG?@?CJGJCVQL?BE@@NCL?HODED?BAACBGTI?KFOZIDCFMFE?AAINC?EZ@LFTJT?DNHJJ@JLNLVFBBAF@HDDAF@HEJDDHBTB?JND@L^BABDHBH?@EJ@DCDOFALONEFGBMHWGa@DQFI@GNWBCHCBIPWTs@D]DOBAD@@@C?DAJRLLXLR\\PJLa@JQFc@FS@QBACQ?WMOM[?KAD@MDGHE?EB@?BFCCSABFFC?""}"
"2023-03-25 11:20:42",walk,"Lunch Walk",981,75,1.265,123,,,strava,8773825571,"{""elapsed_time"":1183,""total_elevation_gain"":0,""elev_high"":160.2,""elev_low"":152,""average_speed"":1.29,""max_speed"":2.608,""polyline"":""w}hxHxzMOBGA?D?EAA?@IO@F@@CEBBAGDJADMECLC@GGADOTQJICILAE@LBI?FO[FHACBANHJEHGH?TIF@DH?LIBCFMJKDEPLRDXFNL~@EHMHOTYPKNELAPLhANEJR?^DJ@C?FD@?GIJ@T@A@b@?@BA?HDDBd@DJFHAJ@JCPE@GRWZu@l@KBAHGAc@LGNKbADRCLBP`@pAVlACL@TH\\LHNDRCLG@KFIPa@FGXo@B?FORYL{@Pc@\\o@BM\\e@BQ`@e@FUEE?[WgANQBYBETYRa@XSFID?RWPg@DUJSDY@@V_AJq@DDJ[ACVEB@LAL@FAZBJ?LDVBTLF@LLj@TPX?C?DB@DAABC@@?""}"
"2023-03-27 09:00:25",walk,"Morning Walk",870,70,1.186,,,,strava,8784765156,"{""elapsed_time"":928,""total_elevation_gain"":27.6,""elev_high"":119,""elev_low"":93.9,""average_speed"":1.364,""max_speed"":5.986,""polyline"":""onjxHpcQ@@Ca@?_@J]FKDCAYFWAQB]V]Pe@BQJKDQB@TWNa@BAEi@IUC?CEOGE@EEIBGCQ?MKA@UMOWSZE?GBEP_@l@Gl@[jAOLQTSf@ALEBCAQDKHQd@?DB?G?MPCL@JETCDEGQb@FDk@TELMPI@KJ?TE?Y`@?ZBVXf@J@BFDR@AFPTXHFLBDFJDFIDAFBRf@RPDVJFNGFBFGVc@@KAG@DFEDMFC@G?UFm@DKJKJUFCBODC@EDEBILO?KFIHo@D?z@v@BHRJPPRm@Fi@Vk@ADEc@]s@AOJQDABEJF?C""}"
"2023-03-28 08:06:41",walk,"Morning Walk",1655,111,1.883,,,,strava,8790122206,"{""elapsed_time"":1863,""total_elevation_gain"":12.1,""elev_high"":161.7,""elev_low"":146.5,""average_speed"":1.138,""max_speed"":2.131,""polyline"":""ushxH`gNCAORC?ABAAWXEAKFBd@E[SFSTSLGH[TE@SUIu@IKQa@Mk@Eg@KSGe@Sa@?GEEQGM?c@XDGKaBGMOKAMK?MFABM@CDKBABC?WJ?AC?CDKLEAGDCAGc@GDAAAL@C@@AE@LAI@D@MDB@NFNXK\\WVEVQP?BRACJHNZADJdAEJGDQTSJWZAVDj@~@dFDh@ALMVIFKDADUT[X_A\\GFETAv@BVn@dCJh@@n@LZPHDCH?PQZm@LSBKR[@IJIP]DMDe@FUz@}ALWVSPFBX@EB@ERUh@Kv@Fv@Pv@A`AJ|@Cx@Oj@Q^c@~@MPHTFBNCHGN]@?Na@Ne@HSv@mDDDJET_@v@{@He@Bm@@}DPiB?WDc@?OD[AUEQPk@D[""}"
"2023-03-29 15:29:08",walk,"Afternoon Walk",959,68,1.149,,,,strava,8797900945,"{""elapsed_time"":1012,""total_elevation_gain"":26.9,""elev_high"":118.8,""elev_low"":93.9,""average_speed"":1.198,""max_speed"":2.748,""polyline"":""ijjxH~dQUv@GHA?e@i@EIa@WMMG@EMA}AJUBICGHSDSD{@BC@HDGz@_CAJB?F_@JGJYAMKS]OKBECOECC@GGA?@E?EKC??BEEGAAGIEEE?CEFWHKRAA?DINAZ?n@OPKPIR@HEAAEKFIVEBGNIJKXEB[h@AJUXITGFAREDALKRMHGZURGJE@GHCAQNOVIFOj@DRJ\\NTDALXPXNJDL@AR@@BBCHD@CDHFZPZDNZJF?JGBDJGF]VSPUHCCq@FUJMJa@PMLSDCH_@DE?IDOGOJSDATVDARXTPX`@F?La@@QFIDYL_@BQABEa@Wa@ASBK?@""}"
"2023-03-31 08:14:48",walk,"Morning Walk",1256,82,1.391,,,,strava,8806954194,"{""elapsed_time"":1274,""total_elevation_gain"":28.1,""elev_high"":118.9,""elev_low"":93.9,""average_speed"":1.107,""max_speed"":4.702,""polyline"":""ajjxHnaQHXM^DZCJ?LMXG^GJE?EAg@}@G?WMCIGC?CG?GC@UDMCG?a@DMAQBF@ADYBE@IJIGI@AAOAHDO?SDGCAHCACJKFUDE?GR_@AEL]NYHYJMBIKc@EI_@IMBUME@AGE?ABC?CC?IEKKEIIGAMLMBSb@IJ@BKHAFIJEX?NEPCROLB?INIJGLETIJMZML@DSR?HIDAAADHXEIEDGIAD@FG@KL?NE@@EMNCZMREP?FICM@INKBANKNCBCHIFINMh@Lp@DBBJABLLF?A@HHRb@D@DJFD@ABHPDBAF@DBBJBAHFBFCBPJ?B@AJXB@FJD??CLBDKDBBATe@NKHC?IHU@IFKCQD[DMDALWHGAAFKPO@KJKJOAGDEEUBUBCBDB?@@E@JB@EDDABb@^BDD?\\d@B@@C@KHO?@AAFENe@?EEAHWNQGU?WCMOa@CQ@KBE@@JK?KCAA@?CA@ECA?AC@HJPAQBEEEHLQMFHKAFb@C??I""}"
"2023-04-03 06:31:11",workout,"Morning Workout",4329,,0,117,,,strava,8823322042,"{""elapsed_time"":4329,""total_elevation_gain"":0,""average_speed"":0,""max_speed"":0}"
"2023-04-03 10:22:52",walk,"Lunch Walk",835,54,0.913,117,,,strava,8823896131,"{""elapsed_time"":909,""total_elevation_gain"":24.3,""elev_high"":118.8,""elev_low"":93.9,""average_speed"":1.094,""max_speed"":2.121,""polyline"":""gjjxH`xPBuAE^MOK?MI@AIBGC?BKKM?IMKBCMG@AMEAGOG?MPE@a@v@ALAEKDEh@GTS`@?JAGEFM^OZMNIVMFIXKJGRE@O\\GHE@AFAAINCPKN?HQLCAGLCBCCCJKLCAEH?HGJUPOn@?H?B@??^LP?HHFF?FF@ANTABBBPHCBPNADHHH@@AFBBC@GDGJ@DN?FDF?FNL@DNT?FB??BF@DCTCVg@RM@IFG@EBGAE@KDO?QDENe@NSHSHIHQHAD_@DE?WHOVTRJXT\\b@F?J_@LIASB[LUBO?G?FAA?SCIQYK[?QLW""}"
"2023-04-04 09:12:15",walk,"Morning Walk",1243,70,1.182,109,,,strava,8835901227,"{""elapsed_time"":1870,""total_elevation_gain"":26.3,""elev_high"":119.1,""elev_low"":93.9,""average_speed"":0.951,""max_speed"":1.798,""polyline"":""wjjxHt_QBRDNNP@BC?NR[jA?XEHMd@KJYYKQ_@WY[A@AM@@?GBM?MAA@GCM@MBM?GDGF[DWAS@?B]PWAEBMDEHOJ_@JQESB@SIC??BQKC@KCEBCCEA@BB??CABD@CGIAe@DIEM@MEKAKREFE?AHQ^OLGJE@?FGRC?OJEX?PEBCJGEKBCF?NIJAFC?CLQ\\Kd@IHKTG?IFGNSNGHALSHOXK\\BJR\\BBJXb@d@FPLDDDJFVAL^F@@FB?JVDBHNZGJKBQ\\OFK@IB?BE?WBKAODSHI@IFKDMBEHAHWFCNUPmADBCBFCz@j@Zd@DDB?Nc@F[Ty@@?Ei@Yq@?UPOD@?EEI@CI?""}"
"2023-04-04 14:43:28",walk,"Afternoon Walk",1180,76,1.29,,,,strava,8831135516,"{""elapsed_time"":1216,""total_elevation_gain"":27.3,""elev_high"":120.1,""elev_low"":93.9,""average_speed"":1.093,""max_speed"":2.418,""polyline"":""uijxHdbQBGC@KZHH?HQ^Sz@IPE?g@u@AEKIG?KQA@KKIC@GCEBK@MCc@B[FCF[DEDUDg@CC@CFGTi@FWR_@J_@@BHa@CFRc@?OI[QEM@?IGAE@CEMEIHGMC?KM@ICEC@UMC@BBK?IDI?IHUl@IHQ^AN@POp@a@b@Q\\M^?HGDAJMDAFKLOl@G?IXMFEJUv@EAOHE@IJE?ERYRUj@IZ@PFXZP@JD?DPDD?BLHDH@CCH@HB@@CBFHHRB@CBBVBJRAPNHJ\\RHXCDIFIPODA?CLSBMBAD?DGBKEg@DWB@BITMF]NIFODADK?EBA@KHKA[BOAGH@?@@APJB?DHAFNNND@FFF?FJFLNPm@?O@CB?Nq@HQC]BEAQOQAGMUA@@?AACD@@BEAS@@JU?K@B?GCCBA?CCF@??D?C""}"
"2023-04-05 09:29:55",walk,"Morning Walk",4840,143,2.429,,,,strava,8835900919,"{""elapsed_time"":4840,""total_elevation_gain"":0,""average_speed"":0.502,""max_speed"":0}"
"2023-04-06 15:57:43",workout,"Afternoon Workout",3360,,0,164,,,strava,8843396668,"{""elapsed_time"":3360,""total_elevation_gain"":0,""average_speed"":0,""max_speed"":0}"
"2023-04-07 11:34:43",workout,"Lunch Workout",3751,,0,154,,,strava,8847594499,"{""elapsed_time"":3751,""total_elevation_gain"":0,""average_speed"":0,""max_speed"":0}"
"2023-04-08 09:28:43",workout,"Morning Squash",4533,,0,166,,,strava,8852776705,"{""elapsed_time"":4533,""total_elevation_gain"":0,""average_speed"":0,""max_speed"":0}"
"2023-04-08 12:38:10",workout,"Afternoon Workout",5149,,0,179,,,strava,8854079866,"{""elapsed_time"":5149,""total_elevation_gain"":0,""average_speed"":0,""max_speed"":0}"
"2023-04-11 08:49:41",walk,"Morning Walk",1067,75,1.264,121,,,strava,8870325376,"{""elapsed_time"":1204,""total_elevation_gain"":27.7,""elev_high"":118.8,""elev_low"":93.9,""average_speed"":1.184,""max_speed"":2.37,""polyline"":""ejjxHf_QEJ@DGFARDRRTB@?DIVMnAGHEVGNBG@AINSYO[IEMM?AE?OMECAB?CA?CB@?GUDYEk@LYAEDCDK@[BG?QFe@EADc@HYFOFA`@g@FADE@MTa@B_@AA?D?A@ICMMO]KI@KEMFAIK@IQQEKKHJIMC?MJKDg@p@M^ATBFKf@Yn@ORAAKTCLS^CBQGA@Gd@?TGLG@KFEH?LED?BCHEFADEBI`@OHMTC@EAOPIFENe@h@ENARL\\VR@VHHDRDBBABHNDFNLJPB?C@?LLADHDBTD@?ELPRLL?BFB?@CD?FA@KV_@F?HOLEFm@AQDKHENa@Z_@@ELQHe@AK@SD?@IHAh@TPRP^HFBAXw@BYXu@G[Yo@?[JQBFBCAG""}"
"2023-04-13 16:33:23",workout,"Afternoon Workout",3665,,0,175,,,strava,8884855275,"{""elapsed_time"":3665,""total_elevation_gain"":0,""average_speed"":0,""max_speed"":0}"
"2023-04-15 09:51:48",workout,"Morning Squash",5169,,0,138,,,strava,8893881532,"{""elapsed_time"":5169,""total_elevation_gain"":0,""average_speed"":0,""max_speed"":0}"
"2023-04-15 12:29:55",workout,"Afternoon Squash",8815,,0,163,,,strava,8895329273,"{""elapsed_time"":8815,""total_elevation_gain"":0,""average_speed"":0,""max_speed"":0}"
"2023-04-18 08:08:24",walk,"Morning walk with Sarah and Bo 🐾 ",1509,93,1.582,,,,strava,8911203813,"{""elapsed_time"":1876,""total_elevation_gain"":4.4,""elev_high"":160.1,""elev_low"":154.9,""average_speed"":1.048,""max_speed"":3.016,""polyline"":""cthxH`gNAE@BC?GFg@\\IJSLY\\e@^OTGDAAUyAO[WuASo@Ie@S[CMYGI@SPCKBV?YCEKgAGKOSAI@GRC^QE]B[GQIE@PFACG@FGDB?ACFC?CC?DBEDDB@IAHAE@H@KAD?G?L?GCADB?CAD?A@A?BCC@HBEA@E@DC?D?EABBCAHB@COGJAK@DCBDM?BCGFPB@?CAGABD@ADE@CFBTAAAFBD@JEAa@NGJ?DHRA?DLA@@ABBDVHr@?X}@|@IRAJFf@FHDZ@PLn@TbB@DB??TDF@N?A@BBA?FCRIVQT_@VUTOFIFk@NINEr@@^Jj@B@BC?M?mBA?IAALCT?f@CZNVNt@HPPfAAVBFNb@JJXENKJKTe@PQBKPW@E@??EXk@Ds@HWTW^_AVc@PSLUBMC[YsA@CTM@EI_@RUh@_@AIDGF@BED?JEHIF?RYD?HKVQHMJGNALG?GBCAGEF?E@D""}"
"2023-04-22 07:46:41",walk,"Morning Walk",996,62,1.052,,,,strava,8934372054,"{""elapsed_time"":1015,""total_elevation_gain"":24.6,""elev_high"":118.9,""elev_low"":93.9,""average_speed"":1.056,""max_speed"":2.221,""polyline"":""ajjxHhcQGn@BJKZAAA@G\\GDC?GEMYUUCEBASGYWE?CO?}@BYHKDW?UFk@?Uk@u@Ug@KOa@QKAQPCHBBEB@@?GIACDG@?DGHCLILIZQVATGRAJKJCJILYPGHETCBAAKZ?DJBOAMDQVC?MLGLMPGNGHCDB?IHCN?LNVBPD?CEFFCNNN@LHFP\\`@V?ADBF?FKHCDNFNDFB?DB@FD@AJJPBLDDLB?C@@NGLKDIROBGD@FKFG@s@BQZy@HCDE@QN]@@JKHYBc@BGBDBEDFF?@HFDH@NJZ\\?DHD?DD@@AN]?CLa@Lm@JK?[EMIUUQAK@O""}"
"2023-04-22 09:17:32",workout,"Morning Squash",4074,,0,153,,,strava,8935204832,"{""elapsed_time"":4074,""total_elevation_gain"":0,""average_speed"":0,""max_speed"":0}"
"2023-04-22 12:34:23",workout,"Afternoon Workout",5430,,0,174,,,strava,8936652688,"{""elapsed_time"":5430,""total_elevation_gain"":0,""average_speed"":0,""max_speed"":0}"
"2023-04-24 09:36:21",walk,"Morning Walk",918,71,1.198,,,,strava,8947384248,"{""elapsed_time"":973,""total_elevation_gain"":27.4,""elev_high"":118.8,""elev_low"":93.9,""average_speed"":1.305,""max_speed"":2.295,""polyline"":""}jjxHtcQLV?PI\\GDG^EEAKGCMOAG[S?@AGKEIIDFMKE?GQDUC_@DA@CCQFMHKFs@?c@DGD?GACDX_@X{@DEBMX{@EQ@@CA@BAECCMBEMGECMQQGQMAW@UPMFIJIFMVIF?CCHQRA?KRE@CJMTEBWf@a@bAA?AEO`@MLERAAEHQPUz@KF?AMDILE@GGEXQVEF?FQ\\IVANJ^LR?FFFD@HVDH\\\\D@BHd@HL^TNR`@RDFCJBFGD?DBDUBAAAB@BABKLMD@CGFCB]@QAGBU@?BKHA?UFCBMPIHSDCBQEEBCACB@BAAGFAHW@e@FC?B?CF@TPTVABHBPTD@HJHEJOBMBCAI@K\\oAGGAQMSOe@@GNW""}"
"2023-04-24 14:03:47",workout,"Afternoon Workout",3323,,0,163,,,strava,8948746773,"{""elapsed_time"":3323,""total_elevation_gain"":0,""average_speed"":0,""max_speed"":0}"
"2023-04-26 09:53:42",walk,"Lunch Walk",2064,152,2.574,,,,strava,8959623417,"{""elapsed_time"":4620,""total_elevation_gain"":60.4,""elev_high"":119.5,""elev_low"":74.8,""average_speed"":1.247,""max_speed"":7.283,""polyline"":""{ijxHvaQFLAA?FOXEr@I\\?JQVe@m@?Ec@QIKE??DKWCASJGFE?CFEAGIKCEBCSEGCAOD[PAECAUEMHGFO`@E?IDKPQPAFGF@BIJ]RG?MLQF]QKBKCMFKEC@GBKTCNITGd@IJIZ@NINB^EXMKY]GCU@ICa@DQ?a@GSMKCUg@AGCEECQi@OYIUIMGUA?AASTCFGBEFEPIFGPKHWf@OPBFKJILENKPGRQAMKAGUEk@UGEI?SGKIc@UIKWKKMQE?CYIg@_@CGYAKIK@AC@BGMG?GHIBKPYPAFEBG@MHG??AQLO`@OFIJC?GD@HCFUq@Fd@EFZFDDDQb@]HUJMP@DE@@HC@@@AB@DC@@RQR]FWD@EU?BDHF?LH\\XJ@f@`@BCDDH?LNt@d@VLTF\\TH??BH@PJ\\HFJN[BKJGBBFGJWT_@BC@@HQLKHSJMHYNUB@DOHM@@@EADFH@DCF@BC?FBDLCSBKACCBAJNPDPNZB@DL?EA?@HC@@DF@H\\B?NVJBCHFDb@DJRF?@AD@DALPL?BIJ??GD@BERHDCJ?JH?LDHFB@JD@F[FcABMJq@JY@KHGBKJQHAJBLIFDR\\DPFD@DR\\VHNLDEDDFC@PJND@R`@PLJBHFBEJ@HGBMHG@BBADMHCHUB?D_@ASBWHGHYBIHE@I@?BEB?FONOHW@OBEBB?YDUD?CC?E@FHDBDLPFAFHF@BHLHHNPDFO@SPUTgAEg@Sa@GWHOCA""}"
"2023-04-28 10:03:32",walk,"Lunch Walk",1318,96,1.62,117,,,strava,8971168142,"{""elapsed_time"":2288,""total_elevation_gain"":50.4,""elev_high"":119.1,""elev_low"":74.8,""average_speed"":1.229,""max_speed"":2.354,""polyline"":""mjjxHp`QDTR^KZ@PE\\AZIJEPMVC?u@y@OKIK[OGH?FAEGACFGBME?CDCEFIIMACDISAKECC?CHOFIJC?GECB?ACA?CG?CCKHGBAPIHCHEBC?MD@BSLCJGBKPQLEFQBKRO@QGKAOBKCKBABMAC@MXMhAOd@CXA@EV@TGNCAi@k@KEe@?UBMDCDECG?EAOAGK]]}@uB_@s@SZKXOLq@hAMPMV?CCB?HCDAHCDCBCHKL?BYYWKIIQCGEA@GCIIKCAEM?KEuAw@?EIAc@YO?WWIASMUA@COMEBAFSPQLQFINMDS?F?CJIHMZMJOJK@EE@ADHAC?Bxc@sABJB@NTAATDDDABHBBCD@?BHB@NFFFJHZNLJ@JHH?BCACBA@ABBBCDKAGL]VYHQA[BY^y@LI@KLIZs@?G@AABDAES@KDEHGB@AD@@b@\\PRFBV^FF@AAGH_@JUFa@Ng@Ie@EOKOG[@KPK@I""}"
"2023-04-29 10:16:49",walk,"Lunch Walk",1136,72,1.213,116,,,strava,8976646386,"{""elapsed_time"":1232,""total_elevation_gain"":27.5,""elev_high"":119.7,""elev_low"":93.9,""average_speed"":1.068,""max_speed"":1.916,""polyline"":""kjjxHp`QHXLXO\\?DED?A@JEV@JMl@C@CLGFGEKUQSAGWIOMCAMSB]AC?OCKB]@A@BBCHOEE@]@IFI@e@^YJk@N]?GJOLYFWNWBSKWKOIEI?MEG?ECC@EAG@GIIAEKKEIOMIKJC??AIBa@p@GFCHONCH@j@EVG@AH[^GNEDSp@g@v@GTID?DORITAACB[~@C?EDCACJEDGAEBw@hACPGL?TBPJLDPJFAC@DCBBDBAHH?DB??JBAXf@`@XF?DDBCF?A?LNDPB@?BTXFBDJN@BD@EF@JEJGFQb@e@DI@YAOBSV_@Pe@TULWJe@@YBMFA`@`@\\TT\\B@FGNq@JWFa@DIBAMgAEIIGAG?KBG""}"
"2023-04-29 17:26:26",walk,"Evening Walk",872,62,1.054,118,,,strava,8979420197,"{""elapsed_time"":919,""total_elevation_gain"":24.4,""elev_high"":118.9,""elev_low"":93.9,""average_speed"":1.209,""max_speed"":2.223,""polyline"":""{jjxHp_QHNGFFTZZ@HQp@Cv@]v@m@q@B@YQEGSMAGKCCE@uAHQNOBIAWF{@ASUa@SWIOQMKAMWKB?@@@MAUV?Cs@lACNW^ENINc@r@m@tAOLO@EHE@Qb@[b@KXBRDJDTLLBFTN@DHHHP@FFHF?FHDEFDHAB@DCB@N`@DFFBP`@?HHBVGD@BAFMFCJYBAD@BELYBa@AEFM@MRc@NSP]FEJOF[@[DE?GFCDBBABLt@n@TZB@H@Je@HOJ[Nu@Ea@Ym@CK@MHM""}"
"2023-04-30 11:30:12",workout,"Lunch Workout",3745,,0,158,,,strava,8983759744,"{""elapsed_time"":3745,""total_elevation_gain"":0,""average_speed"":0,""max_speed"":0}"
"2023-05-01 11:51:41",workout,"Lunch Workout",6231,,0,161,,,strava,8990486935,"{""elapsed_time"":6231,""total_elevation_gain"":0,""average_speed"":0,""max_speed"":0}"
"2023-05-02 08:00:33",walk,"Morning Walk",2862,194,3.279,,,,strava,8995048324,"{""elapsed_time"":3074,""total_elevation_gain"":9.9,""elev_high"":160.1,""elev_low"":154.8,""average_speed"":1.146,""max_speed"":2.889,""polyline"":""gthxHhgNOFEFODg@f@E@QVc@\\Y\\AASsAE?KHIqASaAOc@EYWg@MISCE@ONGWA@?AEaAGMUS?IREZWBK@a@CQBB@C?B?GC??JBBCI?C@LCC?@?E?FC@BT?UCKDB?@AADF?BCMB@BCKGAC@CBD@HCG?LDVCO?EEEAE@I@NAAADF`@?HIBe@\\CL@NBE?FEBBADH@ABRJV@IAFH`A}@x@K\\AN@PJ\\?PFT@R`@zBNjAENGLURDCAABB?DE@EEEDMPIBa@b@q@RGLCTAh@Bh@H^Rp@A@N`@@L?FFX?V@TLTFZHEF@@CNAHG`@w@RUJYHGDSXe@Fk@J_@JMJSTe@J[j@s@H[CWIWQ{@O]Mu@?g@BUC]Iu@O{@EII_@IGAQMWGIMGI?SHg@d@QVSJGZ@f@Ln@?PFR?HT|@@PHb@B`@Hd@Qb@KLQHq@p@QHQBMHGFGPCt@@PBDB\\BDFf@R`@@TNp@?f@FZJPAHb@IZ[L[R[JWf@{@NcAt@qAZu@^a@HSA@?WI_@IUOq@KOIi@CEAa@De@Cc@WcBIQKm@Q_@OUKCI?QHOPYTm@p@APDl@Lf@Bh@DFJl@Hr@?HNj@Df@KJDDE@CFKLOFUXE@OLILAAOHYFOJIRAf@JjAp@nC?j@N^JHTCXMdAyBT[Js@L_@LUFQBANW`@}@NKHQFWAQScAKYLMLGG]JOAGD?t@u@ZS@?HMLCNIHMD?NUTQLEZSFDDCJJ""}"
"2023-05-06 09:23:07",workout,"Morning Squash",3814,,0,183,,,strava,9019965450,"{""elapsed_time"":3814,""total_elevation_gain"":0,""average_speed"":0,""max_speed"":0}"
"2023-05-06 12:30:47",workout,"Afternoon Workout",5261,,0,170,,,strava,9021328649,"{""elapsed_time"":5261,""total_elevation_gain"":0,""average_speed"":0,""max_speed"":0}"
"2023-05-07 11:35:30",walk,"Lunch Walk",1976,156,2.457,121,,,strava,9027271648,"{""elapsed_time"":3472,""total_elevation_gain"":59.4,""elev_high"":120,""elev_low"":74.8,""average_speed"":1.243,""max_speed"":2.445,""polyline"":""ijjxH`bQBABBD@BDGR?JEDCCALDBAl@[z@GAIQa@e@EACISOGKUQE?CHQ@OHEGMEIHAA@KMYUFKTCEA@EEYKMLMTERE@E??AMJGHC?SRYf@C@?CKDCAYXO?GC?G_@?KBGFE?CIGAQ^E\\ITALGPGVEDCZA@EAA@FbAIOC?GEW[KCOBC?AC_@?SDAEGBE?GC?CI@_@OEQQUIYQYO_@W_@ASGI@CABIEICQXIFQ^WXO\\]h@KTMNE@CHWEKGG?EEKAGGE@GE?AQICEKCGEKCGBKEI?OEGQEAGKMEE@EMUGMOYMKS@K?@SUC?MPMBGHMBIJMFGJ?@B@A@AAGDKDIHSL[XEACJQVKB?DG@CFC?SFJCA@@?DICNC@ICDAA@?BDGTIBBF?HOEI@KDDJEBEB@JG?CNMTHLGB?JUD@BI@DJ[HKHMd@WJJLVj@ZJFBH?ANJJL^TDFD?JHNBBAHHDIZ`@DBDCRNBAJHJ@DA@EDTTKHQF?DIBQVg@JOLGLMFQB?@GD@N]J[RUDB@FECDLFF@??CA@@R@CL\\D@h@nABDDA@JDBJ\\LFRDNRJFDEHA@CFD@GNKNBT?LND@V\\DJFO?y@@IFM@KAEFWFIDUZg@AKDMFC@@HIRAPCPFDHBCJBDAHQFFDEBBFK@DHQDSFCA?LU@AFFHMH@DIF@BCD[HMB@FMF?LPLDFCR[AARGELDVB?DGH@HPDAHOTI?CB@DKB@DJDBC?NTD@f@^\\d@D?n@gCAAADAe@_@u@@MHGFQCEKHCCACJO@@?OE@""}"
"2023-05-07 12:59:57",workout,"Afternoon Workout",3583,,0,164,,,strava,9027908959,"{""elapsed_time"":3583,""total_elevation_gain"":0,""average_speed"":0,""max_speed"":0}"
"2023-05-09 07:59:28",walk,"Morning Walk",2203,163,2.566,103,,,strava,9038124552,"{""elapsed_time"":2561,""total_elevation_gain"":8.2,""elev_high"":161.9,""elev_low"":153.3,""average_speed"":1.165,""max_speed"":2.183,""polyline"":""yuhxHrhNa@b@YTB@?CWPc@`@ADHH@JQL?BGHABHH@NPf@BRDL?TCFKJMD?EA@?C@@EBS`@CLCBLIHUFE?G\\_@BM?KG_@Og@]eAI{@Bk@Eq@EOEa@a@gBQc@SIKAG@QLC?AEC?Ag@Iq@Y]COCDCEWVe@RSNSDGDUe@F_@AP?CF^C?@BFHJKJARSH?JGD@LGDGTCLXABH@L^D\\?TFX?F]^CDCAMNIBIPET@TT`ABRGo@GM@KBd@RlATdBL`@?f@EJIFELWP?DKFIJKFCDULSDYLKRAx@Dj@Lj@JZH^@VFH?FF@?PEL@RHFF^LLLCL?NMHUHI@GNYFQPY@KJKNWXwAD?Nc@t@uAJORSFYGe@YaAUg@Iy@Bq@Cq@Ku@Yu@Gi@M[GKQGI?QB[XCHUNEJMHCHGF?DGJAPJTDf@Rx@NvABBJj@HTAb@K\\MNYLSXYR_@LG?MFGNEl@?d@F\\DNDTFJ?FFNThA@HCRBPP`@HDBA@BPCNOd@_AHKPc@HGDQR[Hw@z@aBJ]X]HGBG@g@ASCWQo@FONI?MEI@EV[x@{@JCNWLE\\[DATU`@OHKPCZZD@GH@E""}"
"2023-05-09 17:48:12",ride,"Evening Ride",3094,,0,161,,,strava,9041433577,"{""elapsed_time"":3094,""total_elevation_gain"":0,""average_speed"":0,""max_speed"":0}"
"2023-05-10 08:41:17",walk,"Morning Walk",1208,82,1.285,111,,,strava,9044453308,"{""elapsed_time"":1301,""total_elevation_gain"":28.9,""elev_high"":118.9,""elev_low"":93.9,""average_speed"":1.064,""max_speed"":2.391,""polyline"":""akjxHd`QJ`@Z^KX@FIH@|@MXAJCB?FE@[]IE@Eg@YQg@A@EAMg@BG?IDG?SJSFYCGHWB?AQFI@UAAOCGMC@@I?N@FRT@YHALKGMBMB?@GTODMFGLk@B?FSLQACDWGEBASg@KH?ACA[@ECIBAK?@DA@DEEMAAEKQSIEGCDCAMLADCBCACDAJCFEBGPOHERAG@b@BXAHWh@EBC?CBEPID?E]REJATKHCZEJC?IPGF?HIBEFIGARC@ALIF?HIHAFC@?PGHEACFEA[`@AJE@AJGD@JAAQLK@?FGJIVATP^FFDJFAJVB@DF@FJHLVAEFDDAC@PJABD@EIFLBC?FDFJCBCB@AFD@AFFFEG@RBB?DBB@ABPBJDMNFLJICNLEEDINHDAAIRFGA?HCEDGMABIFAAU@O@JBE@@J]LM@?@E@BBI@]COL_@DC@MNKF@ACDABIFCD?JUH??S@CD@CK?CB@DSGOHK?IF@BFHBADD??DFEDFNBBJFHDLHLFDH?@QNSDYHS@QBOHGEk@Qi@KSP]B@AB@?ACAB@G?JC@BE@F@K""}"
"2023-05-12 09:00:58",workout,"Morning Workout",1760,,0,154,,,strava,9056533837,"{""elapsed_time"":1760,""total_elevation_gain"":0,""average_speed"":0,""max_speed"":0}"
"2023-05-12 12:36:35",workout,"Afternoon Workout",1675,,0,188,,,strava,9057501497,"{""elapsed_time"":1675,""total_elevation_gain"":0,""average_speed"":0,""max_speed"":0}"
"2023-05-12 15:34:58",workout,"Afternoon Workout",3480,,0,160,,,strava,9058539056,"{""elapsed_time"":3480,""total_elevation_gain"":0,""average_speed"":0,""max_speed"":0}"
"2023-05-13 12:32:18",workout,"Afternoon Workout",5200,,0,154,,,strava,9082366789,"{""elapsed_time"":5200,""total_elevation_gain"":0,""average_speed"":0,""max_speed"":0}"
"2023-05-19 10:09:30",walk,"Lunch Walk",909,63,0.994,105,,,strava,9099187801,"{""elapsed_time"":951,""total_elevation_gain"":24.3,""elev_high"":120.4,""elev_low"":93.9,""average_speed"":1.093,""max_speed"":2.071,""polyline"":""ijjxH|_QIDAJFNHFN`@Q\\C?@|@SXAECZEHWUIQMGMOQGKQC@BEAAA?IE?w@@C@]HMAABADQ@@Am@GG?BCA?GCB?GAACA?DC@U_@E?OOAKCAABKG@??NAMYm@IIQAi@|@[r@Y`@[p@C@CBYx@IHIBABAAGJOLMVE@INYp@IFFVZt@TLBPDBBP@G@HNN@ADDTFBBF?HFD?BPFLFB@AFDBLJFHNTADEH?BEDA?OBEB@P[F?DKDU?SFQBAACFETm@BAPWNQLq@Bc@BEH@CCBE@JTLZXJFJVHJB@NOJSBYFI@OPe@Gi@IMKg@""}"
"2023-05-21 09:38:49",walk,"Morning Walk",2904,211,3.321,100,,,strava,9111939277,"{""elapsed_time"":5343,""total_elevation_gain"":70.3,""elev_high"":118.7,""elev_low"":56.9,""average_speed"":1.143,""max_speed"":2.537,""polyline"":""sjjxHd`QNn@FNCN@A?@CFEBCN?p@EHANEBAJGJE?EE]i@_@MY[BFKKE?c@PC?@EABSKCBAADGAESQM@GCEPKHQMQBABAAEBGRGFAAINAAIFAHGDEEUPEDGRILEBIAKHQXG?CB_@CACEBGAOB@BUBM\\EZITOn@?RED?BGCB@IZB?DC?@Mf@CGMI@AGMC@CIYOI?GDOBI?IBM?MGMDEEA@ACEAACIAEICAQUGSIM@CSk@SYAMSUBMEEOFOPSRC?GPE@GHCNI@IJE^GDWb@KV?FUn@C?Or@E`@MVEZA^GR?@A@?C?BWd@GRGDANGFIZMRELEDQl@ET@?KHAHGLIBIHEROVEPMLAFAAKZ@H@?IRU`@ANPV@?BBHXAJOd@BC?BWb@?AGRAd@?GYWC?I[e@o@OC?@a@]KCUWCI@@GDQKg@EWLABMJ[h@KAUz@QRY`AKTC@MOGOGCYc@OKOWSQG?KIKOEOMMCA?@GEGOe@i@KSW[KIi@}@GWKOGQIs@Gu@@MDGJGFMHC^a@FAFEHATKDGFC?GCCODMRC@?AH]BABBZ]BYDKPJBG@QPAJ@VGLGDIJCLI@?DEBAD@BEJCLSD@TKB?HOHKFCF?X]PGBGBB@M?FDOHKJCHFPOHAFM?ORWNGBIF?DKD@BI`@WH?BCF@JERc@LMLC?EHDNLTFBFPJXHPHPNRHDFJDLLH@\\ZF@@BP?AB@@HOBFJ@JF@?THPBHFNEJIP]?DN]FEBKJID@FIAKHQ?IBALSB?BIJEFGDWHUD@Nd@JN@RFPJJHTFDABNVPNFTBBAD@BBBDAJFADNJHPJMBJHHJOCCBCXIPBDJFGJ?RVF@?BPRB?@CCIDI?KAU?EB?BW@@?OLU@?DGCGBC@YHa@N_@HCDBPEPBL?DDBCJBNEJIGMDFZBTk@HGFITOBEHE@@FCBQV[?DHAJJBCF@HEHMFCNQAJD^D?BC@DD@BCNJD?DDDMDBPGL?E??CCB@ACA?AA?F@?GDHHFHLD?HLF@LNFBFLJLF@Ne@FGDg@L]@[@EIi@KOGSB??EDG""}"
"2023-05-22 05:45:18",walk,"Morning Walk",1255,104,1.64,,,,strava,9117152361,"{""elapsed_time"":1293,""total_elevation_gain"":35.8,""elev_high"":121.5,""elev_low"":93.9,""average_speed"":1.306,""max_speed"":2.572,""polyline"":""qjjxHldQB^GLI\\ILAA@CWa@GQa@IEGOKEK@FG?GQ@c@E]H]Rc@BaABKJK@EIISCVh@BQLSFUF[BEB@@OFANWVq@?I@AB@CKB@@IAYQWUEI@GEE?GEK@?EKAAGIEMSE@CE?EWLGAKFARMJERQVC`@CLEFI\\KXST[nAIJGPGBKXGDKXIFGNC@ABMLATKTCPKFGAEECDMCCDSPQF?ZKLALILA^Jb@JLRHVj@RVVJZB@FANDJAFDFVJFRBB@A?D@AJNDGJBNMNU@GLE@MPWDOAWFa@AHB@AOBFF_@N]LIFKB?BB@ABKTc@F]@q@@DA??KCB@FAI@]CCDK?SO_@?IEODK@SGm@AE[QCIEAOJERGBEn@@BNNEVMLBDCX?PDFAj@DZDJ?DEF?d@EJDN?XBHJFDARORYHYDEHc@@UBCH@?@CCXXDBJNR@V^FB@CBQLQJYR}@Gq@Yo@@KDE""}"
"2023-05-22 18:16:00",workout,"Evening Squash",6249,,0,153,,,strava,9121338570,"{""elapsed_time"":6249,""total_elevation_gain"":0,""average_speed"":0,""max_speed"":0}"
"2023-05-23 10:30:57",walk,"Lunch Walk",1152,80,1.253,110,,,strava,9124311624,"{""elapsed_time"":1632,""total_elevation_gain"":27.8,""elev_high"":119,""elev_low"":93.9,""average_speed"":1.087,""max_speed"":2.291,""polyline"":""_jjxHn_QUPAJDBDPHFHLDLGVEH?DEDB@Et@QZATKFa@k@WSGASSCK@@ADME?q@CGAODQAEPc@BM@m@Hc@IGNVNa@Da@FWZi@DA?B@CMWKKM[EYKSI?MI?@QDMLWJQVCC?BUd@IFIL[n@GFO^EDWj@MNIRGDCLIL?DOR?JE@?BGFK\\C@?FCCE?GJC??CGBAEAFE@ERKDADKLCRK?SRGXAXDXDBBFJBBB@?DLH@@HN`@D@LRBBF?FFL@LEB@Pd@HH@CFJHXDB?@AAHJ@?DGBADBPUFE@@DQHA@CF??ENM?KBIAE@EAUBKDKFEHYVSFSRYHUHw@HOHHBNd@\\PHFLRXFCNs@DKFe@Pa@A?AOGQ[c@CI@SNSDSKKC?NZCOC?BFACE@EQ?@@??AABAAD@""}"
"2023-05-23 16:47:44",ride,"Afternoon Ride",3765,,0,161,,,strava,9126360102,"{""elapsed_time"":3765,""total_elevation_gain"":0,""average_speed"":0,""max_speed"":0}"
"2023-05-24 06:56:38",walk,"Morning Walk",1068,77,1.21,101,,,strava,9129976631,"{""elapsed_time"":1102,""total_elevation_gain"":27,""elev_high"":119.2,""elev_low"":94,""average_speed"":1.133,""max_speed"":2.1,""polyline"":""}ijxHfbQE@EAIDA\\FZ@\\Yb@CNEDGEGOMKQYKEQSE?@?KOCOHm@EG?MDOHAFKCS@]FY?SDEP]PSHQFk@EG@C@HPYFSBCAD@BLSDO?MGI@YCEUI[@EGK@ECDB?@_@YKMWOEHE?MLMZQLOXCREJEV@VEBKR?ZGFOFENOLUh@[b@O`@[b@GRGDAJINAHCA?FAEC?CJORECE?CBQ`@?D@?AFIDALEA@CMLK`@EDHZNNB?FZ@BBAB@LZPV@ADJHBJL@EV@HCJ^HNABPH?RJDDLPABD?CJ@BBNUAENAI?DE?EDA@B?MBCDBBIJGB_ABK@GDCDQLUFADOJAR_@FSHcAFF?CGGF@BJB@A@FHFA@BH@DJLHX^HDJI@KHK@Q@@JUBYL]E]KSGWKM?MDK""}"
"2023-05-25 17:56:50",workout,"Evening Squash",7379,,0,162,,,strava,9140283972,"{""elapsed_time"":7379,""total_elevation_gain"":0,""average_speed"":0,""max_speed"":0}"
"2023-05-26 09:21:29",walk,"Morning Walk",1244,96,1.515,,,,strava,9142846837,"{""elapsed_time"":1946,""total_elevation_gain"":30,""elev_high"":118.9,""elev_low"":93.9,""average_speed"":1.218,""max_speed"":3.684,""polyline"":""gjjxHp_QMJ@JFTZf@M\\?JCGBFAA@PKn@GHK^EFGE]i@MKKGGAACa@WEcA@OBKAIDI?L@AFU@S@F@ABHC??SDeALU@@BCF@@CB@?M@@C?B@AAABDBB[Gq@?SGUBBAEBDCED?AKCFDDE@?B@GB@CE@B@AAB?EABAA@D?EAD?EAB?j@Bj@BBA@DEDK?CKW@]AKA??GA`ABDBP?DCA?@BE?AAJGE?DD?@HBB?KJOFa@HMVy@EQFJNOB_@GEAEE@?EEEEAMEI?CBKEKAE@GDc@@E@UZYTOBEDEJCNORKb@CGBSDG?DBGMb@UNQ\\KN?ADE?^AGUJCJC@?AD@E@CTU`@AHOX?DGF?HGOE@?XGVEBK`@MJGAINOBEDEPa@XCZGP?FL`@DFD?NR@JP^D@FLRJH@@A@@BCF@BC?@HBBF?FHTBFJ??BDADVTRFAFKF@?B@C@?HK?INSL?BGJ[Bo@d@eALGBKF@TQDM?@AKDOB_@BCD?A@CGDAZXJBXVX`@B@DEJi@HWBQTc@Ge@OWG]B@A@GMDKHKAK@B""}"
"2023-05-27 11:30:25",walk,"Lunch Walk",1189,85,1.337,,,,strava,9149464207,"{""elapsed_time"":1207,""total_elevation_gain"":27.5,""elev_high"":119.8,""elev_low"":94,""average_speed"":1.125,""max_speed"":4.803,""polyline"":""qjjxHjaQ?FNB?AJRADMLCLEBBA?z@GHCXE@GLGAMMQ]c@WIOE@ACC@AAGOB[AUCCD[LQBOAMDI@g@BG?KFEBO@ABDFEZ}@DWHMDQFKDAFSJM@MAQEYKMWIEB?CA@?FACG?KMGB@HCAECBCCEKAAIAEWE@?@OOGIDCHI?KFOd@UTOj@@PADA??HEXAAMN?DINMPIVKJ?DIPIDENOLENEDCJWVALKN?DKHBDEJAHED?H?AGJCEGLCDAAAHGPA@IIIBGJ?PC?CLG@ADC?ADOHCH@JCLBNN`@FTD?BJDCFH?DCFFBFNF@PVHDDA?DFCB?BDH@@B@?DB@CHCCPBB?JJFHLH@C@?BZZHI@BJ?FKF?C??GLBII?EBCD??CB?@IF@DIH??KBEDg@?EC?FKCADQD?@OBA@EBCJE@KLMBMDE@FHW@KFSHu@BCDF?E@HBANPJBLTFBB?PTJPHKTm@DWAGRe@Em@KYAGKEAO?KJIBI""}"
"2023-05-27 12:33:02",workout,"Afternoon Workout",5191,,0,165,,,strava,9150311006,"{""elapsed_time"":5191,""total_elevation_gain"":0,""average_speed"":0,""max_speed"":0}"
"2023-05-27 15:02:15",workout,"Afternoon Workout",5302,,0,160,,,strava,9154532231,"{""elapsed_time"":5302,""total_elevation_gain"":0,""average_speed"":0,""max_speed"":0}"
"2023-05-28 08:03:41",walk,"Morning Walk",1187,80,1.26,,,,strava,9154532042,"{""elapsed_time"":1187,""total_elevation_gain"":0,""average_speed"":1.062,""max_speed"":0}"
"2023-05-28 15:35:12",workout,"Afternoon Workout",6682,,0,150,,,strava,9159178667,"{""elapsed_time"":6682,""total_elevation_gain"":0,""average_speed"":0,""max_speed"":0}"
"2023-05-29 08:34:10",walk,"Morning Walk",891,76,1.192,,,,strava,9161186761,"{""elapsed_time"":945,""total_elevation_gain"":24.3,""elev_high"":118.9,""elev_low"":93.9,""average_speed"":1.337,""max_speed"":2.586,""polyline"":""sjjxHt_QAHH\\TT@L?JITAV?IC?Cb@Ih@IRMHCGA@CEECCOC??CIC_@a@MEGGDFCIECCNBB?E?FC@?UCG@SCQFo@AKRe@AOFY?UHKAEUGEGE@HBBHLTACFOHK?c@A@SMIC[EQBEMW]EKI?OKI@CBE?UVAFDBJCI?KLOZSl@OPKTQJCPCF?@[`@[z@GDGJSN?HCAONAAA@ENONCJQXGZFHHd@FH@A@@DPLDJ^JFFFABDDNDLNJBB?DGVj@NL?BFJD@FFF@LFDEB?NOFSXUBE@?DGBKBACM?_@HMFWRWBKDGFA@@@CA?NQDYFG@KBEB[HWBH@ACA@BBA?H`@RDFNJRXPH@ALc@Jq@Pm@C[]aA?IHI""}"
"2023-05-29 09:44:45",workout,"Morning Workout",6631,,0,148,,,strava,9162151480,"{""elapsed_time"":6631,""total_elevation_gain"":0,""average_speed"":0,""max_speed"":0}"
"2023-05-30 08:22:27",walk,"Morning Walk",1861,144,2.262,98,,,strava,9167798149,"{""elapsed_time"":2128,""total_elevation_gain"":7.4,""elev_high"":160.1,""elev_low"":154.8,""average_speed"":1.216,""max_speed"":2.364,""polyline"":""}shxH~fNSB@FGFECABI@OXUP@DEDM?e@`@IBOPINE?E_@EK?e@S[Qi@Ek@Mi@?UGQC[IYC[GQKu@A@?EIOGg@SAA@Dk@ACE?EKDFA?ABEI@@?CDD?G@HAB?IBBA@BMAK?BGCBL?CBBEHBJ?KC@BDBA?CCAADBFCKAB?K@A@D@AAFA?@DCIB@ACFAC@?FCC@LCGH?@EEEKp@AAKHEJE?KHAAE@BTAPBFCB@??A?DFABDFLDABDJlAEDIDMNMHCFOLILEHEh@BXBBB?Lh@?d@FL@JJZFh@Dt@?CPPCDBLIHELIH?FE?CDAAQNCDKDQXIFODC?_@NINE`@BHC\\Hb@Jj@Rf@Hj@J^CV@TVh@H@NABBHEFIBQ\\e@^u@T_@P]Fk@J[BAl@sAHIJYFCV_@BSK{@S{@MSQ{@DcACa@Ig@CG?MEUWcAUo@OGWCE@aA~@NASDWVI^Bb@B?DN?TJd@?PDFBVDDABPv@Dl@HJ@ZBNA@E?UZG@STE?SPMPQLIAYLILER@TCHAPDN@\\FN@N\\bA@XN`@CJ?ZFPHNATHIP?@CLAJGDO`@q@FSNQFQZi@D]Ha@LQJ_@T[Xs@BAFMHGPU?a@YaBBGD?LMG]d@k@JGHKPGHKNCBIVO`@a@LG@ENMVELQJBBH""}"
"2023-06-01 08:46:11",walk,"Morning Walk",999,76,1.194,97,,,strava,9184353500,"{""elapsed_time"":1122,""total_elevation_gain"":24.3,""elev_high"":119,""elev_low"":94,""average_speed"":1.195,""max_speed"":2.229,""polyline"":""ajjxHj_Q?AGRHb@?DBHHBABERCBEVEz@SZATCFCAMMQe@E@EGYKEICBKSC?CC@GCIC?BKAQDQCWHYFCBGAOBQBs@GINXToALcBEo@EWOIC?QGUDQVKDQPADQNOR?BS\\MHADB?GFIRMPSf@GLAAELGDC?DBCFC?MXBAG@CJEBKXCACF@DSVIVEDD?IDITCAEHG@IF?C]`@MX?AQ\\GTBZDLBPFD\\f@D@FH@FF@HRNDFFDGDJNFFP?HBADFBA?CDBDHDBDNHD@FDBBCFD?CB?A@DA?CDADEFYHCBKDC@C@@@ALOFCDG@w@BONWHCDK@@BILQNYNm@Be@N?ADLLB@DFHBNJ`@h@LFAC@EJQ@MC??CLWD[JQJ]C@EUCEASMUCQ?MLQEYE?@CACAHA?DOLJ@E@?GB""}"
"2023-06-01 18:30:11",workout,"Evening Squash",4715,,0,166,,,strava,9184353411,"{""elapsed_time"":4715,""total_elevation_gain"":0,""average_speed"":0,""max_speed"":0}"
"2023-06-02 08:32:16",workout,"Morning Workout",2630,,0,133,,,strava,9186873407,"{""elapsed_time"":2630,""total_elevation_gain"":0,""average_speed"":0,""max_speed"":0}"
"2023-06-05 05:54:05",walk,"Morning Walk",830,73,1.151,120,,,strava,9205353199,"{""elapsed_time"":947,""total_elevation_gain"":26.8,""elev_high"":118.9,""elev_low"":93.9,""average_speed"":1.387,""max_speed"":2.633,""polyline"":""}ijxHpbQKvAGLIb@CDEBq@gASGWQIU@OCMBOAIBYBEDABM?k@Ha@AKBKICJT@?JS?SH[RWNg@?ILS@[MQOEIOG@EC@CS[]CIF[\\]VS`@KF[h@IFCFEDBDA@@??DB@GB@@MVIDKTIFIh@MPALG?EFMBCJKD?FE@?BCBCFCd@MVCBI@OLOBCHC?EJEXGHGDILIZ?RJL@PNFBLLAHXPV@FHF?DFADDP@HABEFF@ADBFf@JHRb@ZDVMBKF@@AACD@?EDC@E@@BEP]BUCUDG?GFCHWBUTYB@DQB?J[FEAGDY?OB?DUBBDC@FHBDHJBRLj@p@DCHONGASBUHc@HQEe@ECAQQm@BK""}"
"2023-06-05 18:01:28",workout,"Evening Squash",5720,,0,157,,,strava,9209387248,"{""elapsed_time"":5720,""total_elevation_gain"":0,""average_speed"":0,""max_speed"":0}"
"2023-06-06 08:04:34",walk,"Morning Walk",2305,178,2.794,106,,,strava,9212077598,"{""elapsed_time"":3646,""total_elevation_gain"":17.8,""elev_high"":166.9,""elev_low"":118,""average_speed"":1.212,""max_speed"":5.094,""polyline"":""owhxH`jN]VINSPE@Iq@?_@AGGEQ_@_@qB@CA@GKG]Ue@SIOCWNKkAKMAKUYGAMKQHCDC?s@TELMJIDHBI]GI@BHDLT@@DCBBD?VWFA@@DCD@HEBBFMF?JGF@@A?V@I?@B?@DAA?AN^HD@d@F\\CF]VINKFAAOPK`@An@@RHADLB@?HFPC??HBLFHAFBFANLRJbAFP?JDPDDG@ALE@SXKBONG@EJC?[`@IDECKBOJEFGVAj@Dh@F\\@A@BRv@B^Pn@A^Ph@JLX@JEJKBMV]`@}@Ze@FSJy@N]Ra@Xe@HYXU@GLMBQAW[eBHG@EJGCYLGRUl@k@VKRUB@DEDOPMFK@@HM\\U@BJ?DE?GGSIiAGKCU?]Cs@YaBCGKCUSYGI?c@J_@RUZSj@Gf@?|@JdA?VBDANEHS?OLK?YqAOg@QS_@Gg@f@@HWHg@f@EL@PB@EVDR@@@ABFJlAXxA@v@FXNPE@EPKHCFMDKFs@r@UD_@NEPCx@B`@B?BXB@H`@HPXtABR?d@N`@FDJEH@DAJMt@aBh@}@FSJo@J[JMDON[LORg@`@g@Bc@K]Oy@@GROE_@j@m@XSFIRKFONEBGVQX]B?XMJIHCDBDTFBAG@D@ACCBEIDFABs@i@oB?UDG@IAGqAkFGI}ANgCrAcA`@wBbAkBv@kAb@c@H_AZa@F{@@IBOZKl@GRMLOD_@CO@KJKRGXSpCMlAc@xBYfAw@nBg@x@MNOf@ARDjAC`CSbDa@jEGdBLbCFhCBpEC`CE~@YxCk@pEGZ_@fAiCtGeBzEGFI?IEw@mAM[SQKQEM?KHS?HDSAAANAK@B@a@DRACDFGK@?E@@GC@CE?PESBJBSCDD@?DDBC@BC?GCD?@AKAAA@CEAFAAGNRV@C?HCD@C""}"
"2023-06-06 16:48:33",ride,"Afternoon Ride",2759,,0,170,,,strava,9214942964,"{""elapsed_time"":2759,""total_elevation_gain"":0,""average_speed"":0,""max_speed"":0}"
"2023-06-07 09:04:29",walk,"Morning Walk",1124,80,1.258,112,,,strava,9218686793,"{""elapsed_time"":1323,""total_elevation_gain"":27,""elev_high"":119.4,""elev_low"":93.9,""average_speed"":1.119,""max_speed"":2.678,""polyline"":""ijjxHxbQCD?hASl@BFA?CBQQIAKOCISSOGEGICB@CIEE@KEAAB@M@A@B?ACCBEEDAAES@MJOAG?BDAHQBOCODq@AI@I?@DADG?MA??JIJ?CB?BH?E?DCAHYBWDMBAHMASJIJKJUB??CCB?K@F@C?BDC@KFC@KLWB]GOKKIAOSICCIIC?EIJOAABECBGKUECQBEAEDEAWVILGPQLGLEl@CFALOTCPB??DE?GFCZCDIDCLCFE@AJE@KPCAOr@?PMMGD@@Wv@AJCDCAEVIDEHC@@HEHAL]VE@GKC@CCKDCFWZOn@FHCA?ABJAPBLAF^ZFPJJ?FFJD@BLF@BBFBJBBCB@?D?CB@EARDAAFLBAAB@HRFHA?FJJD?FNFB@CA@@FJE?EBA@DAC@E@@CBN?@EAGHUDEABFIB?BQB@DGF?@CACDGCA@GAC@SB@@SHSAABE?CCB@EHOFCT]FA?I@@BMLIA@@AAQB@BE@KCEBMABFKNEMHCRDYD?Z\\NHN?B@`@p@LENsATi@AAABG[Yu@AQJQ""}"
"2023-06-12 08:07:59",walk,"Morning Walk",976,71,1.111,102,,,strava,9255979135,"{""elapsed_time"":1185,""total_elevation_gain"":27.6,""elev_high"":118.7,""elev_low"":93.9,""average_speed"":1.139,""max_speed"":2.586,""polyline"":""imjxHldQWAIECE?I@A@?CSD_ANYCIFY?[BULGHML[CESFEF@?HKHCPQDKBUNYPe@@MHKBOEU?OAOQCQBCAEEGDE?@FOCCQIDCMMG?CEBICEGAB?EWLGHUb@ER@`@EHKJWt@s@`AGXGBWVKR?FIBILALMX@TMHYv@C?UZ]RGJANG?OPO`@A\\LNJTB?@FF@?DC?A@BDJPHBFHFNHHP@ADDALBHCFFJd@RLDRH?BFH@BEXCHGCCAB?GBA?CHQF@FMRSD{@LWFEDKFEBEHE@UJI^aBf@VNZFD^b@D@?CXg@Fq@N_@?e@OQQa@?EN_@""}"
"2023-06-13 07:48:19",walk,"Morning Walk",1121,79,1.248,100,,,strava,9255979151,"{""elapsed_time"":1143,""total_elevation_gain"":27.1,""elev_high"":119.4,""elev_low"":93.9,""average_speed"":1.113,""max_speed"":2.519,""polyline"":""_jjxHb_QMRE@AHN`@RT@FAHGHGZABG`@IXAPO\\OOOWWWa@YIOCA@o@BEEIDK?KPg@AIDG@[?]BHT[DQAAJQL]B]LI?@DOH[?SLABc@GM?KYOW@IIQ@@BKKE@BAEKa@[E@IHKCEBKRCV?d@BFBB@AS\\GBGLGBMPCL@AG@UR?HIHKj@Wj@MNQ^EPGBO\\KJEDCCQNIVGJ@@CHA?GJAHUREHCAEN@DCFCACFE?EXSXEJ@NDFBADLFBFH?H@CB@DLDCFRD??HNTDP@?@ABHBE@@BCF?@ABAH@@AHFJLBLD@?DRVHZLHF?BHH?HEXm@B?BBFCFI@MDG@QEEBCFi@LYB@@QFEDSF?DOFC?ILMJe@BABg@L?AAjA~@JPJABODEFWLy@HQFMMi@SSEQASLQ""}"
"2023-06-13 16:49:00",ride,"Afternoon Ride",2891,,0,169,,,strava,9258990693,"{""elapsed_time"":2891,""total_elevation_gain"":0,""average_speed"":0,""max_speed"":0}"
"2023-06-14 07:56:26",walk,"Morning Walk",1010,78,1.222,96,,,strava,9262567592,"{""elapsed_time"":1094,""total_elevation_gain"":26.5,""elev_high"":119.2,""elev_low"":93.9,""average_speed"":1.21,""max_speed"":2.395,""polyline"":""ejjxHp_QFBECGDCHAJDRX^Kh@IFCJBABJC`@KROf@G@MMCKQUEEEA?EMAGMIEAKQUKy@?URc@FUCG@WFc@BCD@@D@CABHB?B?_@Ha@d@_A@CBBGS?c@CCIGQSEMGEGDICGBMG?LG?]j@QDSVC?CBKPKb@ODAFG@CLC@AAEBACIHCVGFENAA?JC?ABAHCBCLG@GFELA@EIGN@JA?CTCG?TDBCA?@CCEBK`@C?ACINAVKL@CC?CDCGCC@KHE?CGd@C?EHCK?D_@TEPSP?FIJAb@@NCP@HB@L@LP@GRK@F?PDNHF@JBB@DDCFPBCF@?CB?@H@@HGFA?BB@CBD@JXBC@DJDAJ@DFB@C?BHB?FBFACBEDF@EB@EBHB?ANM@ID?BKABCAFKAA?@DEJOH?HGDFBK?@BGC?CO@O@?AGb@oAJGHQTUFW?KBCHs@D?AV?CB@DCf@`@FDF?VZBHFDDAJODI@UJO@ICK?EFOB?F_@CFCS?AC@BEAGOOMSAU@EJCBM""}"
"2023-06-15 09:05:04",walk,"Morning Walk",1139,81,1.279,102,,,strava,9269147580,"{""elapsed_time"":1441,""total_elevation_gain"":27.8,""elev_high"":119,""elev_low"":93.9,""average_speed"":1.123,""max_speed"":2.181,""polyline"":""ijjxHz~P@C?TIAEPBB@^NVHF@NIPEhAMLMh@GBUS[g@q@e@EW@ICW@C@k@FQ?BDKBM?D@?A@@A@w@F[FID@@??CDUA?BAZu@BE@BLQAOBAHIVm@@ME?G_@[OKAI@MGKAGM@@CBCCIUCA?BG@KKGF?BS?KPCJQ^@h@AJONCNKFELKNGMB?@JCB?FC??HKFC@GPEFGXMRAHIFENKHAF?DCBEPG@KHWXM\\?JQNANIFKBCDAA_@ZGT@DQZK^@LNP?FJJJB?FDABFADFLNTDD@DTPVCBB?CFBA^BHTZDCBMETXXH@PEB@Xa@@KD@TIPg@Aa@Ha@HI@@?CNQA?BA?EDE?GE@?B@IF@?CBA@CCBBED?BMDIB?@SBB@C@]BG?GBCDU@@CJDIB??FHAADJJh@\\Tb@FDFGFQB_@FGJi@JUIu@MKKY@UHO@EA?D?""}"
"2023-06-15 18:27:38",workout,"Evening Squash",3789,,0,174,,,strava,9272527066,"{""elapsed_time"":3789,""total_elevation_gain"":0,""average_speed"":0,""max_speed"":0}"
"2023-06-16 09:55:15",walk,"Morning Walk",1096,79,1.246,109,,,strava,9275432693,"{""elapsed_time"":1164,""total_elevation_gain"":27.5,""elev_high"":118.8,""elev_low"":93.9,""average_speed"":1.137,""max_speed"":2.26,""polyline"":""qjjxHr_QEN?FHXT^?HCHC?I^?@@C@JAVCPMXGVGFC?UUS[k@a@CGE@GEAO?YACBSAUBQN[D[Dy@FQ?BBO^i@@A@BLUAIHI?MDC?CTa@Fa@BAE?@UEI?CCCIAOGW@EESEAKEA?BCAAKQEB?IGQCCJQHW^CR?f@M\\E@U\\IXEBGNGDU^Ob@w@pAADUXI\\GFCJ@DI\\WHMLK@ILGXUPO^@VJXJLFJH@HX\\b@@C@FB@BD\\?PDBLAHB@HJPL?RH@DLFCH@NIHKLS@@DABKDABGHEFQAGBi@B?JQ?KHO@KLMDALYJMFEBSFIFa@AIAIBCBAB@H^p@l@HLLFBHD@BAZaBJYBKBASo@Se@@KJS""}"
"2023-06-16 11:01:39",workout,"Lunch Workout",2884,,0,133,,,strava,9275884633,"{""elapsed_time"":2884,""total_elevation_gain"":0,""average_speed"":0,""max_speed"":0}"
"2023-06-16 14:05:45",workout,"Afternoon Workout",2740,,0,156,,,strava,9276801956,"{""elapsed_time"":2740,""total_elevation_gain"":0,""average_speed"":0,""max_speed"":0}"
"2023-06-17 15:05:20",workout,"Afternoon Workout",5021,,0,160,,,strava,9283714496,"{""elapsed_time"":5021,""total_elevation_gain"":0,""average_speed"":0,""max_speed"":0}"
"2023-06-19 09:09:32",walk,"Morning Walk",973,79,1.241,102,,,strava,9293509801,"{""elapsed_time"":1123,""total_elevation_gain"":27.3,""elev_high"":119,""elev_low"":93.9,""average_speed"":1.275,""max_speed"":4.264,""polyline"":""mijxHt~PGJUt@JRCFBNGZFF?BATENAXIN?HMZGBk@s@OME?UUMGCG?]AIAUBCAEHe@B?FKDDE_@FKACDSBa@FUp@oAXaADGDC?BCDHc@M[ECI?AIID@CGAGBE?EEC@ECAME??@G@CE@CGIIGSE?IC@[XEJQVIVDJA`@ONCJMNKJCRE@GH]r@K\\ORKXE@CHGD?FORCNGC?LW\\?HINCLEF@BUDCFYNORAHKHSh@?PNf@FZVJ@RDD?DFBHPF@NLLB@CDBFKJ@N`@HHFVD@BHLFPGJDHAFG?MDGDQLOBGHKA?@B@CAGDSE[LWJMFQJGJUFEPWLy@?KJQLHDRDFZPBFHDBHNRFFB?BEFUBEBSFIFa@Ng@GYWg@I_@DIXO""}"
"2023-06-20 16:46:36",ride,"Afternoon Ride",3387,,0,169,,,strava,9302475939,"{""elapsed_time"":3387,""total_elevation_gain"":0,""average_speed"":0,""max_speed"":0}"
"2023-06-21 08:25:39",walk,"Morning Walk",840,61,0.957,97,,,strava,9306054019,"{""elapsed_time"":1013,""total_elevation_gain"":24.4,""elev_high"":119,""elev_low"":93.9,""average_speed"":1.139,""max_speed"":2.771,""polyline"":""ckjxHlxPJ{@?MEOQIM@KDDEGDIE?AG?@@ESEBIG@DCGE?AIKGEGEACEO?M^E?EJEHC@EX@E@XAVCB?AINIDM\\i@v@Sh@B?@Be@h@ETKFAHE@EVC?Gf@GNE@ELE@EN_@d@GHULMXA@AAE?Uf@CH?^PZ?PFJ?CHFDNB@LV@FCBDFPA@AFDC@@@@?FC`@CBHDd@H@DAB@AFB@FRLNTC@CDABGBBNWJG?EJEBKDAHa@?]DQTc@@DUZJG@@Da@FQb@c@@IHIAMLYCSDIJABGCD?DHFBA@HRRD@LTDGD@DNHLAB@FH?C@L]@[FC@EJCDUAEHUBQ?KGQEGICIWIEAG@OT_@Ea@Uc@N\\KY@@""}"
"2023-06-21 12:00:31",workout,"Afternoon Tennis",3,,0.006,,,,strava,9306959726,"{""elapsed_time"":3,""total_elevation_gain"":0,""elev_high"":62.3,""elev_low"":62.2,""average_speed"":1.963,""max_speed"":1.963}"
"2023-06-22 09:07:22",walk,"Morning Walk",1098,80,1.264,103,,,strava,9312536039,"{""elapsed_time"":1234,""total_elevation_gain"":27,""elev_high"":118.9,""elev_low"":93.9,""average_speed"":1.151,""max_speed"":2.273,""polyline"":""sjjxHb`QJj@RVGNE\\Eb@@LMR?JITGHE?MUOM?EMEMQE?O[MMCGBYCw@@KHIBM@a@DSAMAFLYB?JOJGBMICXi@?IDCZiALQ@GA@AGDC?IMQC?LFIKEMG@EKEFAAEDADC@GIC@ACQ?@MM@COGAEGI?IKE@MLKBIXQTAJDf@@B?FEBE?ELC?GXAMGA@FB?MRGFQb@C@e@~@OZCPGB?BQDIFS|@E@ANKRE?CBIRQNCNWJEJIH_@l@ETFb@LL@??DFJBCBBLZV`@JJD?@FBCJ@FAFBFANb@BBBHHDDPFLDBC@PGHA?FB?ACB?PUPIBGBGA?BAFK@KBB@ADOAc@BMf@eAFELSRWHk@?GBWFIB@HH?HAEEA?BRNBFHBJJJFT\\HF\\_APw@DIA_@CMMQAGGKAUJG""}"
"2023-06-23 06:59:42",workout,"Morning Workout",3244,,0,141,,,strava,9318083080,"{""elapsed_time"":3244,""total_elevation_gain"":0,""average_speed"":0,""max_speed"":0}"
"2023-06-23 09:01:34",walk,"Morning Walk",946,69,1.092,111,,,strava,9318351231,"{""elapsed_time"":997,""total_elevation_gain"":24.1,""elev_high"":118.7,""elev_low"":93.9,""average_speed"":1.154,""max_speed"":3.06,""polyline"":""qjjxH~aQLTET@JAj@O^ALCHE@@AGDg@g@CIGCC@KSE@OUABIACW@O?KFWGQ@MFSBED@@c@Jy@?@CGKIKGE?_@w@GSM[EQ?QEEE?EHUFCP@FC^ABICINE@CPA??CNWFUK`@Sb@IZMRC?ELEBARAGELGFINKJAHIBCFCB?DMRALCBERULELG@KPEAEDIJAC@D?EGRYb@CJ?TJVHHDPNJP`@X\\DDFAV@@BJBTl@X`@?AFDFEB?FC@@HCPc@BAFGJCJMDQ?YCADYN_@P[FCFJE@BWZc@F]DG?QFYJ??Jz@n@Zd@D@l@cCCc@Ug@CABAC?CE?IHM""}"
"2023-06-24 10:19:10",walk,"Lunch Walk",928,66,1.045,105,,,strava,9324404925,"{""elapsed_time"":1041,""total_elevation_gain"":24.4,""elev_high"":120.2,""elev_low"":93.9,""average_speed"":1.126,""max_speed"":2.115,""polyline"":""sjjxHv`QNVLJ@JMd@EDAv@_@~@GEJ?y@}@KEAE?BUUB@UK@SAGB_@EIHc@Va@@IEW@?@GB_@DABB@DCA?Fm@aAOa@OM[OGAEME?EDI?O\\GH?CCB?LKHEN?HOVQNC?Sd@EACBCJBBCPODCJ[`@CRKVIFAFI@GJ?LUFIFIVONO^?Z?ANXJJDRBB?DF@PJAFD??HDD@JFFJHPDH?A?BANRBJFDV^@A@B@AFLD?XK@@DADECADADEBMVSHMH[@]Lc@B@AEB@DOBAJSLINYNQBOC@BEA??IEGL[n@Zp@x@L@FY@M`@qA@IS{@Qe@BINUDBBA""}"
"2023-06-24 15:25:50",workout,"Afternoon Tennis",440,,0.969,139,,,strava,9326804913,"{""elapsed_time"":5206,""total_elevation_gain"":0,""elev_high"":63.2,""elev_low"":60.4,""average_speed"":2.202,""max_speed"":9.577}"
"2023-06-25 08:54:12",walk,"Morning Walk",1054,80,1.265,106,,,strava,9330209949,"{""elapsed_time"":1248,""total_elevation_gain"":27.2,""elev_high"":118.7,""elev_low"":93.9,""average_speed"":1.2,""max_speed"":5.072,""polyline"":""cjjxHj_Qs@D\\TDXVh@Sj@FPAVMb@AJKRMGS[OIk@m@GAA@CA?IIYAo@D[JOFS?KCEFMACBQAIDK?G@C@BB?JWHCDIBQPk@DGABB??GAB@FBECOHWPUHSBMAKEIUGMKA@DAA@O??@KEE@AA?ICGEFC?CG@G@FMQC?@@GAD?BE@FAFFDB@?C?FA@DAHFABIDEEW?KVo@d@e@n@ETa@b@Wr@Wf@?EERC@EH@FC?CTILE?CDCIE@CJGHAH@JGPWb@ENCBCACFSL?D[PMLGTWd@AXLd@FDD@BPF?DDN^JNH?DFHBBFTAFC@?FZ^`@?R@BDBFALDFEFHJANSBQJEDIDAHIBBBC@c@K[BSLWDABMFAHKRMR_@BSEQJ_@?IHYBAFDBTHJBAF@FJVN@FZ\\DBDALc@AOHSCOXm@Ke@[e@CKBGHOJEF@""}"
"2023-06-25 15:28:43",workout,"Afternoon Tennis",7,,0.006,126,,,strava,9332876945,"{""elapsed_time"":7,""total_elevation_gain"":0,""elev_high"":62.8,""elev_low"":62.6,""average_speed"":0.91,""max_speed"":1.52}"
"2023-06-26 08:09:18",walk,"Morning Walk",1172,78,1.228,95,,,strava,9336448763,"{""elapsed_time"":1349,""total_elevation_gain"":28.3,""elev_high"":118.8,""elev_low"":93.9,""average_speed"":1.048,""max_speed"":2.124,""polyline"":""ejjxHz~P@@CHA@CAGLBAALJh@JPBTMf@@@?REXO^?JMPUUSc@QIE@@BIOOKMY?GBCESAk@?EHKBI@EACDC?Y@WF]B?@CCEKGBRDB\\SZaAJa@BCNe@BMNU@[Sg@SCC@CEKDSGE?@@C@CIEA?EADAC?B@?EOGACGMIGIGCCDQNYj@CP?p@GJC??CC@IXGBGNGBCRK@KRMt@e@`AKLCJMJCHC?KNALSb@?BYj@MFCHGDEFK@IJ?HGBADKJSd@?XNTJJBAA@@DLPDPZh@H?@DDD`@CHJ@JFRB?BCFFADDJFNLJB?BEC@H@DG@@BC?DBIJKB@?IBC@@@CA@DIPMBGB@FO@SCIF_@@CH?FI@WDKl@}@FSFu@HG?DD@HLNJD@XTV\\BJFAHSB?RcANc@Ii@Ui@AMDO""}"
"2023-06-26 15:22:41",walk,"Afternoon Walk",1283,85,1.34,,,,strava,9348863034,"{""elapsed_time"":1283,""total_elevation_gain"":0,""average_speed"":1.044,""max_speed"":0}"
"2023-06-27 08:16:32",walk,"Morning Walk",1394,102,1.612,,,,strava,9342530429,"{""elapsed_time"":1814,""total_elevation_gain"":6.6,""elev_high"":161.7,""elev_low"":153.2,""average_speed"":1.157,""max_speed"":3.111,""polyline"":""yrhxH~dNFP@A?@CREAIDKHE?e@b@MDUX[Pk@j@ADQJQREIGa@Cg@Ym@Km@CAAEC_@GSEKIc@Yi@a@KII?GMW?GKKEA@@CQGQKABCECAMGCGKG@EEEBENC?ORGBEGKLUJAHGB?BI[CCB`@Mc@BF?C@@@NGOLD?PAc@A@@B?C@@Cr@Li@A@AAKh@Ne@@@OHCS@JCGBEC?B?DDEACEB?C@BB@?EGFJD??DIIAJFF@LNFDCPAFSH@@ADFLGDBHOHEDMPG?RBFC?FD?GA@?EAD@B@CBB@AJt@@XFV?DGH}@r@I\\@l@BFDBXjAPpATjAEPA?DPC@GTONE?CFGAKPEB?BIBMTYLAAIB[NIZ@ZEPRjAPf@Jt@BDAFJb@AVNj@BAFFF@JKJAPKN_@B@JWLMDMPWDQLMHW@WF[DGJ]FANa@@?JMRg@D?HMBABON_@B@F?DGFA?ABBLWACFGJAHQNOJWZi@LIJWFE@GDA@CJEFM@IJGJQ@?J[@k@K[E[?FAB""}"
"2023-06-28 06:13:42",weight-training,"Gym Session",4028,542,,,,,setgraph,,"{""sets"":[{""exercise"":""Barbell Bench Press"",""reps"":10,""weight"":8},{""exercise"":""Barbell Bench Press"",""reps"":10,""weight"":8},{""exercise"":""Barbell Bench Press"",""reps"":10,""weight"":8},{""exercise"":""Barbell Bench Press"",""reps"":10,""weight"":8},{""exercise"":""Barbell Bench Press"",""reps"":10,""weight"":8},{""exercise"":""Standing Cable Flies"",""reps"":10,""weight"":6.3},{""exercise"":""Standing Cable Flies"",""reps"":10,""weight"":6.3},{""exercise"":""Standing Cable Flies"",""reps"":10,""weight"":6.3},{""exercise"":""Standing Cable Flies"",""reps"":6,""weight"":6.3},{""exercise"":""Supine Cable Flies"",""reps"":12,""weight"":3.8},{""exercise"":""Supine Cable Flies"",""reps"":10,""weight"":3.8},{""exercise"":""Supine Cable Flies"",""reps"":10,""weight"":3.8},{""exercise"":""Back Supported Dumbbell Shoulder Press"",""reps"":12,""weight"":9},{""exercise"":""Back Supported Dumbbell Shoulder Press"",""reps"":10,""weight"":9},{""exercise"":""Back Supported Dumbbell Shoulder Press"",""reps"":10,""weight"":9},{""exercise"":""Cable Tricep Pushdown With Straight Bar"",""reps"":12,""weight"":10},{""exercise"":""Cable Tricep Pushdown With Straight Bar"",""reps"":12,""weight"":11.3},{""exercise"":""Cable Tricep Pushdown With Straight Bar"",""reps"":12,""weight"":11.3},{""exercise"":""Seated Cable Tricep Extension With Curved Bar"",""reps"":10,""weight"":20},{""exercise"":""Seated Cable Tricep Extension With Curved Bar"",""reps"":12,""weight"":27.5},{""exercise"":""Seated Cable Tricep Extension With Curved Bar"",""reps"":12,""weight"":27.5},{""exercise"":""Dumbbell Floor Press"",""reps"":10,""weight"":7},{""exercise"":""Dumbbell Floor Press"",""reps"":12,""weight"":7},{""exercise"":""Dumbbell Floor Press"",""reps"":12,""weight"":7}]}"
"2023-06-28 07:57:00",walk,"Morning Walk",1255,81,1.277,111,,,strava,9348863369,"{""elapsed_time"":1318,""total_elevation_gain"":27.9,""elev_high"":118.8,""elev_low"":93.9,""average_speed"":1.017,""max_speed"":2.242,""polyline"":""mjjxH|~PGP?XJ\\RVAJMVCBAFBDAr@Wr@EBOMDHa@e@_@[CGMGIMC@CIBk@CE?EB]FSFCHQ@a@CSH[?ICGKL@DLLNKA[LWLg@RQJg@^{@@KEBKYGCK?GCQBKKOAGUIFEOYIGGAGGAGHCTE?Qb@MHM\\?NI\\Cf@IBILGDEPe@~@E@@JCHC@Q^?CC?CD@?EVKRG@M\\KJ?DKRAFED?JE?]V?H[TAHOLYb@KBJPDRLTFFAFB?JFFRR\\\\\\FCL@BBFED@DPANRF?BJNBPF?BHRCRIN[Z[JQ?AA?@c@B?DYJUDEDMHIJUHINUBIFk@D?DO?BBC@BBECFRVFDBGBB@A@DTNT^HBDENo@L[@MJ]CG@WIUEUEEESDKJI?AB?AA""}"
"2023-06-29 09:06:41",walk,"Morning Walk",1084,83,1.307,109,,,strava,9355283580,"{""elapsed_time"":1349,""total_elevation_gain"":27.2,""elev_high"":120.1,""elev_low"":94,""average_speed"":1.206,""max_speed"":2.387,""polyline"":""kjjxHt~P?hAFRNF@JOd@AH@B?C@BG\\AVEDQf@EFSYMKKSGAKGGIC?IKSO@k@CWCCBICCBMNIBEFAAa@@EFIC]HOGD`@cAVa@Tw@Vk@C@DWKSEAPL?FDDE@IWIIGAAES?CB?GC@CGECIB@Dg@o@KEKMGLSHEN?Fc@j@E@ERK~@_@v@GJC?ERGBQf@?AOPCJKNELAXKLALE?GRG?CPMPCRADG@?HO@EBGV?SAAUXEBCC[h@CNA?KT@RLb@DDBH?CBB@FD?HL?FJPEBBBBCJNHB@HF@BHFBDCPBFCBPA?ABFEAFFJNLBNFF?BD?FNP@@BBCFBFKD?AATg@F@DEFA@IBBFM?BBQ?QAIB[@C@@DKBKAEHM?EHABEB?@BDGL]FE?GFKF_@A_@DOB?TRJD@DHJHBf@l@FALSDWJUF]LUEEC]@EIYKOGS?KFKFEDA""}"
"2023-06-29 18:34:01",workout,"Evening Tennis",107,,0.477,145,,,strava,9358931449,"{""elapsed_time"":6769,""total_elevation_gain"":3,""elev_high"":63.5,""elev_low"":60.5,""average_speed"":4.46,""max_speed"":4.982}"
"2023-06-30 10:19:49",walk,"Lunch Walk",948,78,1.23,115,,,strava,9361508726,"{""elapsed_time"":1019,""total_elevation_gain"":27.7,""elev_high"":119.2,""elev_low"":93.9,""average_speed"":1.297,""max_speed"":2.375,""polyline"":""ajjxHhbQ?JGV?j@BHKNI^IPQMBBBCEI_@_@]QMMEIA?KY?mAL[HCCO@QDGASBEB]BEANNURo@Xm@\\cAJKBBEOBMIGAGCC_@IQ@GGCBEE?KK@CKCEEACEGEQCGEIRGFCAEBYp@OLCHB\\EVMj@ILSL[j@GXKJGNED[t@IDE?GPANORALGNA@CLu@d@KLSf@EBMX@VHPDBDEBBFd@LDFHBJFDJZPDJFZGHHLh@H?FZJJ?DF@@BJIJ?R[A@?CDOVMBGFCBG@OC[H[JOJ]RMBIJK@GBAFIB?F]?MDQ?K@KBALDFTBA?Db@XNXJHBJHD@ELu@FMB[Rs@B@?BCAa@}@C]BIFE?G@@@G@@AC@AAA@J@AGAACDOC@BAG?""}"
"2023-06-30 11:54:03",workout,"Lunch Workout",2931,,0,141,,,strava,9362120377,"{""elapsed_time"":2931,""total_elevation_gain"":0,""average_speed"":0,""max_speed"":0}"
"2023-07-01 09:21:27",workout,"Morning Squash",3858,,0,152,,,strava,9367051077,"{""elapsed_time"":3858,""total_elevation_gain"":0,""average_speed"":0,""max_speed"":0}"
"2023-07-01 13:56:41",workout,"Afternoon Tennis",2,,0,,,,strava,9368317124,"{""elapsed_time"":2,""total_elevation_gain"":0,""elev_high"":62.7,""elev_low"":62.3,""average_speed"":0,""max_speed"":0}"
"2023-07-01 16:33:15",workout,"Afternoon Tennis",37,,0.083,130,,,strava,9369394461,"{""elapsed_time"":137,""total_elevation_gain"":0,""elev_high"":63.5,""elev_low"":62.9,""average_speed"":2.247,""max_speed"":4.86}"
"2023-07-02 09:20:45",walk,"Morning Walk",2086,151,2.376,93,,,strava,9373085880,"{""elapsed_time"":2177,""total_elevation_gain"":23.3,""elev_high"":91.9,""elev_low"":75.1,""average_speed"":1.139,""max_speed"":2.888,""polyline"":""_doxHdoNB@?GC_@B_@AS?FDWF?A@Kc@G?MKSgAPoC\\aD@q@EWOi@_@cAOu@KRIl@DKLeACEE]Bc@CUI]WOKM?@MIUIABAEQCOKSYIOAOS[IUEEQ@MGKk@I{F?g@DUCOBOAYNMFMLGJKLERBXb@j@b@ZDd@GLB\\IFCDKRw@?WDM@SCQ?m@CSAc@E[@w@OaA]{AIWI_@GOUOS[a@kB[kBWmAIMMGOBKHKb@@VLj@Dl@Lf@CRBFAHADYPIAKFK?a@HQJ{@VGFG?YLSDU@UCq@?E@MRh@`BXp@J\\Zh@Tj@HFVt@DA@PJL?n@JdAAFHz@CHFNFn@EHGzABb@?XAJ@TAHEHFJ@T?\\BFEh@Dj@El@DNEtA@h@APBl@A\\BNATH^?JN`@HZL~@@CJ^JPBJ`@~@Fb@Nd@R^BJHNPj@DDNZ?FJNBNXf@LNB?RTBLNN@H?ALRHRTXLZZ^HD""}"
"2023-07-06 09:13:25",walk,"Morning Walk",894,75,1.183,,,,strava,9398102516,"{""elapsed_time"":1502,""total_elevation_gain"":27.1,""elev_high"":118.7,""elev_low"":93.9,""average_speed"":1.323,""max_speed"":2.66,""polyline"":""}ijxHxcQITA^KNK^GDOMWe@ICKKE?EEOGACB?@EOAGU?g@HUAIDMFEPq@Cc@BM?DAAB?C?BLC?DCCGNKBGJe@BERk@@KABCI?@@C?HACBF@GGEFCE?D@GAF?GAFDKEMAUJG?QFKKK?CCO@QECBOCMBACC@SEENGDGLCPEBACQn@W`@Qh@MJENMHGPE@EFE@Qd@?JCFC?QNC@ADI@KNG?EBGPOR?BQZCH?N@LLPHBFABHB??HBAB@AVCG@FD?L`@FA?BAAB@FJ@FHFA@N?F@BCN@HFDJFBFJBLE??BB?DVPB?@EDFCB@FABB?CFCFLHM@IAGBEPSD?HE?I@@@CC?HI?c@DYRc@@OHGD?@E?DBABQPU?IJIJC@CCK@YAIHMDCB@?E@LBAJRBCb@\\D@^f@F?@CFSB]B?AGFMPu@Oq@O[?[HO""}"
"2023-07-06 18:48:02",workout,"Evening Squash",2841,,0,167,,,strava,9401656832,"{""elapsed_time"":2841,""total_elevation_gain"":0,""average_speed"":0,""max_speed"":0}"
"2023-07-07 08:14:09",walk,"Morning Walk",785,47,0.744,101,,,strava,9404286159,"{""elapsed_time"":2392,""total_elevation_gain"":7.6,""elev_high"":147.1,""elev_low"":138.5,""average_speed"":0.948,""max_speed"":2.044,""polyline"":""arjxH`_JIXIHCHMFSTAC?BCDBDAK@HEO?DGEOD?BC?SFKAU_A[aBQe@?OCWIGOCS[AUCGWuAM}@EMEa@EsAN]RUDGDAFLLh@Tb@FPj@bAFN@EABDLNVFTFH@?Rf@JN@FLTVn@NRb@DJBBPNNH@FTFB?EADCA?CDB?E@DCD@@AE?@?AHGA@?CCJVZ][A@@E@D@KFTCD?DCBD@?CLACK@IGFAHDLGCGBMf@MHWj@ARIAAABEE?@CAAD@AG@N?ABD""}"
"2023-07-07 10:56:09",workout,"Lunch Tennis",23,,0.071,145,,,strava,9404945699,"{""elapsed_time"":1525,""total_elevation_gain"":0,""elev_high"":61.4,""elev_low"":61.4,""average_speed"":3.091,""max_speed"":0.339}"
"2023-07-07 14:36:07",workout,"Afternoon Workout",2855,,0,128,,,strava,9406233146,"{""elapsed_time"":2855,""total_elevation_gain"":0,""average_speed"":0,""max_speed"":0}"
"2023-07-07 17:03:26",workout,"Evening Tennis",1,,0.002,,,,strava,9406781469,"{""elapsed_time"":1,""total_elevation_gain"":0,""elev_high"":62.4,""elev_low"":62.3,""average_speed"":1.977,""max_speed"":1.977}"
"2023-07-09 06:33:19",walk,"Morning Walk",2790,210,3.307,,,,strava,9416013496,"{""elapsed_time"":3245,""total_elevation_gain"":76.6,""elev_high"":119.4,""elev_low"":59.8,""average_speed"":1.185,""max_speed"":3.08,""polyline"":""cjjxHr`QIA@RPb@?FEHGB?FGF@^CVGN?HCAI`@GCCKC@IKGUOCIGAEGASQKEESEJGBAGC@ACIHE?IHGOK?EEB@AESOED?CG@IJCH?EE?CHIKEA?EUDEBGRIDAJCBAAADMBEFCA_@X?DGDALMPKA[XG?CIKBIEI@ECC@ECQLEAACC?OFKT@FOj@ALGJ?HIN?RGNALEH@^CNAGIASa@C@IMIA[DIAGFS@ABIIOCCCG?CAK?ACC?EKKOAKGCYs@CA@GCKIKGEIY?GIGCSQKIDIPEBOV@DAB_@f@MTEDELYXAJIDOXCBECIFG?KEBAKCAEG?GEC@KMK?SOCBCIUAOMG?KGG@KMYMC@KMa@ICIIEAGKACECAAIELMHQGI?GY?BC?e@b@GBEHGAQ`@EBMGAB[\\?DCBALOCOFORCAGBWXEPMH@?Q^[RICKDGHACURENSNMBCDIBMIILAMIJAHM@CFGEEBCJMLGDCE_@XEPCDc@@Gd@QTQBOJ@PM?EHG@IFABC@KHC?OII?HBDC?B@GN@HCDI@@L?PMFMF@BGJ?FERUF@NWJG@IDKDFJY^OB@HGHBDG@IHE?ELGHADIAKFEHBN?FC@EB@@EB@FGLCBMDGLAHKD@J[HGB?NENQBI@BB@FCB@BCJ?DID?JGBOCECBACJUAAJKBHDABE?KBEH?HK@OOWE?@@A@?EBHKDCGC@BAGBHYPZOYHRKO?E@B?ACHNJADPCXD?BHFDALDHEJADUFIDUHCHODA?CBJJBZPF@FHTL@DFCJF?@^RBDTJPNVFHLHFLBNBJHF?LFN@DFN?LJA@HBLMBKAOFGBFJMD?La@HM?ABMF@DCFUB?FIB?BEB?FWR[FEFDCI?BCB@B@CBHH@NV?FPT@DCBFHBFH@JMFVDLFF?NDLLPPHBHJBLALE?BHAJHLMDBFENBD?BBL?FHD@NXFBDHJQAUB]BC?E@A@KHM@KDE?YJSAKDCDIDABa@@?@EF@BCDHF?@GAENIHDFARFNEPQJ?NIL[LKHMHBXIF@HS?KFGBKLAZNNGBC@G@A?@BEB@BID?B@?BCJFLRDJHFG@BPEFFHKNDECF@AEFJACJJPH@BFB^l@L@L[DUJS@?@WNe@Ie@O_@IKAI@KLU?CBF?C""}"
"2023-07-10 06:13:02",workout,"Morning Workout",4175,,0,171,,,strava,9422623768,"{""elapsed_time"":4175,""total_elevation_gain"":0,""average_speed"":0,""max_speed"":0}"
"2023-07-11 07:55:17",walk,"Morning Walk",2073,161,2.531,,,,strava,9429106191,"{""elapsed_time"":2420,""total_elevation_gain"":7.7,""elev_high"":160.1,""elev_low"":154.8,""average_speed"":1.221,""max_speed"":6.272,""polyline"":""krhxH`fN_@XSDg@d@OBICABDBBU?@B?AB@KAHB?CCEPKFALKNeAx@EHMJKq@ASGUMSGSGo@IQG_@IQCS?F@?CWMYUWOGK?QNG?E[@KEk@M]KECIJMA@@E?DDAFG^S?MABACAKDM@A?BEC@GBHAUAF?ECB?ACBBI?DBGCF?EBBCD@??A?DCA?D@ICI@DC?@BCB@CDD?JG_@CBCLC?F@UCAJP]D??FBQCL@BAAIDCHNEFFBCEF@E@?AE?HACETDBBRA@GCGLC?GF?FK@EDCJDT@@@ADH@IAH@CCDACB@CB@ABFJHNpAy@z@CDIBEVD^BB?DA@DJ?HNfA@AAADLVrBJ^@VMd@ONABGHWPMN?G?D_@XQ?[LEHCJCx@Lf@D^Rn@DBRfA?t@DFBA@BBNFJLEF?PMFADSDC?Gh@eAf@{@Js@L]AGJIH[V]Vq@ROHMFUa@iBOWMiABi@Cs@Ss@AWB??AQYGg@O_@IKKGUCOHORIDIL[^ACCBKR?\\FPBf@DA?NFj@TbAD\\@ZJn@?VCNGLY\\CAE@AFG@KLSNG@GJYBGDMBGHCLBfALr@J\\FFFT@NP|@?^@LFFBLJJLCHIH?LKDSBA|@mBJIFO@H?QBWZcAJMJWBA^y@X_@HW?MSk@?SMc@TODG?GIK@KNGV[ZSLOTOHM^UZ]@IB?GNRWJA\\Ub@H@AE?B?CKBGE?AHBBE??A?FC@@E@@C?BAA?""}"
"2023-07-11 17:53:05",workout,"Evening Workout",4146,,0,167,,,strava,9432750121,"{""elapsed_time"":4146,""total_elevation_gain"":0,""average_speed"":0,""max_speed"":0}"
"2023-07-12 09:03:19",walk,"Morning Walk",1201,82,1.287,100,,,strava,9435921444,"{""elapsed_time"":1587,""total_elevation_gain"":28.2,""elev_high"":120,""elev_low"":94,""average_speed"":1.072,""max_speed"":2.099,""polyline"":""ikjxHx_Qr@lAAHGT?REf@Sd@?LGLKGOOEKQUEIMGAEI@CKA@OO?WCGFYACKADYL[?QDOAGBc@DKCCH@A@@??CBJ?CC?GGJUL_@LMNWFQ?MBBACA@?A@BEJBEC@@CBAC?E@INFMLAHIHU@K@@FCBKHI@WEWIQK@ABKCCCGCC@?CE?C@CI?OQJCAFEGA?ACBAO@@CAI??CC?CGUFAFIEK?IN_@\\Wd@@LG\\?FGN?TC?ADATGHAAAECBAEE@?JEJ@DQX?BI^ADIBGN@HCFGHE?GTON?DGB@FML@BG?AZCDC@CF?FEBAFOHGLI@EHO@IFCL?HE?QLCHEBERJh@FJD?FD?@PB@ADBA@FJITB?DF?DBFJH?PF?LJDC?D?E?@@APD?@BA@BE@BBACF@DNABDDEBPFBDABB?TVB?PJBCB?LFAAHA@E?@DCCBBMDD@WAEDGCABGFCAAD?@CACHAAC?@@GD?BC?SBKCA@YBGFGAODS?BTM@DBAAEHKBK@BAGDGB?FK?EHGCSBE?QDKFCBBAABAEEDB@CAADHD?DALFDD@DFBDF@CB@DLPR@HDFDAL[BM?CB?Hi@Lc@BAC[MW@CIGIUCO@C""}"
"2023-07-14 08:23:10",walk,"Morning Walk",1147,81,1.272,103,,,strava,9448257140,"{""elapsed_time"":1171,""total_elevation_gain"":28.3,""elev_high"":118.9,""elev_low"":93.9,""average_speed"":1.109,""max_speed"":2.343,""polyline"":""_kjxH|~PVHCAADEPAPHNNLFRMb@MDBbAGJGXKNIGKQGEQUGCGGEASKAEIEGG@eAAKH_@DKB?DM@WAGFi@HKDOLOH]DI@D@@@AJUVw@BA@GJSBG?WGO@AACC@GOGAKGEBG@CC?BIIO?I@?KE@?EGGUS@??ACACFCGGCCDULENCBMXKDKPEHEx@IP?DKVUVENOVERY\\CL?AEBIRIBAJ[d@?DGDD?M^GH?VGNEFK@ELIBEH?IG?ANGPYVCJGJCH@b@RN?ZH@BB@HBD@HFL^LCDH@FDH?BDJGJHHL?JDFLB@BCH@NRND@JGNAIHX]@??CDEB?FOB@FCFK@GFG@ECCBOCKFc@HIL[VWLWFE@GDALgAHA@FPFDHNHXXT`@B?FCN_@BUDGD]Pe@Iq@CIEE?EIWFOFCAG""}"
"2023-07-14 11:36:07",workout,"Lunch Workout",6717,,0,168,,,strava,9449631285,"{""elapsed_time"":6717,""total_elevation_gain"":0,""average_speed"":0,""max_speed"":0}"
"2023-07-14 15:42:32",workout,"Afternoon Workout",2950,,0,152,,,strava,9450605425,"{""elapsed_time"":2950,""total_elevation_gain"":0,""average_speed"":0,""max_speed"":0}"
"2023-07-15 15:09:48",workout,"Afternoon Workout",4801,,0,151,,,strava,9456871828,"{""elapsed_time"":4801,""total_elevation_gain"":0,""average_speed"":0,""max_speed"":0}"
"2023-07-15 16:35:28",workout,"Afternoon Workout",1335,,0,150,,,strava,9457038058,"{""elapsed_time"":1335,""total_elevation_gain"":0,""average_speed"":0,""max_speed"":0}"
"2023-07-16 08:07:56",workout,"Morning Workout",6584,,0,135,,,strava,9460642020,"{""elapsed_time"":6584,""total_elevation_gain"":0,""average_speed"":0,""max_speed"":0}"
"2023-07-16 11:05:27",workout,"Lunch Workout",7776,,0,146,,,strava,9462031211,"{""elapsed_time"":7776,""total_elevation_gain"":0,""average_speed"":0,""max_speed"":0}"
"2023-07-17 05:06:37",workout,"Morning Workout",3177,,0,120,,,strava,9465993587,"{""elapsed_time"":3177,""total_elevation_gain"":0,""average_speed"":0,""max_speed"":0}"
"2023-07-17 07:53:10",walk,"Morning Walk",1047,78,1.235,,,,strava,9466462690,"{""elapsed_time"":1113,""total_elevation_gain"":28.3,""elev_high"":119,""elev_low"":93.9,""average_speed"":1.179,""max_speed"":2.288,""polyline"":""}jjxHdeQTVGIM\\INC?Q[QQAE_@OEGKI@@@BCEI@?CEA?Q@C?KCWAUD[JQ?KH_@Fw@@BAABEAV?A@B?CD?AEPKNm@HOBAF]DETgA@CHA?GBEDFEG@ECKKQMG@BC@EIMCI@OMEBEE?IC@EJCACSKGOEGOMTIC_@p@QPEHC\\Cp@QPMTEB_@r@Qh@W\\IPE?Qb@GHCRE@OZERKTc@^MFEAKNKXMTGV?LR`@PHDJFBDVR^HFF?LJ@ADBPBHCJh@D??BLHJ^H?BBRADIRSFM@??ADEF?JQDS?UD]NUBMDADQJIHADQDEHCDQ@YBE@UFQJGBJDFXTp@t@F@@Cr@eC?GADG]MUIKCK@WHIFU""}"
"2023-07-18 08:02:49",walk,"Morning Walk",2108,154,2.429,,,,strava,9472915203,"{""elapsed_time"":2510,""total_elevation_gain"":8.7,""elev_high"":161.8,""elev_low"":153.3,""average_speed"":1.152,""max_speed"":3.697,""polyline"":""{shxHfgNI]XJBACEADIDGHOFORc@T?BE@m@l@YRUXGBUcBEAIOIk@IUE[Me@AOOc@Y_@SEI@MO?MMOCa@SYG?AOK@EDCCEBACIJULEJEAKFA?MFOBBKCJAC?FEM?OECADCGADCC@A?HBMAHAA@?@D?C@HAA?BAKC?@@AE?@BD?IFNDTBFB?VINMAEJ@HGd@ORO@LJN@J@DE?BGABBALn@Hn@UT_@ZAFSLCDA\\Jf@AHFR@TFJJnADH?JHN@RJn@@RC?CTGJML?AMP[VUTIBABKBA?a@PG\\?\\CLHn@FTBXLRXrA@LCXPj@JHDAHBFAD@NQJS@KV_@FQP[@?LY?EDEJOPgA^u@@?FS\\k@BK`@a@Ba@CUMi@Ma@EGMg@Iw@Dc@Ao@YaBOo@Sk@UUKCMBy@|@ON?BSPEL@^JZBZDD@VHb@Df@XvACHFL@VM^c@b@WRGH[RWDULEDAPCf@@VBFD`@Rr@DFHj@BJB?F`@CVDXDBFRHBV?NMt@}ADE`@s@H[Hk@HUHKDOHKZs@DC@ILKFQLCDIB]?MMo@Oa@AKBC@F@EB?Hs@b@i@`@_@VSFIHA\\Wn@k@RKRSFABDNHLLL?G@A@GF@?A?DAE@""}"
"2023-07-19 19:07:16",workout,"Evening Workout",4152,,0,163,,,strava,9483718057,"{""elapsed_time"":4152,""total_elevation_gain"":0,""average_speed"":0,""max_speed"":0}"
"2023-07-20 09:44:09",walk,"Morning Walk",1060,73,1.154,102,,,strava,9486439445,"{""elapsed_time"":1221,""total_elevation_gain"":27.5,""elev_high"":118.9,""elev_low"":94,""average_speed"":1.088,""max_speed"":2.163,""polyline"":""qkjxHbfQQWBXY]e@WAIKICK@IAa@@[@KLGQTAGJK@MHCBOAi@EAJg@d@_AXe@@GAAJYBDDM?OFOHEBQCOEACIICMIADME@B@AE?ECA@AEM@ECGOIBIUC@BC?BC?KG?@AIC?QNM@]n@MJKPCHFl@AZIFIT_@^Sh@EFCHEDE@I`@KDAHEDGRGFKVKFKNQl@I@CFG@MPE@KABJC?ITAACLGBS\\GR?PFPDDFCFVD@@JNZDBNXLHD@DFFABBBCB@FCBTF@HF@FFB@DF@?FHRHH@A@FH?DGH?BGHAJYJA@KA@HALUA??CFG?GASBMCC`@_APKFQBDHKLc@?OFICEHc@F?JTD?LN^TZd@F?Pc@ReAHSCQ]_A?YDG""}"
"2023-07-21 05:45:57",workout,"Morning Workout",2808,,0,140,,,strava,9491974889,"{""elapsed_time"":2808,""total_elevation_gain"":0,""elev_high"":0,""elev_low"":0,""average_speed"":0,""max_speed"":0}"
"2023-07-21 09:03:31",workout,"Morning Squash",6300,,0,158,,,strava,9492948310,"{""elapsed_time"":6300,""total_elevation_gain"":0,""elev_high"":0,""elev_low"":0,""average_speed"":0,""max_speed"":0}"
"2023-07-21 14:33:40",workout,"Afternoon Workout",3480,,0,133,,,strava,9494486343,"{""elapsed_time"":3480,""total_elevation_gain"":0,""elev_high"":0,""elev_low"":0,""average_speed"":0,""max_speed"":0}"
"2023-07-23 12:58:25",workout,"Afternoon Squash",8404,,0,151,,,strava,9507116304,"{""elapsed_time"":8404,""total_elevation_gain"":0,""elev_high"":0,""elev_low"":0,""average_speed"":0,""max_speed"":0}"
"2023-07-23 19:30:48",walk,"Evening Walk",1240,80,1.262,99,,,strava,9508769373,"{""elapsed_time"":1346,""total_elevation_gain"":27.5,""elev_high"":119.3,""elev_low"":94,""average_speed"":1.018,""max_speed"":2.268,""polyline"":""ijjxHx~PEFEh@FZFF?J@?@HD@?BM^@CEh@@PI^GJ?HEFKGCMECKOEAKG@AI@CEIA?@GGMEBAACEACE@AA@BAECCMCABE?MBBCQAFBYCW@INO@IBB@GBy@?EB@DKCQCFAEB?@EJQF?DM@A@KJS@@BIHO@@DK@SNa@NY?IB?BMGa@E??@SQ@BC@CKGE[EGHSEAC@??@MKMGCIABDC?IIC?EE?BAML?D?AI@ERW^AHAAMFI^?NIr@EDENE?CHC?ADEBGRE@CJ?HCB@FEBAJC?EHI@MFI\\A^IBALACA@CHKD@ZGF?BEGKN?FC?@NE@?HGBGJBJAACDKB@CFHEEAFACM?CGIBGCORAHIHIXS\\AXFVBDABHFDJACABLH@DJLLVLHFXLHDGJLNCFBBNB??NJBBFAA?DLDHV\\@LKDBACD?CKF@FS@B?GJAPUAED??BFUBy@HE@O@C@@BMJIB@LGAMDEPG?YHIFk@FOC?@EB@BA?BDBAAJBZ^JBRXBJB?FFHEJWDCAK@M@@@AAIBOFULY?BEi@]u@BUFCBK?@""}"
"2023-07-24 05:19:51",workout,"Morning Workout",2574,,0,160,,,strava,9510238023,"{""elapsed_time"":2574,""total_elevation_gain"":0,""elev_high"":0,""elev_low"":0,""average_speed"":0,""max_speed"":0}"
"2023-07-24 07:52:35",walk,"Morning Walk",1027,81,1.276,103,,,strava,9510658836,"{""elapsed_time"":1194,""total_elevation_gain"":27.1,""elev_high"":119.5,""elev_low"":94,""average_speed"":1.243,""max_speed"":2.163,""polyline"":""ijjxHh_QC@EFATRf@BB@EFNOf@ALBDMn@GJI`@GDOWC?S[GC]UGIBFOOCMBUCU?SBO@@@GF?@MFI?G@?AM@KASDY@E?F?EJAP_@H_@?ADEDSP]FY@OJIFSDOAMGYQBIEEGCBMEW?@?AIE@ACG@ESIIE@OI?@EEI@EDMDCNm@`A@TCXCF?RIHIDCPUb@?LQPAFEF@@GHAJIFO`@SRUf@G@?JGFAHEBKd@E@CDE?IHEA@?CB?ACBK@GBCJE@CFC?ELU\\IVAT@NFF@DNNBFJHLT@HAF@BRLHJF?FDJBNEJFADHLDJJJFL?FBFA?LL@BRIJADKHE@CD?JGBOHGDMBAFBBC?c@GED_@JQPa@JEDQFEDIA?PSFa@AABYDIFABHVRRNPF^f@FCDYLc@BWHSDEBMC[IWWc@AG?CRU@G@FBE""}"
"2023-07-25 08:28:08",walk,"Morning Walk",1099,75,1.184,93,,,strava,9516884866,"{""elapsed_time"":1144,""total_elevation_gain"":26.6,""elev_high"":119,""elev_low"":94,""average_speed"":1.077,""max_speed"":2.204,""polyline"":""wjjxHb`QHLFRPV?DEREAERABBAC`AIJMb@KHMQMKGMKMIGGASW?BKCGM@[Ec@@OJUJAJICOBMAEBO?YDQBGRQJY@]JUNSPk@ES@@YWSGC@O]MKKA[R[XI@QTIP]f@CRI@QVBCMZQ\\K\\_@j@@JKJGPMHC?MTGXKPANYLOZQFYj@MJGT?VJNHFA@HXF?HHBPPTFL@A?BDHDADHJCBBLGAHFCHJ?D@?A??DDD?DRPNXDDT?FKNEBOBFR[DCBG?EHOCABGCA?CBc@BCBMJMBWFIHE@@@GDC?CJCDIB@LQJg@?_@H?D@?CABBHJBXRHF@?`@n@@@JGJc@?ODGHE?YDGHa@BBBKOMCOMOMUAMN[""}"
"2023-07-26 08:19:50",walk,"Morning Walk",1227,87,1.374,105,,,strava,9523521634,"{""elapsed_time"":1397,""total_elevation_gain"":28.1,""elev_high"":119,""elev_low"":94,""average_speed"":1.12,""max_speed"":2.356,""polyline"":""wjjxHr_Q?VFNZb@BHGREBGXADBECV@HALKLCRITEDKMHDc@_@EKMMGCE?UU?C?@E?GGGwABKHOJKAQDY?MHe@?@B?@E@TBCAERQ?YH[Tk@LM?KHM@GACEFRO@GBIC@?AEBAA@BD@HO?OKIGM?DDHDZGNABCAAJDIA@B@BGDW?M@@ABQYUKO?YGAKCAEDCAISKCMKGAENUBq@jA?LEJ@LCH@VCDEFCLUTGRMLIXC@CRST@DC?EFCNEBERGDQVALGBIVIHQb@QL?DGDEDK?QFGLEPMPK^?N?@@AHVHFJVRPBHR\\@FPJ^B@CF?L\\ABDNRJBNPLN?NEJIDKCMFEB?TWHQAe@BMR_@FSLQ@Ef@m@VsAHDB?H^h@b@RZFDBCFSJOFWBYTi@CBOs@Ue@BSJSDB?C""}"
"2023-07-26 18:00:10",workout,"Evening Workout",3654,,0,141,,,strava,9527176224,"{""elapsed_time"":3654,""total_elevation_gain"":0,""elev_high"":0,""elev_low"":0,""average_speed"":0,""max_speed"":0}"
"2023-07-27 09:06:28",walk,"Morning Walk",2181,163,2.57,98,,,strava,9530063299,"{""elapsed_time"":2277,""total_elevation_gain"":5.5,""elev_high"":169.2,""elev_low"":166,""average_speed"":1.178,""max_speed"":2.212,""polyline"":""g_cxHrnRy@MIBD@IAIBGF@IQXIFEC?@CGA@SIOAQDOXEZ?N@FALUdA[~@o@~@s@p@KDa@H[BIDAAUD_@@MBU?YEUM?ASG]WEIOOg@qAYuAE_@a@iBKo@Kc@Oa@COMW[mAQYESCBKc@Qe@Ie@Ka@EKe@kB?KKUI_@CCIi@Oe@Ow@Wq@Ie@Qe@k@{BWi@s@{@_AwAKIKUKKEOEA]o@GCAOGISq@AICCIa@Ga@?GEQIiAAo@JiBFPIfA?j@JvARpAr@nBJNVh@PZ`@d@LRpAdBHDD?H\\HJ@JT|@B@XnA\\dA^vAD^`@vABRFNHd@f@pBv@~Bl@zA@J?@BHDXPf@\\tBLb@LfAb@~AN\\HLLHBHTPZPZJXBn@CVE`@CVEB?p@_@DFJMJCd@o@@IHIJWLMPq@ZwBFMPAPDZAPIJMHAH?z@Xf@XRR""}"
"2023-07-28 05:58:05",workout,"Morning Workout",2930,,0,136,,,strava,9535472443,"{""elapsed_time"":2930,""total_elevation_gain"":0,""elev_high"":0,""elev_low"":0,""average_speed"":0,""max_speed"":0}"
"2023-07-28 09:12:08",workout,"Morning Squash",5318,,0,156,,,strava,9536332270,"{""elapsed_time"":5318,""total_elevation_gain"":0,""elev_high"":0,""elev_low"":0,""average_speed"":0,""max_speed"":0}"
"2023-07-28 11:38:51",workout,"Lunch Workout",12581,,0,124,,,strava,9537826668,"{""elapsed_time"":12581,""total_elevation_gain"":0,""elev_high"":0,""elev_low"":0,""average_speed"":0,""max_speed"":0}"
"2023-07-29 09:07:02",workout,"Morning Squash",4789,,0,149,,,strava,9542235481,"{""elapsed_time"":4789,""total_elevation_gain"":0,""elev_high"":0,""elev_low"":0,""average_speed"":0,""max_speed"":0}"
"2023-07-29 12:49:53",workout,"Afternoon Workout",4121,,0,141,,,strava,9543578063,"{""elapsed_time"":4121,""total_elevation_gain"":0,""elev_high"":0,""elev_low"":0,""average_speed"":0,""max_speed"":0}"
"2023-07-29 15:22:22",workout,"Afternoon Workout",3864,,0,144,,,strava,9544609565,"{""elapsed_time"":3864,""total_elevation_gain"":0,""elev_high"":0,""elev_low"":0,""average_speed"":0,""max_speed"":0}"
"2023-07-29 16:33:21",workout,"Afternoon Workout",7028,,0,144,,,strava,9545299129,"{""elapsed_time"":7028,""total_elevation_gain"":0,""elev_high"":0,""elev_low"":0,""average_speed"":0,""max_speed"":0}"
"2023-07-31 05:07:46",workout,"Morning Workout",3801,,0,124,,,strava,9561037220,"{""elapsed_time"":3801,""total_elevation_gain"":0,""elev_high"":0,""elev_low"":0,""average_speed"":0,""max_speed"":0}"
"2023-08-01 09:50:06",walk,"Morning Walk",2215,128,2.014,84,,,strava,9561037394,"{""elapsed_time"":2739,""total_elevation_gain"":20.8,""elev_high"":91.7,""elev_low"":75.4,""average_speed"":0.909,""max_speed"":3.255,""polyline"":""{doxHzeNDy@@@AU@B@_@VgBA@DsAKi@a@iAQ{@MaA?u@EO?FAKg@YKMIEEBCAKIC?CGECIBAGA?ISGEKSC??K_@s@EEEBIEA??DK]ASBAI_@A[AGCm@DMGo@CiB@m@DOEWA@FMHk@Ni@D_@BkA@EEIFSAEBa@G}ABq@CSGMIe@Uy@AI@AIMLAJBBDJG@D?Kf@_B?KUaA@AMk@`@WF?FJb@v@VtAEI?HRl@GWOQLp@?@?CDNBCABDR@j@LF@XHT@RF^Af@Bf@?z@E\\GNKn@CFECAPENB@IXEf@CNEBAh@Bf@CBECIQWUA@OUEAEGIBEA?BSPABB@GAWj@GHCN@AF?A@BCCFILMAu@VAT@FEd@BhBAjC@t@C\\@jACfBBZ@~APj@b@lBVr@Rt@Tb@T`AHJJ^HN@HTf@Rn@@A@DB@DRb@z@FTT\\?LD@?BTZVJLLDJh@f@""}"
"2023-08-01 17:06:27",workout,"Evening Workout",3320,,0,146,,,strava,9563867628,"{""elapsed_time"":3320,""total_elevation_gain"":0,""elev_high"":0,""elev_low"":0,""average_speed"":0,""max_speed"":0}"
"2023-08-02 08:12:06",walk,"Morning Walk",1084,82,1.285,101,,,strava,9567225572,"{""elapsed_time"":1252,""total_elevation_gain"":27.5,""elev_high"":119,""elev_low"":94,""average_speed"":1.186,""max_speed"":2.746,""polyline"":""}ijxHj_QSNCD@JPZDD@ALN?FQ^ALK@?t@MXCTIHCAIUKMAEIAOWIAKG?EC?@BQO?GGEBg@C_@?GTSDKCSD_@@]HAHKf@aBTm@Ro@CUGKOKMEk@KMQGDGSUEIIC@CAC@ACGNIF?JGL]ZIrAKXEDm@hACh@QFEROVMB?NKLAJKHCFIHAJC??LGB?Va@RGGINAFBFE??CC?ETE?g@l@KV?NBJFFTDANFNBAFBP`@HFHTH?FJD?@A?@B?FCTHAHBLCJBFPFJ@JNABHHD@@EB@BAJ?FM?BBEH?JC@EFG@KBKBAB@?BHKDKAI?]DE?ILWBMFOFAHIHYPOFKBMEi@HSJ?BJLLZNHJH?\\b@BHB?BABe@Lu@Ng@Ee@OSIUAOBKLUFBBGAC""}"
"2023-08-03 17:34:23",workout,"Evening Workout",3892,,0,163,,,strava,9577103057,"{""elapsed_time"":3892,""total_elevation_gain"":0,""elev_high"":0,""elev_low"":0,""average_speed"":0,""max_speed"":0}"
"2023-08-03 18:46:09",workout,"Evening Squash",3928,,0,166,,,strava,9577533827,"{""elapsed_time"":3928,""total_elevation_gain"":0,""elev_high"":0,""elev_low"":0,""average_speed"":0,""max_speed"":0}"
"2023-08-04 05:40:59",workout,"Morning Workout",3186,,0,127,,,strava,9579500827,"{""elapsed_time"":3186,""total_elevation_gain"":0,""elev_high"":0,""elev_low"":0,""average_speed"":0,""max_speed"":0}"
"2023-08-07 06:12:25",workout,"Morning Workout",4819,,0,126,,,strava,9598048820,"{""elapsed_time"":4819,""total_elevation_gain"":0,""elev_high"":0,""elev_low"":0,""average_speed"":0,""max_speed"":0}"
"2023-08-07 08:52:59",walk,"Morning Walk",1119,82,1.291,105,,,strava,9624561198,"{""elapsed_time"":1503,""total_elevation_gain"":27.7,""elev_high"":119,""elev_low"":94,""average_speed"":1.154,""max_speed"":2.163,""polyline"":""ejjxHl~PGXGH@ZN`@NLBFSh@E~@Wp@KFEIJBGI?B_@c@]Wg@e@AODM@OEG@SCIN]HI?e@Hs@@HADA?BABDRY?YBSDEH]PM@GFGLq@LSBWIWKACCUEG@YIAIGBIMMMUOE@?HEFI?IDENGJGHG@MTGn@BTK^QTKH?AILA?CBGLG?IPIZIL?JMHE@@BEF@AENIHAHCAO^E@KTA@GXKROHCNM@IHADGDSV[v@CBBRFFBTHDBPNNFTHBPVNJ@FJA@DF@@AJBACLF?FA?FHEDHHDCHBLX@?FH?A@BPDBGD?B@BJ?MDQDCBKBA@@FMABX[?MF]AKBQBAFQB@Rg@JCBCBMHIH[?FDGAGHY?MFWF?RTh@b@^d@FABQFMDADi@JWBMASD[GCEMIKI_@@KHG@KBA""}"
"2023-08-10 09:42:44",walk,"Lunch Walk",2135,168,2.643,,,,strava,9618699938,"{""elapsed_time"":2547,""total_elevation_gain"":19.6,""elev_high"":88.6,""elev_low"":77.9,""average_speed"":1.238,""max_speed"":4.478,""polyline"":""urlxHfcZGGM]Mo@MgA?O@CIy@E{@BBNCADDEJB?E^BHCCa@GS?KDKCEAHIyADy@Fo@NSBADOCCBCA?NS`@?HA@CRAFD@HNHDPD@TGHBHCD@LCPD?FDGNCB??CBAF?B@FCJBDINCHDBEHFJ[VIDELC@CLA@CDANc@B@@CCg@D[AYL_@DC?KFECOC\\COLAHKFa@HOBA?@Fa@DMAG?@CC?CJSJi@C_@@CA??CLYAUB[Pc@@QAIHSDUAYBWJ[?e@BMG_@BSCc@K]ASKUKMC??JAUEYOYGU@II_@ESEG]yAAQDQGo@EMECAOGYCGIi@K_@C@CECBQUEBAAQSICSUUMGMEa@EKBBEOBJB?ABTQ?BDA?A?B@GEB\\]FUVWFAB@?DCV?XFZFJ?FHf@B\\AL?ZFV?NJp@DD@VL\\Jn@?JGX@HFBJX?RDPAFTf@BVDLC@BHAFDLNLBHAPb@v@ABL^ADDB@L?ZCL@CB@@RGZGH?REB@LFDEDAZCLGJBNK\\?POZARBX?AAHBBCA@BC?@@E?CJ@RCh@Of@Eb@GNKPE\\M`@CDERQ\\ATDXCX@\\EBG@KFKPYD_@TOAC@G?GFGCCDE?IL@EAAICI@GGQNIBGEEIKAGBICKFOGIFCCM@?QCGUFGAKFUBGBEFIVEBCLCBI@K`@AN@~@Cd@DFE?@B@AATDAEB?JFPAFHN@d@C@IACBMES?EF@d@DXA\\DP?HF\\BTDXDFBn@DAGHEZ?PDJANGD@CADC?DOE@CDB\\B?QLHDFG?JCDD[@JMC@SC??@GEHE?@BIAG@OANG@?PDD?KMCAFHDNACGBICDCCEFCKINHBBBA?EGDBAAE@B@@CBDCCD@GC?AB??@CCD@""}"
"2023-08-11 06:49:39",workout,"Morning Workout",2406,,0,153,,,strava,9624561092,"{""elapsed_time"":2406,""total_elevation_gain"":0,""elev_high"":0,""elev_low"":0,""average_speed"":0,""max_speed"":0}"
"2023-08-11 09:01:30",workout,"Morning Squash",5036,,0,157,,,strava,9625286544,"{""elapsed_time"":5036,""total_elevation_gain"":0,""elev_high"":0,""elev_low"":0,""average_speed"":0,""max_speed"":0}"
"2023-08-11 11:29:17",workout,"Lunch Workout",6780,,0,152,,,strava,9626295122,"{""elapsed_time"":6780,""total_elevation_gain"":0,""elev_high"":0,""elev_low"":0,""average_speed"":0,""max_speed"":0}"
"2023-08-12 09:17:34",walk,"Morning Walk",3083,228,3.583,109,,,strava,9631429625,"{""elapsed_time"":3451,""total_elevation_gain"":29.3,""elev_high"":88.6,""elev_low"":75.7,""average_speed"":1.162,""max_speed"":2.47,""polyline"":""mslxHr_Z?DC@Us@@ICK@UCMBSIu@?@CAVGL@HJDCFBFEDMCcACKAD@GEBBEE@@MCM@UCFBEAu@?@@MAWB_@@GA@AADM?EHO@WFETA\\ID?JCRCR\\B?FHDCBBNA?BJ?AIFDBGDHH@BBFELBB?DMB?BCJDP@BC?@F?FGN@JAFMDCBCDB@IH?BKPMDLDABB@CB?DQJIDKAO@?BI?{@DGACC@DKAELUB@FQCADGHGDc@HM?CHIHa@BG@OA?BB?IBAD_@E??SFQBC?GLWCEDCI_@Jk@JM@SECBo@D_@DG@c@ACDG@UDE@I?QGUBG@@EI@EGGESCi@KYKOCUOSEOGICM@GE[OWSeAIQB}@Og@AQISMe@BSGMAQBKCOKODYCB@CAGECBQEG?EC@B_@EYBC?GEEGa@?IJCAc@CIBI@@@E@M@A?YDGAMFm@@_@Hk@DkABU?e@Bc@LwA?YDMFeBJy@FoA@e@NqBLoDXgE@w@CUKYEECAM@HAJ?BAM@IBO?a@DWAK@EDE?ACB?CCCDECK@OH?AEAMFI?[Fy@ZGDWD]PY\\OHOXIFC@OREAIL?DGDILIDAEWj@SNING?ETAJFH@EAFBV?CDAB^H^@ZNr@Hl@P|@Dd@Hd@FF?RJh@XnAh@vDDLA?BNFPAHDDBHBh@CNF`@@RTt@PnAR|@@RFN?HHz@BTHPBb@FDD?@DBCHDRRJHRJ@?BDBABBBAFFHZD@DXGDFBBLFD?RHL@PJ@DHCR?@GP@HAJC@BJD?P\\CLBDCHDJ?HVj@@ZJPEL@F@C@B@ADF@TD??VHDAAFJABB@F@ADDRHR@?@BDDAb@CHF^Kl@@NAFCCADA?@PCNAAAHDZAFDJUj@BBAJCFC?CZCDB`@M^C`@GVBCA@BBK\\@LEAEPC?E^KPBJGZELIHC?AHD@?BOP@DGR?LC@BJEV@@?NDDKRA?CHE@ONC?EBEAG@GJEBAAMLG?CHMHCCA@MCG@IDWGIHMGMXIOI@@CQAACG@C?GBIACIEA?EC@ECC?EC@EAFGOE??CSCIBGAKJGACBSr@EHG?IDEf@CD?XCP@\\EDDJCj@DNBD?FHVCC@@Eb@C@CAE@C?C@C?CCIBCCG@AB@RBF@JA`@BD@LBBDVCB?JPn@A@@HBD?NDL?HDJ?CKJCHBn@BD?VCG?BE?AE@H?AICHDCCCDBA""}"
"2023-08-18 06:04:21",workout,"Morning Workout",5621,,0,121,,,strava,9670749100,"{""elapsed_time"":5621,""total_elevation_gain"":0,""elev_high"":0,""elev_low"":0,""average_speed"":0,""max_speed"":0}"
"2023-08-18 07:48:09",workout,"Morning Workout",2717,,0,140,,,strava,9670957603,"{""elapsed_time"":2717,""total_elevation_gain"":0,""elev_high"":0,""elev_low"":0,""average_speed"":0,""max_speed"":0}"
"2023-08-18 09:03:48",workout,"Morning Squash",4887,,0,153,,,strava,9671435067,"{""elapsed_time"":4887,""total_elevation_gain"":0,""elev_high"":0,""elev_low"":0,""average_speed"":0,""max_speed"":0}"
"2023-08-22 09:48:11",walk,"Lunch Walk",1098,85,1.339,,,,strava,9697135509,"{""elapsed_time"":1126,""total_elevation_gain"":28.2,""elev_high"":119.1,""elev_low"":94,""average_speed"":1.22,""max_speed"":2.524,""polyline"":""yjjxHlcQJ@@@?b@G`@I\\KLSUIAGOG?JCEB@OKCAKKBIC?DW]@@A?F@CA?BE?EGBk@GQ?O@MHWB@BIBB@CBQ@CCMJYAWBOE??BD?BDJGHU?W@CHEJOBQTe@La@CGFE@KFKAECHIHAFBBA@ACDD@A@@BKAGDE?KI[EE_@KO@KGQCMSSMKQILGC?AINGACJ@BE@KVW\\AZCBAD@JAJKd@EDYr@GJE@MLGTEBQ^SVALDHEBCC@CA?CDACA?KZEB?NI@EFCPBJMZAJQMG?CJEDG@U^@AQLGPORGh@B^NTFDFLPP`@n@HADFFBDADBRCDHBTXXDNJJHAH@HEHKHEHSJGV]BICO@YXy@d@o@JEBE?GBCDY?]JUB@DRJDj@d@DNTVBBDCFOFKB]`@wAEFGWS[IY?OHOBODC""}"
"2023-08-23 09:26:17",walk,"Morning Walk",1063,79,1.25,111,,,strava,9704061874,"{""elapsed_time"":1238,""total_elevation_gain"":27.5,""elev_high"":119.1,""elev_low"":94,""average_speed"":1.176,""max_speed"":2.434,""polyline"":""gjjxH|`QKAP\\F?DB?DGNOPCj@Ih@GJAREFC?ISKEIMC?ISC?GG?GECABGEBB?EC@@DIUC?F@ADEACEIBAc@FUGOC??KHc@@A@@DSB?JYB?E_@@GAQBGFQHIB?BO?BLERg@@BNm@Be@VMBE?KABEYOWKAYJO?KGAIGC@GKM@@??EB?CII?KK?@AMACCC@CJGFKDAFGFGXKRC?Mb@Af@BZSXIBCHGFI@CNKLGBCZE@?NEA?FC@GNCAA@@DKHAFKP?FKDIRG@ABAAELC?AIB?EHMj@EB@Va@T@FE@INC?EF?HMFMNCKIBKZCRDN?BPTDP@?BETNDJ@NBBDRPDFHJEPN@AJDFPEFLHBAFZACJD@BLPLCFDLDBC@GFBDGJACGJOAEHKP@CIFODBAEBCBiAFU@M@?BE@MHKh@]@G@D@GB@?WDM@WDAFS?JTJNPHDV^BANXBBDCNa@AIFm@BCA?HY?ID?K]Ge@OY?I""}"
"2023-08-24 08:59:48",walk,"Morning Walk",604,37,0.578,,,,strava,9710584538,"{""elapsed_time"":1323,""total_elevation_gain"":3.8,""elev_high"":118.8,""elev_low"":99.6,""average_speed"":0.957,""max_speed"":1.894,""polyline"":""yjjxHv`Q@CJZDDF?FPK^CT?IDEIF?\\EVEFQp@C@m@y@[QEIGACIADA@EOB_@C[D[DEBSBCJsA@C?@@??DC?D@LMHUCCBCAAJQCIDCLUXu@DSGCD?LS@CC?FM@KGE@BFOCIIGCFE?BB]KC@EAA@MUE?OPEGIBCCOFEJIBIHK@?@CAIHMVAAA@QVGL?HG@?NEAG@CFI@CF?PEF`GfB""}"
"2023-08-25 08:03:18",workout,"Morning Workout",3053,,0,154,,,strava,9716716378,"{""elapsed_time"":3053,""total_elevation_gain"":0,""elev_high"":0,""elev_low"":0,""average_speed"":0,""max_speed"":0}"
"2023-08-25 09:11:44",workout,"Morning Squash",3906,,0,152,,,strava,9717051688,"{""elapsed_time"":3906,""total_elevation_gain"":0,""elev_high"":0,""elev_low"":0,""average_speed"":0,""max_speed"":0}"
"2023-08-26 14:25:30",walk,"Afternoon Walk",1166,71,1.121,,,,strava,9724845530,"{""elapsed_time"":1664,""total_elevation_gain"":4.5,""elev_high"":6.4,""elev_low"":1.9,""average_speed"":0.962,""max_speed"":3.602,""polyline"":""}pkxHu`|DCEEe@GqABIAUCFEAAJAA@?CkADg@Aa@Dm@?OCA?C@@@UCKFm@?QCEG?ACE@GCI@EAIICICCGWEa@@e@IcA?i@CEEAWDSHE?KBUPK@KEA@m@BGDc@EKGMAIGI?GEE?EE?ENGHHHEBGRGL@JCFK@MFI^DNA@GJAA@IOMCFD@CFAHB@ENHR?@DD@JGTCLFBCL@FAJ@DA@CJBJLBLBDXFFPBPHT@GD@@MECBDCT@R@g@DBF?FHDBDCDF@??EA?DB?LFC?DE@OOBEAG@F@CC@?VBC?CEBELGFMfADJCTB~@Cb@CBANBn@IrB@dBDf@E\\@NABBHAn@BPAJ@j@Dl@@T?E@BADAAB@AA@D?KC@?C""}"
"2023-08-28 07:31:57",walk,"Morning Walk",1074,83,1.304,108,,,strava,9734893158,"{""elapsed_time"":1173,""total_elevation_gain"":27.3,""elev_high"":119.9,""elev_low"":94,""average_speed"":1.214,""max_speed"":2.374,""polyline"":""yjjxHx~PBRCR@FAFPTFVHLM\\?P@A@[FWK\\KJ@@DACDAj@@FMR?FGFKRBBK[QMAIKGIKG?KG]a@?CJc@GKCMBE?IDGDA@GDGHq@AQ?SHCAE?@I@BHBK@@JIJUFOAMBMN]LMLa@A@?EBAJ[@@@ABS?SIOIGGAEEG@GGKBKEI?KGEBEI@AABKKKAKMIBGBCHOFKTIDCAGFKXAJ@NEJCZGHENS\\GRC@KXCBC?KZKJ@@?DQNQ^?BKRI^ELIHEVEBKTWXGLMFEAEFCPWVSl@?JHLL\\?LFFP?BHFFBHFDHLJDDFL@DCH?Hj@B?JPHFDPA@JHTHPCLKN]D?VQJe@AS@E@YFEABH[PSFARe@FEFGJm@?SBKDGDHd@Z\\^FJJHB?L_@FIBQFQ@SNc@Gw@Uk@@IFG""}"
"2023-08-29 06:37:59",walk,"Morning Walk",1282,83,1.305,105,,,strava,9740890870,"{""elapsed_time"":1488,""total_elevation_gain"":27.3,""elev_high"":119.5,""elev_low"":94,""average_speed"":1.018,""max_speed"":2.516,""polyline"":""sjjxHp_QFj@Td@CPEDCPCr@KVG^GHC@g@k@_@WQSCB?CECBCGG@IGg@@WBODGFAFWBU@EE[BI@OJOCGAB@LADC?JIJY@OL_@T]@G?BZy@?MBBBCJ_@CCAIKSe@OEBACKAM@?EQKGK[U[Ra@t@GFE?ABERCt@Sn@CDC?ED]j@?HACA@Ud@E?EL@CCADB?DI@GVCBAAOXGBCH@BGFC?EH[~@IHE?KFCJIJI@CNA?ABB?CDDACBCDAEGCU`@I\\CV@DFPPLBZPR?HBFFBBD\\\\?Df@@DHADJNDGAFNV?JJD?FDDJB`@EDCD[DI\\E@GJU@UCUFUPYDQRU?BBAXu@?IFAC?BCDUAQDS@@AEAD@FFCCCDHB?`@ZH@@DLFVZBBB?Na@?INYD]N[Ik@?IK@EWEE?YDIHECD@?DU?ECFACE?AG?@B@GD?QABNPBJMG@JCO?F?C@B?GBBEE?BBC@FPFPE@Aa@RBC""}"
"2023-08-30 06:43:31",walk,"Morning Walk",2026,157,2.473,118,,,strava,9747666708,"{""elapsed_time"":3586,""total_elevation_gain"":58.4,""elev_high"":119,""elev_low"":75.2,""average_speed"":1.221,""max_speed"":2.389,""polyline"":""}jjxHf`QZt@DHB?Q\\?\\Ed@CHALGBEPACEDEMMEMa@SEe@WK?DAOGGDUD@BAEUEO]M?URIDSK?DEBOAKPCCCBETI@c@VILID?HC?QZCACBMBMNIEQDEAG?GIGCQRE@IESPi@jBGj@AFBACf@ELWQGIACg@Is@F@AEAYCOIEIOAOYGQBBSYI]ECGMECGUAMMQDICGC@MOC?ORC@ACCNOJ@@MViArBQRSFEAO?EEKEG@EEE??EWGCCEIa@KMMIAKIG@o@a@G?UKQQUKCGAJCY@EBAOUEAADSNKAAFe@ZMNG@OLAJIBIHG?AIBCE?OVONULEPA?AJDTEV@FIS?SCCC[\\v@Ca@DYXUBKB?DBCG@Id@KFEh@i@NILSCGLJJG@Eb@`@C@@@HBAABBBAACLTFBBDF?HHJ@FLHFD?ZNH?d@TPBFHPHBD`@RVD\\@`@o@RQDOLSFGTg@LQDOHEPWRNFRAJV^p@dBXVTJNDb@@VCR?ZFNNLPFND@BQACCB@BBk@CQb@yAFk@HID?PKHAD@BEFAJFD?BB@?DDh@fAPHBBb@AJd@?JFLHF@HD@BHZDAIN@?ID@HOLOJDJGHg@Bo@BKPYFYFGLCBCBUDIRCBEBWCM@MH[@Bv@l@PVRLD@@ATw@HKDYL]EKCYUe@CM?ODG""}"
"2023-09-01 07:19:53",workout,"Morning Workout",625,,0,181,,,strava,9760323825,"{""elapsed_time"":625,""total_elevation_gain"":0,""elev_high"":0,""elev_low"":0,""average_speed"":0,""max_speed"":0}"
"2023-09-01 08:04:43",workout,"Morning Squash",8801,,0,156,,,strava,9760954661,"{""elapsed_time"":8801,""total_elevation_gain"":0,""elev_high"":0,""elev_low"":0,""average_speed"":0,""max_speed"":0}"
"2023-09-01 11:36:08",workout,"Lunch Workout",6832,,0,158,,,strava,9761892865,"{""elapsed_time"":6832,""total_elevation_gain"":0,""elev_high"":0,""elev_low"":0,""average_speed"":0,""max_speed"":0}"
"2023-09-02 10:04:12",walk,"Lunch Walk",971,77,1.216,99,,,strava,9767169717,"{""elapsed_time"":1925,""total_elevation_gain"":8.7,""elev_high"":119.3,""elev_low"":74.8,""average_speed"":1.252,""max_speed"":2.272,""polyline"":""ujjxH|`Q\\v@O\\AAA@Cd@@PIHCVC?IXC?MSEAOQKSKCUWSMECGNA@CEQPE?MICEEACBIACIBIEKMFGF?DIDEAM@QGSJ?DMX[FKFKTUVEJI@?BUH[VC@MIUEWDKFGAKBIRC?CD?h@GFCJCBCAADARCHCh@EDB^CXGCOWICSWUCu@DICCBo@Mc@q@AQa@}@CMYi@AMCEOAYXOR?H[\\KXMDKVAFY^EJUTSSUEAAMEEBIGK?IOA@YEMOIEG??CEBIECKGGCGMBGEGGQIE?UWKCAEKAEICUMQIGIACTEFe@b@OHq@n@M?e@n@EPQNME@ATLI?e@u@BBMAUd@""}"
"2023-09-02 16:35:46",workout,"Afternoon Workout",5091,,0,160,,,strava,9770356975,"{""elapsed_time"":5091,""total_elevation_gain"":0,""elev_high"":0,""elev_low"":0,""average_speed"":0,""max_speed"":0}"
"2023-09-03 09:37:30",walk,"Morning Walk",2739,198,3.121,101,,,strava,9774221815,"{""elapsed_time"":4738,""total_elevation_gain"":65.2,""elev_high"":119.9,""elev_low"":62.4,""average_speed"":1.139,""max_speed"":3.134,""polyline"":""akjxHt~PE?LXCVBJ^v@C@OZEbAIf@ILE@IKKKQUAE]YCGIECI?DEAACC@BAC?@ACDECK@ECEB?EIJEBCAA@AEGEE@CG?BAA?ED@CGWGCDIBGP?CCDKCABm@NMN@CIBMHM@AHKFS\\CLE?EDICEDAAEBCACNC?GFIABGECIFAEICOHG?ACM@AGM?Uh@If@GH@PMT@CBJIV?AB?C?EL@DERCF@FCXACA@AIGGICCGG@IQKECBQEIDKAIDO@ACC@?CKEA@CCG?ECO@?AMAEAGS?MEAQo@GCB?EIAKEEBAEC?FOWAIA?EEEI?OCIBEEIKEQZQLQ^MPKV?CGBCHE@CJ?^ELCVi@~@G`ACF?PYn@M^AFMP@@SZCPAAAD@@IJEPGHGTKTCPKVGF?DSb@QNCXK\\MNCHGD@@Od@?LKP?FOLAHKP@TFDFTJJ@FCHEBW`ACAEKDC?H@??AFLB?QIB`@MNKECB[a@COIQEEIAS[E?@AG?GKICOSKIi@{@MQGEKUKG@CIMGCGAQSA@UQg@e@_@W?@SU{AcAw@m@KCAIOGOQQIC?GIC?ABCGOLCCBMJQREXOB?BF@IJQCKDKPBNGLK?ERCJGJCJOPS|@WHMJ@DKJGBKDCBBB?BMJIF?@IJKHGP@JORI@S`A}@MCVUJ@FEBABBHEL@DEBMGGZQBEJAEK@J?GDJB??EB?TXFCF@NLD@`@XNHJBLJLDDFJBJJVRD@HFL@FDVHL@FHF?FFB?BCLDPJACD[BC@BH?AABERWFOB@@A?HNw@HGLUB?BKNODKFABMFCFG@GPOCDCE@D?A\\t@?BBB?DFD@JDDDJLPJVAI@BTh@RVH@LFDGNH@C@BF?BD\\GL?JJHA@J@AFBFCRNDJFHLK?a@CC@SHQBUA@FUFBBC?W@?RaABA@QFADBBAA@B@HBBGLGLV?CJGNDPADA?KL@@CJ?JE?YBGCEDBHCBE@GDELAB@JKNCRc@B@BMD@@C@BD??E@?DDJ?B@LGC?BCAAHA@C@@DI@@AFBFNH@BDABBBACDFELBA?@@BKNLFIF@C@JEF@KA@AHBRVD?LP?KB?@JBD@AHRJJJFLCAEFKAGBMHG@KDMBSFOFABGEICk@IMOa@?ODGB?""}"
"2023-09-03 14:04:50",workout,"Afternoon Workout",4901,,0,154,,,strava,9776302571,"{""elapsed_time"":4901,""total_elevation_gain"":0,""elev_high"":0,""elev_low"":0,""average_speed"":0,""max_speed"":0}"
"2023-09-04 07:40:07",walk,"Morning Walk",1144,74,1.165,97,,,strava,9779849913,"{""elapsed_time"":1223,""total_elevation_gain"":26.8,""elev_high"":119.7,""elev_low"":94,""average_speed"":1.019,""max_speed"":2.188,""polyline"":""wjjxHf_QDDAXBLNV@\\@CKf@@DB@IPCLB@CLGHAJO`@C@m@q@QMOWCAO[@??CBKC[ADHe@HGD]?SBG?m@DCCABCAGB?Z_@v@{BO]IAMQA@[[[EQ@E@EHE?KNYRWb@E@@?UNFBODAFCBCFDHG?@CADG@Uf@MLAJS`@GFAHIHIVIHKPC?GNEBETEFKZMNG?EFIPIAMPQ`@]l@CN@L@HHL?HFDAFFFCBLFDF@GJIG^D@BBBJFF?BFHJD?ABLDALF?CBBF?DBCAJHFRVTBJNPFB?BXCNMBIPQGGZ?Lc@Ee@Da@HKL_@ZYVo@L?HI@?@EES?[HBVRLFVRXd@D@DEJe@Jm@Ts@ABIe@Um@?QBE""}"
"2023-09-05 05:56:36",walk,"Morning Walk",2847,204,3.216,95,,,strava,9786143015,"{""elapsed_time"":3091,""total_elevation_gain"":65,""elev_high"":120,""elev_low"":62.4,""average_speed"":1.13,""max_speed"":2.799,""polyline"":""ejjxH`_QCJFCBHGEMR@XHXBDBABBFNIJAJEJG`@@TQp@C@GCIUOE?KGCCGI?MEKOGEC@@@ECIG?MEHAGCDCEABAAKPK?CJ@GEMICIDE?IU?KCCEDKBCTC@E?IOK@AEM@MNCHIHERK?KLCAMTKJGBO^G@OEACGHQHAKEBACUJCGUDECKJEGCBQ?K^?PSr@CJ@@CBCRCL?^MPBNENBFBEK?IKKCCI?GMIO?ECKA@?QBKAGFG@YKACC@IAWKE?UU@SU]CW@AC?KQC?KWAKSa@QBELMRA?MXIACBKZMPEPQLOXK\\GHIRCVK`@ATBFG@G`@IRC?G^IHI^]p@K^EBANGDAFGJI\\OJGNBNSZCLOVId@EJMHILI\\GBELM`@CXIFCJJVNJFH?FEXA@C??FBBAF?AO\\KBDAGFJOB@@E?t@QCGF@JCDO[SOM]IGS]SG?GE?QUMG@AOOOUECGICAO[IGGOUSC?GEKS@@A@Y[MEAGQOGEGI[WQI]YADKQUMEGYIIOc@WGIYQOGSSCAWQACQL?G@BDWB?FDDMDCBSD?DFDSB@@GDCDFFEAOJ?BCB@RITMBGRG@GLCNMD@@CADBC?GB?HILG@AXEFIPCLQH?BMHI@@D?LULEDG@ABFH@NODBBQDA@KBUDC?KJG?EDEF@BC@GHC?GBBFAPIDB@DB?FIDDH@HOD?DE?K@?@C@IPc@BA@CB@DCB@@CB?BCD@DC@I?GPRDNCDTH?DDCB@?DFHBA@BD?DL?ABDB?BDD@FGB@FBFNXHFJBCDFTB@AHJD?BGBHLHABBFT?@DNJVFFC@FH@FAROTg@`@i@HA@@Nc@LIFMHKJWD?JMBACALBFFDNLJBPd@jABTJRXP\\NPB`@?DJACBGJ?FB?@@ABB@BDC@B@GFBDAJLHDRXALLc@@WBC?QBCABEE\\w@CIH_@D?DI@@ABB?IAAKPi@JEBFD@HEBBFE@@LLDRDDHRF?@LB@?AJRHDHNBCF@@CFJ@AAGFABBD?AJDJAJBBF?DLBCDDNZDB?AH?JCBDB@PEC@FYDBFM?BD?@GDCC@F?HKDQC?@B@ODA?KBEAKHs@B@JS?A?DDKB??C?BNQ?GFCFOBA?@BA@DFGCe@@ADF?KDQ?@GKBAAGB@@EB@A??EC@FC?FBI?FBGFL@DD@RTF@DLBC?DLJ?FNFHEJW@M@BCIBGDA@@@GDE@[FI@EAEA?DICm@KUC?CE@GBCIUBEFC?BBEB[?N?KMAEKBCEVRR?CG@HL?CAEC?GW@FE@DR?HA?@W?BCEBTCA?AFC""}"
"2023-09-06 11:26:40",run,"Lunch Run",1785,206,3.249,150,,,strava,9794588901,"{""elapsed_time"":1785,""total_elevation_gain"":0,""elev_high"":0,""elev_low"":0,""average_speed"":1.82,""max_speed"":2.996}"
"2023-09-08 07:57:30",workout,"Morning Workout",2275,,0,152,,,strava,9806782883,"{""elapsed_time"":2275,""total_elevation_gain"":0,""elev_high"":0,""elev_low"":0,""average_speed"":0,""max_speed"":0}"
"2023-09-08 09:00:56",workout,"Morning Workout",6080,,0,156,,,strava,9807290702,"{""elapsed_time"":6080,""total_elevation_gain"":0,""elev_high"":0,""elev_low"":0,""average_speed"":0,""max_speed"":0}"
"2023-09-08 11:32:08",workout,"Lunch Workout",7016,,0,158,,,strava,9808204677,"{""elapsed_time"":7016,""total_elevation_gain"":0,""elev_high"":0,""elev_low"":0,""average_speed"":0,""max_speed"":0}"
"2023-09-08 17:19:55",walk,"Evening Walk",1128,74,1.167,109,,,strava,9809585743,"{""elapsed_time"":1147,""total_elevation_gain"":24.4,""elev_high"":119.1,""elev_low"":94,""average_speed"":1.035,""max_speed"":2.076,""polyline"":""yjjxHf_QAXFPHL?NHBDL?JGTGB@?C|@ELIJCVEJA?U]GAS[A?OOC@CIC?MQEA?DIC?GCF@@AJGTCh@GBKZGDGHI@GPWj@?DAFDR?FE@@@HUAG@DCB?A?FMZ?PE?AFGD?CEACHE@IJIDEPC@ACABO@CEICII?GC?MUIGIUIIK?MIG@EGE@IGSc@KKKUAKQYA[LUTQN[HC?GTAFIF?F_@FE?IHIBSPM?ET[BOFKH[JIJU@EHKLc@BMJQFOJKLUDYE_@H[LWXQJW?@XECHD??CBDDENHD?DD@DBB@FABFZC?GREr@@b@BRAB@NAJ?^Ml@AXC@CJAd@@B?BAC@DM\\An@C@@A@LAHDFA@BJBBB?ABP@JLB?BFLLBHNF@HVPR[BWDM?CBEBQDCFSAMFA@GOe@G[GKCKAIJE""}"
"2023-09-10 15:38:32",workout,"Afternoon Workout",6746,,0,144,,,strava,9823539646,"{""elapsed_time"":6746,""total_elevation_gain"":0,""elev_high"":0,""elev_low"":0,""average_speed"":0,""max_speed"":0}"
"2023-09-11 14:24:29",walk,"Afternoon Walk",3045,253,3.983,101,,,strava,9828420309,"{""elapsed_time"":4072,""total_elevation_gain"":6.5,""elev_high"":9.7,""elev_low"":3.1,""average_speed"":1.308,""max_speed"":2.808,""polyline"":""gtq~Het_]E]FXJ`AH`@?`@FVAHDZ`@bAB@HLNHNNHPVVD?LD^@BGDAJQAEJEBG@@DCDGJCLI?G@@BS@?BC@KNa@?UViA@e@BUDC@]?MGMAKBWBu@G{@CK?MGM@GEe@FGO]?QIa@Gm@EKGGS_AIO@EGC@CCKIM@EC??KGW@GCOEGAWK]Ii@IO@QECBSCu@GQA[GQBIEAGYAUIMI]EAAGCAAOC?CGGGCKECE@AECDEG?GEEKGK@SGKMBCOCSFIFKBAFE?KJ[LKHADC?C@@FOBKHAH@DOFAHIJ@NCBAFBj@EVDh@A@ADDTCPFn@P^B??PFXRn@?NDFDZJX?NBHBb@DJ?LAHDDHd@BDF\\?^@@@NDD?HDBFb@@b@DXCR@T@H?LBFCNBNFF?L]n@KDCDCG@@KEAGK?AEC?KBCFE?EF@AKHOF?FKFGLKFQA@@I?CHO?QFCD?CEBCAG?IQAKBk@CQM[@CCKQAABI@KCEQEEEQGICMQUGQEAOUGAMYKGCGMIEOUWCKEEE?SD_@f@Qx@Eh@GL@\\JZABGBDNYXUBu@`@ONGLSp@Mp@?DKLKTCJATIRARIHAZCASlAGH_AnDIj@M`@ARSt@ARGPA^INADITQx@KJIRQx@ARMXOr@Sb@Ov@GLG`@Gn@E@CDOd@E^?LDNMTACABGNMPQb@Qt@APEHYpAEBGf@]hAC^Wv@?PMJCJQFMAAEKAC\\C@@NA^@RAH?hAL|@BDDd@CPDNEh@EP?HILANGRONC\\Q`@CDS~@Qj@ACId@MVE\\GJ?TIl@KVKLOj@@TELCBIf@Sl@CXGJEb@GVGJOHOPEPGFCz@MHCHE@AJGDEFIB@TDJ@RGL?NGJI?ABMDS\\AZGTIj@EL@HEL@NCXM^C@ABGf@ABC?DNC?@LQ@CCC@?DE??BOHCA?BQBGGI?]PGYO@JLACG`@QLIZGD?HGNEACH?TCP@b@KP?HE?RZ@FCB?RM@CPA@MEC@CB@XOx@GL?VIj@E??HGBCNBHELBVEJ@d@CNED@PEF@BAFIH?JE@?DIFGCCB@XEDITD`AGD@DGLBHAD@FG@CAADGBANGBADK?GR?FSf@Ef@MJBFGF@FCHJ^AFMFERID?HCAAHC?BJEE@@FKAB?QQFBD?C@@AlAEWCDECQPBd@CFAX@HAHBVALDP?AMBACGv@G?CDMGY@GMEALFAGBAAEELAABFBIAAAF?EEA@B@GDFAD?M@@CABBAB@AEB?G?BBC@B""}"
"2023-09-14 09:06:34",walk,"Morning Walk",1159,87,1.369,,,,strava,9852668642,"{""elapsed_time"":1367,""total_elevation_gain"":29.1,""elev_high"":119.1,""elev_low"":94,""average_speed"":1.181,""max_speed"":2.908,""polyline"":""okjxHndQv@QKHEb@]z@MM?AB?GKC?BBOQGKk@[CIGE?GBLGCEeAAEDKAOFGBK@OFU@QNe@CEBI?B???JEIQSICAAAF?@D?LIN@JGF@HGKI?BBA@D@@JKDO@B@?@UNq@AA?@Ne@BA?DBCHa@?IOQMCEGKCIBCCOACAAKIDEAEECOGACGOCKQGDAXE?AJ[XARQNCH?JCL@PAZId@KDK?KNIPGZELC?AFEBIH?FGBAPEFCNOHQT?FMRANIHCPOTAAE?GHG@EPIC@FCFE@?G@@JG?GA?G@@?AAQNG`@C@?BMLAHGDE^JP@FJJ?DDB@BCARFDTTf@@AJBB@?JFDBCB@DEB@HGJBANFF?HFDTj@H?FJ^OIDCC?EDFDCF?HS?GFCJI?CHAPi@CI@g@PQTm@HAXa@NaABA?KJQF?BXDFf@^H?R\\DRD@@AJW?WDMB?DKBWHWDCKm@MOKU?[HODEAF""}"
"2023-09-15 08:07:13",workout,"Morning Workout",2331,,0,159,,,strava,9852564963,"{""elapsed_time"":2331,""total_elevation_gain"":0,""elev_high"":0,""elev_low"":0,""average_speed"":0,""max_speed"":0}"
"2023-09-15 09:11:07",workout,"Morning Squash",3896,,0,159,,,strava,9852899691,"{""elapsed_time"":3896,""total_elevation_gain"":0,""elev_high"":0,""elev_low"":0,""average_speed"":0,""max_speed"":0}"
"2023-09-15 11:31:04",workout,"Lunch Workout",6874,,0,157,,,strava,9859939645,"{""elapsed_time"":6874,""total_elevation_gain"":0,""elev_high"":0,""elev_low"":0,""average_speed"":0,""max_speed"":0}"
"2023-09-16 12:00:25",walk,"Afternoon Walk",1349,84,1.315,98,,,strava,9859939691,"{""elapsed_time"":1788,""total_elevation_gain"":27.3,""elev_high"":119.1,""elev_low"":94,""average_speed"":0.974,""max_speed"":2.178,""polyline"":""{jjxHt_Q@VANHHHN@@@C?f@EFCHB^C\\IR@CONAJEFOGMS?G[Q?GECASQE?DA@KULTBASOFW?KBMC?@OGD@K?GBE?Q@?@ED@Lg@CUCCBMFIEOBCHCFOHG@U?@R_@?GFIBQHKAEJMHS?MB?@@BGCSDAG@DCGOH@?@C?AKGG]KS@@BCC@BF?@?CA?CC@S@?C?BAEBCC??AIEK@EGACDAACMKBAA@EGE@AEEA?COBA@AA?HGJI?ADGBB?ADK\\@\\BDCb@G@KNC?CDGHKHE@@TIXGFCACHGDIPGDBBCBC??C?DOVAF@AI?APCAADE@ADIJ?HA@BNEAI@IL?BIP?PEFAJEA?BI@EBGRC??FSJ?FCAAJEIGFA?CFE@?CALCACJ?BI\\@FABCEAHGHCXCEFBBLD?HNNL@FH?@`@BNHL?EBB?@ACBHB?RZDA@@?CBAHB?DBGFDBCD@LC?BCGILBGHBJl@ADFE@JFVD@BF@H?I@@DID@`@EGEJKBDBA?KDKCGBAHSJQ?BDABFE?HUAEBEKI@QTSJ]DCDBBGDW@FC?BQADBB?GD?Ha@D@CI?IDDAG@GB@JK@UCMCEBB@E@@@FB@PZAHLF@AF?@CF@Vj@DDB??C@BL@@IIAJS?GHK?IFGJo@HOBCMs@Se@?OPQ?Y""}"
"2023-09-17 16:08:27",workout,"Afternoon Workout",3136,,0,117,,,strava,9869095663,"{""elapsed_time"":3136,""total_elevation_gain"":0,""elev_high"":0,""elev_low"":0,""average_speed"":0,""max_speed"":0}"
"2023-09-18 05:55:17",workout,"Morning Workout",2829,,0,120,,,strava,9871663653,"{""elapsed_time"":2829,""total_elevation_gain"":0,""elev_high"":0,""elev_low"":0,""average_speed"":0,""max_speed"":0}"
"2023-09-18 08:08:22",walk,"Morning Walk",1766,123,1.934,108,,,strava,9872060200,"{""elapsed_time"":2209,""total_elevation_gain"":6.6,""elev_high"":162.2,""elev_low"":153.7,""average_speed"":1.095,""max_speed"":4.011,""polyline"":""kshxHpeNQd@KRYHMJGLE?WLEJEBORCF[RY\\ABFZABGBMPTjAEa@?BQs@Qa@Gi@?UBY@YACA@Go@@CK]C_@[kAQ_@IIUGOFKJACIi@?w@EQWEIKE@GCC@GAi@d@K@a@TMa@A@AE?@?EE@?A@AEB@GBF@?C?ECABNM?AC@@@CDBDIAGH@JRMESKDH@DCAHA?AECH@DGQJLC?EA?EA@B@EJQ]`@XD?@XFLLELAVS@FL?@EB?POD?TQBXFHBCCBHFDPFh@A[BEAGADAISo@GIKEEP?O@CD?BFB@BZDD?CFRFDC@FVA@?HDFD\\CDYRQTC@?D@AMDIVA\\Hz@FRAB?PHLDXPt@@RFTB\\DV?RELOVKJE?CDC@KLGBONQPK?]JKHG`@?r@Hd@Hb@N\\Fd@L`@BP?\\Lf@HHNCH@PMNW?GPQ@INY@Gn@cADc@Tu@`@w@NQAEHKDOZ[F[?SY}AXQ?IEGEQLIFOl@k@NMZMDKZSJK?Cd@WLe@DKDMG]Cq@K{@@GGu@a@iBDd@HV@LFH@LFPBp@DJD@D\\HVJl@DDD`@@d@?FED?EBHAAA@DBGG@@BA?A""}"
"2023-09-19 07:32:04",walk,"Morning Walk",958,79,1.238,,,,strava,9877967171,"{""elapsed_time"":980,""total_elevation_gain"":24.4,""elev_high"":119,""elev_low"":94,""average_speed"":1.292,""max_speed"":2.805,""polyline"":""ujjxH|_QANJRKSAIDQFC?F?EGBD\\FPRR@JAXOX@BFa@GP?^ELAPGLCPIBIRGCEOYe@KIK?KQUOA?CC?MBMMg@BOJENa@?SF[@s@CDAAOW[WEOSSCKFDBJCIUW_@U@FE@@DB?AA@L@ECBC?EH@DBMIIUVGRJEAC@CU`@C?GLEBITILCLIHEF@DKL@ICBAHMVEDSf@QVIZCAEFUPEHE?GRC?IJ_@v@EN?RHNBTPRD@L^JHNZ@BH@BDRDRFBLDDBJLLHNNPRBJEF@XY@IDGBMJFLKDUAY@QDMDCDUAGHSh@}@LGJi@FB@F@CGQ?QBBCABADBDCBJVVJHFC?HTXB?JJBCL_@DSFQBUP_@Ig@OWGU?WNK@G@BGUGG@@?GE@""}"
"2023-09-19 15:35:57",workout,"Afternoon Workout",3626,,0,123,,,strava,9880691799,"{""elapsed_time"":3626,""total_elevation_gain"":0,""elev_high"":0,""elev_low"":0,""average_speed"":0,""max_speed"":0}"
"2023-09-20 15:09:33",workout,"Afternoon Workout",2015,,0,157,,,strava,9886920295,"{""elapsed_time"":2015,""total_elevation_gain"":0,""elev_high"":0,""elev_low"":0,""average_speed"":0,""max_speed"":0}"
"2023-09-21 09:18:20",walk,"Morning Walk",900,66,1.041,,,,strava,9891364116,"{""elapsed_time"":971,""total_elevation_gain"":24.3,""elev_high"":119,""elev_low"":94,""average_speed"":1.156,""max_speed"":2.472,""polyline"":""qkjxHlfQC@QMD?HHBFFJD?EEC@EKGCKIOUYOQWCO?HCAABCM?QBKCM@[@MLW?OF[AIDM@_@CDHF?BEA@B@CB@AC@B@AMc@S]SSOGEEBL@ASSC?GKQKGAIDAF[\\ADGFIREAAXCJSXIXIFQZIHIXGDARCBALGNABCAEFAACFM@?FKNEBAAG?EDKXUTQb@AJ?NJL?HTJFXDDHTHD@LLFNBHDRENZBPJHLXJLBBH?DADEDJHQBCCARWTOFK?IDGCKDSCGBSBADMFILWPKDSNSFW?@AGHQFk@HHCDBAVRZRNLTZH@DQJU?GHa@DENg@AO[s@COAWFGFOAC""}"
"2023-09-21 18:09:18",workout,"Evening Workout",4001,,0,170,,,strava,9894643782,"{""elapsed_time"":4001,""total_elevation_gain"":0,""elev_high"":0,""elev_low"":0,""average_speed"":0,""max_speed"":0}"
"2023-09-22 08:19:10",workout,"Morning Workout",2585,,0,149,,,strava,9897316050,"{""elapsed_time"":2585,""total_elevation_gain"":0,""elev_high"":0,""elev_low"":0,""average_speed"":0,""max_speed"":0}"
"2023-09-24 18:25:51",walk,"Evening Walk",753,49,0.771,107,,,strava,9913808335,"{""elapsed_time"":773,""total_elevation_gain"":15.5,""elev_high"":119.1,""elev_low"":105.2,""average_speed"":1.024,""max_speed"":2.749,""polyline"":""akjxHx_Q?JDHAPDDTNJTGBAHMH?~@Q`@ALGLEK@GICIIEKIICGMCSQGCKQABG[G?FWCMLFBBGe@C?Pg@JkAFMJADE?KA?JA@CCEHEDKJo@R]?UMc@CEC@Q_@C?GKE?ACO?GDKBGFM@KLQf@A`@Fn@LVDTLRVT@DAHEFDXBd@AHMLGX?xAFH?CHHFB?A@@@Af@j@JTHFBABDBI@KHKPy@Vw@?F?@EICWKMKYAK@UFEFK""}"
"2023-09-25 05:16:51",workout,"Morning Workout",3346,,0,139,,,strava,9915593787,"{""elapsed_time"":3346,""total_elevation_gain"":0,""elev_high"":0,""elev_low"":0,""average_speed"":0,""max_speed"":0}"
"2023-09-25 07:59:27",workout,"Morning Workout",2546,,0,104,,,strava,9916084157,"{""elapsed_time"":2546,""total_elevation_gain"":0,""elev_high"":0,""elev_low"":0,""average_speed"":0,""max_speed"":0}"
"2023-09-26 08:52:53",walk,"Morning Walk",953,77,1.21,,,,strava,9922399050,"{""elapsed_time"":1036,""total_elevation_gain"":27.8,""elev_high"":119.1,""elev_low"":94,""average_speed"":1.27,""max_speed"":2.432,""polyline"":""ajjxH|cQCt@OXGXEF[e@SSUOSSABIEAC?ICIBUE[@@V{ACGBG?OFa@FIAFHS?MDIHEFFDKA@AENQCILOAEQ\\@Dd@mA@SCI@BGE]EQ]UQ_@CQJGJYVE@MRSPUn@[VKLG@CRMNGZGHCLILIDUl@KBMXGJ?HCPIF?LIDAAEBGRQ@EDEHGBGR[^CHCh@JPBPLXLHHVT^ZRLDBD@CJ?A@FHEATT@DFDJXFDHDZEDQ@C@DFIB?FIHEDQ?BD?HKFCCYBo@NMDSDEL]TYLSJa@?UHSVPLNNLDHRHNTDB@ANe@BKHOF_@JW@ECg@Ma@O_@LW""}"
"2023-09-27 05:50:59",workout,"Morning Workout",2785,,0,146,,,strava,9932334645,"{""elapsed_time"":2785,""total_elevation_gain"":0,""elev_high"":0,""elev_low"":0,""average_speed"":0,""max_speed"":0}"
"2023-09-27 16:59:49",workout,"Afternoon Workout",3709,,0,162,,,strava,9932334792,"{""elapsed_time"":3709,""total_elevation_gain"":0,""elev_high"":0,""elev_low"":0,""average_speed"":0,""max_speed"":0}"
"2023-09-28 09:16:19",walk,"Morning Walk",974,75,1.184,,,,strava,9935730908,"{""elapsed_time"":1496,""total_elevation_gain"":28,""elev_high"":118.8,""elev_low"":94,""average_speed"":1.216,""max_speed"":2.448,""polyline"":""ejjxHxbQCT@XGf@Md@KLEEKQ]a@ICOQOIA?GGEOAU@YA[JSDW@?De@DS@KAGBOBAIy@AT@PF`@BCMeA?BRSd@Y?B?CFA?A?@@EAHBGAEDAIHAE?D?CB?FKCFCEE?GGc@@a@Ce@BOHQDWEOLa@j@Yt@INMb@EFCAKTC?KTEPSPMj@CAAHE?AHMDGNOBAFQNELCBAAQXM`@?RJVFF@APZ?DLJLZRTZLL@FC@HJTV\\BJD@?HB?PINCJKN[TMFIAAFOCGBQC??EFWHO@IDEDMPSBKJILSFWDIDg@BGL?C@FNHBBD\\VZ^FBDFFEJi@JWD]Na@ABI]MQM]?ODK""}"
"2023-09-29 11:36:34",workout,"Lunch Workout",6713,,0,145,,,strava,9943039619,"{""elapsed_time"":6713,""total_elevation_gain"":0,""elev_high"":0,""elev_low"":0,""average_speed"":0,""max_speed"":0}"
"2023-10-01 11:05:47",workout,"Lunch Workout",6719,,0,157,,,strava,9955746954,"{""elapsed_time"":6719,""total_elevation_gain"":0,""elev_high"":0,""elev_low"":0,""average_speed"":0,""max_speed"":0}"
"2023-10-02 08:46:05",walk,"Morning Walk",1289,88,1.39,,,,strava,9963658658,"{""elapsed_time"":1367,""total_elevation_gain"":27.8,""elev_high"":119,""elev_low"":94,""average_speed"":1.079,""max_speed"":11.136,""polyline"":""qijxHbbQGHKXAN@FCJ?`@_@z@CAo@y@]SKOI?CEAKBI?MCC@o@DSLUB]AS@E@ABWFG@@DCTa@@IRa@@KFG@CCUF@DKJi@BCBBDA@ECCBI@OCUCEI?OM?BG?CAI@OEAB@AAA?BACCDIO@?I?[i@KAAEM?AJ[b@MZCt@]j@KXMNIPAAS^Qr@GBCJOFEFITEBEPE@ERURM\\CRQLBCECIREDE?Yf@?AIDa@`AAJ@HDNVVH\\HF@FDF?DJHJRJBNLRALPBRFB@ALJ@NLHDFJ@ACBBN?HGDDDEAC@SLGACRELOBM?@A[BQBC?KD??D@A?KHODWBADGHa@B@Ta@TgA@A?HDI?NDCDF^THHHBRXNH?BDCJ[?ACBAEFWHKBULWAAB@Ae@G_@GSC?CEAKEELWD@EI?MIMBJCMBNGIOJ`@D?cAAZCF@F""}"
"2023-10-03 09:00:14",walk,"Morning Walk",1096,80,1.265,,,,strava,9967029984,"{""elapsed_time"":1217,""total_elevation_gain"":27.5,""elev_high"":118.9,""elev_low"":94,""average_speed"":1.154,""max_speed"":2.537,""polyline"":""cjjxHjcQI|@Sh@CP@AE@EABE{@u@CG[YAEAA?BC?AC@MDQEa@D[FMBEB?BCA]@m@Fc@INB?HUJQFUFIBON[@MJWHEHS?L?MLY?UEAQOUCBB@EMB[GCOIBIOGEQKG?EHGAQR]l@KHMrAO^KHKPGNKH?LMP?FE@AJIFKXGHKZGBIJIZCBIV?DKPKPIBMLQHEHGBKVUTINCV@RP^FBJEDFDT@ZHHF?FTBCHLH?DD@AP?Vn@FFDA@BCB?BRJABHFJB?E@DLEJMFEBEBABINGPQBI?KBGA_@@QFC?UP_@RSDOHELWLaADMFABBCJbAv@RVFDBAV_AFa@Pe@CDSu@Qa@?ENW?EDD""}"
"2023-10-04 07:00:26",workout,"Morning Workout",1389,,0,166,,,strava,9973358547,"{""elapsed_time"":1389,""total_elevation_gain"":0,""elev_high"":0,""elev_low"":0,""average_speed"":0,""max_speed"":0}"
"2023-10-06 08:48:56",walk,"Lunch Walk",2352,170,2.683,,,,strava,9986447272,"{""elapsed_time"":4960,""total_elevation_gain"":59.9,""elev_high"":119.1,""elev_low"":75.2,""average_speed"":1.141,""max_speed"":4.176,""polyline"":""cjjxH~`QHd@GJ?JGLC?@DALGFEJ?DJBBD?DELCRE?AJIN?EEAIIISOKGKOKQUA@II?@GCAE?BE@G?CGEDG?AAABI@OIEP@?EABGAG@ACCAGCEC?KJEEE?A??DAAGFCIC?CBE?ECBIE??AIFA?MVC?ELGBEJ@A?DGEINGAMFGLCAEB?AKNAHIFALGEADWBIB?B@AEBACODCCCB?AE@CASB@AUDIFE?KLGf@GRC@AD@A@HQ\\AX@FCJKF@BEH@NDZEFGAOICKGAG@AMEC?IOE[POEG?AFEEEDIECIGBAAEFAIEAKOAGO@EKIECUSMMe@@EAG?DCK?BQ]AE@AGC@@@CMQAUWLGF?B?AI?I\\Yb@ALe@p@@G@HEA@AGKAHGDAHONGPOLKEEDQKDEEBGKKAGBYSM@?GCBMOEBIGC?EEA@IEMMG@ECGKE?GKIBCIM@GGAD?EE?KKCE@CGKM?GMEBCEC]KOQLEHIFI?CBG?AD@@E@QPI@E^G@ADKBCLIGCBCEGJC@CAEDMBMVG@KJG@?BAAEFKULR?L^]NCPe@DEASIACCCGIC@GCRAAP^BMMKD@ECBB?MJFD@?A@DF@FCX\\DBJADIDALm@DCNSBCD@FMHELODTTd@BBFCB?JPD??BFDBC?BF@DFB?BJJHD@H?RP?EF@DNJBDFTDBBFAHFRB?DBCTLBAPLFA@EBAFJ?@TLNc@?CHEH]B?LOBK?BHULODOLGDEHWAAH@FLF@FCFK@HLRBACFDNB?DJNNCPJNDPHDD??JD@CB@DC@DBRVJ?HFFAHFJCBD@@DCBFB@BADIBFJ@JHG@FLDCDKHAJKFJJA@FHDFLD?D@FK?SFOAHGo@BG?DBBCB@CA?BD?OHS@OHMABDC@D@IDACC?DC@?SFIBY@B@GBSCADCAIBEB@ABFAD@JA@@?BLIDA@BBCHALBABBA?C@BLCCAR?FE@@BKBADBLEGA?EJEBALD?GD?FKH?AS?B@?BE?K@DB?@K?BB@@BBEH@FE@MNa@HD@D?CBA?EDHB?C@@E@?CCDBAB?A@ABBACFNFABC?EA@LOAKB@@EH@LEEF?C@DBAAB@DA@?NDDJC?AB?CCFJFAJBHAFWNEFM?DLDAD@@CFHBHRF@AK@CR\\B?ADDBAAD?DJD@@CF@DLJHPg@AKFM@QB?@GL]BACM?KBC?OOQO[AMDO""}"
"2023-10-06 11:36:37",workout,"Lunch Workout",6996,,0,160,,,strava,9987471455,"{""elapsed_time"":6996,""total_elevation_gain"":0,""elev_high"":0,""elev_low"":0,""average_speed"":0,""max_speed"":0}"
"2023-10-08 07:42:17",walk,"Morning Walk",1990,145,2.281,93,,,strava,9998097700,"{""elapsed_time"":3438,""total_elevation_gain"":7.2,""elev_high"":160,""elev_low"":154.8,""average_speed"":1.146,""max_speed"":2.136,""polyline"":""gshxHnfNd@c@CAWTG?OFEPGFE@WVC@SPGCS^GBEDB?C?WXYLQRADGBMwAU_@Gi@I[CYKUAWM_@U{A?KEIA[EGC?@BKo@GKIBGQ@[CODG?KDFA@CGABH@QDFCEGD?E@?H@CCA@?@@E@@A@B@CAHB?A@?G?HC@?EC?BCC?BCCDB@C?C@@@ACB?CF?CFA@KA@BHA?DCACADBEABK@CB@@B?AEA?@BDEBD?B?G?@DEDM?IEH@KCND?AFBCADAKKHRIE@CNAQ@AKNHJ@ACF?C@B?A?DEICDBp@SH?@GCEJA@?EC?IJFN?HBJJJDJBXH^AHBLAD]XY`@GDKV@TBN?HN|@J|@B@?HP~@L~@@TKXMPe@\\GHe@^IAGFU@IJERAd@Bj@FP@TVr@BJ@XDDLb@?r@JXHFTB\\SBK`@w@@?BCNa@DCHST_@Hq@Pa@?MFAP_@DC?CLUTk@HGBD@AP]@OCa@]wAQ[Im@BsAQmACAC]c@iBGMC?CGC?UDEAIDWXGBW^OFQTCH@LIXJ`@FHAFBN@PCHFBJ`@Jz@DCAZLn@@ZBA@BANQ\\o@j@WPKDE?CAe@TKNC\\?^BFBp@FNAJD@LT?RJT@HFL?NHTCJ?HA@DZJNRHBCH@JCFE@?HM?I^y@v@yAf@oBT]`@}@RUJQ@I?YIQOcAZSGWJ[B?LM@?HOLCDIHEBELCPO@IHKBDTSFAJQVUBEDA@EDBBA?DTSDF@E@B?CAB@@""}"
"2023-10-09 06:26:22",weight-training,"Gym Session",2208,244,,,,,setgraph,,"{""sets"":[{""exercise"":""Incline Dumbbell Press"",""reps"":20,""weight"":8},{""exercise"":""Incline Dumbbell Press"",""reps"":12,""weight"":12},{""exercise"":""Incline Dumbbell Press"",""reps"":12,""weight"":12},{""exercise"":""Incline Dumbbell Press"",""reps"":12,""weight"":12},{""exercise"":""Dumbell Rows"",""reps"":12,""weight"":12},{""exercise"":""Dumbell Rows"",""reps"":12,""weight"":12},{""exercise"":""Dumbell Rows"",""reps"":12,""weight"":12},{""exercise"":""Bicep Curls"",""reps"":12,""weight"":8},{""exercise"":""Bicep Curls"",""reps"":12,""weight"":8},{""exercise"":""Bicep Curls"",""reps"":12,""weight"":8},{""exercise"":""Barbell Skullcrusher"",""reps"":12,""weight"":8},{""exercise"":""Barbell Skullcrusher"",""reps"":12,""weight"":8},{""exercise"":""Barbell Skullcrusher"",""reps"":12,""weight"":8},{""exercise"":""Ring Row"",""reps"":12,""weight"":0},{""exercise"":""Ring Row"",""reps"":12,""weight"":0},{""exercise"":""Ring Row"",""reps"":12,""weight"":0}]}"
"2023-10-09 08:08:59",walk,"Morning Walk",1905,137,2.149,,,,strava,10004866130,"{""elapsed_time"":2116,""total_elevation_gain"":7,""elev_high"":160,""elev_low"":154.8,""average_speed"":1.128,""max_speed"":6.306,""polyline"":""iuhxHl{MA|JCPQXVr@CG?EMYCME?KROHCF[ROLW^I@AGB?UsAUe@OuAGM?KGOE[K[Q[G@KCK?OFSV{@z@MXAZHH?L@HD@A@?NFL@h@DJAJFFLv@LrA@DB?BPEJ@AOVSNCHWLQR[NCA_@PILGp@@PL`ATl@@LVfA?NAXHXLPTBPADCP]Tg@LOFULUBMJIJ]Hi@H[PYp@{A\\a@FO@KEa@I_@E_@CCCMMMMu@AWFg@Ei@Mo@Ec@Ma@Ig@c@s@MEM@]^ADKHCHKDKJ?GEJE?@DAAC@EP@GA@@BAH?GCHAACHAN@ZFJJb@Al@DRBBD\\DBDJBP?TJj@?JFBBF@A?HM\\KLC@ABUH_@b@QFGDE?WJOHE^@PGTDB@h@`@pAXnAA`@BRR\\B@LEH?DA\\i@Vm@r@qAZuAN]^q@B?FYLUVYTa@PKNQDAJGX_@\\]HSFM@@LY^g@\\m@Jo@DKBD@C?GCABEE?B@@CDMAICOCk@Um@Oq@@GFO?KCC""}"
"2023-10-12 08:09:51",walk,"Morning Walk",887,65,1.017,,,,strava,10023623524,"{""elapsed_time"":887,""total_elevation_gain"":24.7,""elev_high"":119.7,""elev_low"":94.4,""average_speed"":1.146,""max_speed"":2.678,""polyline"":""ujjxHjcQFh@?TQp@EFC?GEGOY]k@]CIM?EGBCAg@?MDO?SL]Dc@@@@CACCB?BIWDBABIAOIGC@?AEMMCIE?KUA??DI@ACGU[[GQG?U`@M^EB@HEHEBCLW`@O\\SRYx@ODCJURG@GFAGMJ@HGNCL[b@EV?PFVNJ@DB?BJLJ@LB@BLBD@?FLTVRBFFFCBB@CFZB?DDHB@D?AB??VZTD@BALIHM?@JM?EFGB?BCHMB?HMBWDKCC@M?HC??EDSZq@^c@@GHQD?@ED]AKDUFQD@@DAB@A@DPJLRH?HD`@r@DGN_@?FBA@Q\\{AA@C_@KYKMAE?YFG?G""}"
"2023-10-13 06:47:35",walk,"Afternoon Walk",1079,83,1.308,,,,strava,10043521494,"{""elapsed_time"":1174,""total_elevation_gain"":27.3,""elev_high"":119.6,""elev_low"":94.4,""average_speed"":1.212,""max_speed"":2.186,""polyline"":""yijxHbaQEDABLXADKRCRAB?CADCA?f@ITCVGHCJGBKSIEISGIKKC@WQGM?BC?AEE]BMCQ@QF_@HI?y@Fe@FCDBF?GNF_@L[AAF_@JGHONk@DE@M@JH[HQ?CC?AIIMQGIIIAEBSGCC?KG?C@G??EGOSIAEI@OHi@r@Sj@?PGl@KVC@]h@KVI^C@GNA?ALEB?HCBGECNEBAFE@?FIBIJG`@GDAFCZC@EGCPSJAHCAEH?AC?SNC?MRCLEBE?MNC?CJGFCXFP?JBGFLHD@JFHLb@NLFLPNFBXCDDHATj@NHDTNJ?ABDBE@BDCDB@EHG?CPOJQ@BFCP_@?e@BULY@ITQHWXa@FUBCBQAIH_@HC@LHJ`@VPNZ`@DC`@}ALWGOEUS_@E]BKLO@EDHDAEMA@""}"
"2023-10-15 10:21:40",walk,"Lunch Walk",4512,320,5.044,105,,,strava,10043597925,"{""elapsed_time"":9533,""total_elevation_gain"":106.5,""elev_high"":381.7,""elev_low"":247.8,""average_speed"":1.118,""max_speed"":3.772,""polyline"":""q|b_Gs__aCEb@^hARX@LD@DJADBDRTDTHD@LHLJXPVRf@FDTd@LNBLPTHNPPLRHBHJA@BDVVLB`@T@BH@^XbAZT@@BXHBDHD@DHDNNJXBXDNDBDLNR\\T^BJCP@BCf@GPMF@LGP?VKVCJEVBIIXFDALKJ?LC\\A\\IFEL?FID@JIFA?ETARSDBBABBNI@CB@AAFGBB@END@CF??APK?BBCD@JCLGFGFAHILCLMPED?DDHGFBLA@EH?DEHB@CN?FGBBREPSFCDBFADIPC@@@GHCF?BANDLMFABCF?BBLKB@HEAAPCLGL?PI@?HOF?HGH@JABDFGD?TODBDGVCFCH??CJ?BEJB@CJABDPIFHF@@AHBH??ABAJ@NEP@HFFAJHHAHBJH@FFDCH@DDCHAA?@@?KBA@GBUJE?OJU?ICMHKAIBECABGEGB??EEKDA@KEK?EAC?BV_@FAHQPG@KAK@GBC@H@CDDJ[AC@B?CBAFA?BEGFB?I@@EADACA?CBA@B?CB?ACJIJEFI?Ga@NF??I@BDG?GVFBCIA@GCA@@AGD@LClA}@@Cs@bA@ZB?C@FMC@K]DC@QHB?CHDDC@BHGOFI??C?DGSDC?LCE?@H]D{AFWNoBWFmAz@EH|BfDDLDDB?@BSa@?EDA?GAGPN@A?BBE@?@DDI@B@CNGCDIKC@?ED?GAUs@OOt@~@B@BJ?EDE?ED@@C@EGHHBDJAAB?BPLF@A@FBAFDACDBPD@CB?ADB@ZUBOCADLC?FGE??HBBC@?BB@DA@E@MNKDNAABBJ?FGf@BGBDHCD@BGHB@?E@?FNFOHA@S[?KF@CRJDQFCBISLBc@B@ABDAKd@MDOb@BDH?EHPY?ALCE?AFIKFKC?F_DaAfCF?eAtAzAgANQEBORSRLGVUDAR]ACG?@GIBEHIBFIOLBIJPIBG@BGACD@@AA?KD@C@BI?AGECD?BEG?ATHJB?IAEFG@@CEBCKGK@@CE@FMCCISNELCBOKCBECC@KE?@CCG@AKMB@KMIAOKFOZK[EGA?ENCTGGKHE@?AG?EFAKE@AGEGIL?b@AHC?CLHL?FH@CHI??ACBACCFEA?EC?B?A?@AC@BBCBGOBMMN?FDFQMBDGF@PMKAB?AMBBBCHq@HVHBFFBA@DD?DBA@GC@AAMJKCCGC@MTCAHHERAAIJMDOHCLCBAPBB@PA?@@AF@F@?@PCLB@GV@HMLADAA?REVKTAAGJC@CCIACKCA?IOME?YKI@GCSFS?MBGCMBOAIDGCm@NQC]Fa@Nm@HCBQBYNUDOFQDIFM@GDQDIHKBI?IB]DAIC?g@\\E?MFG?WHG?YFKFI?SFG?q@\\SDSFO?i@TAACBAAOH[D_@RI@GA_@HCCCJU?c@NUAKBGC[FO?UHK?KFKBAA]PE?[LCAWHCBCAAE[IGIMIQY[kA_@_@a@SMCECI?OCMIi@OMGGISMg@UIK_@W[a@KIMWQQo@mACKIOSk@KO?IIU[e@Uq@GICYQSKc@GIEY@[WgB@g@S}@Us@Io@q@uAAKUUGEGS_@g@ESUUCOIQMKMWS[I?@G?KK?FJBEGC?C@@EAB?BFCB@@i@m@cCsAuBuBWSWYs@m@Y_@WWKEcBuAw@g@yBW{@Ua@GeB}@o@c@OEQAc@PuCdCaBbBu@dAe@h@uAlAk@Zc@LgBLWDk@BqCKU@[P{@~@_@V_Cj@qBT{@D{@C_ASs@UwAi@qA[]Gy@AWEUIQMQU[g@YaAUoAOc@}@{AyAuCi@w@c@c@kByAaCuB}@a@w@UgBu@e@e@k@eAYc@w@u@cAs@m@[YGmC[cBYc@YOQ}@}Ae@o@uDyEQ[]_AgAcEg@aBm@gCc@aB[{@O[e@o@aA{@cAw@o@[qBy@{@e@gH{Eo@YuBu@]SMMWk@iAgDcAmD_@w@a@u@gQeWMQOM}BoD}A}BsI{LkFyHY]_BwAuBkAcAs@eAk@gGuD_@M_@IsCYuA_@yBQSOQ]I}@KqCm@qJG}B?qIJaHJuBX_Db@qCpA}Gf@gEJcBFkB?mBAiBkAgh@OoDOsF[oQOaKBwDAg@?}FGyA?oAEy@Iw@u@aF@q@FY?QMw@AYD}EIy@EYIWKSOOc@]eBaAa@_@KQGSCUAeAXsBdD{QpBwLAG@?A@vBmLlBoLxByLt@cFNiCbAcM~@iN~@sLRqDpBaXLiB@}@BO@C@B@GXgDp@sJb@mFXkCzA{SHu@J[HITAr@BbAHfD^xANrGx@zBTdDRB?C@l@FH?FGFMJg@Fo@h@wHR{Dp@wJT{Ct@qIDs@ASCCB?Fy@f@gHvB_YPyALk@FOj@q@BO@QGsACmA@y@Fu@ZiD|@aIf@cDf@aEL]JINCNBb@Jx@ZTPb@d@PDHCFKhHoQlE_M~A_FrCqHD]CQo@{Ak@s@UOGAGB]`@IDQBa@BQIQMIAOJOVo@|A_BbFYp@uEnMCN?h@Q\\GT?HEBa@fAGHYnAMTG^O^BPJP?FGDS?GH@PFDDA?CA?DC?BB?CFDGCBBASI?AN]HYDe@OSQECE?G@CFCDOHEBKJOV_AN]B?La@LSHe@BE\\mA\\m@BYEQAMDu@CSC@AK@ICCCKKMEQGCCGC@B?aAo@OCADOJIAE@EAC@EGA@CACIIIEME@GEEQO?CCGBOMWKEBYACBKKI@IEM?CEYEQMIBSW]GECOCIEABCCE@KIMAAEMA_@MUM?EC@?E@@CAAIEE?BIBS?CESGAEMCGBCG""}"
"2023-10-18 10:33:44",walk,"Lunch Walk",799,65,1.028,113,,,strava,10060358700,"{""elapsed_time"":951,""total_elevation_gain"":24.5,""elev_high"":119.6,""elev_low"":94.4,""average_speed"":1.286,""max_speed"":2.664,""polyline"":""sijxHtaQAB?PMh@AFBHCJCZKRE`@CDAGIKUI?C@H@CUOAGKECKWIAOABCG?FII?EEOBEE]BC?k@@EF?@EAQHK@]ADACH]?ODCABIKC?AE?GGKIAGEY_@{@UAa@AXQNEJ?BGFO\\SXC@?LE?CFB@?AGLA?CHOV?HKRDNMF@BIA@LIJOB@DIACJCXG@EHIFINCEIH?B?AGJC?ENGA?FG?CDI@GPAPEFBRBFHDDFNBBJACRTBNAJP^NBDBADL?HFBC?KD@@DDDDBF??HFF?BJ@NTCDHPB?BKDJDC@BNQJ?DCCI?A@?BKA?FEACBDJGBBJK?KCABG@ICK@EII?IJID??Mj@o@LSDUDE?@?ABC@GD@@EC?@KECBGAWHKBCFDCCVZLFDAHNB?DFLJLRABDHHEPi@AGTo@?KFQKSAKMWGc@N[BOBEAG?H@A""}"
"2023-10-18 11:48:49",workout,"Lunch Workout",2665,,0,156,,,strava,10060919874,"{""elapsed_time"":2665,""total_elevation_gain"":0,""elev_high"":0,""elev_low"":0,""average_speed"":0,""max_speed"":0}"
"2023-10-18 14:04:05",workout,"Afternoon Workout",3472,,0,145,,,strava,10061671571,"{""elapsed_time"":3472,""total_elevation_gain"":0,""elev_high"":0,""elev_low"":0,""average_speed"":0,""max_speed"":0}"
"2023-10-19 06:39:10",walk,"Morning Walk",1293,84,1.325,,,,strava,10070827185,"{""elapsed_time"":1401,""total_elevation_gain"":27.4,""elev_high"":119.6,""elev_low"":94.4,""average_speed"":1.025,""max_speed"":3.77,""polyline"":""ajjxH~`QAAAFHRDB?BAHGLATGX?`@Wp@GFWWSYUQWWC@IECK@i@DQ?OBIAB?ICA@@@AAGB?JMBgADUTe@BOTc@DQFCFYGAEBHOPe@ALBKAJB@BAGHBGHEH[AGKSICABIKMCED?KBA@BGB]CC@@DCAEOCCEKEAAEA??BCA@EUICLO?GF]v@KDCFA^@HCHGb@GHETI?UXWt@CDC@?HC@EPA?EL@BIB[h@KHE?@JMTCRADACAFAHA@ELGAI@IRC?EDEA?DAAKDGTALCACFI?CHG@I^@XDH?FHJFDFAHNLb@LTVPJ?DDHGFAJPD\\FABBLb@BAFHDAHF?CL?@CB@?IB@AIHB?OBGLGAAROHODSCC?MHc@HKFYFILEBMZ]Lu@@YDGBABF@ABNF@`@\\JB\\f@BBDCJi@L[DUL]E_@QSKa@AKRc@?D""}"
"2023-10-20 06:15:47",walk,"Morning Walk",1099,81,1.275,,,,strava,10070889713,"{""elapsed_time"":1163,""total_elevation_gain"":27.4,""elev_high"":119.5,""elev_low"":94.4,""average_speed"":1.16,""max_speed"":2.472,""polyline"":""cjjxHdcQCACJBFAFBDAV?LIJKZOPq@}@OGKKG@AIC?@CE@IK@c@CWBG?UBODGHADK?]Dq@HKADFHG?Lc@Vm@BEBC@@?IXw@D]DGAHNM?EACCOBCOSQA?EEEK?CD@CEESCCIM?GQCA@BIE@@?C@@?ACFIEFEGAOGYN_@t@SV@HCXE^CJIHERE@g@z@E@ANQZITEBQ^IDKTEDS\\AB@d@CBE@KFBFCHE@CFK@CB?BUV?FC@CAONCAIRKD?VP\\@AHF@RD@HPHZDHHD?FHBFNVNFCJBFAC@?D@D@AB@BRFBNP@J?BTJ@DRGDEFAA??GBCF@PU@IHIB@@AHKAGFWAIA@?MNa@B]TYDC@IHGTe@FY?a@BODAB@NXVRNPJFV\\D@BCPg@Lk@L[Ci@IUMMCKB?CGAKBEFGBOA?""}"
"2023-10-21 12:20:39",workout,"Afternoon Squash",7773,,0,168,,,strava,10078321500,"{""elapsed_time"":7773,""total_elevation_gain"":0,""elev_high"":0,""elev_low"":0,""average_speed"":0,""max_speed"":0}"
"2023-10-22 08:17:56",walk,"Morning Walk",985,74,1.165,,,,strava,10082152789,"{""elapsed_time"":1000,""total_elevation_gain"":8.6,""elev_high"":119,""elev_low"":75,""average_speed"":1.183,""max_speed"":2.35,""polyline"":""cjjxHbdQ?LDIIPCXSb@AHCDCAKOY_@WSIEQQ@@?CYCMBKJACKDKOO?Ic@GHQFGJY@ECCIG@IJGNK`@IKMLMD[b@EJABCCMNMAMNMFQIKAGE]HKGWVCLAVC?ALIH@PGd@Ub@Cp@?DE@MIOYICWAk@DGIKBGCC@KAK@m@m@Wo@?IMWIYE?GKSi@KAMBGLG@IFe@~@CAABI\\C@AGKPSj@C@GHWLKAGGG?g@SGEICGG?CSCa@W]KSOKCQMC?GGOCCGECC?KBAA@CGCGK?Y@?IMABGCE@IHCFUDcAt@IDKNE@?C?Dc@\\AHEBEAIHCPCACBCJ""}"
"2023-10-22 16:37:17",workout,"Afternoon Workout",6771,,0,152,,,strava,10086478105,"{""elapsed_time"":6771,""total_elevation_gain"":0,""elev_high"":0,""elev_low"":0,""average_speed"":0,""max_speed"":0}"
"2023-10-23 06:34:23",weight-training,"Gym Session",2623,327,,,,,setgraph,,
"2023-10-23 08:31:41",walk,"Morning Walk",1132,75,1.179,102,,,strava,10088736779,"{""elapsed_time"":1229,""total_elevation_gain"":26.7,""elev_high"":119.5,""elev_low"":94.4,""average_speed"":1.042,""max_speed"":2.193,""polyline"":""cjjxHrcQ?BEMBIB@CL?AB@CFBBEP@\\AAEFCJKREPIEDBIIC@QUAGe@[QS@E?B@AGDIKAGA[BUEa@@CDCJ]BMAKHKCGFCCC?M@QZi@Je@FIAEFGFAFc@HK@G@@BULQ?KEMSWG@YCKCEKG?@JQJOCQHKLOHY^MXE@_@h@INAFIDENINIb@Y`@CNE@AH_@h@?DO\\CJO\\CA@DEDAFKNGBI?CD@@OHa@j@MZEDCLFLCFRXFBJ`@FBDRLFBFB??DNJNBDCD?HJH@FPB@ABLJ@JLZFBF?DABCFAC@DMH@?ELUZ[H[@i@DKDSNYVOJ]D?@EHI@SHQASDIB@BE?B@@H@LNHB^ZRVHHHQHMRmAHOC]M]KMAK?QJUB?AKBCCCBFC@AEBBBAC@EMCLAA@EC?B@DGE??AFBCDCIA?FF?D""}"
"2023-10-24 09:36:31",walk,"Morning Walk",976,79,1.238,,,,strava,10094821490,"{""elapsed_time"":1080,""total_elevation_gain"":27.6,""elev_high"":119.7,""elev_low"":94.4,""average_speed"":1.268,""max_speed"":2.324,""polyline"":""_jjxHjaQJLBH?FEJGAABEXAt@Mb@S\\AE[_@KSe@YEIA?MGC}A@MNSAKHi@Bk@LPAMTw@Na@RY?KTc@A@?A@@FM@KDKCB@OEMKKWMMBICOA?MK@CMIKGAKGCA_@PELi@x@?l@EFEVEJEBCL[d@CHGFGROVAHMPEPEDAHMJIRE@?DIREHC@ITOTCRMBSPYVS\\CHS^@ZJVPDp@pAVNL?VDFZRPBTLDADN@HCD@RKFUFG`@g@F_@?a@HMBOFOV]FCFUHKH]?IBSHQFDABFL\\Rr@t@F@Ji@JWBSPk@Ii@OQIYAIFM""}"
"2023-10-25 07:55:42",walk,"Morning Walk",1080,81,1.268,,,,strava,10100595397,"{""elapsed_time"":1115,""total_elevation_gain"":27.4,""elev_high"":119.7,""elev_low"":94.4,""average_speed"":1.174,""max_speed"":4.863,""polyline"":""kijxHnbQ?I@PQBMXADJDEL?R_@`AKKYa@c@YQS?@ICEI@MCUBQA]@AAI?CHDAMBKHG@ICOFi@ABBWDO?DTc@Tq@NS@KRk@PWDQCIKOC@MIUCEBUEIDCQIMEAEKI?GKGACJQDe@|@GBILAFA^CJ@DB?IROLCDF??BILG?Q\\MHE\\GFEBKTID?DCJMXOPGBCHARKTAPI\\ILIBCAMPYPMVKAA@?CDE[fA@PJVHJDCRHJh@R^?AF@AB@A?AE?BAD@A@@?EA@AA@@?AFT@RCDBADBBBNVRFHDTRLFEJA@BJSPQ?ELI@GHCFIBIA@@q@FKDWXa@Ta@ROAGFWHo@DCBDD??N?CHBBDPHNNJD\\f@DOJSPaAR]GYECSk@CUFQ""}"
"2023-10-27 11:40:19",workout,"Lunch Workout",6461,,0,147,,,strava,10113190191,"{""elapsed_time"":6461,""total_elevation_gain"":0,""elev_high"":0,""elev_low"":0,""average_speed"":0,""max_speed"":0}"
"2023-10-28 10:52:19",walk,"Lunch Walk",2214,152,2.395,112,,,strava,10118378559,"{""elapsed_time"":4303,""total_elevation_gain"":59.3,""elev_high"":119.9,""elev_low"":73.1,""average_speed"":1.082,""max_speed"":2.119,""polyline"":""kjjxHxcQBC@BCL@\\M\\ID?LEFGAi@m@IC_@[AEICOBCBKACBKAABAE?@OEGBMIIMDIKFGJMJKCEBKKQDENAAEBKNIBKLEBACC@Q\\GD@DMREDG?EFG@UPc@CKESAKFKAYf@?FEFG^EDGb@APIRAf@GPIEYSIKQGO@IAIBQ?ICIDE?MEE@SIg@o@CSKSIICMGOAMWg@GSOKOPGNa@f@a@n@MXMLMZGHIBEHC?KEe@GGGE?]OEKYG[OKAk@_@IAYOC@[SEIICKU@MSM}@n@QPOFc@\\?G_@b@KJG@SXI@?CKIJCCL@FBCEQC?EH@FAI?DEGBBHa@AFB@BAA@BF_AzB?SLE@@UlARa@D?@MDIb@eBXWG?KJBXA_@IQFGHJ?w@B`@J\\NK@ILSJEJ?l@m@JCVSNGDKPKB?\\j@RHDFJFDL@E@@D@?BLDPLF?TND?VPD?DDNDBANHLN?EB?FDJBDFL@BDVJNAJG@GLMTi@NSHSFEH?FWP[@@@KZ[FMT^BJHFRn@JNBLHH@NN\\LLAHACA@@C@@DJTDBBBCBBBAJDD?@B?AD@@AFAT@NCXBTJNTNJDOAQBi@BECG@KLUFY?IHO?EBCBGHa@DGJ?@AAA?BD?JELJZC@@NDNELQJ@JGB@HOJa@XOHADILEF_@FIH?BDLCD@D?DD@ED?BCHD?MHOHEBDJZBFA@LC?FHBDEFCA@B?HETDFADFJFH?RLVZHNTNBMJSDYFMBYFWBCAa@Ua@GWBOLO@B@EEKBC?CCA@BCBAEFB?D@I?DCBDF?AAGE@GABA@GH@""}"
"2023-10-31 09:13:54",walk,"Morning Walk",1041,77,1.211,103,,,strava,10134893371,"{""elapsed_time"":1256,""total_elevation_gain"":24.2,""elev_high"":119.1,""elev_low"":94.3,""average_speed"":1.163,""max_speed"":2.597,""polyline"":""{jjxH|`QLIBNTX?FAAQt@?j@Sr@IHm@m@GMYO[]@OEi@@WAE@ITa@BUAMDWAIFYNa@@?HOT[Ul@CL?AMKQYE]?MGYC?AH?\\PVEIE@EKKGWMA@GCSEGAIDG?AEMFKRQh@IFK\\KJGTIHAJKJEHAFGLE@Q`@KLY~@IHG?GDKPODILELOLQZA\\B@LXLB@FB?DTJNBNLTH@NLB?DBHANBHL?JF@BFFF?PRFDH@A@DDE@@HABBFOVUBECCB@HQB?JKBQAM@E?OJIBM?KNYHEDIFAJ[LIJo@@SBENJVBNJ@DLHXb@FDFE?KTq@BWRc@Ig@?@IEEGM_@DUHSBACADG?BGIDB?DCAAAF?ACBD?@CA@S?JEL?KECAEF@@F?GEB@?EC""}"
"2023-10-31 20:40:57",walk,"Night Walk",1976,187,2.949,,,,strava,10138571742,"{""elapsed_time"":2095,""total_elevation_gain"":59.5,""elev_high"":119.2,""elev_low"":74.9,""average_speed"":1.493,""max_speed"":3.826,""polyline"":""ohjxHfcQRh@DBNZIZC?@@GDE\\Qf@MdACBSd@GT?TELGDIZCX_@bAALGP?JSdACXUz@SfB?BEA?BC|@E\\GLGDMCKIGKg@e@]a@GSOOAME?W[KMIC_@a@WBGE[e@i@g@AEIEYg@KEOUEMGGEHEAEQEAYUeAkAKAa@FUAEEAMUHUOKAICO_@ACM@MQQ_@WaAIIS]GBa@h@]x@EBAFMLS\\Sd@?AALACCDCHIEMCM[OCE@WICBGME?EBYMC@OIAEWIMICE_@[CIEH]Ku@_@IO[MI@ECO?m@f@WVE@?D]JAJQPGEO?ICh@t@}@wAFBEID@RL?D@E@L@IGAFHAEA@AAFH@G?DEGBLA@?ACDCQBD@E@@E?DEC?BJGA?ID@CDAGBJBM@L@E?FBCN\\IHKEHCABD?JSHKFUPKT?VBLGHIHYRWN?BGLM?CRXDNNL@CFLJHFJB?NJPBRV@?DD@CHDJHHADFNAJHH?VVH@FLHAFHJDHCRNHCHOPKDUFOB?FMVWJYHEFUNYTSDIH?AK@AD?Tx@FHB?DFPXj@xAd@RDJB@BELHHADCD@?AVIT?ZD\\f@DR?CHDTTFJ@ADFHDTVJBPZAFl@b@LRJH?FHJ?BD@RNRXHDVXVPBJHJB?DJ|@fA@HB??HH@BF\\PDJD@FNDBJBHEBIRqBLe@@a@BCDMCMBQNo@DKFk@DK?EDE@UFWBIFEFe@HKPcAHGD]FODYHG@GDC@WFOFa@BAHMDOBGAEBGBE@WAIMWC?IOGUS[CMm@aAASFMBI""}"
"2023-11-01 08:02:38",weight-training,"Gym Session",2548,360,,,,,setgraph,,"{""sets"":[{""exercise"":""Standing Cable Flies"",""reps"":12,""weight"":5},{""exercise"":""Standing Cable Flies"",""reps"":16,""weight"":5},{""exercise"":""Standing Cable Flies"",""reps"":16,""weight"":6.3},{""exercise"":""Standing Cable Flies"",""reps"":16,""weight"":6.3},{""exercise"":""Shoulder Press"",""reps"":12,""weight"":15},{""exercise"":""Bicep Curls"",""reps"":12,""weight"":7},{""exercise"":""Shoulder Press"",""reps"":12,""weight"":15},{""exercise"":""Bicep Curls"",""reps"":12,""weight"":7},{""exercise"":""Bicep Curls"",""reps"":15,""weight"":7},{""exercise"":""Shoulder Press"",""reps"":10,""weight"":15},{""exercise"":""Lat Pulldown"",""reps"":10,""weight"":42.5},{""exercise"":""Lat Pulldown"",""reps"":10,""weight"":42.5},{""exercise"":""Lat Pulldown"",""reps"":14,""weight"":35}]}"
"2023-11-02 17:02:59",workout,"Afternoon Tennis",3625,365,0,131,,,strava,10164638227,"{""elapsed_time"":3625,""total_elevation_gain"":0,""elev_high"":0,""elev_low"":0,""average_speed"":0,""max_speed"":0}"
"2023-11-03 11:56:38",walk,"Lunch Walk",1049,80,1.262,,,,strava,10152645405,"{""elapsed_time"":1073,""total_elevation_gain"":26.7,""elev_high"":119,""elev_low"":94.3,""average_speed"":1.203,""max_speed"":3.248,""polyline"":""gjjxHhcQ@D?z@OJIN@TCDE?C?QQIK@@AEOM?COGEIQO?BCC@D@AA@CE@BEGICCEAOGC?c@BA?M@E@K@??GBIB??MBAJ_@AQHs@IDRQ^c@\\u@B]JQ@SFG@BBCFKG_@OOYMGBYCIKEHIUIIEBMIUFMHGLIZUZCL@\\EHGd@EJA?ACGDELQNUZWf@CJKTEDAAGZKPIBEJ?DKHK^E@AFMXGFKBGJK@GFA\\EG?DEDAFC?CFANIBGF?HENB^DJRAHNBAAFFFDXFBHVTXFBLGD@@CBBFCJf@FB@JD?BDDAHJH@?JC@?BPCBBDGHAACFCDOD?HUDCBDHEHIAE@ECG?OBGAQC?D?@IH??K?@FYJEBSDEL?LY@GDE@IDGB?DGACDE@KCGFi@AJ^XJNFD@BF?^f@D@DGJY?IDGFa@Pg@?@Ec@Q_@GY@IHK?BAC""}"
"2023-11-03 14:03:38",workout,"Afternoon Tennis",3622,474,0,148,,,strava,10164638218,"{""elapsed_time"":3622,""total_elevation_gain"":0,""elev_high"":0,""elev_low"":0,""average_speed"":0,""max_speed"":0}"
"2023-11-03 19:00:08",workout,"Evening Workout",2747,290,0,150,,,strava,10164638219,"{""elapsed_time"":2747,""total_elevation_gain"":0,""elev_high"":0,""elev_low"":0,""average_speed"":0,""max_speed"":0}"
"2023-11-04 12:22:43",workout,"Lunch Tennis",10360,1615,0,167,,,strava,10164638016,"{""elapsed_time"":10360,""total_elevation_gain"":0,""elev_high"":0,""elev_low"":0,""average_speed"":0,""max_speed"":0}"
"2023-11-04 16:05:26",workout,"Afternoon Tennis",4940,728,0,161,,,strava,10164637892,"{""elapsed_time"":4940,""total_elevation_gain"":0,""elev_high"":0,""elev_low"":0,""average_speed"":0,""max_speed"":0}"
"2023-11-05 12:16:44",walk,"Box Hill walk with Marty and Ellie",2567,156,2.455,,,,strava,10164614049,"{""elapsed_time"":2923,""total_elevation_gain"":141.9,""elev_high"":180.4,""elev_low"":39.8,""average_speed"":0.956,""max_speed"":2.584,""polyline"":""qoxwHxa|@BJHHFNFBD?IIDO@RGEGBB@C?@BDA@GJH?C@BBABGBHLC?GDCLS@BACFG?KHSJMBBJKDUFG?KLMHQD[HSBMFM@IFE@MFGB?CEDGAKDGAOBS?G?BD@BCCA?D@?E??EDNEE@LBBBNDGDAACBF@A@RCH@B@@JKB@?j@AH@JB@?HJb@@AAJDPCZ@XEH?^CA?D?VIVBA@BEJ@RAF?LED?\\OZ@RDDD?E@IAEHG^ARENGFEV@RBB?E@DAJBF?FGJAJEL@HCNBBBJADC@E`@C?CRCDAAAHGL@DA?BPIz@DLM^ARB@AFA?AR@HJHACJ@?EJDAL@A?BC@G\\ED@JAFFDBFFB?AAAHXANBJBA?DDDCDBFB?FHM^APA^DPANBPCXIPANDVALKFCH@HFJ?AAFAE@DE?NPBJC?@FFPA@?G@DADDBBCABBBDJEEBB@JFFFE@BCADF?NENC@BBE?ILG@GDMC?CCAAFG@CJEBECCKE?CBADAAGD?BIDIPGBABDACJBJAJEBAJGH?PE?EDGf@GF?JMRCd@GNBBLMACDKAK@C?D@YBG?KNU@OIWI@EBI?KIMAUDUGSAKIC@[A?DG??@AOG?BNL@FDR?\\H^@@ABKBFJBF?JBJ@?CFFH?PAFU?GJSBABq@BFBCA?ACBC?BBCTD?K@FD@@C@@?ED@?CCIBEJCA?BBDAJDJEBG?@HIBI?@B?DO@MDKGOEAAGCAGOAOEAG]EEC?EMAT?E@??@@GDF@CGACIAAA@@CC?A[LO@YGOABCGFGB[HW@QCABKEEBUACDIAMDI?@?EBIAM@A?CEOGE@AGG?B?IGK@CAGDEEG@GMIACCB@ECC@D?EC?@??IAEDD?SBC?OAADKAGAEGAA@IIEH@AGIDIAOBIB_@DIAI@?AUBOC[@B@GB@AKA@BUEIF@E@AABDD@?CBDAEA@?@@GBM@@FGF_@B?HUEI@WEIDKAIHQC?CKBKEQ@QEJG?ACHCBBHY@MBA@]Py@?UPg@HiADUBCAF@ECCBKCUDB?CAE@SEW@SScAAQMg@CWKg@EB?CINMn@[t@GFQt@C?O\\C@CHEBGJIRGDI\\EF""}"
"2023-11-06 09:15:12",walk,"Morning Walk",2087,151,2.383,,,,strava,10169373172,"{""elapsed_time"":2442,""total_elevation_gain"":9.7,""elev_high"":162.1,""elev_low"":154.9,""average_speed"":1.142,""max_speed"":2.258,""polyline"":""wrhxHteNg@\\B?DDAAEBGDCHB?CC?F?CCB@?ABAE@?KDCFIFCAADGFGA}@dASJMPQHI[E{@SYEOCAOmAMc@Mi@Yg@SKM@QNC?C[?B@DEu@EYMQKCEKSDQNG@IDG?IJG?QHADKBCECWEEE?CG?DACDTAGBH@C?FC?@ALd@CM@?CABB?FI]@E@@ACHX@BDAZYTELK?FJQJ?DGF@@CF@BJZb@HbA?JEFC?W\\e@b@GR@ZHf@BC?TFT?PH\\CLDABFD?BFCB@XLx@?THLCb@QVSRBCBD@CB@AAKDOLGJYRc@LKFG@IFEl@?^Jv@\\fAPfA?b@Xj@\\GLKbAwBNQLUDMFk@LWJ[d@{@Pc@RUJSC{@Sy@?GO]Mq@@uAEk@O_AQ]@CGYGQ[a@KGK@e@d@GBi@p@IDGP@ZRz@J`Aj@dDOj@WR?ACHIFGBORi@VYHIBABCAId@A\\@CC?VvANb@XvA@h@L^HFD?ZEHI`@_AXa@FST[JC@E?WP}@JU?@BAL_@R[Nc@`@g@HU@KPMHCPQPGNSTSHQLMRe@FEPWTe@PUDUFG?WCQBMAA?H@E?@A@?C?DDE?Q?B""}"
"2023-11-07 08:20:06",walk,"Morning Walk",905,65,1.031,113,,,strava,10174938585,"{""elapsed_time"":1065,""total_elevation_gain"":24.2,""elev_high"":119.3,""elev_low"":94.3,""average_speed"":1.139,""max_speed"":2.261,""polyline"":""uijxHdaQAAC@LNINMf@?GEHBr@QZ@JCDA?ELG@ACBB?@EC@@GM][AEICIGQWCA@BC?AABAECC@?EMYDOEY@C@@A@AC@YBEFi@BCAODE@@EGGBII?CKCQ[ECAEECCK?@QIGSGAKIEMGCI@?IC?Uf@Sp@CAIJ?FMHK`@EHIDGXML?EIRAADMORCPITKJAJ[PGPIBINGRMNEV@NHNHBLLDXHPLJJTHD@BF@HHDCN?LV@?@DBDH@HLBJFJFHNB@GRQTQDIFAJMH_AHQBOP]JEJYHIJ[FIBMAIFSHEBBTRJDBDVPTT@DF@Na@P_AL[?@Ii@Wk@@ONW??@CAOCC@ABHAB@GA@CA@C@H?BC@?C@A@FGIE@""}"
"2023-11-08 06:47:23",weight-training,"Gym Session",1929,232,,,,,setgraph,,"{""sets"":[{""exercise"":""Shoulder Press"",""reps"":15,""weight"":12.5},{""exercise"":""Shoulder Press"",""reps"":12,""weight"":15},{""exercise"":""Shoulder Press"",""reps"":12,""weight"":15},{""exercise"":""Dumbbell Press"",""reps"":15,""weight"":8},{""exercise"":""Dumbbell Press"",""reps"":12,""weight"":12},{""exercise"":""Dumbbell Press"",""reps"":12,""weight"":12},{""exercise"":""Dumbell Rows"",""reps"":15,""weight"":12},{""exercise"":""Dumbell Rows"",""reps"":15,""weight"":12},{""exercise"":""Lateral Raises"",""reps"":10,""weight"":6},{""exercise"":""Lateral Raises"",""reps"":10,""weight"":6},{""exercise"":""Lateral Raises"",""reps"":10,""weight"":6}]}"
"2023-11-09 10:17:35",walk,"Morning Walk",1067,81,1.268,,,,strava,10187559185,"{""elapsed_time"":1141,""total_elevation_gain"":24.1,""elev_high"":119.1,""elev_low"":94.3,""average_speed"":1.189,""max_speed"":3.422,""polyline"":""ajjxH|`QAHHJBRUj@@v@Yt@EBPg@AJ@CKZCBUU[_@GEHBe@WEKEBAGGAAa@@y@Nk@JkAFOD[EBN[@D?ERSJQHIT{@GK@EK@IE][KQACBA?CKAMB?CUNI@s@h@ALQRQf@?E?@E??FGLA@CHKDCJQVGXEFQ`@C@KRCNINA?AIEA@JGFCXE?Ut@KPKHQTYJEDENEBOVGNAKCCABC\\@TJVVJ@NHJ?FDHDBBJLPXNHAFEL@HN?HFNNHDVPP?CV@RS?GFGLIBKLMFABE@YAEABCI@YLODMR]FCNYBGFEFMHm@DUDCFADN^Tr@v@B?@Cn@aCG_@[q@?KFMFS""}"
"2023-11-10 08:27:03",weight-training,"Gym Session",2089,285,,,,,setgraph,,"{""sets"":[{""exercise"":""Press Ups"",""reps"":10,""weight"":0},{""exercise"":""Press Ups"",""reps"":10,""weight"":0},{""exercise"":""Press Ups"",""reps"":10,""weight"":0},{""exercise"":""Seated Machine Row"",""reps"":10,""weight"":20},{""exercise"":""Seated Machine Row"",""reps"":10,""weight"":20},{""exercise"":""Seated Machine Row"",""reps"":10,""weight"":20},{""exercise"":""Plate Loaded Shoulder Press"",""reps"":12,""weight"":10},{""exercise"":""Plate Loaded Shoulder Press"",""reps"":10,""weight"":15},{""exercise"":""Plate Loaded Shoulder Press"",""reps"":6,""weight"":20},{""exercise"":""Barbell Skullcrusher"",""reps"":10,""weight"":12.5},{""exercise"":""Barbell Skullcrusher"",""reps"":10,""weight"":12.5},{""exercise"":""Barbell Push Press"",""reps"":10,""weight"":15},{""exercise"":""Barbell Push Press"",""reps"":10,""weight"":15},{""exercise"":""Barbell Push Press"",""reps"":10,""weight"":15}]}"
"2023-11-10 11:33:05",walk,"Lunch Walk",914,74,1.157,,,,strava,10193268400,"{""elapsed_time"":952,""total_elevation_gain"":24.1,""elev_high"":119.1,""elev_low"":94.3,""average_speed"":1.266,""max_speed"":2.822,""polyline"":""}jjxHf_QBNABHT@HXd@I^AZEO@B?LGFD\\AFMT?DIF@DKJGK@FK[QGIQGAa@Y@BAMCBBJA@@CISAMCCCM?m@HYHEDECOBC?PGHG@ERAADC@KHQ?MBCFa@ACKAI@EGKAQ]OM?QCAA@ATAABC@?AAABIAMNOy@MYKEML@@S\\GVMLKX@FIDAREFCNE@GJE@EP@FQHCJGFA\\KJADUACJMFAFECE@IFEJCAENIJQ^ARBRXf@@HNV@JPLNVVRNDHCD@H\\HFP\\PRH@BCJ@RSFEBGAAVSJQDQAEDIBe@DQHEBSPWFCLQBMFG?EDSAKHOAOFWDCF?AJ@A^XXVPTBFFFBAL]Py@L[Co@[u@?ITa@@FDA""}"
"2023-11-11 16:38:20",workout,"Afternoon Tennis",6046,827,0,146,,,strava,10246663140,"{""elapsed_time"":6046,""total_elevation_gain"":0,""elev_high"":0,""elev_low"":0,""average_speed"":0,""max_speed"":0}"
"2023-11-11 18:31:31",workout,"Evening Tennis",4023,572,0,148,,,strava,10246663168,"{""elapsed_time"":4023,""total_elevation_gain"":0,""elev_high"":0,""elev_low"":0,""average_speed"":0,""max_speed"":0}"
"2023-11-13 07:07:03",weight-training,"Gym Session",3028,385,,,,,setgraph,,"{""sets"":[{""exercise"":""Incline Dumbbell Press"",""reps"":20,""weight"":8},{""exercise"":""Incline Dumbbell Press"",""reps"":12,""weight"":12},{""exercise"":""Incline Dumbbell Press"",""reps"":12,""weight"":12},{""exercise"":""One Armed Bentover Dumbbell Row"",""reps"":12,""weight"":12},{""exercise"":""One Armed Bentover Dumbbell Row"",""reps"":12,""weight"":12},{""exercise"":""One Armed Bentover Dumbbell Row"",""reps"":12,""weight"":12},{""exercise"":""Pec Dec Machine"",""reps"":12,""weight"":27.5},{""exercise"":""Pec Dec Machine"",""reps"":10,""weight"":35},{""exercise"":""Pec Dec Machine"",""reps"":12,""weight"":35},{""exercise"":""Lat Pulldown"",""reps"":12,""weight"":35},{""exercise"":""Lat Pulldown"",""reps"":10,""weight"":42.5},{""exercise"":""Lat Pulldown"",""reps"":8,""weight"":50},{""exercise"":""Incline Press"",""reps"":10,""weight"":20},{""exercise"":""Incline Press"",""reps"":12,""weight"":25},{""exercise"":""Incline Press"",""reps"":10,""weight"":25}]}"
"2023-11-13 08:54:46",workout,"Morning Tennis",5612,858,0,156,,,strava,10246663162,"{""elapsed_time"":5612,""total_elevation_gain"":0,""elev_high"":0,""elev_low"":0,""average_speed"":0,""max_speed"":0}"
"2023-11-13 11:32:15",walk,"Lunch Walk",1037,79,1.237,,,,strava,10210546661,"{""elapsed_time"":1122,""total_elevation_gain"":24.1,""elev_high"":119,""elev_low"":94.3,""average_speed"":1.193,""max_speed"":2.316,""polyline"":""kjjxHvcQ@d@CRGLCNEB@FBDKFECUc@WYUIa@YASBQGSBa@FYLU?QF_@AIFWF?ABFF@QIPDi@Ro@JWB_@A]MWECYa@A@@A@BICEDQD]PI@QLADOJKRGHALGLUVS`@?CC?AA@DCA?NINERIHAHEHIBCJIJGTIDATGLCQEFANCB?RA?GHCPG@ABKFCHOFIJE?GDMRK\\EBKTAZPR?AD@HNA?Cc@CAABAL@HA]BNCKDh@DBL^TTN\\D?DH@CNDV??@GAB@AFPLDJJ@DHHTNJ@AD??AD@AEA?FEF@@A?CHKBKFK?BBCBB@CCDBFBI?IB?BH@?@]HG?C?g@DSNY?OFC?CDARWFER[DWDKDg@DID@BNC@?G?@DB@DB?XTNN`@d@DCDMB??GJGDSDc@H]DGMm@Q[DDKW@INW""}"
"2023-11-13 13:08:50",swim,"Afternoon Swim",1150,,0,132,,,strava,10210995422,"{""elapsed_time"":1150,""total_elevation_gain"":0,""elev_high"":0,""elev_low"":0,""average_speed"":0,""max_speed"":0}"
"2023-11-13 14:12:19",workout,"Afternoon Table Tennis",2134,180,0,120,,,strava,10246663346,"{""elapsed_time"":2134,""total_elevation_gain"":0,""elev_high"":0,""elev_low"":0,""average_speed"":0,""max_speed"":0}"
"2023-11-15 09:59:52",walk,"Morning Walk",947,76,1.2,,,,strava,10221682762,"{""elapsed_time"":1101,""total_elevation_gain"":26.8,""elev_high"":119,""elev_low"":94.3,""average_speed"":1.267,""max_speed"":3.575,""polyline"":""wkjxHfgQYm@KO_@UJ@OIAECB?AMC?]CA@GCQDa@ACBGA?NSFOA[FS?H?@AQD]JB?C?BAAGLB@AAPQNWFWEI@KADD?FI?MFK\\gAHKDSKYYOOA@BWIG@CMI?IMSKKKE@?BIJKDe@z@KJEd@?PIn@OJKDKZQVCPE@?JKHC?ILIVGAITIBIHWd@Sj@ERo@f@WXWp@GZPd@DFJBPb@FF?DHNHLD?DHJHTDHADBFHBNPTJVNNH?PGNYPMFMJ?LUFe@AOEGDQN_@DA\\]DSDIDCHUCEDM@SHWHABJVLf@d@LTJF@AHU?MDGHOD[JYAq@U_@GU@KHM@M""}"
"2023-11-16 14:36:12",walk,"Afternoon Walk",913,77,1.205,,,,strava,10228902240,"{""elapsed_time"":929,""total_elevation_gain"":26.1,""elev_high"":119.1,""elev_low"":94.3,""average_speed"":1.32,""max_speed"":2.486,""polyline"":""qjjxHfaQH@LR@FUl@B?BJAAAp@KRAJIPGDEAMWQWGAEKC@c@_@ICCW?e@AB@C?@CA@OH]FGBB?C?IDi@D_AFMRSRe@DENi@A@Xo@A@KA_@WMQOIOGO?SFSLI@YXOb@QTKTIBQPEN]f@ITIHKRM^QXKHc@bAALu@h@IJIRYd@IV@PJZPRHRX^JVFDJBRNFAJDJRTVTf@DBJ?JCXUFOPKLMDKB}@N_@BOJUFCNQVu@He@AU@EHB@BACE@F?LJH@n@l@RXFBJe@HOFa@Pg@G][w@AKN_@""}"
"2023-11-17 07:04:15",weight-training,"Gym Session",1519,170,,,,,setgraph,,
"2023-11-23 14:11:35",walk,"Afternoon Walk",884,69,1.093,,,,strava,10272805568,"{""elapsed_time"":905,""total_elevation_gain"":24.1,""elev_high"":119.1,""elev_low"":94.3,""average_speed"":1.236,""max_speed"":2.472,""polyline"":""kljxHneQA@[QEGA@QKCBGKG[?y@@KFQBABBB@?KDMEWJcAHUTa@@M?DAGFMNSJ_@BYIWYM_@a@U?SHKHITMLADGFOVC?ELOFEFE@EHCACHCAK\\QTERUd@@DIVID@BI\\CCAHIBCLGHEPONMVKJ?D_@JIRG@INC?AJCF?HG@?FILADA??NIVJTJFHLFLFFHPLFJVLC?JHBDEDB\\T?A?BBDA@PFDTN\\JGD@DE@@DCHA?CDC@GB?BGNEFGB?DW?K@@@IEQ@KBAJYHMFS@?FM@@JWDEDKDAFIJi@?ODEDSH?BJHFVLHJD?@HFDZd@DAH[@MLSDWPk@Io@M[IIAE@EHSAE@A?@BE""}"
"2023-11-24 10:34:03",walk,"Morning Walk",1000,74,1.164,,,,strava,10272871998,"{""elapsed_time"":1055,""total_elevation_gain"":24,""elev_high"":119.1,""elev_low"":94.3,""average_speed"":1.164,""max_speed"":2.548,""polyline"":""cjjxHn_QIJAPDPHHF@FJAFSn@A|@QZAPIFA?QOCKMIGM[QKIB@?CKGA@B@E?KOE{@@C?@DDAB?c@CBBEFYFABI?@AOB[DEBq@QCCD?GAABFUe@a@g@@GBJBAGI@AFHFDBHHJu@m@YKE@Y^Sj@CB@AEBCVGDMTC?Ql@K?KFCPKFCL@DGLERIJQ`@m@ZC?GVIFAFEDK?ELA?KZBXDNNDH@HFH^TX@HHN^LD@JGD@L\\DFA?PT@TDDNFFGNCJKHSLKTYDKCc@FS?GLMPc@HERa@RW?SBEHi@J?@Df@^FF?HH@Z^HBNe@F]@QJWF]Ke@Sc@CMBKLW?A?B@@""}"
"2023-11-26 19:01:44",workout,"Evening Tennis",6472,1020,0,164,,,strava,10362315673,"{""elapsed_time"":6472,""total_elevation_gain"":0,""elev_high"":0,""elev_low"":0,""average_speed"":0,""max_speed"":0}"
"2023-11-27 09:09:37",walk,"Morning Walk",2337,154,2.42,,,,strava,10288875691,"{""elapsed_time"":2569,""total_elevation_gain"":8.4,""elev_high"":162.2,""elev_low"":154.9,""average_speed"":1.036,""max_speed"":6.932,""polyline"":""evhxHxhNONI@KJCBD@ABe@X]ZSsAYu@Iq@c@eBKWMOSGO?KDECEUEk@C@?SEKQO?Kq@Nu@f@UH@AGEEMJLE?@PW_AFP?IDD@FA??EC?DGEBDAC@?KEFA?@NJd@A@EG?BAE?@CEAOFLAUNPBJ?DB?@HEHDCABC@EEBECC?GBJCEKc@BNHL?AAEBRFA@ED?RQZMD?NMRGHID?BLABJT?G?DHJBh@Fl@@?_A|@GLAJHt@bAxF?JGHGRS\\k@d@CD@AKBMNEAIFMBQHIPAPAv@Lr@Rp@TdABZ?\\Tf@?JHEN?JCPS?IJUV_@Ri@Xa@HWDYJg@Ta@DMDEd@eA^g@D_@UuAUy@Eg@?q@Gq@W}AGKGC?MOm@Ua@UEQJu@z@SJMT?THh@Db@HZJt@BDB\\HXL~@@ZETKNKJGEEHBDCDMFSVQLACODEDG?UHGFEJC|@Df@Jj@d@hBDP?\\Lf@LHXANOf@aAXs@X]FQLaA^q@DSFIDKTc@\\_@Xk@NENORIPSb@m@LYLOJ]NGFIDQTOFOBSBc@FCBK?CADCA@@?E@?AB@AA@ACBB@AG?FCAB""}"
"2023-11-28 07:22:00",walk,"Morning Walk",1056,83,1.312,,,,strava,10299871373,"{""elapsed_time"":1097,""total_elevation_gain"":26.1,""elev_high"":119,""elev_low"":94.3,""average_speed"":1.242,""max_speed"":2.516,""polyline"":""{jjxH``Q\\v@DD?DCTKT?E@AAD@BCX?ZQj@GB?DCDU[USECMOICSUI?AC@ECSDc@@g@BMLSC_@Hu@BABFD@?JPs@ASPi@ALBIRy@LYBFHS@KA_@OMCDq@G?EIA?IECABAEBCIME?ACGA?CCBGAMEWVm@jACfACRIFQVGDGRMHIN@@GL?HGDAJMFIJCT?EKJGRANIBCA@GEF@BCD?DIH?BE@@JCLMLEPMJACGBEFEB?DEHIBMNEA@BACWn@?B?ACD@JCHBHFJLHD?NPDF?HR`@?HFD?BHALD?CABHCHBJ?DJ@TFBAFDDLF@LFL?FBCBDB?DC?HFFFAHIF?PUFCFEDQHCBC@G?c@Fg@FGNe@HEB@LS@KTo@?a@N_@CBDBBC@FCC?DAC@?DHN@NHVTZh@B@BANk@DEPaAFMKg@S[IYDGDCDQ""}"
"2023-11-29 10:21:14",walk,"Morning Walk",1229,88,1.388,,,,strava,10333057566,"{""elapsed_time"":1347,""total_elevation_gain"":27,""elev_high"":119.1,""elev_low"":94.3,""average_speed"":1.129,""max_speed"":3.91,""polyline"":""wjjxH~_QLH?LCBXb@?DGRAA@MG\\GfAMXCPIHo@w@?@GA_@[EI@BIEEs@CI?]DSP[Bk@Di@JQD@AFFMJc@Pg@BABDDIPq@JYDEDKAQKSIEDBOEU?GECBOAAIBAK?GMEACGWI]CKJ?HGTO\\E@INEz@Wt@BGDARw@AGC@?ICV?KAHAA@GCVQXIR]l@Gb@GJAFKJGRGFCLEDADAAMJENAHQHGNCZEHAHOFKNCJM?CBADONGPY\\GT@XJJPH@JD@BLDF@LHNDBHRBANLB?BGFDNADBFJDNBFLFJ^JJF@NG@BHCJSHIB@BC@@DKDABKDABO@s@HUDCFWHKRM?EHIDOFGFSAKBYDC?K@C?@BCF?RVPHHHd@l@FB@Ap@aCAYGYWe@@QJSBSEA?EE@@CBBGGBB?ADAFDBC""}"
"2023-12-01 13:04:29",workout,"Afternoon Tennis",5816,898,0,162,,,strava,10362315672,"{""elapsed_time"":5816,""total_elevation_gain"":0,""elev_high"":0,""elev_low"":0,""average_speed"":0,""max_speed"":0}"
"2023-12-02 18:32:36",workout,"Evening Tennis",3534,584,0,169,,,strava,10362315631,"{""elapsed_time"":3534,""total_elevation_gain"":0,""elev_high"":0,""elev_low"":0,""average_speed"":0,""max_speed"":0}"
"2023-12-10 09:49:22",walk,"Lunch Walk",2983,224,3.52,,,,strava,10362194382,"{""elapsed_time"":4335,""total_elevation_gain"":65.4,""elev_high"":119.1,""elev_low"":62,""average_speed"":1.18,""max_speed"":4.152,""polyline"":""ojjxHh`QHZLPBHSb@Et@BNUr@GFEAS_@MQCA?@EKa@UEI?BEGA@GKE@EHEAE@GFSA?MC?M@GB?IB@AICBE_@KNAAEBGRC?OJCSMACDI@EBCLGN?BCDE@AHIAKHI@AJEAO@CFCVEHM@?BEBAD[FIHE@C?AEECC@G?GIIBICKJQGKFS|@@HCTAAABG\\E@?AANC?ABGZAAAR@\\CFC@[c@OMYCUBSF]BSEACIAGC[e@Ma@GIM_@m@sAD@C?MHo@t@MTKJs@`BEBBCAIGCODMJWMKAE@_@UMCEGAEMIK?EEG?QIGGSGy@g@MC?Bg@e@CM@SOOE@ONIH?BEDEAg@d@i@`@MDEZGAC@@AEAC@ONQJIH?HCFC@@@KPAIG@DGBE?HDAGNF@CDBBRYWMOAY\\E@CF@FDXEBETG@@CGEAQEIC?KJMXSPE@@@IDCAOPIBQBGHKBKJM@IHUD_@`@EHEACIOREB[`@ORMXC?EOIB@DAVREFJ@AABVNFJH?JLLDDFBC^^F?RRFBBAJLD?BDBADFD?DHJHLB?BLJF@LV@@BGPPHNFABFJD@HD?FHB?d@h@B@FJD@@EDH?EFLLLJTHD@FNT`@`@@?HPTNFHNFHHDJFDBPJHBJTTD?TWCOFKCP?QAHDG@@F?C@?BDGEKFIEEA@@@?AAPOG?PPu@B?BG@?J]CUUSAKKK@I?BBCHSJGDICLAAJ_@LM`@cAHGDWRe@BQHOA@FEBMP]AIBAHKBMFGLWDWFIBORm@\\q@HMHq@DKB@@GCMG@B@CDBDIACSBGDCVa@FO@Kh@eAPQFURWFGDALSB@HUFLDDFXVf@FVLPNb@p@b@HCFBDA@@@EFB?EDGD@HNLMJC@ET?XH`@b@DBBUESDWFILkAHQBKHQF[XQLFBCFBRB@CHn@FP@DC?BDDBRXh@TDAJFJ^JFJTLJFBDEFC@DLCDBTq@PG@@PODg@?WHYHE?GGEDAHSHEBBDETi@FQ@WL]BWLX^Xp@t@D@XaAHc@HQBSMs@S]CI@INO@M?F@A@D?IEGB?CC@CCF""}"
"2023-12-11 09:02:58",walk,"Morning Walk",2203,151,2.384,,,,strava,10362314465,"{""elapsed_time"":2484,""total_elevation_gain"":7.1,""elev_high"":160,""elev_low"":154.9,""average_speed"":1.082,""max_speed"":2.62,""polyline"":""oshxHffNGLQLSTG@UPMDCHg@h@OLQJMPGDAL@EHZMc@ASGSBPC_@EQAWOSCIKi@ASOk@EKKm@Ua@OKSCOBAFEBIg@E}@GIQM@Kf@Q@@HG@o@Mk@FF?l@CSBE@@AID?EB@BGBDE?CCB@CCD@CD?CA@@AC@FAABAAAA@@E@??@?CA@?@BCCBAA@DCB@@?UAJFX?D?IC@@BCGBZAAAICXACDVACGAUFSN?L@HB@HA@@ACB?BRFLHxAILYN?De@d@ETDTDDBb@Jd@@CTpBXtAACBTOZMRw@x@[PO?YNKNCl@?RBPRbALXXrAA\\@H@FJFN\\F@RINQ~@wBLKLWLaA`@q@DQB?NY@KPa@ZUFS?[EYc@oAO{@A[Ba@?]Is@GSGi@KUGe@KUIKOKUCSLiArAGXBT@ADLBb@H`@@LBBFb@?DHf@?NJ^@PHT?LCPOZg@h@QNCCWRm@PIF?LGR?x@XtAHVBRPd@BR@f@J`@JRAAZGPOf@aAZu@PSBIJODk@Ne@HMd@mAb@u@NQDQHKj@a@`@c@TKLQP_@DOJOHAJOJSNQJULu@LMIL@KCF""}"
"2023-12-13 08:53:02",walk,"Morning Walk",1033,82,1.289,,,,strava,10372802528,"{""elapsed_time"":1057,""total_elevation_gain"":25.5,""elev_high"":119,""elev_low"":95.1,""average_speed"":1.248,""max_speed"":2.419,""polyline"":""{ijxHlbQCNKR?n@@HGLM`@IHIGMWUYQGU[QE?QDO?GCC@ICG?GDKCAC?AGF?EBVk@AQFW@c@DE@FBB@AAB@BGA@?BUHK\\cAXm@Lg@JQBKEAFOKUQKKACDGEE@?EEDI@KIEIABGEGQMIKMM?E@ERIH_@t@KLGz@Mf@Ub@KJCJMNI@?JCFCBI?CBKXIDALC@ERWPCPED?LKBCJC?CBCN@RCBALEFKBEHIBCDM?OL[n@Kj@N`@NRFB@JLTLNHRJFB?DHTDEQ@A@HH?FGBJ?ADFFVHBNNBDCD@@BNP?DB?@DGJABGB?ACDEFA?GDGLC@IPYAC?@DQ@OCYHKDQHEFI?EJIB?NSH_@AIHGACBG?GDEDMBYB?JFAB@DHJf@\\b@f@B?BMJQJw@Tk@Mg@Ue@@[NK""}"
"2023-12-13 14:07:14",workout,"Afternoon Tennis",4421,737,0,174,,,strava,10427391325,"{""elapsed_time"":4421,""total_elevation_gain"":0,""elev_high"":0,""elev_low"":0,""average_speed"":0,""max_speed"":0}"
"2023-12-14 12:55:43",walk,"Morning Walk",953,75,1.182,,,,strava,10387994620,"{""elapsed_time"":988,""total_elevation_gain"":23.4,""elev_high"":119,""elev_low"":95.1,""average_speed"":1.24,""max_speed"":2.372,""polyline"":""sjjxHpcQHIG^?b@IPFFGHANEFC?GCQ[UWB??GG?[OIM?BAE?@ECGK@WE_@Lq@BDBADE@G@EGCCGA@D?BWBIBm@BEB?@HBE@EAIJEAIDEA@FUG@@A?GDc@?c@AFAU@CFA?CAM[o@MQI?ODi@^OPIR[ZMZEDSXIABJAJIBMPCLMLGL?FGDAFIH?HKL?DMHKL[x@CVa@VMNMDITEBOVOj@?RDN`@`@Pb@Zh@D?XPXDALXVBJDBBLLNH@BER?LSD?BKTU?EFDDGDED]?Y@WXo@BCB@R]D?JWNk@?UFUBA@BC@B?C@BCB@HL@?^ZDBZb@HDDATw@Ns@HUUw@Qa@?KNY@DBA""}"
"2023-12-14 15:31:25",weight-training,"Gym Session",2815,393,,,,,setgraph,,"{""sets"":[{""exercise"":""Ring Push Ups"",""reps"":10,""weight"":0},{""exercise"":""Ring Push Ups"",""reps"":10,""weight"":0},{""exercise"":""Standing Cable Flies"",""reps"":10,""weight"":5},{""exercise"":""Standing Cable Flies"",""reps"":10,""weight"":6.3},{""exercise"":""Standing Cable Flies"",""reps"":10,""weight"":6.3},{""exercise"":""Standing Cable Flies"",""reps"":10,""weight"":3.8},{""exercise"":""Barbell Bent Over Row"",""reps"":15,""weight"":15},{""exercise"":""Strict Press"",""reps"":15,""weight"":15},{""exercise"":""Strict Press"",""reps"":15,""weight"":12.5},{""exercise"":""Barbell Bent Over Row"",""reps"":15,""weight"":15},{""exercise"":""Landmine Curtsey Lunge"",""reps"":20,""weight"":10},{""exercise"":""Dumbbell Clean And Press"",""reps"":15,""weight"":10},{""exercise"":""Barbell Bent Over Row"",""reps"":10,""weight"":15},{""exercise"":""Strict Press"",""reps"":15,""weight"":12.5},{""exercise"":""Landmine Curtsey Lunge"",""reps"":20,""weight"":10}]}"
"2023-12-14 19:43:30",workout,"Evening Tennis",6056,844,0,151,,,strava,10427391321,"{""elapsed_time"":6056,""total_elevation_gain"":0,""elev_high"":0,""elev_low"":0,""average_speed"":0,""max_speed"":0}"
"2023-12-16 10:46:30",walk,"Lunch Walk",2733,211,3.321,,,,strava,10388559045,"{""elapsed_time"":5345,""total_elevation_gain"":65.4,""elev_high"":119,""elev_low"":62.1,""average_speed"":1.215,""max_speed"":3.49,""polyline"":""ejjxHnaQPR@JKZMR?BDGAr@IHEXONSQ_@e@[UIOGBMEIJI@CFC@GEEBEIBIAEGHGAEBEIESKGG??AABAA@POBILOIIAIBEDEPQXYDa@d@?FMPOFK@MRE@ECS@QIU?C??BIFQCGN@LERGJENE??RERS`@CN@NCN@JAJC@CGG@MWQMICG@GCg@BGBECKFKAYIWc@KAO[GIKWEUc@_AEQQRCLE@ERGDKTOLYh@MNS^IVEDQQQ@ECEDMIMEI?IGKCGECGC?GQCCUACCQGQMGA_@UKECEYEYU?ECCK@GIIg@OEOLCH?CC@ABIDa@XE@ILWTOHEFEEGNMPIBKPQLAFCACDC?@BCBAOBLBA?GJF_@?I^A@GAAPEDEEMAMVM?CBOTOFILMDMPGBMCKJMBEHa@NMLSFEHQBMRSRE@EFE@MTCAIDAJACCDEUGRKDFXB?NKPHFPDDHB`@\\H?f@`@VNBAJLZRAEl@h@CC?@b@Xl@b@TVVRJNl@j@f@t@\\r@b@VRVH@NNJLR`@XXTi@B[NA@[Ja@COOe@KIAEC@?FNa@LOFWTe@DQHIP]Lg@NYH]Vi@\\kAJKBMHIHSB?Lg@Xm@Na@Bi@FIC[F[NWAD@@p@aBnAqBHCHXDGFDDXTj@BPR\\L^NPE?@G@FHJHBVLHCN@VCDBL?PDLAPJJLJH@?RW@i@Lc@T{A\\s@JAF@FEJARPPd@JNHRDHNJTFDANFDFAHDHDBR`@H?HH?CLEA?NAN[JKLDRIJ[B{@Pe@HMLK^u@Hc@B_@DCHACBXZVR@AHFX\\F@\\eAFa@L[Ia@O_@CQEGBSBGAC@AD@BJ@S@?@GKI?@@AA?JLKABDIK?B""}"
"2023-12-18 09:06:52",walk,"Morning Walk",1914,258,4.054,,,,strava,10398579049,"{""elapsed_time"":2346,""total_elevation_gain"":19.6,""elev_high"":166.8,""elev_low"":117.4,""average_speed"":2.118,""max_speed"":15.994,""polyline"":""_thxHbgNMJm@V?LE?IFMRg@b@KTMJORSn@P~@Cg@K[E?CWMWEw@Bu@CSE_@CA@BMcAYiAMUQOSEUHCACGEc@Au@]UEKQBSPGAONy@\\E_@GEAB@D?AEA?F@@@M@B?@AG?FC??MAH@D@G@F?CADC?AI?FH`@AY@JEE?B@CBD@LCI@FEC?@?K@FAIBT?MAB?C?@CA@OBHA@@DC?B?CGDFC?AG@F@IAAAJ@@EG?BDE@K?LFVGM@@COAB@GDE?EAMA@CEF^DFJJPALOJENFBCH@DCDOH?JSHABVTf@?DFr@?PSJ]`@G?ACCBKRALFp@Ld@APHX?`@FDHR?RDJBf@DL?RLZ?HCHGFAFMDADEAADCA?DE?EDAHGFCFSPOJg@JIFGPA\\AZ@D@E@d@HPJf@FPFXBTJf@B@?^BNJTHLH@JAPMP[?IHG@KB@^m@JWLOJWNy@Tc@FQRWJY?MJQb@k@HEZ]\\Uj@m@h@oARQRg@POTe@Bc@LABIDg@FCDDI?BHICBBCF@E?BGAEGAKBOW{@AUQi@@MDG@Qc@{AKUq@uCO?g@Ps@\\iB`A}B~@kB~@uBv@sBn@_AJq@@EBOXS`AILMFM@YEM@IHIPGVK~@WlD]jB[`A]~@eBdDEPATHpAG~By@tKCn@NrBFvBBxF?|BC\\g@pF_@tC]nA_B~D_DlIGBG?IEQWO_@W[GUWWOYCG?KBIFE@B@AC??LAIJSE?@BGPA]Bb@JO@ICGBRMu@H|@DBF?@MKG?YCGKDEGD|@FBH?C?@KAK?HB@@CGDHAGI?ICGEBHRDDEB@GAGD@EPEGFIEKC?FOMICIDFCG?@A?HDCIDFAE?B""}"
"2023-12-18 13:40:36",workout,"Afternoon Tennis",2925,516,0,184,,,strava,10427391347,"{""elapsed_time"":2925,""total_elevation_gain"":0,""elev_high"":0,""elev_low"":0,""average_speed"":0,""max_speed"":0}"
"2023-12-18 19:04:20",workout,"Evening Tennis",3389,510,0,160,,,strava,10427391317,"{""elapsed_time"":3389,""total_elevation_gain"":0,""elev_high"":0,""elev_low"":0,""average_speed"":0,""max_speed"":0}"
"2023-12-22 10:07:42",workout,"Morning Squash",7339,,0,172,,,strava,10419278768,"{""elapsed_time"":7339,""total_elevation_gain"":0,""elev_high"":0,""elev_low"":0,""average_speed"":0,""max_speed"":0}"
"2023-12-22 12:52:48",workout,"Lunch Tennis",3310,524,0,164,,,strava,10427391186,"{""elapsed_time"":3310,""total_elevation_gain"":0,""elev_high"":0,""elev_low"":0,""average_speed"":0,""max_speed"":0}"
"2023-12-23 12:55:28",walk,"Afternoon Walk",1237,84,1.322,,,,strava,10424577665,"{""elapsed_time"":1296,""total_elevation_gain"":26.6,""elev_high"":119,""elev_low"":95.1,""average_speed"":1.068,""max_speed"":2.312,""polyline"":""mjjxHb`Q?DEGHZR\\@HSXAFEB?DBA@DAp@GVGFETIBM]UYUKUSCIIACI@GBBAI@SCIBMAI@KAEBGD?BEBaAHo@BIHKrAuC@ADG?a@QYM?UICBSEI??KCAIDISICCIMIGBABODKHIJCL[`@GP@d@K`@IJWf@UXELMLEXa@l@CLKFGLUh@[l@CPGDE?WRWb@QNDLE?GFBDDE?BUX@\\DFJVF?JLh@hAZTBCXFDLA@HNRRBHNZRCNG@GNM@EXSBOB@J]Aw@NSNc@DE@@B?@EDMNCNSPiAFKHNRHPPNFJTJJDHB?^oA?MHc@A[BI?IEOIIGMEQJ_@DHDM?EG?@G@FCEA@""}"
"2023-12-23 15:06:43",workout,"Afternoon Tennis",3967,597,0,158,,,strava,10427391190,"{""elapsed_time"":3967,""total_elevation_gain"":0,""elev_high"":0,""elev_low"":0,""average_speed"":0,""max_speed"":0}"
"2023-12-24 14:56:03",walk,"Afternoon Walk",3681,251,3.945,,,,strava,10430993952,"{""elapsed_time"":4054,""total_elevation_gain"":33.9,""elev_high"":88.5,""elev_low"":69.4,""average_speed"":1.072,""max_speed"":3.802,""polyline"":""aolxHjnYCHDRLJHAJXLGD@BEDCDKA_@EQFMHI?EBA?DB?NYB@?CDABBFID@NG@@DOBA@@BMD?DDB?DSHGD@DC?CD?LIb@@FED@JAFGDA@BDIRBDEDM?IPWDM?KBG?M@?DGE?@@BACEEDDC?E?BBC?@BGF??OFE?ADEAc@DYDFDUCK@ODI?K@IGYB@?C@MFMBYFEFICG?OCCHM@q@HYAID??OFI@UEE@GEOD_@AOEG?QKOCQ@CBBIYCI?DEAGOG_@A??EKOGCGS?[G]IKGq@IM?MKQBWAWW_AGe@CA?EGE?WG[BQ?@AAAMEGBQKk@BMKU@UCE@QICB]CS@KBC?MBIAGJk@FI@GAWEGBHCG@SBADs@@GAYBCBU@c@AIH}@?ODYA@?MBQA@?AJq@?o@DUFw@C?BIAKBGBo@LoA?[Fe@@e@BW?@ACDCAEDUFoAAEB_AFoAJ{@@]BI?YBK@eAGU?OIGAAABGEA@KCUHCAE@B?CAA@OBKAO@B@CAABACM@QBKDM@MBCACDSDe@NE?EDe@NCBc@LGBCFG@QTAF[ZKNMJEHMLGDEHKFOZQLOTIDEHM?EBCC@DGFOAOFCDKB_@DKCM@k@PM?GBEA_API?IBABWDKHCC[?IPG@_@ZGL?RCHArACF?FEXGR?\\CNPrAJh@Dn@DN@VJX@AHNDRNFABDDF@@BP?LFDBVDhAh@?@F@HF@DNHBA@BFFAA?@JFHJD?BDPN`@NBABOX@LK@G@??FDEF?LGNFp@Av@JP@HCf@JL?AHPhABd@Pp@Fh@XjA@TDHBn@RjA?x@DJ?ZFTFp@?z@B^FJNF@DHHBHD@BH^\\DVHJ?DBDAHFFL^H`@DB?JHRDTA@DBBNHJ?FHPDRTp@@JAHDHE`@Jj@B@ATBDA?ABHBEJ?HC@CJCGB@CTIBBD@f@B?BB@TC@El@BNFNIBAEC?CFGZEJC`@BFETCA?HCHYn@?\\CLCAAB?NGJELGACCEDEEAJCAI@ULIAKDIAQ@MBEDI?KDITKBSTYDSLWDGFALERBb@AJA@E@SCYBEUKAIBQ?c@NIL?HBE?CO`@AZCFQPABAl@CNBl@BFATHa@AGDUBE?DGEABAHB@@E?NAACNGLFRD^HJ?h@?BG@OG[DGACDBHFh@A`@Bb@Lt@BVFTFj@FT?JERINBHABDAE@?DDAASC@GIKHAFGB?HACB???@AAA?@C@JA@BCA@CA?B@AC""}"
"2023-12-26 11:55:38",walk,"Afternoon Walk",5287,477,7.506,,,,strava,10444206481,"{""elapsed_time"":5585,""total_elevation_gain"":110.8,""elev_high"":168.7,""elev_low"":101.8,""average_speed"":1.42,""max_speed"":11.956,""polyline"":""kdhxH|wQFHVJ@CAA@EZSTFDD@ADUFEDMJGLo@BC@DBOJWLo@HKDS?W^uAN]DFDCJ@DEDU@Db@^PTLFVZZRTXTLX^@@DIHALFLBBI@MHIHWLs@JMV{@FGLe@@MHKNYRm@BOC?BABE?CZy@`AeCDQT[bAsBbAiCFYn@oANa@EFEC@Cb@o@Na@j@iA`AgBj@s@HEDAROpA}Ar@s@lByAf@[n@i@RGf@g@\\S?[HEXi@HGD]@A?IDEF_@HkAZY@SE]BGGBHMFELCLMJEHKNG@C@SIWGK?MMg@ByBC@XqAFi@C}@CMAW?a@H}@?c@B_@@GDCHc@`@_A@K^i@^iAl@oAn@_BJODQd@{@JY?KAEIG[BGCa@@m@Ca@?UCFA@EEoA?mCP_CHeD?WEUBsABQ?}@CIDYCm@BgB?kANaEA[Be@Cw@@m@Dy@AK@yADgA@s@EWBMG[CXIHK`@MV?DGFAHGD@AeApBQT]p@MNmAfCMREPUd@C?GJCP@\\DVHRZ|B`@hCVbDNj@BZFnACdCDx@TvADn@BLJDHLHFRPTLO~@Wv@CTMXGXSXMj@SXERC@IVMJMZETW`@AHCBCJc@p@m@hAKXIFKXALIHITIDGLGh@QRITEBMP?AGXQTSh@C@Q\\?FUXCLYb@YZKVA?CNKDGJI@HGA?GFAHQb@Wb@Uf@IZCBC?_@t@IHEHGD@JOJKVAJGJOHU`@IF?FOXIZUZANMLEPBHEB@BGHOf@QTMJQb@APGJWlAMNSt@A??CAB@RCLGF?DKPIb@IHOt@@NMRIf@MVEX?B@?AZLN?GLRVX?A?LUX?FEFCTU^CPBBE@CLGd@Qp@EBEHI^?ACF@EEEELGBGJ?NGJAHMRI`@IL@?CPKVAJIHCJKN@BHAIJIRCPIH?NMP?PQRE`@KVCTM`@ANKPCNMV]lAMZGDETIMMIE`@@CD?@CG@EEMOQICKSKOSI?MMAEQBQREVSl@UbAO^q@hC[|@C?SU[PSK_@KA@@BQJGAGAEI@KF@?@BAFDTDLH`@JFAPIJBHRAPGVEBE@KIEI?OISIEqAa@_@Ge@S_@E]@e@RSRIIEIAUBgEGoEBwBEuBAQEIGCIB_@NYRWREJoA~ASHu@PoBBIEGO?UDg@BqBG_EU}DIoCCMIKIEg@HUF}@?[JWPKDOEi@g@c@Qm@GiCi@}@E_CL}@GUESKQOOUi@kAMQQMw@]g@IQ?i@KG?QNCLg@vFM~@Qx@o@jB{CxH{@hCEJIDG@OOWi@_@g@GUY]IOCOBQFM?B?EBADBAKFE?AE??CF@GA?FHACA@ABBAFK@GKCABIEC@?""}"
"2023-12-27 12:03:39",walk,"Lunch Walk",1078,81,1.28,,,,strava,10444332452,"{""elapsed_time"":1078,""total_elevation_gain"":25.9,""elev_high"":119,""elev_low"":95.1,""average_speed"":1.187,""max_speed"":3.447,""polyline"":""ejjxHj_QHEEJG?CBCPDPVd@@DQv@?ECt@Q^ENGJc@q@a@WCGQOE?EGCI?aAAIDSBEB@FYASFM?[BONSJi@FMFGFBDWLUTw@LM@MIYECIAGII?BAACQFACE@EEG?CMK@EOa@UKHQJIJe@x@At@EXUd@WRCNO\\AHGPGHC?EJEBAHCEMb@MTIDU`@Ut@MFQROHGJIJGLa@n@ARBHBFBA?DFFN@Jb@DHFVPZDCBFLD@AL@FGBBE?BCFBHTAFHLLH@BD@@PD@HNHEB@?CHEF@FWFC@EHAFMF?DEH[?m@Re@AERQDI^e@BM@CRu@BEF?CC`@VTP@FJFDHPRD@Pq@TkAAW@MUc@GWFYHEAC@@""}"
"2023-12-28 16:39:28",workout,"Afternoon Workout",342,63,0,194,,,strava,10463545694,"{""elapsed_time"":342,""total_elevation_gain"":0,""elev_high"":0,""elev_low"":0,""average_speed"":0,""max_speed"":0}"
"2023-12-29 09:32:53",workout,"Morning Table Tennis",3268,254,0,116,,,strava,10463545700,"{""elapsed_time"":3268,""total_elevation_gain"":0,""elev_high"":0,""elev_low"":0,""average_speed"":0,""max_speed"":0}"
"2023-12-30 09:14:52",workout,"Morning Pickleball",4785,332,0,105,,,strava,10463545701,"{""elapsed_time"":4785,""total_elevation_gain"":0,""elev_high"":0,""elev_low"":0,""average_speed"":0,""max_speed"":0}"
"2023-12-30 12:13:54",workout,"Lunch Tennis",2800,336,0,141,,,strava,10463545636,"{""elapsed_time"":2800,""total_elevation_gain"":0,""elev_high"":0,""elev_low"":0,""average_speed"":0,""max_speed"":0}"
"2023-12-30 15:58:19",workout,"Afternoon Tennis",4851,631,0,140,,,strava,10463545628,"{""elapsed_time"":4851,""total_elevation_gain"":0,""elev_high"":0,""elev_low"":0,""average_speed"":0,""max_speed"":0}"
"2024-01-02 15:25:29",walk,"Afternoon Walk",962,70,1.103,,,,strava,10483837031,"{""elapsed_time"":978,""total_elevation_gain"":23.5,""elev_high"":119,""elev_low"":95.1,""average_speed"":1.146,""max_speed"":2.792,""polyline"":""sjjxHb`Q?HDFLVHH@FCLI@@?AXIf@?VUn@GJ_AcAGCQSI?GG?KFOCS?IDK?SGKD@@GNEJK?QIS@EGM@B?E?@ICCG@AAJGAEOMGEOUSCIULCAAQKKC?K[OIONGRKp@OD@C?CE?AHWVGJC@KXIFGHERO\\ILCLEJWN?BOPQJBPALKFMPMZ?RDTFHNHB?R^BPTb@PLf@HJ\\FFJTAE@DB?BHF?@DH@LJLCLOB??IB?@GB?I?JAXUJa@@y@NUJ]HIF@DG@GGGFAHGFOJg@@MAE@@@KDID?K?FDL@\\Xf@l@NL@A?GVm@Hg@Ro@G]GSIQKM?KJW""}"
"2024-01-03 06:47:26",weight-training,"Gym Session",2736,358,,,,,setgraph,,"{""sets"":[{""exercise"":""Incline Dumbbell Press"",""reps"":12,""weight"":9},{""exercise"":""Incline Dumbbell Press"",""reps"":12,""weight"":10},{""exercise"":""Incline Dumbbell Press"",""reps"":12,""weight"":10},{""exercise"":""One Armed Bentover Dumbbell Row"",""reps"":12,""weight"":10},{""exercise"":""One Armed Bentover Dumbbell Row"",""reps"":12,""weight"":10},{""exercise"":""One Armed Bentover Dumbbell Row"",""reps"":12,""weight"":10},{""exercise"":""Pec Dec Machine"",""reps"":12,""weight"":27.5},{""exercise"":""Pec Dec Machine"",""reps"":12,""weight"":32.5},{""exercise"":""Pec Dec Machine"",""reps"":12,""weight"":32.5},{""exercise"":""Lat Pulldown"",""reps"":12,""weight"":35},{""exercise"":""Lat Pulldown"",""reps"":12,""weight"":35},{""exercise"":""Lat Pulldown"",""reps"":12,""weight"":35},{""exercise"":""Ring Face-Pulls"",""reps"":12,""weight"":0},{""exercise"":""Ring Face-Pulls"",""reps"":12,""weight"":0},{""exercise"":""Ring Face-Pulls"",""reps"":12,""weight"":0}]}"
"2024-01-03 10:02:55",walk,"Morning Walk",909,71,1.125,,,,strava,10484468929,"{""elapsed_time"":1039,""total_elevation_gain"":26,""elev_high"":119,""elev_low"":95.1,""average_speed"":1.237,""max_speed"":2.61,""polyline"":""{ljxHlcQkA_@Ne@Vc@JyAHA@DF??CIHDYFOJEDS?MBGHIHWPk@Vi@?KCSMMA@SKS?ECB@?CF@@EC@@FAEAB@GBFEEGBEEE@CFEKEBGABAIWGGE?GOOJG?SLQRGPWXEH@^CTGR@BCHGFUZKFIR?JKR?FOXYZE@?DMR?FMLMXA@GJIh@KPOD]RUb@Y`@KV@XBLFDBFNPDLDABBDN?CB@ADFPFHDJPNA@F?BBJE?CD??AL@HJB@@ADPFHD?HBANNVD@ABD?ABHGJADG?DJA?@@IBA?EB?HQBODAJOD@DCD]@Y@ED?H[@MBEFCd@s@Lc@B[DODBBHL@p@d@R^DBFIFO?GFY@ONg@JQ@GCO?GEEKWQS?MFY@@""}"
"2024-01-04 10:17:46",walk,"Morning Walk",969,81,1.272,,,,strava,10491103354,"{""elapsed_time"":1050,""total_elevation_gain"":27,""elev_high"":119,""elev_low"":95.1,""average_speed"":1.312,""max_speed"":2.945,""polyline"":""ckjxHd`QDBJPLLLT@FO^BPABAGCn@]~@o@w@WQ@CUQG?ECCK?SB??EALBu@HYBIDCBO?g@AECB?UHWEAFJFDADAA\\y@AGHQCK?GHKFSNMNk@JU@SAGCAHH@H?C?IQOWM[?QEKF_@J]VMBmApAGRUZ]bAIDCHE@[v@UVCVGHI`@IRE@ILIBKJ]PEFCLGBKTMb@?TDVBDB?HJB?B@FTHAF`@VXBFLDHCH?DBFAFBDFDXRHHZFB@FHCH?HABEHC@KDAHODADIHAJ_@@a@DWXq@POZm@DABIBm@HOjAx@R\\B@DAPg@^qAIc@U{@?QHI?G""}"
"2024-01-05 08:00:07",weight-training,"Gym Session",3176,413,,,,,setgraph,,"{""sets"":[{""exercise"":""Ring Push Ups"",""reps"":10,""weight"":0},{""exercise"":""Push Up"",""reps"":10,""weight"":0},{""exercise"":""Ring Push Ups"",""reps"":10,""weight"":0},{""exercise"":""Ring Push Ups"",""reps"":10,""weight"":0},{""exercise"":""Push Up"",""reps"":10,""weight"":0},{""exercise"":""Push Up"",""reps"":10,""weight"":0},{""exercise"":""Assist Pull Ups"",""reps"":10,""weight"":27.5},{""exercise"":""Assist Pull Ups"",""reps"":10,""weight"":35},{""exercise"":""Assist Pull Ups"",""reps"":10,""weight"":35},{""exercise"":""Seated Machine Row"",""reps"":10,""weight"":60},{""exercise"":""Seated Machine Row"",""reps"":10,""weight"":50},{""exercise"":""Seated Machine Row"",""reps"":15,""weight"":40},{""exercise"":""Heels Elevated Squat"",""reps"":25,""weight"":0},{""exercise"":""Heels Elevated Squat"",""reps"":15,""weight"":15},{""exercise"":""Heels Elevated Squat"",""reps"":15,""weight"":20},{""exercise"":""Barbell Bent Over Row"",""reps"":10,""weight"":30},{""exercise"":""Barbell Bent Over Row"",""reps"":15,""weight"":20}]}"
"2024-01-06 09:56:09",workout,"Morning Squash",7109,,0,146,,,strava,10504270479,"{""elapsed_time"":7109,""total_elevation_gain"":0,""elev_high"":0,""elev_low"":0,""average_speed"":0,""max_speed"":0}"
"2024-01-12 08:11:44",weight-training,"Gym Session",2836,390,,,,,setgraph,,"{""sets"":[{""exercise"":""Smith machine bench press"",""reps"":10,""weight"":20},{""exercise"":""Smith machine bench press"",""reps"":6,""weight"":40},{""exercise"":""Smith machine bench press"",""reps"":7,""weight"":35},{""exercise"":""Smith machine bench press"",""reps"":7,""weight"":35},{""exercise"":""Smith machine bench press"",""reps"":7,""weight"":35},{""exercise"":""Smith machine bench press"",""reps"":7,""weight"":35},{""exercise"":""Smith machine bench press"",""reps"":7,""weight"":37.5},{""exercise"":""Smith machine bench press"",""reps"":7,""weight"":37.5},{""exercise"":""Smith machine bench press"",""reps"":7,""weight"":37.5},{""exercise"":""Smith machine bench press"",""reps"":5,""weight"":37.5},{""exercise"":""Smith machine bench press"",""reps"":5,""weight"":37.5},{""exercise"":""Front foot elevated split squat"",""reps"":12,""weight"":0},{""exercise"":""Front foot elevated split squat"",""reps"":6,""weight"":12},{""exercise"":""Front foot elevated split squat"",""reps"":6,""weight"":12},{""exercise"":""Front foot elevated split squat"",""reps"":12,""weight"":12},{""exercise"":""Front foot elevated split squat"",""reps"":12,""weight"":12},{""exercise"":""Front foot elevated split squat"",""reps"":12,""weight"":12},{""exercise"":""Floor seated shoulder press"",""reps"":12,""weight"":10},{""exercise"":""Floor seated shoulder press"",""reps"":12,""weight"":10},{""exercise"":""Floor seated shoulder press"",""reps"":12,""weight"":6},{""exercise"":""Sled Push"",""reps"":2,""weight"":20},{""exercise"":""Sled Push"",""reps"":2,""weight"":40}]}"
"2024-01-15 06:29:58",weight-training,"Gym Session",2406,175,,,,,setgraph,,"{""sets"":[{""exercise"":""Low Cable Row"",""reps"":12,""weight"":27.5},{""exercise"":""Low Cable Row"",""reps"":12,""weight"":35},{""exercise"":""Low Cable Row"",""reps"":12,""weight"":35},{""exercise"":""Lat Pulldown"",""reps"":12,""weight"":27.5},{""exercise"":""Lat Pulldown"",""reps"":12,""weight"":27.5},{""exercise"":""Lat Pulldown"",""reps"":12,""weight"":27.5},{""exercise"":""Incline Dumbbell Press"",""reps"":30,""weight"":6},{""exercise"":""Incline Dumbbell Press"",""reps"":30,""weight"":6},{""exercise"":""Incline Dumbbell Press"",""reps"":30,""weight"":6},{""exercise"":""Incline Bicep Curls"",""reps"":20,""weight"":6},{""exercise"":""Incline Bicep Curls"",""reps"":17,""weight"":6},{""exercise"":""Incline Bicep Curls"",""reps"":12,""weight"":6}]}"
"2024-01-15 09:05:52",walk,"Morning Walk",2453,162,2.555,,,,strava,10561901048,"{""elapsed_time"":3111,""total_elevation_gain"":9.4,""elev_high"":162.6,""elev_low"":154.5,""average_speed"":1.041,""max_speed"":8.064,""polyline"":""quhxHjhNCBAD?ACACF?CBAA?D?A@E@CJI@GD?FGDA?UNQPAAGB[XE@Ik@Ei@O[I]IOQkAGGCUI[Sa@e@QOQGAO{@SQCGKBIAy@b@AAUNQF@AGYCB?EAO?BEEC@?IECEBGACIf@d@EUD@CK\\w@Wv@DJ@QEJ?UELCGEBJV?BHD?GMP@JGUA]J\\CFBBABJZF?JK^M?CHEDEF?BGJABEFCJBDCD^BAB@BFBb@FZ?d@C?SVIDEHIB@@CDC?INANFRADBFAHDFAFH^?HBF?HFVAJBB?HDBAJJX?FAADNDf@@DD@?FB@CPDHABI?ANCD@@CJMDIPKFKJG@AFQHADG@ADSHS@IDIN@DCVBBERBX?HDF@LLn@Rj@?JL\\Bb@ALFNAHHL@JLDJEDBDCB@RYb@}@BCHWFEBMLSJW@AFc@N_@?INODQFG?INMVo@LKDG?EJIBY?KOi@AQKk@GGM_@Ee@@KCKDKAM?DBSAUEU?MQq@Ee@IGCYEG?EC??IU_@GEG@GEK@GBGNSHQR?DKLSLABEB?BB?C?@A?BAEBAC@B?AD?IAF?CBBAB?DCE@FEFD@@ACVDFCF@F@B@CBFC\\JV?F@HJP?ACNHPAFDVFLABBHCFBJ@??HBFAHFF?F?^S\\C?GJKFKLKD?BMNYLCDECKDECMNG?G^BFCl@@??PJRHf@HP?FBDFRNfA?LBL?VN`@DKHBBCFFLEFC?EB?HM@KDCFO@ILQBAN_@NUAGHEFOBADM?SJ[AEFKFGFYV]DQ@@FQ?DDUHKDKFAC?@ARUBU?@CG?D@OGSAIEKAQEGESDCCCBADKAMDQLMFQdA}@`As@JMB?RUHCFIF?HKBADBVRD?DEAHCA@CB?AB""}"
"2024-01-16 10:48:20",walk,"Lunch Walk",1037,84,1.316,,,,strava,10568521446,"{""elapsed_time"":1148,""total_elevation_gain"":26,""elev_high"":119,""elev_low"":95.1,""average_speed"":1.269,""max_speed"":2.478,""polyline"":""qjjxH|}Pb@tB@RCLW`@BGA@@LCb@O^K\\E@OYMKAIIAMI[UEKG?CK?@@BCa@@WCIAWBINW@i@Hm@BEB@JILe@@AEFP]?GJGRu@JOJ_@HKIYG?GMKGE@CAMBKGU@CI@ICC@@BC?BB?@BWSM?OMIDAHEAGBSXEL@TEd@OTCLUVGTIHIXMJCHANC?ENSVKT@HCAOPKRMNAFEDINIB?HIR@HKVMFAA]VAFGBOTCLW^AJATHZJHLPJF@NJLHPDFF?LLRANRBJXZHRBAHJNBVK?G?@NIJULM@IDGJ]AKD_@@@BKP]b@k@N]?QRs@@A@@AF@FL?HDDHTNd@h@F@HQC@JI@WH_@Tg@Ei@Yg@AK@QFIBIAABC?AA?@IBCIDD??CBNCOCBB@ALCC@G?@A@@ACGDB@BKD?E""}"
"2024-01-17 09:46:31",walk,"Morning Walk",951,78,1.235,,,,strava,10574795078,"{""elapsed_time"":978,""total_elevation_gain"":26.3,""elev_high"":119,""elev_low"":95.1,""average_speed"":1.298,""max_speed"":2.72,""polyline"":""qjjxH|}PFzFCKMRARMFKCGWKE?CIGAGICAGEBAFKYKCAIA@BBBEGAAIGBBK?W@ICG@ICB@EAA?UD@DCAGBI@@FGAGC?AABMHO?GCAAEBIAOBED@F?BEACLa@AEBGC?V_@BMJSF[D?Ne@JGBKG_@?@?AKGGK@AWCGD[KA@M@BACCB??EIQO?IUI@?EKJMDU`@ELARCL@JGXOZQRKDGJ[r@GF?JGH@BC?IFENGFAHEHEBGZEDE@IJELSVAHKPOb@EDAAMDABONKVMDABBBIJGTQXD\\LPN^DBFL@HFHHBBLLPBCJ@^LDJHFHNB?NP@HDFLF@CNBLIBGX_@D@BENCBAAKDIA]BSNQFa@B@?EFADM@@BIDCDMBAL_@Fw@BKFAB@BFJLF@ZVHD\\b@JSFGBQHM?ER_AA@AYGUO[AOAMBOF??F@KA?BD""}"
"2024-01-18 09:58:15",walk,"Morning Walk",1392,82,1.29,,,,strava,10581058862,"{""elapsed_time"":1592,""total_elevation_gain"":24,""elev_high"":119.5,""elev_low"":95.1,""average_speed"":0.926,""max_speed"":3.454,""polyline"":""cjjxHbaQBBE??BHFFNMPCHCfASt@C?KEAEWQAEMMGAHDABMMMIISE??@OKBOA_@BMEMBUF?FKAUFIA@@ICCFGGa@HYGKBEEGQw@Ks@@KECCGMa@?IG?GDEHC@?DKFSS?ICNBXEPALE?ABC@C?CPIF?FGHHGF?DEAMC@IVQT@B@A?CEP@?CF?CE@AJID?BAAABBB?ACB@GCBEJED?DE@?D@CC@?DEDCLC@GH?CAFGB@@?C?BED?LEDE@BD?ACDE?@@EHCAAB?DCFAABBADGFCNCBAAAHA@?DQBAJEBAEMHIJC?AJ@FACIFEPOPENA@BBKFBBCFB@@LFJFF@L@ED?BN@AA?BJBAHL?P@I@HDDA?JBAH@H?CFDDHFAHHDA@EGICB?EADDNBCLF@C@BBCDHAKA@HL@FB?C?BD@?FH@AHLAGBF?HLVB@BEB?DHD?LA?CF?NOCC@CD?AKD?DBDMAE@@LI@MB?AIHOASDC?WH?BQHCAK@A@B@C@G?@@C@@LM?KD?@MC@@CB?CAB@BKDCHa@DG?GB@@A?QDK@DBBAK?B@ABHA@F@AABD?EB?BN?CHHH?JNB@?CDLB@?C@BJV@CHLDCAEBEA?JWBB@E?QFK@OP_@DUCa@BMDG@GGNC@?HEBMI?KGK?QEGPc@""}"
"2024-01-19 09:01:55",weight-training,"Gym Session",2234,278,,,,,setgraph,,"{""sets"":[{""exercise"":""Trx Tricep Extensions"",""reps"":30,""weight"":0},{""exercise"":""Trx Tricep Extensions"",""reps"":30,""weight"":0},{""exercise"":""Trx Tricep Extensions"",""reps"":30,""weight"":0},{""exercise"":""Seated Machine Row"",""reps"":10,""weight"":40},{""exercise"":""Seated Machine Row"",""reps"":10,""weight"":40},{""exercise"":""Seated Machine Row"",""reps"":10,""weight"":40},{""exercise"":""Assist Pull Ups"",""reps"":10,""weight"":27.5},{""exercise"":""Assist Pull Ups"",""reps"":10,""weight"":27.5},{""exercise"":""Pull up eccentric"",""reps"":10,""weight"":0},{""exercise"":""Pull up eccentric"",""reps"":10,""weight"":0},{""exercise"":""Dumbbell Clean And Press"",""reps"":10,""weight"":20},{""exercise"":""Dumbbell Clean And Press"",""reps"":10,""weight"":20},{""exercise"":""Dumbbell Clean And Press"",""reps"":10,""weight"":12.5}]}"
"2024-01-19 10:00:36",workout,"Morning Squash",4981,746,0,167,,,strava,10744059948,"{""elapsed_time"":4981,""total_elevation_gain"":0,""elev_high"":0,""elev_low"":0,""average_speed"":0,""max_speed"":0}"
"2024-01-21 11:18:17",walk,"Lunch Walk",1001,82,1.288,,,,strava,10600317597,"{""elapsed_time"":1075,""total_elevation_gain"":25.9,""elev_high"":119.1,""elev_low"":95.1,""average_speed"":1.286,""max_speed"":3.27,""polyline"":""qijxH`bQSh@A|@M^C?ALIJ[a@k@e@AEOC?OICE@Aa@CGBQ?SBKHSCC?C@SDCBOAUHQ@IBE?BDCFMBAABBA?QNYCKR[Pc@Ds@@AFFFCHSAMMSQKA?GCWAEDEIGBABGQCAIQKCAIKCQLG@[f@IbAIJ@BOPGT]h@E@MVWv@MTAHKFIRCLSRERSXCLOVAHOFMJA?MD_@h@Ub@G\\?LJVFBLRD@FXHLHRB?HLJADFD?DCHHRBVn@VZ?BHBDF@ARQLYb@]@EBAF[ASDUFKHKDUBAFMDCBKLGDSJMDQBYAEBKLE?BTF\\Zh@r@DCF[LUJs@HUEO@S[u@H]DA?CD??OCCMLDEB?C?BAQFN??EGE?GFD@A""}"
"2024-01-25 12:58:30",walk,"Night Walk",655,53,0.833,,,,strava,10630171534,"{""elapsed_time"":655,""total_elevation_gain"":23.4,""elev_high"":119,""elev_low"":95.1,""average_speed"":1.272,""max_speed"":2.396,""polyline"":""umjxHl|P@XBKEOE?CDCQOi@Sg@UYUIE@EDGBMJERKRQPEJEBKd@QPEJONK^IHW^Ob@EDEZEF_@LGRSLELSTKXEP@\\X\\F`@T\\HFHPLJJ?XJFTHJF@BHB@BNJLPD@EN?JMD?DGHCNYFGFU@B@CBI@]AGN[La@BED?BCLWLGHOD]Lo@F?BHZPn@v@FBFIVi@BUPs@Ei@Kc@MUBKLQCEDCC?@A""}"
"2024-01-25 21:02:20",workout,"Night Tennis",4452,745,0,174,,,strava,10744059900,"{""elapsed_time"":4452,""total_elevation_gain"":0,""elev_high"":0,""elev_low"":0,""average_speed"":0,""max_speed"":0}"
"2024-01-26 08:12:02",weight-training,"Gym Session",4478,523,,,,,setgraph,,"{""sets"":[{""exercise"":""Squat"",""reps"":8,""weight"":40},{""exercise"":""Squat"",""reps"":8,""weight"":80},{""exercise"":""Squat"",""reps"":6,""weight"":100},{""exercise"":""Squat"",""reps"":6,""weight"":100},{""exercise"":""Squat"",""reps"":10,""weight"":60},{""exercise"":""Trx Tricep Extensions"",""reps"":10,""weight"":0},{""exercise"":""Trx Tricep Extensions"",""reps"":10,""weight"":0},{""exercise"":""Trx Tricep Extensions"",""reps"":10,""weight"":0},{""exercise"":""Egyptian cable lateral raise"",""reps"":10,""weight"":3.8},{""exercise"":""Egyptian cable lateral raise"",""reps"":10,""weight"":3.8},{""exercise"":""Egyptian cable lateral raise"",""reps"":8,""weight"":5.3},{""exercise"":""Egyptian cable lateral raise"",""reps"":12,""weight"":2.5},{""exercise"":""Push Up"",""reps"":12,""weight"":0},{""exercise"":""Push Up"",""reps"":12,""weight"":0}]}"
"2024-01-27 13:11:34",walk,"Afternoon Walk",1559,129,2.034,,,,strava,10645997018,"{""elapsed_time"":1809,""total_elevation_gain"":44,""elev_high"":119,""elev_low"":95.1,""average_speed"":1.305,""max_speed"":2.644,""polyline"":""sjjxHp_Q@HCJBTFPPRGLCZC?@FCDBNA^Ud@AHIHu@{@QEUWECCKDCGM@[CIB[LSFY?WBI@g@FA@B@?FU?SXm@RW^mABAFWGE?OIIYMS?IEM?CBUe@QOKAYPWj@G\\?ZOh@BHO@OLS^Wl@MTMHMb@OPQ\\IDGXUZGPCRGJ[NKNKBCB@BG??HU`@Mh@AN@LT`@DDFPP\\d@f@R@HBBFJDA@BADTDC@JZb@?BLBV??GHGFSNEAAB@?BCC@CPIDIFM@MCa@@IDCLc@DE@GFGA?F?BIZ[?KHKF[?OFQC]@YA]DQ?QNSCODe@DQ?QBA]i@[WCGOQAGC?KMGAMQEDG?EBMNS`@IZOTIDQd@QPOl@UTKTIJCNGNSJGJYRCNIJCHKHO^CVBNFJNH?DVf@?BDBNTD?BLBAPLPALBNd@LD@PRR@DHFH?DEJ?FEA@?EBEDCBID?HOBABBNIAGBGCIHS?QCABG@@BCBQDI?IFK@GNK@ILOFMDG?CHICKDMDEDe@H@A@@BHDNP\\R@JFBLPJDDIL[BMFKDa@FIF[A@BBGWAO]u@@GFODCD?CC?S?@GEDB?KCJ""}"
"2024-01-28 11:47:55",walk,"Afternoon Walk",4703,376,5.914,,,,strava,10647194531,"{""elapsed_time"":7520,""total_elevation_gain"":93.4,""elev_high"":119,""elev_low"":56.7,""average_speed"":1.258,""max_speed"":8.168,""polyline"":""qjjxHtbQDTAJ@n@KV?HE?IPGAE@?EKGGQKGAGIC?E]SADDEi@CABEAOHE?GMIDCCIIAKICQFEFKHWOEBIAENEBOVCBCC[REFIROLEJQJMBGJKFo@K]HM?MPMl@MVGXMr@?XCJ@LCD[SQSGC]Aa@BEAU@AAM@GACGYMAKOQISA@S?Uo@S[GUKQUZEDe@x@KLELU`@Sh@MPGT@JIDCH@PEL?HCRGHIj@U`@GTILGB?HKb@a@|@GHK\\IJAHa@z@AJE?KR?DKXALMNI\\GJ@LAC[l@EPHPTT?JOj@AEE@G^E?ITCEEDCIBc@Mz@F^COY[Oc@EAMUBCCEIEIA?AIEEGIAYYAGE?@AAAMA?CCAK??BGEI?IEI?K@UJIPGB?CWXGZIBEFSx@CDGTKVIXGJI@Wa@QQ?IMIEBCIKGAIQKCI@GAAABACIC?CEAc@o@?CCEOCUa@YYISEAMQs@mAWiAO_@?OEKCe@DE?CPQNGLMLE@EHAHKB?FEECFKRKFIF?DBHAB[PW@KLEH??AJEPCFEDKH?BGJAPQDADEFA?GL?h@]DGD?LOXOPS@@BCD@JSFEFMNIJSJEBGI]MGAQDX~@x@ICAO_@GKGHL?AABAE@?KRBCOB?KCEAOEJEKI?CZ@PIRCLGBKNIDE??BK@EPG?ADIB?@EA?AFBGFIBCHSBWXG@IAGDCFK?CFEACLCBk@LUVGA?FC?CFIAIFKC@JEAIVALEOILE?@LEH?DF@RMADJFFHHB@BJDBD^PDFH@JJA??BPDFJRD@DRFBFADDABB@C?HD?PDPNFJHD@AHJ^Rp@j@RRHBFLC?@j@Wt@CNGLu@~BEPc@lAI@O_@m@s@][[_@WUS[QOaAsAIUKQIEWg@IWScAMq@BUDCPYLG@GLIRK@EF?RMNC?BF@LHD?XLXVp@\\`@\\r@f@D@HJF?RPD@HLb@XJN`@XRVRNDPLHC@FPLJHNLJFLHHJD@FLJ@FRHFJDABBRXHBTj@PPBGF?J[FHASLEKB@EFFFAKAFED_@BYCCBQCKE@KWSQEBCLDGAFE@?CAHI?@KJYJC?TCBCJED?MG?Dp@G@HMC_@DG@OFE@JENIDDC?SEB@LEBHGE@BC?B@C@D@ID?P_@@KAMCG?KOGW[IGAIMIE@EE[c@ICCIOKCGE?IOEACIMMA??BAAIM_@_@[S@CSUM]?u@Jk@CGDo@k@kBHa@DG@QHK@EB?FIACLEDEAIJ@GCGQ?UDJEXFH?CBEDC?@FGAGD@?EB?ADFGAD@CHOF@@GFIACNUH@?DFC?C@BAE@BHEDGDA@GBB?CFIJGB@?ADADOLKLENMFABENXHXTHBFFAHJB?@BB?A?@BJDp@ZBB@JFBJCFHD@JLLC^VDADFLDFAJHH?NHBAB@HAJMFANYFQJM@IDE@?@GBIB?B@JMFUHEDKPUBIFADMFIA@@?LTDRAF\\j@BHDDHR@JFF?DNR?LHAADDDADF@ABBBFBBAFF?B?EA@D?B@BGH?DLB?DFHS@BBAHFJCJ@HCDDP?LFJRLN?C@AFBDIBQ@AAGEAFK@[Ro@AMP{@T[TDFEHAACA@BAFDBJHJA?LPDPFF?BD@@FDB@HF??BHAHHFA?DLCDB?FD@FHGBB??HFJD@FHLJDHABHFDEHBDCBDDEH@?KC@@BBABG?IDKJCCCBCD@JEA@JQAGFE?QDECKBK?@AGBA?QFGBK@A@BBINUCCD?@ED@JUFGAADC@SL_@AGBO?GLBj@f@@FJFPZDADDDA?GRY?UHG@a@HKFUMo@IOC?IU?IJSDEB@EGB?ABB?@CKWFJBNIGE@?IALH?CGDCAKFH@AG?""}"
"2024-01-28 16:11:07",workout,"Afternoon Tennis",5964,960,0,169,,,strava,10744059898,"{""elapsed_time"":5964,""total_elevation_gain"":0,""elev_high"":0,""elev_low"":0,""average_speed"":0,""max_speed"":0}"
"2024-01-30 05:42:58",walk,"Morning Walk",1187,102,1.605,,,,strava,10658071807,"{""elapsed_time"":1289,""total_elevation_gain"":26.4,""elev_high"":119,""elev_low"":95.1,""average_speed"":1.352,""max_speed"":5.66,""polyline"":""wjjxH~_QHLGF?DRXDGBRCHG\\A??BCCAB@?An@KZIH@RKFCKIAUW?GA@IGAGc@SEIBG?FG?CCAM@NLLB?EIGCGG@GBCAC@OCG@m@BE@@@CD?ASLQAKB[CQDE?OEKAMPUDOHENWPm@FACCGJ?HA?CTGFDGD@AKFEACHKA??DFG?CCAFG?B?MFQDBBE@KDEAYIQGGK?ACOEMBMEGDGM?C@@IE?IC??BECOYG?C@@FGJCACBSDCJ?CCDG`@CD@JC?Ij@Yb@QTKDCJQ\\EDCLC?CZCBEACLKLATKDAFCBG?ERC?EHG@ARIBCJ?JG@ANE@EJAFQNG@ENMAKTGF?NKBAFE@@BEBAHILADCb@BB?LBBF?BFL??LFTH@BD@AAHHH@HFHAA?DHJ@CJF?DD@DEDHJBB?AC@??@@@@AA?DDAB@JJDJJHPFDBJDABJDBD?AC@@BCCGDIBFD?JGDBFECG?GDADKDB@CDC?ENQJ@Bc@EKFWBC?MDG@?@GFI?GLKBBBE@@H[FIB??KBEB@?Q@?BKFECGBGCIBEJGCBCAJJDA@DJDHJD@DJD@@FRR@JPBJYAMEGBCH?FGJq@FG?GB??YEQEIICCYK[D?BE@ID@?IKa@LVBAAIEII@HFGAIGH?PRECCD?XGAEDGm@HDCI@BGBN?LDDFD?QLJJ""}"
"2024-01-31 09:30:28",walk,"Morning Walk",1073,83,1.3,,,,strava,10666165552,"{""elapsed_time"":1241,""total_elevation_gain"":26.8,""elev_high"":119,""elev_low"":95.1,""average_speed"":1.211,""max_speed"":3.172,""polyline"":""yjjxHt_QCD@FHFDPRRFLIHI^?DCFAp@ING\\GFIC_@c@EC?Aa@YEIEA@CECC@G[@WCM@i@P_@AUFW@[DKCKGDJPDA?@Vo@BMDCH[DEBOFACEHM\\eAA@BGCM@GCG[OI?KBQMQ??KIOGEE?EIc@FKHQb@G\\?NEPc@t@?Ha@f@c@hAIBCPEFCJKVSTIVKRIDO\\YXOFo@bASv@BNHZPNPb@LLHZLD@?BHBAJ?RHBDHB?HDJA@TPDNHBFLJC?BXKFMNWFEFAHGNk@@g@Pi@FINGZi@Jo@BUDSJ?AA?DD@NRRRDABB`@h@HATu@VeAEe@[w@BOHOD?CQ@CCBDCCBACADDAAO?H""}"
"2024-02-01 12:18:41",walk,"Morning Walk",904,70,1.109,,,,strava,10685773645,"{""elapsed_time"":945,""total_elevation_gain"":23.3,""elev_high"":119,""elev_low"":95.1,""average_speed"":1.227,""max_speed"":3.165,""polyline"":""qjjxH|}PBbAD^DPJXQ\\Az@E^GDEPCBC@GGKOUW]SIOGE?C?DECCIEUCaAFG@MFMAEFS@[DG@UJIA@?ABLE@BI@SJYAGBE@IIKSIQS@?U@UEMEACQC?AGEQBACGFO`@GFGRCA@GEFUj@AL[b@CJGJANQJEVKROL?JEJc@j@ACC@?@ONG@Q^GFUf@CJ?PDLJPHDHTd@v@PNJAXFHPAHFH@AFB@DLP?DPNb@IFGBOZWHS?GDEBg@HYVi@@@@AFGBI?BJKDUDALe@B]FQn@b@\\\\RZFCLk@JY@MRk@Kk@Wk@BMN]""}"
"2024-02-02 08:06:37",weight-training,"Gym Session",3890,546,,,,,setgraph,,"{""sets"":[{""exercise"":""TRX Row"",""reps"":10,""weight"":0},{""exercise"":""TRX Row"",""reps"":10,""weight"":0},{""exercise"":""TRX Row"",""reps"":10,""weight"":0},{""exercise"":""Wall Balls"",""reps"":15,""weight"":3},{""exercise"":""Wall Balls"",""reps"":15,""weight"":3},{""exercise"":""Wall Balls"",""reps"":15,""weight"":3},{""exercise"":""Wall Balls"",""reps"":15,""weight"":3},{""exercise"":""Landmine Curtsey Lunge"",""reps"":20,""weight"":5},{""exercise"":""Landmine Curtsey Lunge"",""reps"":20,""weight"":10},{""exercise"":""Squat"",""reps"":10,""weight"":15},{""exercise"":""Squat"",""reps"":10,""weight"":45},{""exercise"":""Squat"",""reps"":10,""weight"":65},{""exercise"":""Squat"",""reps"":10,""weight"":45},{""exercise"":""Squat"",""reps"":10,""weight"":35},{""exercise"":""Goblet Squat"",""reps"":10,""weight"":8},{""exercise"":""Hip Abduction Machine"",""reps"":10,""weight"":27.5},{""exercise"":""Hip Abduction Machine"",""reps"":10,""weight"":35}]}"
"2024-02-03 10:18:03",walk,"Morning Walk",1748,132,2.072,,,,strava,10686020982,"{""elapsed_time"":1824,""total_elevation_gain"":7.8,""elev_high"":160,""elev_low"":152.6,""average_speed"":1.185,""max_speed"":5.881,""polyline"":""}xhxHtyMZxFCzACTGJi@VKCOBKEIKAUO_@@?AAE]@HK@FEBBGKESQ[KG[Dg@d@MRSPOTA\\Hb@@TDHBTBFBT@BHZ?JBDDV?PHh@?HFJB\\GRMTMJOPm@d@w@ZGHCLCn@NhAf@`BFl@AXPf@DFL@TGHKNa@RW@KBAZo@JML[He@Lg@n@kALa@RWHGBIFCF[?K[kAASIKK_@Is@F{@OaAIQAQCCCSEKGc@IQU_@GACGEAC@KA]b@KBo@t@GRCVL`@B`@HPDTBZAHJR?NBFPfACBJ\\AT[b@MFORMDAFSPE?OLGAGFS@EBCHAJ@FC@APBNARBFABJp@Rj@TlADZCPJXJNHBZEHEFUd@u@Na@Zm@FCHm@J_@nAgC\\g@VSHMd@[T]?CCBFAHGj@gAb@_@JYPUN}@Qw@NMB@DSKo@Sq@C_@BEDBLAVBDE@O@@?A@F?E@BC@?CB?""}"
"2024-02-04 10:32:29",workout,"Morning Tennis",5740,905,0,166,,,strava,10744059859,"{""elapsed_time"":5740,""total_elevation_gain"":0,""elev_high"":0,""elev_low"":0,""average_speed"":0,""max_speed"":0}"
"2024-02-04 12:59:04",workout,"Lunch Tennis",3750,534,0,154,,,strava,10744059858,"{""elapsed_time"":3750,""total_elevation_gain"":0,""elev_high"":0,""elev_low"":0,""average_speed"":0,""max_speed"":0}"
"2024-02-04 14:11:39",workout,"Afternoon Tennis",1503,219,0,157,,,strava,10744059794,"{""elapsed_time"":1503,""total_elevation_gain"":0,""elev_high"":0,""elev_low"":0,""average_speed"":0,""max_speed"":0}"
"2024-02-05 06:13:46",weight-training,"Gym Session",4268,336,,,,,setgraph,,"{""sets"":[{""exercise"":""Press Ups"",""reps"":10,""weight"":0},{""exercise"":""Press Ups"",""reps"":10,""weight"":0},{""exercise"":""Press Ups"",""reps"":10,""weight"":0},{""exercise"":""Standing Cable Flies"",""reps"":12,""weight"":6.3},{""exercise"":""Standing Cable Flies"",""reps"":10,""weight"":8.8},{""exercise"":""Standing Cable Flies"",""reps"":8,""weight"":8.8},{""exercise"":""Cable Tricep Pushdown"",""reps"":15,""weight"":8.8},{""exercise"":""Cable Tricep Pushdown"",""reps"":15,""weight"":11.3},{""exercise"":""Cable Tricep Pushdown"",""reps"":15,""weight"":13.8},{""exercise"":""Bench Press"",""reps"":10,""weight"":20},{""exercise"":""Bench Press"",""reps"":12,""weight"":25},{""exercise"":""Bench Press"",""reps"":10,""weight"":30},{""exercise"":""Bench Press"",""reps"":8,""weight"":35},{""exercise"":""Bench Press"",""reps"":10,""weight"":30},{""exercise"":""Bench Press"",""reps"":12,""weight"":25},{""exercise"":""Incline Chest Press Machine"",""reps"":10,""weight"":17.5},{""exercise"":""Incline Chest Press Machine"",""reps"":15,""weight"":12.5},{""exercise"":""Incline Chest Press Machine"",""reps"":12,""weight"":15},{""exercise"":""Incline Chest Press Machine"",""reps"":8,""weight"":20},{""exercise"":""Dumbbell Lateral Raise"",""reps"":10,""weight"":4},{""exercise"":""Back Supported Dumbbell Shoulder Press"",""reps"":20,""weight"":6},{""exercise"":""Dumbbell Lateral Raise"",""reps"":10,""weight"":4},{""exercise"":""Back Supported Dumbbell Shoulder Press"",""reps"":15,""weight"":6},{""exercise"":""Dumbbell Lateral Raise"",""reps"":10,""weight"":4},{""exercise"":""Back Supported Dumbbell Shoulder Press"",""reps"":15,""weight"":6},{""exercise"":""Tricep Dips"",""reps"":15,""weight"":0},{""exercise"":""Tricep Dips"",""reps"":15,""weight"":0},{""exercise"":""Tricep Dips"",""reps"":15,""weight"":0}]}"
"2024-02-05 09:25:02",walk,"Morning Walk",1610,113,1.781,,,,strava,10699765674,"{""elapsed_time"":1667,""total_elevation_gain"":2.9,""elev_high"":160,""elev_low"":152.4,""average_speed"":1.106,""max_speed"":2.196,""polyline"":""__ixHtaNC?@Ra@\\INGBCDIDGRBFARHVBV?JHPAFD^BLB@@\\DNBXFJ?LFXBABFA@@XBJCN?@EAA@ELSPIJMHCFKDKLKFAAABUFOJMNIVCn@FVBBDf@JRP`AJV@R?PJn@FFHDDAF@NGLKDOPYBKP[?EFOD?DGFUFGFUFI@QFWFI?OPQBQJQDCFO?B@KP]DCBIROFO@GC[Mi@Ku@AA?BACKSIe@Ag@Bk@A]GQC]EECi@EEAKIOAa@OUIAKS]EIDKPIBSZE??CUZGB@@GFG`@Lb@CPDHAFDF?Z@@DTBABFABDTDH?D@BANDH@RDH@PJ`@Gf@W\\CFIHMFEHI@]Xk@PILE`@@p@TbARp@Pt@?h@FZHRDBF?JHHCJM~@kBd@w@NaATg@JKAECAFGHOB?BQf@q@?EBABITSN[`@SBEFCZg@PIDK@B?IDCC?HKDM@@DKHEDSFEH?DOPMBSHQFq@Oo@B@ACHAHLNC?HDA?@BE""}"
"2024-02-06 12:19:06",walk,"Lunch Walk",919,75,1.188,,,,strava,10713925059,"{""elapsed_time"":983,""total_elevation_gain"":23.3,""elev_high"":119,""elev_low"":95.1,""average_speed"":1.292,""max_speed"":3.615,""polyline"":""}jjxHb`QNRR^FTAFQ^AT@@C`@O\\CLIDGAIOKGOUs@g@IY@S?IEGBMAURYFQ@u@AUHQ@DED@@DC\\u@B[Pc@DU?]S]WQo@Be@LMJWVWj@U^CJMPCJCEB?_@p@?FSd@C@?DQVC?GDCNWXANGJM^GBIJK@?HCDQHAFKFGL?DS\\GPCHDNJVJNB@HNFDCB@BTZ?JDDJBFDFA\\DJRDRD@JJADBD@DF@LLDADBRIFQLIFSNCFOFSEODQCKDCL_@NQV_@@IPSLk@B]H@@A\\^^XX^FAJWFELw@La@Ag@_@{@DMJSAADGAI""}"
"2024-02-06 15:07:34",workout,"Afternoon Tennis",3253,419,0,143,,,strava,10744059799,"{""elapsed_time"":3253,""total_elevation_gain"":0,""elev_high"":0,""elev_low"":0,""average_speed"":0,""max_speed"":0}"
"2024-02-07 11:53:58",walk,"Lunch Walk",1030,74,1.161,,,,strava,10714036845,"{""elapsed_time"":1067,""total_elevation_gain"":26,""elev_high"":119,""elev_low"":95.1,""average_speed"":1.127,""max_speed"":4.217,""polyline"":""qkjxH|eQIPG?AEMKIOc@a@?CC?KM?I?k@C_@T[CKJi@@e@BGADAC@GHSJENWXo@Pk@@IDEBKNWAMKOECC@CCA@GAIGK?GEC@ICGBCCE@UHGHI?u@h@GVIPINSRCLMLKPAJG@GJ?BJ]EFK^KTCBCJYb@AJOXCLKHMTKL@DC@EXOBGHIDCHKJAHK@]d@CLILCb@NZHDD?DFBPHRDD@HHL^R^?BT\\`@HT?BDFP?FC@@BGDDBIHMDEBA@BBEHQDC@EHABC?KBCE]@KNW@KHKACHOLI@IJM@KPO@SFM?GDYTF^VXXRXDB@?Ni@HMD]Pk@Ge@[m@?KDOJM?A@BCEBECMAHAE""}"
"2024-02-11 11:20:41",workout,"Lunch Squash",1942,340,0,177,,,strava,10744059734,"{""elapsed_time"":1942,""total_elevation_gain"":0,""elev_high"":0,""elev_low"":0,""average_speed"":0,""max_speed"":0}"
"2024-02-11 17:27:46",walk,"Afternoon Walk",1227,98,1.536,,,,strava,10742582491,"{""elapsed_time"":1331,""total_elevation_gain"":26.1,""elev_high"":119.6,""elev_low"":91.8,""average_speed"":1.252,""max_speed"":3.751,""polyline"":""ujjxHb`QNd@LR?NIRALJa@AI[{@@UDKAGP@CMEAB?Ib@ILHRGAGKLNTd@FZPLNP@DA@JPVXBPY`AO`@Gb@]z@In@ILIZWdA_@tBKXg@`DC`@On@Ev@IJ@?E`@@HEMk@i@GK?@?ED@SMSSIEs@{@YWa@i@A@AA{@cAQOQYc@]QYY[KGCIi@k@Y_@?ERa@?QACJy@f@qBJS^ERDNLd@dAXV`@@FJHTPTDPLJT?LGBGl@c@FKFSBs@HK@KL_@?@BAFEZe@Rk@@a@DKDCFHF@VPXVV^HDLe@DEFc@Rk@Ai@[y@@GP[CE?Q@CB@AA""}"
"2024-02-12 10:07:11",weight-training,"Gym Session",3216,388,,,,,setgraph,,"{""sets"":[{""exercise"":""Dumbbell Shoulder Press"",""reps"":12,""weight"":8},{""exercise"":""Dumbbell Shoulder Press"",""reps"":12,""weight"":8},{""exercise"":""Dumbbell Flys"",""reps"":12,""weight"":5},{""exercise"":""Dumbbell Flys"",""reps"":12,""weight"":5},{""exercise"":""Dumbbell Flys"",""reps"":12,""weight"":5},{""exercise"":""Dumbbell Bench Press"",""reps"":12,""weight"":8},{""exercise"":""Dumbbell Bench Press"",""reps"":12,""weight"":12},{""exercise"":""Dumbbell Bench Press"",""reps"":12,""weight"":12},{""exercise"":""Incline Bench Press"",""reps"":12,""weight"":30},{""exercise"":""Incline Bench Press"",""reps"":12,""weight"":30},{""exercise"":""Incline Bench Press"",""reps"":11,""weight"":30},{""exercise"":""Plate Loaded Shoulder Press"",""reps"":12,""weight"":10},{""exercise"":""Plate Loaded Shoulder Press"",""reps"":12,""weight"":15},{""exercise"":""Plate Loaded Shoulder Press"",""reps"":10,""weight"":15},{""exercise"":""Ring Tricep Extension"",""reps"":12,""weight"":0},{""exercise"":""Ring Tricep Extension"",""reps"":12,""weight"":0},{""exercise"":""Ring Tricep Extension"",""reps"":12,""weight"":0}]}"
"2024-02-12 13:23:03",walk,"Afternoon Walk",1030,79,1.246,,,,strava,10746752562,"{""elapsed_time"":1046,""total_elevation_gain"":26,""elev_high"":119,""elev_low"":95.1,""average_speed"":1.21,""max_speed"":3.948,""polyline"":""qjjxHb_QCTJl@V`@MTA@EPAp@IVG`@IFq@u@UOQSIAGM@GCWFi@AIDQDi@Ja@Jy@J[h@y@Ty@P[?SGO]S_@EOBCAAOGKIGG?OIKHK@MRAFOXA`@G\\[f@ENY`@GRa@r@UTCPEDENIHIVQ\\OPMZEHCLu@n@CH_@h@Kb@?HBF\\`@h@fAPNTBHANLBRFFHDLXJNH@FCJ?RKL_@B?X_@D}@JSBKHIHOXSJMLm@Js@D?TRVN`@f@RNp@gCEY[{@BWHQ""}"
"2024-02-13 10:34:25",walk,"Morning Walk",836,68,1.065,,,,strava,10752347278,"{""elapsed_time"":869,""total_elevation_gain"":23.3,""elev_high"":119,""elev_low"":95.1,""average_speed"":1.273,""max_speed"":3.499,""polyline"":""qjjxH~}PAf@Jt@ADHTHJ@DINGX@AC@?C?TCZMb@@FMPE?KICI_@c@WQKOCBICAO?u@EC?BFa@FIJa@AKBOEKE?_@QKWC?GIECAIS?AKIOMKQUOBCLMLSb@SPUh@k@x@O^Oh@e@`@]`@S\\Kb@?`@^f@Rf@DT\\Z\\HJFJRBHPNBJJFJJN@JAHGr@u@HWCGDWAKBMNW?AJYl@s@P}@CKBMN@RVZT`@h@D?JYFKXkAFOGQ?MUm@AK@QLSDA?E?GCB@CGC""}"
"2024-02-14 07:30:32",weight-training,"Gym Session",2652,294,,,,,setgraph,,"{""sets"":[{""exercise"":""Chest Supported Incline Dumbbell Row"",""reps"":15,""weight"":6},{""exercise"":""Chest Supported Incline Dumbbell Row"",""reps"":15,""weight"":6},{""exercise"":""Chest Supported Incline Dumbbell Row"",""reps"":15,""weight"":6},{""exercise"":""Chest Supported Reverse Fly"",""reps"":12,""weight"":4},{""exercise"":""Chest Supported Reverse Fly"",""reps"":12,""weight"":4},{""exercise"":""Chest Supported Reverse Fly"",""reps"":12,""weight"":4},{""exercise"":""Single Arm Kettlebell Sumo Deadlift High Pull"",""reps"":8,""weight"":8},{""exercise"":""Single Arm Kettlebell Sumo Deadlift High Pull"",""reps"":8,""weight"":12},{""exercise"":""Single Arm Kettlebell Sumo Deadlift High Pull"",""reps"":8,""weight"":12},{""exercise"":""Single Arm Kettlebell Sumo Deadlift High Pull"",""reps"":8,""weight"":12},{""exercise"":""Close Grip Pull-Down"",""reps"":15,""weight"":20},{""exercise"":""Close Grip Pull-Down"",""reps"":12,""weight"":27.5},{""exercise"":""Close Grip Pull-Down"",""reps"":8,""weight"":35},{""exercise"":""Supinated Barbell Bent Over Row"",""reps"":12,""weight"":10},{""exercise"":""Supinated Barbell Bent Over Row"",""reps"":12,""weight"":12.5},{""exercise"":""Supinated Barbell Bent Over Row"",""reps"":12,""weight"":12.5},{""exercise"":""Ring Face Pulls"",""reps"":12,""weight"":0},{""exercise"":""Ring Face Pulls"",""reps"":12,""weight"":0},{""exercise"":""Ring Face Pulls"",""reps"":12,""weight"":0},{""exercise"":""Sled Face Pull"",""reps"":2,""weight"":20},{""exercise"":""Sled Face Pull"",""reps"":2,""weight"":25},{""exercise"":""Sled Face Pull"",""reps"":2,""weight"":25},{""exercise"":""Sled Face Pull"",""reps"":2,""weight"":25},{""exercise"":""Sled Face Pull"",""reps"":2,""weight"":25}]}"
"2024-02-15 13:50:48",workout,"Afternoon Tennis",7652,1170,0,163,,,strava,10768104830,"{""elapsed_time"":7652,""total_elevation_gain"":0,""elev_high"":0,""elev_low"":0,""average_speed"":0,""max_speed"":0}"
"2024-02-16 07:56:33",weight-training,"Gym Session",3006,287,,,,,setgraph,,"{""sets"":[{""exercise"":""Romanian Deadlift"",""reps"":10,""weight"":30},{""exercise"":""Barbell step up"",""reps"":20,""weight"":25},{""exercise"":""Deadlift"",""reps"":20,""weight"":25},{""exercise"":""Bulgarian Split Squat"",""reps"":20,""weight"":10},{""exercise"":""Bulgarian Split Squat"",""reps"":20,""weight"":6},{""exercise"":""Bulgarian Split Squat"",""reps"":20,""weight"":6}]}"
"2024-02-17 08:23:29",walk,"Morning Walk",895,75,1.178,,,,strava,10777605914,"{""elapsed_time"":1298,""total_elevation_gain"":23.6,""elev_high"":119,""elev_low"":95.1,""average_speed"":1.316,""max_speed"":3.226,""polyline"":""kjjxHvdQ@N_@z@E?a@k@a@WQUC?CEGSB_@Ae@BOP_@?YDW@]AGs@_AKIQUOM?C`@]?@?AE@GCK?WNi@v@Q`@Od@e@r@KXc@p@Yz@]Pq@|@S`@Gd@HTXPJ\\PXHRPJPAJDH?LX@HVVLTJDTEFEDKNUTQHMBI?c@H]Ra@LKDOT[HSJw@BGHADHr@h@VV@FFDDCPe@F]Rs@Ae@Wk@CI?QNWADB??G?K?@ECB??CE@@@?C@?C@ECFCE?AGDi@AD?CBB?DE^?AAOBE@RLv@ESABCECB@C@J?K@HBCAWAC@HCMABEEBAA??C?@@A?BB?EH@R@AEC@MF@""}"
"2024-02-17 09:24:26",workout,"Morning Squash",7265,962,0,151,,,strava,10781288831,"{""elapsed_time"":7265,""total_elevation_gain"":0,""elev_high"":0,""elev_low"":0,""average_speed"":0,""max_speed"":0}"
"2024-02-17 13:31:17",workout,"Afternoon Squash",8459,1028,0,140,,,strava,10781288984,"{""elapsed_time"":8459,""total_elevation_gain"":0,""elev_high"":0,""elev_low"":0,""average_speed"":0,""max_speed"":0}"
"2024-02-18 15:10:56",walk,"Afternoon Walk",966,78,1.23,,,,strava,10788028830,"{""elapsed_time"":1043,""total_elevation_gain"":25.4,""elev_high"":119,""elev_low"":95.1,""average_speed"":1.274,""max_speed"":2.284,""polyline"":""{jjxHn_QP`APXMZ@RCLAb@M`@EBAHGJMKa@g@a@]SICGCeAHm@HM@YBK@]DMBM@FDW?@FQVa@JYFGBOTs@BBDGBM?OKQUQKCE@WGKBI]IAACCAKIG?]P[f@Cl@EZg@r@_@t@GDMd@IPOTKJo@nA_@dAIHE?CDG@YZMTGB[p@ARDTRVBJFB^p@BLVP\\@LNJTD@HJFNFJLFVKLMLWXWFSB[H_@NWFWFEb@o@Jg@B[FEDA\\X^ZV\\DBDAPe@XqA?g@Uo@?SJ[AMAD?E""}"
"2024-02-19 07:50:47",weight-training,"Gym Session",3176,290,,,,,setgraph,,"{""sets"":[{""exercise"":""Bench Press"",""reps"":12,""weight"":29},{""exercise"":""Bench Press"",""reps"":12,""weight"":29},{""exercise"":""Bench Press"",""reps"":10,""weight"":29},{""exercise"":""Bench Press"",""reps"":10,""weight"":29},{""exercise"":""Dumbbell Flys"",""reps"":12,""weight"":6},{""exercise"":""Dumbbell Flys"",""reps"":12,""weight"":6},{""exercise"":""Dumbbell Flys"",""reps"":12,""weight"":6},{""exercise"":""Standing Cable Flies"",""reps"":12,""weight"":6.9},{""exercise"":""Standing Cable Flies"",""reps"":12,""weight"":6.9},{""exercise"":""Standing Cable Flies"",""reps"":12,""weight"":6.9},{""exercise"":""Seated Shoulder Press"",""reps"":12,""weight"":5},{""exercise"":""Seated Shoulder Press"",""reps"":12,""weight"":5},{""exercise"":""Dumbbell Lateral Raise"",""reps"":12,""weight"":4},{""exercise"":""Dumbbell Lateral Raise"",""reps"":12,""weight"":4},{""exercise"":""Dumbbell Frontal Raises"",""reps"":12,""weight"":4},{""exercise"":""Dumbbell Frontal Raises"",""reps"":12,""weight"":4}]}"
"2024-02-20 10:36:21",walk,"Morning Walk",889,79,1.237,,,,strava,10799212293,"{""elapsed_time"":920,""total_elevation_gain"":8.9,""elev_high"":118.5,""elev_low"":75,""average_speed"":1.391,""max_speed"":4.706,""polyline"":""ajjxHbcQ?FC??CBXE\\GPAHIFGZGAOS[YSMUYSEk@PIKM?GWGAQHSPQKQ?G@Yd@OB]XOTCPGHKHWFQPS@IKWCK@EDQAC@GLQn@Ij@IVARENEl@GLOKSUKIE@[Cg@BKCA@E@QC]SMMMUk@}AIKK]IKGJMJc@x@KLKPEFMZIF?BACEDQf@GHGIICO?WKGDGGKAYKM@EEAMGEQC]S]KUS}@a@WUCK?SEIMGa@\\I?SL_@b@g@XQNUZOJEJEEMFG?AQI@ARCABGGJETPIEN@MDDF?ADDI@BEE?FC_@@J""}"
"2024-02-20 12:22:48",walk,"Lunch Walk",926,79,1.236,,,,strava,10799916177,"{""elapsed_time"":1082,""total_elevation_gain"":43.3,""elev_high"":119,""elev_low"":75,""average_speed"":1.335,""max_speed"":4.596,""polyline"":""cwkxHxgQ?JL{@H`@C@W[?HHTTVJNLD~@r@p@`@RHb@BDBHLVF~@\\RGRS^q@NMLWT[P_@X_@BBRJHVR\\l@`BFJNPPJXFtAADB?BVJDLPLDADIAe@TmA\\kAJUXCHGNFFHLZHJB?DJJJ@FLNFBR@FDF@PZNNNXJHZCJGDOZYLUJ}@^_AJCHKXm@Ju@BGFCFJt@h@Zb@BB@CVo@Nw@JSGe@KQIYAM?Q@ECUBB?ELK@@M@DAKa@?QD@DRE@FFEBDFCD""}"
"2024-02-21 07:12:12",weight-training,"Gym Session",1834,214,,,,,setgraph,,"{""sets"":[{""exercise"":""Single arm bent over cable row"",""reps"":12,""weight"":6.3},{""exercise"":""Single arm bent over cable row"",""reps"":12,""weight"":11.3},{""exercise"":""Wide cable bent over row"",""reps"":12,""weight"":16.3},{""exercise"":""Wide cable bent over row"",""reps"":12,""weight"":21.3},{""exercise"":""Wide cable bent over row"",""reps"":12,""weight"":21.3},{""exercise"":""Single arm bent over cable reverse fly"",""reps"":12,""weight"":6.3},{""exercise"":""Single arm bent over cable reverse fly"",""reps"":12,""weight"":6.3},{""exercise"":""Single arm bent over cable reverse fly"",""reps"":10,""weight"":6.3},{""exercise"":""Seated rear delt raise"",""reps"":12,""weight"":5},{""exercise"":""Seated rear delt raise"",""reps"":12,""weight"":5},{""exercise"":""Seated rear delt raise"",""reps"":12,""weight"":5},{""exercise"":""Dumbbell Elbowing Row"",""reps"":15,""weight"":8},{""exercise"":""Dumbbell Elbowing Row"",""reps"":12,""weight"":10},{""exercise"":""Dumbbell Elbowing Row"",""reps"":10,""weight"":12},{""exercise"":""Lat Pulldown"",""reps"":12,""weight"":27.5},{""exercise"":""Lat Pulldown"",""reps"":12,""weight"":35},{""exercise"":""Lat Pulldown"",""reps"":12,""weight"":35},{""exercise"":""Lat Pulldown"",""reps"":12,""weight"":35},{""exercise"":""Sled Face Pull"",""reps"":2,""weight"":25},{""exercise"":""Sled Face Pull"",""reps"":2,""weight"":25}]}"
"2024-02-23 08:05:44",weight-training,"Gym Session",2662,,,,,,setgraph,,"{""sets"":[{""exercise"":""Trx Tricep Extensions"",""reps"":10,""weight"":0},{""exercise"":""Trx Tricep Extensions"",""reps"":10,""weight"":0},{""exercise"":""Trx Tricep Extensions"",""reps"":10,""weight"":0},{""exercise"":""TRX Row"",""reps"":10,""weight"":0},{""exercise"":""TRX Row"",""reps"":10,""weight"":0},{""exercise"":""TRX Row"",""reps"":10,""weight"":0},{""exercise"":""Bench Press"",""reps"":10,""weight"":20},{""exercise"":""Bench Press"",""reps"":10,""weight"":20},{""exercise"":""Bench Press"",""reps"":10,""weight"":30},{""exercise"":""Bench Press"",""reps"":10,""weight"":40},{""exercise"":""Bench Press"",""reps"":10,""weight"":30},{""exercise"":""Dumbbell Shoulder Press"",""reps"":15,""weight"":6},{""exercise"":""Dumbbell Shoulder Press"",""reps"":20,""weight"":6},{""exercise"":""Dumbbell Shoulder Press"",""reps"":6,""weight"":10},{""exercise"":""Dumbbell Shoulder Press"",""reps"":6,""weight"":15},{""exercise"":""Dumbbell Shoulder Press"",""reps"":5,""weight"":4},{""exercise"":""Dumbbell Shoulder Press"",""reps"":15,""weight"":2}]}"
"2024-03-01 13:47:41",walk,"Morning Walk",987,77,1.213,,,,strava,10900844792,"{""elapsed_time"":1198,""total_elevation_gain"":23.5,""elev_high"":119.1,""elev_low"":95.1,""average_speed"":1.229,""max_speed"":2.22,""polyline"":""uijxH|aQCNM`@Ax@Un@CHE?k@o@i@a@QW@KCYBo@La@LqAFIBFC@\\_ALi@JSD[CYEOMQQMAEA@MGYEm@Zk@~@YVWj@W`@ERIN?@ACOPOh@W\\KVKNMXER_@d@SHGFe@r@Qd@@DEPJTLHBJFBL\\D@P^JHn@JL`@PLDLRRR?FCNMBKLQPMJKBWAOFWZu@JGDQPOJSHY?UFWFGBFn@d@h@n@FCFWDEJo@J[FGCg@[s@AQDKJQ@B@CB@IKGSADCCASD\\?GDQACBj@CCA@AIC@?C?B@C@D@C""}"
"2024-03-01 18:03:56",workout,"Evening Squash",1742,303,0,179,,,strava,10869126582,"{""elapsed_time"":1742,""total_elevation_gain"":0,""elev_high"":0,""elev_low"":0,""average_speed"":0,""max_speed"":0}"
"2024-03-04 06:31:38",weight-training,"Gym Session",3957,469,,,,,setgraph,,"{""sets"":[{""exercise"":""Incline Chest Press Machine"",""reps"":12,""weight"":12.5},{""exercise"":""Incline Chest Press Machine"",""reps"":12,""weight"":15},{""exercise"":""Incline Chest Press Machine"",""reps"":10,""weight"":17.5},{""exercise"":""Incline Chest Press Machine"",""reps"":10,""weight"":17.5},{""exercise"":""Incline Chest Press Machine"",""reps"":10,""weight"":17.5},{""exercise"":""Dumbbell Bench Press"",""reps"":12,""weight"":12},{""exercise"":""Dumbbell Bench Press"",""reps"":12,""weight"":12},{""exercise"":""Dumbbell Bench Press"",""reps"":12,""weight"":12},{""exercise"":""Dumbbell Bench Press"",""reps"":12,""weight"":12},{""exercise"":""Seated Shoulder Press"",""reps"":12,""weight"":10},{""exercise"":""Seated Shoulder Press"",""reps"":10,""weight"":10},{""exercise"":""Seated Shoulder Press"",""reps"":10,""weight"":12.5},{""exercise"":""Seated Shoulder Press"",""reps"":9,""weight"":12.5},{""exercise"":""Standing Cable Flies"",""reps"":12,""weight"":6.3},{""exercise"":""Standing Cable Flies"",""reps"":12,""weight"":6.3},{""exercise"":""Standing Cable Flies"",""reps"":12,""weight"":6.3},{""exercise"":""Standing Cable Flies"",""reps"":12,""weight"":6.3},{""exercise"":""Standing Cable Flies"",""reps"":12,""weight"":6.3},{""exercise"":""Dumbbell Lateral Raise"",""reps"":12,""weight"":4},{""exercise"":""Dumbbell Lateral Raise"",""reps"":12,""weight"":6},{""exercise"":""Dumbbell Lateral Raise"",""reps"":12,""weight"":6},{""exercise"":""Press Ups"",""reps"":10,""weight"":0},{""exercise"":""Press Ups"",""reps"":10,""weight"":0}]}"
"2024-03-06 08:05:38",walk,"Morning Walk",1008,74,1.169,,,,strava,10900926017,"{""elapsed_time"":1120,""total_elevation_gain"":23.3,""elev_high"":119,""elev_low"":95.1,""average_speed"":1.159,""max_speed"":2.218,""polyline"":""kjjxHt`QFXLRWf@ATDTANSl@GHUSGMYYm@_@?YEW?k@P[FS@q@BUf@mAZqAMAIEE?C[WYWGm@By@nAQ\\AAYNEJSt@OXGRKLUf@KLENQZUp@SV]RUVc@~@AJBVBFNHHNJFDP`@p@JDZB^r@FDRXLBVG\\]BITSHa@@]H[Na@LGBKRWN[Ho@FODCRR^TADNHX^D@BEN]AEFKD_@Ja@CIDWASCAUg@BSJOAEC?B?@I?E?CB@?CIADC@F""}"
"2024-03-07 10:49:28",walk,"Lunch Walk",1012,77,1.216,,,,strava,10914188145,"{""elapsed_time"":1037,""total_elevation_gain"":25.5,""elev_high"":119,""elev_low"":95.1,""average_speed"":1.202,""max_speed"":2.126,""polyline"":""ojjxHdaQF@NV?NEPILDPCNAZSn@IDm@o@[WMMCA?@E?CEGoABWPWBKB}@DYLSF_@Z]BMDCNo@JSHMFUK[_@MI@]ECBM_@GEIASKUN]h@Cr@Mb@{@tAo@rAq@hAM^Yf@IXSNIJWPQ^WZEXBVVf@HHb@v@TPHAPFPTDNLHJRFBDJJ@@CJ?JGNUFE^e@DS?a@@GRe@JQFE`@y@HWHm@F?XPl@h@TVBBDEBMFKJo@Pi@Ag@O[K_@BOHS@B""}"
"2024-03-08 10:02:36",weight-training,"Gym Session",2765,335,,,,,setgraph,,"{""sets"":[{""exercise"":""Seated Machine Row"",""reps"":10,""weight"":20},{""exercise"":""Seated Machine Row"",""reps"":10,""weight"":30},{""exercise"":""Seated Machine Row"",""reps"":7,""weight"":40},{""exercise"":""Seated Machine Row"",""reps"":7,""weight"":30},{""exercise"":""Seated Machine Row"",""reps"":10,""weight"":20},{""exercise"":""Shoulder Press"",""reps"":10,""weight"":10},{""exercise"":""Shoulder Press"",""reps"":10,""weight"":15},{""exercise"":""Shoulder Press"",""reps"":7,""weight"":25},{""exercise"":""Shoulder Press"",""reps"":13,""weight"":5},{""exercise"":""Lat Pulldown"",""reps"":10,""weight"":35},{""exercise"":""Lat Pulldown"",""reps"":8,""weight"":50},{""exercise"":""Lat Pulldown"",""reps"":8,""weight"":50},{""exercise"":""Lat Pulldown"",""reps"":15,""weight"":27.5},{""exercise"":""Ring Face Pulls"",""reps"":10,""weight"":0}]}"
"2024-03-08 10:54:59",workout,"Morning Squash",2750,380,0,158,,,strava,10915544174,"{""elapsed_time"":2750,""total_elevation_gain"":0,""elev_high"":0,""elev_low"":0,""average_speed"":0,""max_speed"":0}"
"2024-03-09 11:20:55",walk,"Lunch Walk",2912,222,3.495,,,,strava,10922576643,"{""elapsed_time"":5307,""total_elevation_gain"":70.9,""elev_high"":119,""elev_low"":56.7,""average_speed"":1.2,""max_speed"":2.746,""polyline"":""cjjxHbaQLRDLSl@A|@MTGVEFE?W]}@y@MAECIFGCWBKGOAGIASEASHILKB[OMJQ`@MDMPUPUb@YVKA[NECI@WKG?K@KDQBOXSx@Kt@I\\Cr@CFKGSYOIOCaABUAWGUQ]m@a@iAc@{@KJOXUTi@v@w@~ASl@Kb@?NEJCZQb@ETIJKX@@eA|B]`AAH@?OZIVIFYr@a@hAABBBKNWh@?JBJJNLJ@HKVEXKb@GEKPC\\CCAPCISWM[]_@MI][a@]]OSEU?UFMF[^GNEDMBGZKVi@bBINE?CAIUU_@w@}@KEW[GMw@}@yAqBc@aAMg@ASOi@AYBGCCe@JC?EI?IRGJQ?FB@FAV[TMJKLEVW\\GFGNQBKFALQZSXIV_@XCf@WNOJAPK~@cA`@_@VGNONG@EB?C@@FAGC@?D?CMGHAFJEGBQ?OD?BABBACFFHCDMFA\\g@FBXKV_@h@a@DHLBFHHBBDLBh@XFFNB\\PHHlAz@r@PJFRD^N@?HQDQTKDUFQV_@FCJSDC@IDCJYn@}@C?DDz@fBNh@JNDN\\b@D?NHPFDER?DBHGT@VCPNPXF?LMJqANq@HS@QRi@HEP?DEZB\\LFAJEDKLCRQNYRUJC@CVKXk@N@BDNBJCLOF?LKD@BD?TDAJDDH^ECG?CH@FALHBAHDFFLFXXPVPNB?Po@JQJm@FMEc@Y{@?GJMDOAKEKEABF@MA??IDWDt@A@CCABJLW]C?@@@DCE@B@?AAFF""}"
"2024-03-14 13:18:35",walk,"Afternoon Walk",1037,76,1.191,,,,strava,10957897870,"{""elapsed_time"":2328,""total_elevation_gain"":23.4,""elev_high"":119,""elev_low"":95.1,""average_speed"":1.148,""max_speed"":2.249,""polyline"":""gjjxHbaQ?CADB?DFABHVQ^B@G@@f@CZYp@s@w@a@[EGEB?ACAGU@e@Ca@BIN_@LuATc@CBBJPq@F[@m@Ei@Ug@GIMGUBQHk@f@Y\\IPIHW\\O\\ITAJ]t@U`@E@MNILGZCAEDQl@IDOTKDONg@n@Oj@@ZN`@DDD@LNBRBLTRFNHBP?HDHJALDBHAHDHRRVDBPKPAJQD?FKNGJKDW@g@d@gAJG\\g@DQDc@FODEAAPLf@X`@h@B?LSJ_@FMLi@DGCc@Uo@COFM@IDCAQFIGM?BKN?@?ABD?IIC@C@HCG@GAO@FB@?AED@@""}"
"2024-03-17 14:03:57",walk,"Afternoon Walk",856,68,1.07,,,,strava,10979638371,"{""elapsed_time"":952,""total_elevation_gain"":23.4,""elev_high"":119,""elev_low"":95.1,""average_speed"":1.25,""max_speed"":2.322,""polyline"":""{jjxHvfQ?DE@MCQSg@g@IC?COQ?BCAEIC{@B]L]CBFYBY?SDUHQ?@BOX_A@MA??KJ{@AKIU_@U]Is@d@GFO\\MRIDQ^GB@AIVORWh@UXITIHUd@Y\\Sj@AHINa@^c@f@Sd@EPATH\\DB@DF@X^DPP\\D?LNL?FBNADBFRRZBLFFDJF@L?NELQ^]JUFWAM@QJMH]d@k@Tg@PcAB?FJRFRNRRV^D?@CZ}@DUPk@E_@[s@AMBKHC?CBCCCCJGUCABA""}"
"2024-03-17 16:42:27",workout,"Afternoon Squash",2081,278,0,168,,,strava,10981701814,"{""elapsed_time"":2081,""total_elevation_gain"":0,""elev_high"":0,""elev_low"":0,""average_speed"":0,""max_speed"":0}"
"2024-03-17 17:33:48",workout,"Afternoon Tennis",6918,1007,0,159,,,strava,10982040444,"{""elapsed_time"":6918,""total_elevation_gain"":0,""elev_high"":0,""elev_low"":0,""average_speed"":0,""max_speed"":0}"
"2024-03-18 10:07:17",weight-training,"Gym Session",3788,321,,,,,setgraph,,"{""sets"":[{""exercise"":""Ring Tricep Extension"",""reps"":12,""weight"":0},{""exercise"":""Ring Tricep Extension"",""reps"":12,""weight"":0},{""exercise"":""Ring Tricep Extension"",""reps"":12,""weight"":0},{""exercise"":""Seated Machine Row"",""reps"":10,""weight"":20},{""exercise"":""Seated Machine Row"",""reps"":10,""weight"":20},{""exercise"":""Seated Machine Row"",""reps"":10,""weight"":40},{""exercise"":""Seated Machine Row"",""reps"":10,""weight"":40},{""exercise"":""Shoulder Press"",""reps"":10,""weight"":29},{""exercise"":""Shoulder Press"",""reps"":6,""weight"":39},{""exercise"":""Shoulder Press"",""reps"":8,""weight"":34},{""exercise"":""Shoulder Press"",""reps"":9,""weight"":24},{""exercise"":""Decline Bench Press"",""reps"":10,""weight"":24},{""exercise"":""Decline Bench Press"",""reps"":12,""weight"":24},{""exercise"":""Decline Bench Press"",""reps"":10,""weight"":9},{""exercise"":""Decline Bench Press"",""reps"":10,""weight"":19},{""exercise"":""Decline Bench Press"",""reps"":10,""weight"":9},{""exercise"":""Cable Lateral Raises"",""reps"":10,""weight"":3.8},{""exercise"":""Cable Lateral Raises"",""reps"":10,""weight"":3.8},{""exercise"":""Standing Cable Flies"",""reps"":12,""weight"":5},{""exercise"":""Standing Cable Flies"",""reps"":10,""weight"":5},{""exercise"":""Standing Cable Flies"",""reps"":12,""weight"":6.3}]}"
"2024-03-20 12:20:51",walk,"Lunch Walk",1204,87,1.367,,,,strava,11000110630,"{""elapsed_time"":2108,""total_elevation_gain"":23.6,""elev_high"":119,""elev_low"":95.1,""average_speed"":1.135,""max_speed"":2.214,""polyline"":""qjjxH``Q?JDB@PR^Od@Az@Sr@IHu@w@a@]MEEOAmABUN[?UFYB[HEDMDg@LKLg@?m@Eg@I[EMKKSBMDYRWZI?ILMHU`@CRY^]l@AHITUVO`@WXU^Ut@_A`Ai@z@GRBNRf@LJBHFDZj@NNNBHFPDN`@DBPVPRFAFCD?HG\\a@HEPSDQ@k@\\y@NM\\m@DOHq@FQF?@Fp@f@NNNXFBBAV_ALi@A@@KHECi@Y{@HYD?BGEKBVGQC@ABDENA?EQ@@@CFFEDDKE@FAADE?U@DAFAQEFB^AK?DCE?D?KHJCC@CA@DGC@AGIF@@ADHB@C?OCACN?G@H@ID?ADC??F@E?A?HAC@@?IED@@@IADA??@?K@BCA?BAEBDC?DAGA?EBCDBACA@EC@C?@BA@D?DC@BF?UDBABCB?DCC@DBC?DC?AB@CBFCSEI?@""}"
"2024-03-20 15:02:57",workout,"Afternoon Tennis",3598,585,0,170,,,strava,11001238186,"{""elapsed_time"":3598,""total_elevation_gain"":0,""elev_high"":0,""elev_low"":0,""average_speed"":0,""max_speed"":0}"
"2024-03-21 19:03:20",workout,"Evening Tennis",5067,741,0,155,,,strava,11010414214,"{""elapsed_time"":5067,""total_elevation_gain"":0,""elev_high"":0,""elev_low"":0,""average_speed"":0,""max_speed"":0}"
"2024-03-24 09:33:48",workout,"Morning Squash",10557,1287,0,144,,,strava,11027802196,"{""elapsed_time"":10557,""total_elevation_gain"":0,""elev_high"":0,""elev_low"":0,""average_speed"":0,""max_speed"":0}"
"2024-03-25 11:16:28",walk,"Lunch Walk",946,75,1.181,,,,strava,11040189464,"{""elapsed_time"":1089,""total_elevation_gain"":23.4,""elev_high"":119,""elev_low"":95.1,""average_speed"":1.248,""max_speed"":2.406,""polyline"":""ojjxHb~PDt@ACEH^x@@LKb@@HCIAz@Uh@C?CJE@i@o@QMGCQUKEGk@?m@Le@PyAEGNHBQZ_AH]A@A@Hg@?_@]i@?CKIUAOB[LED?Bc@b@QXKHUb@A@GAQ^EP?AEFK`@QTWl@IHOb@QXYr@EJMHKBQRa@h@Qf@?XHNb@d@FPRb@PPb@@HJLZHHFPFBDLF@TCX_@d@g@BKDo@JOTk@RUT_@Ja@Ba@HOD??BNN\\Vd@h@JB@Cj@}BC]Sa@K[BKLUDCEM""}"
"2024-03-26 09:56:58",walk,"Morning Walk",1079,78,1.23,,,,strava,11040287968,"{""elapsed_time"":1155,""total_elevation_gain"":26,""elev_high"":119,""elev_low"":95.1,""average_speed"":1.14,""max_speed"":2.166,""polyline"":""ojjxH``QEKDD@CBBEFFHRz@K`@AN@CAACD@`@CPYp@EB?CGC_@g@m@g@KEEGAoABMJQB]ADNqA?BFSZg@DORa@HYACHKFYLOBIAKMUOKq@GIBAOGCAIIIIAMIE@WRMTIV?b@K^Q`@SNKVW`@Qj@QRIVIHM\\IHKTCLKJQ^EPg@h@KFWb@GD?AC@Sd@CRDPJJ^v@n@v@^@DDN`@d@l@J@NGNU\\UR[Bc@D[Xq@TW^s@L}@JA?Bx@p@\\b@B@BAAAFK?MN[F[Pi@Ga@O]K]BKLU?C""}"
"2024-03-27 08:53:12",walk,"Morning Walk",1032,78,1.235,,,,strava,11047070334,"{""elapsed_time"":1073,""total_elevation_gain"":23.4,""elev_high"":119,""elev_low"":95.1,""average_speed"":1.197,""max_speed"":3.196,""polyline"":""qjjxH~}PNjBJHBNGROT@A?d@EXMVCLEHC@EAU]iAaAEuAFUHKBKBs@F]D?FHACAFLw@LYNc@HIJc@JQBKFIBO?KISa@OG@ICSAEDQ@WHCAMVQHSZG@W`@E?EFEHCN]l@AEOTSn@Uf@C@[f@y@bBY\\SNEJURWf@?X@FLTFFPVL^JJHNLH\\DFDDFHTNPFPLLVBJCN]RMXYBK?_@DUXo@NOb@y@?IDOHg@HCXXTNh@l@@@R_@Lm@Rq@C]KYQ_@AIHOBIFGEMMIFA?EECBIHI""}"
"2024-03-29 07:49:22",weight-training,"Gym Session",2618,371,,,,,setgraph,,"{""sets"":[{""exercise"":""Straight Bar Push Down"",""reps"":10,""weight"":6.9},{""exercise"":""Straight Bar Push Down"",""reps"":10,""weight"":8.3},{""exercise"":""Straight Bar Push Down"",""reps"":5,""weight"":8.3},{""exercise"":""Straight Bar Push Down"",""reps"":5,""weight"":6.9},{""exercise"":""Bench Press"",""reps"":10,""weight"":20},{""exercise"":""Bench Press"",""reps"":10,""weight"":30},{""exercise"":""Bench Press"",""reps"":10,""weight"":35},{""exercise"":""Dumbbell Bench Press"",""reps"":10,""weight"":10},{""exercise"":""Dumbbell Bench Press"",""reps"":15,""weight"":10},{""exercise"":""Dumbbell Bench Press"",""reps"":15,""weight"":10},{""exercise"":""Barbell Bent Over Row"",""reps"":15,""weight"":15},{""exercise"":""Barbell Bent Over Row"",""reps"":10,""weight"":20},{""exercise"":""Barbell Bent Over Row"",""reps"":10,""weight"":30},{""exercise"":""Barbell Bent Over Row"",""reps"":10,""weight"":35},{""exercise"":""Barbell Bent Over Row"",""reps"":5,""weight"":30}]}"
"2024-03-30 12:03:33",walk,"Lunch Walk",965,75,1.176,,,,strava,11068015920,"{""elapsed_time"":993,""total_elevation_gain"":25.5,""elev_high"":119,""elev_low"":95.1,""average_speed"":1.218,""max_speed"":6.185,""polyline"":""sjjxHneQNVUVEBM?i@s@CIMESQCIABCAEICgABSPe@?WHw@F@DGBDAGCBAD?AB]P[Vs@@GA@HELe@R_@BKASGMSMg@EQBCCAOIOAAA@?GYG[Ra@r@OLCr@Kd@{@vA_@v@ERW^e@`AEDKZk@n@MJi@z@IZANPZHFN\\Zn@TLd@JBLJNJHHTPPL?DBBCB@~@kAHU@i@\\u@HG`@u@H]Fc@DGDAHJZTt@v@DAVw@BSNg@DIC_@]u@@KLa@?@?I""}"
"2024-04-01 12:01:40",walk,"Afternoon Walk",3067,225,3.537,,,,strava,11083561265,"{""elapsed_time"":6202,""total_elevation_gain"":70.8,""elev_high"":119.2,""elev_low"":56.8,""average_speed"":1.153,""max_speed"":5.074,""polyline"":""knjxHldQGG?BACIACBCAGB?BM@KKMBEEK_@EJ_@TKAIKI?IBKLQ^QFEFMFMNa@h@MB]VMGUCO?OFEAK@GFMTSt@IT?LCHCVGPCv@IHMBU_@MAGDQ@k@?YGI@IEG?SKKOs@wA?I[k@?@Ki@C?QXs@|@Yh@e@bA@?Qf@E^IPC\\]nAOb@uAxCQj@s@fBCLi@fACP[p@@LDHXZ?JIRALOVI`@KP?PEHYa@Ug@a@c@MGMQUOIMe@W]EQBCDWHMLWd@MBI`@c@tAINQh@E?Se@i@q@WQ{@gAUSq@{@kAcBWi@OcAK]E[IWC?EFMDCEK@AUHERELMLEV]FCHMNKl@[D?HFHABGFA@WNQBM^G`@WHCDEd@UJKD?XSNEJM\\SJMB?DGNIHG?I?@HMPMVGR[B@CB?A?BHNAQIQ@i@?PA^AINP@]BA@GDD@A@@?AB?AFACHVASB?@SLOAKACA@?CMSCA?R?CEDDC@IADBACG@AA@@EBFAAAB@CAA?I?F@?C??F?@BIBDC@?BC??CA@?CBB@C@?HHTDBAAC@CD@VMRURGBE^UJR`@NA?B?@MCCDCN?NLHLFBFJ\\PRRx@ZF?@@DCB?ZZXJVRZJFEHC^e@P]\\i@?KLIBFN@PUDMDAJS@AB@Nf@T`@\\~@BBBJLJT\\FBAC`@PDAN@?CXBXGb@BZf@BB@C@?Zf@\\\\@FRNbAjAHD@FF@ABPV`@`@Z`@RNLPLJDFb@`@@HRNHJPKFBFNd@b@@FHDLLH@DIDQPcBb@{BBg@Ji@?@FGDm@l@kC?MDMJMNs@`@iAPu@FS@OJc@EOKKg@cAEQIIUm@EC""}"
"2024-04-05 09:48:24",walk,"Lunch Walk",816,60,0.943,,,,strava,11110427320,"{""elapsed_time"":850,""total_elevation_gain"":23.4,""elev_high"":119,""elev_low"":95.1,""average_speed"":1.156,""max_speed"":2.796,""polyline"":""_ljxHbfQMEi@c@KK@EA@EACK?a@Cu@N]DU?SAMIIOAGCAGCAEKICCIEAGMM?AKWYIQIGEAI@CLQXIVAPOT[r@S\\Qf@E@MNO^_@TKNABCEE@Un@QZCh@CDf@p@JNDNPVRPb@DRf@LFV`@DB^IT]ZWL[?YNc@F]DGJMFQFAJQHWL{@DGfAz@RZDBB?L]`@}A?a@Wm@CU?GFOBA@G?BF?CMEABIA@B@KWI@""}"
"2024-04-05 11:47:28",weight-training,"Gym Session",2741,319,,,,,setgraph,,"{""sets"":[{""exercise"":""Barbell Bent Over Row"",""reps"":5,""weight"":20},{""exercise"":""Bench Press"",""reps"":10,""weight"":20},{""exercise"":""Bench Press"",""reps"":10,""weight"":30},{""exercise"":""Barbell Bent Over Row"",""reps"":5,""weight"":30},{""exercise"":""Barbell Bent Over Row"",""reps"":5,""weight"":40},{""exercise"":""Bench Press"",""reps"":10,""weight"":40},{""exercise"":""Barbell Bent Over Row"",""reps"":5,""weight"":40},{""exercise"":""Bench Press"",""reps"":7,""weight"":50},{""exercise"":""One Armed Bentover Dumbbell Row"",""reps"":10,""weight"":20},{""exercise"":""One Armed Bentover Dumbbell Row"",""reps"":10,""weight"":10},{""exercise"":""One Armed Bentover Dumbbell Row"",""reps"":15,""weight"":14},{""exercise"":""One Armed Bentover Dumbbell Row"",""reps"":10,""weight"":9}]}"
"2024-04-06 14:05:17",walk,"Afternoon Walk",1303,79,1.25,,,,strava,11119563177,"{""elapsed_time"":1542,""total_elevation_gain"":26.2,""elev_high"":119,""elev_low"":95.1,""average_speed"":0.959,""max_speed"":2.132,""polyline"":""qjjxH~}PZfCGPIN@d@EXQf@GJWWQWECIKa@]GE?sAJWJc@@y@HMAEBELKZs@AAIHAA?@JODYDGVw@BFJW@_@CI_@YI?GBYGGBEMGG?B?IOKOIUBY^]l@Kb@?XELcAnBW~@OH[d@w@fBq@j@MPEBYl@GABAACAB@DEVDDBP@B@?HRA@PRB?H^l@n@`@A@DHBFPAD@??BLPBPPP@DLBAEN@HEDCCGJALID?@EHIAIJCDELw@CO?MN_@C@?B\\YLQBIFAJQ@QDQ?IH_@CED@@AHFBJPJFJPJ\\f@ACNK@IL[Py@LWCECa@Sg@CM@KFKBC?BBCCE""}"
"2024-04-07 10:37:23",walk,"Lunch Walk",1111,80,1.26,,,,strava,11125831407,"{""elapsed_time"":1311,""total_elevation_gain"":25.8,""elev_high"":119,""elev_low"":95.1,""average_speed"":1.134,""max_speed"":2.272,""polyline"":""qjjxHraQBMD?PX?HOb@Az@Yv@C@u@{@QKOQKAAM@mAB]Ne@AUD]V_@?OHSDF?IP]@WNYLa@ADHE?CBEDSA[]WKAGBKKC@ECIHGA?IGOa@_@CAGHI?E@KVe@p@CJGdAIJE?AJc@p@?HEBUh@C?ILIPAPOl@MLIRKLUd@GTc@ZMNEBa@r@IPCP@NJTNNN\\`@n@PLb@@Pf@JDDRHJDFNBFCPMV_@\\[BO?a@DOXm@NQ^q@HE@a@F]D??DFBJ?ZRn@t@HIDSFK?OHM@MNe@Cm@Sc@CU?EJM@EAB@A?OEMAD@DCOBJCEAD@G@DCGBBA?@D@EGA""}"
"2024-04-08 09:27:39",weight-training,"Gym Session",4641,549,,,,,setgraph,,"{""sets"":[{""exercise"":""Bench Press"",""reps"":15,""weight"":20},{""exercise"":""Bench Press"",""reps"":10,""weight"":30},{""exercise"":""Bench Press"",""reps"":10,""weight"":35},{""exercise"":""Bench Press"",""reps"":10,""weight"":35},{""exercise"":""Cable Tricep Pushdown"",""reps"":10,""weight"":11.3},{""exercise"":""Cable Tricep Pushdown"",""reps"":10,""weight"":13.8},{""exercise"":""Cable Tricep Pushdown"",""reps"":10,""weight"":13.8},{""exercise"":""Cable Tricep Pushdown"",""reps"":10,""weight"":13.8},{""exercise"":""Pec Dec Machine"",""reps"":15,""weight"":32.5},{""exercise"":""Pec Dec Machine"",""reps"":15,""weight"":35},{""exercise"":""Pec Dec Machine"",""reps"":15,""weight"":35},{""exercise"":""Pec Dec Machine"",""reps"":12,""weight"":35},{""exercise"":""Straight bar cable tricep extension"",""reps"":12,""weight"":11.3},{""exercise"":""Push ups"",""reps"":10,""weight"":0},{""exercise"":""Push ups"",""reps"":10,""weight"":0},{""exercise"":""Straight bar cable tricep extension"",""reps"":12,""weight"":13.8},{""exercise"":""Straight bar cable tricep extension"",""reps"":12,""weight"":13.8},{""exercise"":""Push ups"",""reps"":10,""weight"":0},{""exercise"":""Push ups"",""reps"":7,""weight"":0},{""exercise"":""Straight bar cable tricep extension"",""reps"":12,""weight"":13.8},{""exercise"":""Kettlebell floor press"",""reps"":12,""weight"":8},{""exercise"":""Kettlebell floor press"",""reps"":12,""weight"":8},{""exercise"":""Kettlebell floor press"",""reps"":12,""weight"":8},{""exercise"":""Battle Rope"",""reps"":1,""weight"":0},{""exercise"":""Battle Rope"",""reps"":1,""weight"":0},{""exercise"":""Battle Rope"",""reps"":1,""weight"":0},{""exercise"":""Heavy ball slams"",""reps"":12,""weight"":5},{""exercise"":""Heavy ball slams"",""reps"":10,""weight"":5},{""exercise"":""Heavy ball slams"",""reps"":8,""weight"":5},{""exercise"":""Press Ups"",""reps"":20,""weight"":0}]}"
"2024-04-10 08:16:38",walk,"Morning Walk",1062,81,1.269,,,,strava,11147724969,"{""elapsed_time"":1170,""total_elevation_gain"":26.3,""elev_high"":119,""elev_low"":95.1,""average_speed"":1.195,""max_speed"":2.78,""polyline"":""mjjxHx`QPXHRENO\\@PC\\Sn@INCAm@q@i@e@GCGc@?w@BINY@G?SF{@CI?CA??@PLLw@JWHCDYHABMJQ@GGC@A@?@@@AHYNQ@SCOGK[M?@CEGB[EAIK?GKIICAKM[BKFOTI`@En@GRGNC@?BIBKJG\\i@fAKVORE@MVYVO`@@HQXSd@_AjA_@p@GZBPPXJHb@~@HHPL^DJLJXZb@JHH@NELKXa@JGNa@@g@BSXk@PKd@cADO@]BEFA`@ZJNLF\\^B@BAXs@TiAC]OYI_@@URUKK@@C?ECBF@??A""}"
"2024-04-12 12:51:09",weight-training,"Gym Session",3732,485,,,,,setgraph,,"{""sets"":[{""exercise"":""Press Ups"",""reps"":10,""weight"":0},{""exercise"":""Press Ups"",""reps"":10,""weight"":0},{""exercise"":""TRX Row"",""reps"":10,""weight"":0},{""exercise"":""TRX Row"",""reps"":10,""weight"":0},{""exercise"":""Barbell Floor Press"",""reps"":20,""weight"":20},{""exercise"":""Gorilla Rows"",""reps"":12,""weight"":12},{""exercise"":""Gorilla Rows"",""reps"":12,""weight"":12},{""exercise"":""Barbell Floor Press"",""reps"":17,""weight"":30},{""exercise"":""Gorilla Rows"",""reps"":20,""weight"":16},{""exercise"":""Barbell Floor Press"",""reps"":10,""weight"":40},{""exercise"":""Barbell Floor Press"",""reps"":10,""weight"":40},{""exercise"":""Gorilla Rows"",""reps"":20,""weight"":20},{""exercise"":""Incline Bench Press"",""reps"":10,""weight"":20},{""exercise"":""Incline Bench Press"",""reps"":10,""weight"":30},{""exercise"":""Incline Bench Press"",""reps"":10,""weight"":30},{""exercise"":""One Armed Bentover Dumbbell Row"",""reps"":13,""weight"":12},{""exercise"":""One Armed Bentover Dumbbell Row"",""reps"":10,""weight"":12}]}"
"2024-04-15 06:53:40",weight-training,"Gym Session",4078,419,,,,,setgraph,,"{""sets"":[{""exercise"":""Lat Pulldown"",""reps"":10,""weight"":35},{""exercise"":""Lat Pulldown"",""reps"":12,""weight"":42.5},{""exercise"":""Lat Pulldown"",""reps"":10,""weight"":42.5},{""exercise"":""Lat Pulldown"",""reps"":10,""weight"":42.5},{""exercise"":""Low Cable Row"",""reps"":12,""weight"":35},{""exercise"":""Low Cable Row"",""reps"":12,""weight"":35},{""exercise"":""Low Cable Row"",""reps"":12,""weight"":35},{""exercise"":""Low Cable Row"",""reps"":10,""weight"":35},{""exercise"":""Assist Pull Ups"",""reps"":10,""weight"":27.5},{""exercise"":""Assist Pull Ups"",""reps"":12,""weight"":32.5},{""exercise"":""Assist Pull Ups"",""reps"":12,""weight"":32.5},{""exercise"":""Assist Pull Ups"",""reps"":12,""weight"":32.5},{""exercise"":""Seated Machine Row"",""reps"":12,""weight"":20},{""exercise"":""Seated Machine Row"",""reps"":12,""weight"":20},{""exercise"":""Seated Machine Row"",""reps"":12,""weight"":20},{""exercise"":""Standing Rope Bicep Curl on Cable Machine"",""reps"":12,""weight"":8.8},{""exercise"":""Standing Rope Bicep Curl on Cable Machine"",""reps"":12,""weight"":11.3},{""exercise"":""Standing Rope Bicep Curl on Cable Machine"",""reps"":12,""weight"":11.3},{""exercise"":""Standing Rope Bicep Curl on Cable Machine"",""reps"":12,""weight"":11.3},{""exercise"":""Hammer Curls"",""reps"":12,""weight"":6},{""exercise"":""Hammer Curls"",""reps"":12,""weight"":6},{""exercise"":""Hammer Curls"",""reps"":12,""weight"":6},{""exercise"":""Bicep Curls"",""reps"":10,""weight"":8},{""exercise"":""Bicep Curls"",""reps"":12,""weight"":8},{""exercise"":""Bicep Curls"",""reps"":12,""weight"":8}]}"
"2024-04-17 09:39:17",walk,"Morning Walk",834,69,1.093,,,,strava,11205134435,"{""elapsed_time"":929,""total_elevation_gain"":25.9,""elev_high"":119,""elev_low"":95.1,""average_speed"":1.31,""max_speed"":2.366,""polyline"":""qljxHzfQGa@SSOWK?EMCSDKCi@BUJSBg@DGHi@EEHDAFTaATe@DQNSPm@HIDI@OKUUMMCS?MEIBAMIQKKC?QGIJWNYn@MJKbAM^KNITYXOb@Ub@?HUVUd@U\\Yz@IB[\\GBWZUNMZC\\Pb@TNZn@DXJNPFBALHH@HJ?HVJHRNNRDNEDIPI@OJCBINQHUAc@BGZs@LK\\k@Ja@De@DIHAFFRNPNBHHDZb@D?BCNi@N[?OJ_@?][kAHY""}"
"2024-04-17 19:37:44",walk,"Night Walk",3248,261,4.101,,,,strava,11205432846,"{""elapsed_time"":3605,""total_elevation_gain"":21.8,""elev_high"":12.5,""elev_low"":3.5,""average_speed"":1.262,""max_speed"":5.554,""polyline"":""e`kyHztVKXC@MC]e@KCe@e@]UKQUSKO[a@[i@K?EG[o@k@u@I[Ue@q@qBUe@Ia@[{@G]GCEKCe@Sw@CQIQOu@e@mESkAMwACCQaBUkDEkACI?OIu@Ac@Gs@DoAGe@?MCK?OBICaB@]A[@qAAM?c@Ce@JgDEO?sACa@BYEUIQAUK?YIAa@@a@G]?_@CQJkBASFq@CqCKm@[{@g@kBGC?QEEAGBYDUFQJI@OACJ]DGPGLCXFBA@EIBSAQ@ICGj@CDFJHDL@LDR@FFRABBJAC@ICB_ADUDGCSAGA@CuAFUGQBKBFCG?SBo@Fm@?cBC}@Bo@@{B@UCuAB}@AYDsAAQ@?@YF{@CSKIBECCE?GCGDCGEDC?GG@EA?@??@BKBBNCPBTLf@F`@ARDlADv@D|@?lAB^DJAV@nAP_@OM?CICuCFaCAg@BmBJmBPo@BSN[J_@B_@AQ@CHFFCL@CMEAG@DGC?PGCW@]AQ@AGIC?AMFi@HO@WRi@DWLW@e@BGXc@Zy@LIPBFMHg@@[AWCA?CQDY?DCBEAS@OEKJAZMBUHQJE@@BO?CDKBAAGCDD_@CqANOHa@IU?EJACPLABDH@BID?@]B?LMB@DAHMRCKYIMGSGEAGGEA@?UOa@DYESOOKAOMC?IJ?FC?DB@FNIJAJKTIP{@H{@HMA???BCAKG@SK@HDERBFED@RUTo@AFF?LGTy@?YFE@OFSDAFDXJROF?L]ROBKAc@BaABQJOLOFANDZI\\a@`@GFMB??BFCBF@CABBFEFG?GGB@CBAA@AADMCLEBGDSLS@DCD?DH??B?C@@FC?@B@@GFCLs@JYB]DKLIJOFSBYB?@DFIBHCX?AMT?A?BJG?JH?QAHKC@?@DAEIBKRWEP?ABCAECAK?BDHCA@BCAEABFK@@?JEA?I?BEACBNYGFBUKZ""}"
"2024-04-18 08:58:39",walk,"Morning Walk",994,80,1.257,,,,strava,11216933964,"{""elapsed_time"":1134,""total_elevation_gain"":25.5,""elev_high"":119,""elev_low"":95.1,""average_speed"":1.265,""max_speed"":2.578,""polyline"":""qjjxHt~PCRLh@ADVl@Qh@DJECCr@Wv@WM[c@UOYWC?IQ?I?eABMJSFaAB?BQF?E@Lc@Hm@RWJGJUb@eA?QWk@BDKGQ?GEUFOSQMIIIC_@LSZGL?n@Sf@KNIHU\\CLDAQPKRENY`@Uh@UZO^OTSj@ST[ROZOHQ`@GV?ZDFFPJLFNJNHTTZRNNAHDRb@LHX`@FBP?DCL?JIFONMNSBQAGB[Vy@^e@NWPaALU@ANDVRTRHNPP@?RS@GAULOPw@AYUaA?KFMF?GQ@EB@CEAB?F?G@@KGFC?JAAA@?C""}"
"2024-04-19 14:11:36",walk,"Afternoon Walk",814,72,1.132,,,,strava,11217064621,"{""elapsed_time"":1343,""total_elevation_gain"":2.4,""elev_high"":11.3,""elev_low"":3,""average_speed"":1.391,""max_speed"":5.324,""polyline"":""s_lyHpvPrBc@D@HKFCZZTBTIB@FEDBN?FA@CLGL@RRDb@PTF?DEFL@ABDPEC@HJBJC@B@NEPV^\\H?BBVHHEFBDGNPJ?DGN?LNBCHLDBA@BABB@DCA?BBD@CBDEAAHGQ@LCC?B@DDB?DG?@DCDKAAIHIC@AK@J?NBP?AB@?BMKBFAE?@DAAGA@@GC^Ol@Il@Aj@Un@Ct@CLCId@nACJK?WKHIBJDB@RO`@AJ@LEXUp@EDAACPGL?^K\\ANKBIJK@IQEAADACEA?EE?MKKCO@KI?XCAKLAEICI|@GFBPFHCJN`@RNH?HFDCDHNNJPBVB@LLEE@AGA@@G@?RFj@?PE@BH?DIEEBCF?NGPGFCQEE@A?BGEI??COE{A_@?FDCL?\\XNa@T|@TXFEUQLFGDB?""}"
"2024-04-20 07:31:52",weight-training,"Gym Session",2654,330,,,,,setgraph,,"{""sets"":[{""exercise"":""TRX Row"",""reps"":10,""weight"":0},{""exercise"":""TRX Row"",""reps"":10,""weight"":0},{""exercise"":""TRX Row"",""reps"":10,""weight"":0},{""exercise"":""TRX Bicep Curl"",""reps"":10,""weight"":0},{""exercise"":""TRX Bicep Curl"",""reps"":10,""weight"":0},{""exercise"":""TRX Bicep Curl"",""reps"":10,""weight"":0},{""exercise"":""Straight Arm Pull Down"",""reps"":10,""weight"":12.5},{""exercise"":""Straight Arm Pull Down"",""reps"":10,""weight"":12.5},{""exercise"":""Straight Arm Pull Down"",""reps"":10,""weight"":12.5},{""exercise"":""Straight Arm Pull Down"",""reps"":20,""weight"":7.5},{""exercise"":""Bicep Curls"",""reps"":10,""weight"":12.5},{""exercise"":""Bicep Curls"",""reps"":10,""weight"":12.5},{""exercise"":""Bicep Curls"",""reps"":10,""weight"":12.5},{""exercise"":""Mts Front Pull Downs"",""reps"":14,""weight"":10},{""exercise"":""Mts Front Pull Downs"",""reps"":10,""weight"":15},{""exercise"":""Mts Front Pull Downs"",""reps"":10,""weight"":15},{""exercise"":""Mts Front Pull Downs"",""reps"":12,""weight"":17.5},{""exercise"":""Shoulder Press"",""reps"":10,""weight"":12.5},{""exercise"":""Shoulder Press"",""reps"":12,""weight"":12.5},{""exercise"":""Shoulder Press"",""reps"":12,""weight"":10}]}"
"2024-04-20 08:37:38",workout,"Morning Squash",7457,916,0,146,198,,strava,11222592205,"{""elapsed_time"":7457,""total_elevation_gain"":0,""elev_high"":0,""elev_low"":0,""average_speed"":0,""max_speed"":0}"
"2024-04-25 12:33:28",workout,"Afternoon Tennis",5305,878,0,165,206,,strava,11261922613,"{""elapsed_time"":5305,""total_elevation_gain"":0,""elev_high"":0,""elev_low"":0,""average_speed"":0,""max_speed"":0}"
"2024-04-25 17:30:44",workout,"Evening Tennis",3663,582,0,157,198,,strava,11264103013,"{""elapsed_time"":3663,""total_elevation_gain"":0,""elev_high"":0,""elev_low"":0,""average_speed"":0,""max_speed"":0}"
"2024-04-26 10:00:09",weight-training,"Gym Session",2998,422,,,,,setgraph,,"{""sets"":[{""exercise"":""TRX Row"",""reps"":10,""weight"":0},{""exercise"":""TRX Row"",""reps"":10,""weight"":0},{""exercise"":""TRX Row"",""reps"":10,""weight"":0},{""exercise"":""Push ups"",""reps"":10,""weight"":0},{""exercise"":""Push ups"",""reps"":10,""weight"":0},{""exercise"":""Standing Cable Flies"",""reps"":10,""weight"":3.8},{""exercise"":""Standing Cable Flies"",""reps"":10,""weight"":6.3},{""exercise"":""Standing Cable Flies"",""reps"":10,""weight"":6.3},{""exercise"":""Standing Cable Flies"",""reps"":9,""weight"":3.8},{""exercise"":""Push ups"",""reps"":10,""weight"":0},{""exercise"":""Smith machine bench press"",""reps"":10,""weight"":29},{""exercise"":""Smith machine bench press"",""reps"":10,""weight"":24},{""exercise"":""Smith machine bench press"",""reps"":10,""weight"":19},{""exercise"":""Dumbbell Shoulder Press"",""reps"":10,""weight"":8},{""exercise"":""Dumbbell Shoulder Press"",""reps"":12,""weight"":8},{""exercise"":""Seated Shoulder Press"",""reps"":6,""weight"":18},{""exercise"":""Dumbbell Shoulder Press"",""reps"":10,""weight"":10}]}"
"2024-04-29 06:17:48",weight-training,"Gym Session",3883,521,,,,,setgraph,,"{""sets"":[{""exercise"":""Bench Press"",""reps"":12,""weight"":9},{""exercise"":""Bench Press"",""reps"":10,""weight"":29},{""exercise"":""Bench Press"",""reps"":10,""weight"":39},{""exercise"":""Bench Press"",""reps"":7,""weight"":39},{""exercise"":""Dumbbell Bench Press"",""reps"":10,""weight"":10},{""exercise"":""Dumbbell Bench Press"",""reps"":10,""weight"":10},{""exercise"":""Dumbbell Bench Press"",""reps"":10,""weight"":10},{""exercise"":""Dumbbell Bench Press"",""reps"":10,""weight"":10},{""exercise"":""Overhead Dumbell Tricep Extension"",""reps"":10,""weight"":10},{""exercise"":""Overhead Dumbell Tricep Extension"",""reps"":10,""weight"":10},{""exercise"":""Overhead Dumbell Tricep Extension"",""reps"":10,""weight"":10},{""exercise"":""Standing Cable Flies"",""reps"":10,""weight"":3.8},{""exercise"":""Standing Cable Flies"",""reps"":10,""weight"":6.3},{""exercise"":""Standing Cable Flies"",""reps"":10,""weight"":6.3},{""exercise"":""Standing Cable Flies"",""reps"":10,""weight"":6.3},{""exercise"":""Cable Tricep Pushdown"",""reps"":10,""weight"":10},{""exercise"":""Cable Tricep Pushdown"",""reps"":10,""weight"":12.5},{""exercise"":""Cable Tricep Pushdown"",""reps"":10,""weight"":12.5},{""exercise"":""Cable Tricep Pushdown"",""reps"":10,""weight"":12.5},{""exercise"":""Pec Dec Machine"",""reps"":10,""weight"":35},{""exercise"":""Pec Dec Machine"",""reps"":10,""weight"":35},{""exercise"":""Pec Dec Machine"",""reps"":10,""weight"":35},{""exercise"":""Press Ups"",""reps"":10,""weight"":0},{""exercise"":""Press Ups"",""reps"":10,""weight"":0},{""exercise"":""Press Ups"",""reps"":10,""weight"":0}]}"
"2024-04-29 08:43:55",walk,"Morning Walk",1009,75,1.186,123,144,,strava,11289120159,"{""elapsed_time"":1081,""total_elevation_gain"":26,""elev_high"":119,""elev_low"":95.1,""average_speed"":1.175,""max_speed"":2.087,""polyline"":""sijxHdbQIj@Ev@Qf@AFEHE?MGKSY]OGWW@@Wk@CW?WXy@@QA]F]@AREACBUFIAANW@IBA@IJKR{@Va@?OMS[MWAGGAEGECBOWKIIBGACDG@QNADMRIl@St@KLCNMJKXGFCLMRK^]^KXIHINGXIFIJE@ANSj@EFMFIPMDCJMHEHSRMp@C@@NNTZ\\@HFJLJR\\T@HFHLHDBHJDE?@DLF@HA??BFDA@LDJADBFKH?@GJAF[RCBIDCBK@@@ICc@J]B?@QHCHS?@JIACDEH[HGJSJw@LC?FBBBAD@DFHBb@`@TZHBH]HSTkABC?QAIS_@K[@KHQ""}"
"2024-04-30 08:19:02",walk,"Morning Walk",1179,79,1.243,109,138,,strava,11296731036,"{""elapsed_time"":1317,""total_elevation_gain"":23.4,""elev_high"":119,""elev_low"":95.1,""average_speed"":1.054,""max_speed"":2.097,""polyline"":""ojjxHt_QGPN`@NVAPEBEZAA?n@Qp@KN]WGIOO[QIOQS?WC@@?ECCM?MCG?ODMPWLuABGFAHYLWNi@LO@@DMA?@GDIAEFGFQRS?SEEAKEEK@]MA@GCKG?IECE?@DC?QS?GGAADIKKAILQHMNGZ@@El@Qf@YZCPKNMJGXINEDCAEPEJEBSh@EFE?KXIB?HGNC?GHGBCZKXG?@DGDIPG@GLIBYRAJGFAHGF?DEBCXBHBCEABHFDR^?FJH?JLJFPHBJPFAFDFABFF?A@@C@DDBLZLHBH?FHFDHHCR@FC@ERO?ELS@GFE@@BCDW?QFMAIFGD[DCDOB?LMHE@KBGNMFQLs@HID@NJJDRTJD\\d@DABQPQDs@BMNWKk@KOAGGICK?GJS""}"
"2024-05-01 06:07:27",weight-training,"Gym Session",2415,340,,,,,setgraph,,"{""sets"":[{""exercise"":""Press Ups"",""reps"":10,""weight"":0},{""exercise"":""TRX Bicep Curl"",""reps"":10,""weight"":0},{""exercise"":""TRX Bicep Curl"",""reps"":10,""weight"":0},{""exercise"":""Press Ups"",""reps"":10,""weight"":0},{""exercise"":""Press Ups"",""reps"":10,""weight"":0},{""exercise"":""TRX Bicep Curl"",""reps"":10,""weight"":0},{""exercise"":""Lat Pulldown"",""reps"":12,""weight"":35},{""exercise"":""Lat Pulldown"",""reps"":10,""weight"":35},{""exercise"":""Lat Pulldown"",""reps"":10,""weight"":42.5},{""exercise"":""Lat Pulldown"",""reps"":10,""weight"":50},{""exercise"":""Standing Cable Flies"",""reps"":10,""weight"":3.8},{""exercise"":""Standing Cable Flies"",""reps"":10,""weight"":6.3},{""exercise"":""Standing Cable Flies"",""reps"":10,""weight"":6.3},{""exercise"":""Assist Pull Ups"",""reps"":10,""weight"":20},{""exercise"":""Assist Pull Ups"",""reps"":10,""weight"":20},{""exercise"":""Assist Pull Ups"",""reps"":10,""weight"":27},{""exercise"":""Plate Loaded Shoulder Press"",""reps"":10,""weight"":10},{""exercise"":""Plate Loaded Shoulder Press"",""reps"":10,""weight"":10},{""exercise"":""Plate Loaded Shoulder Press"",""reps"":10,""weight"":12.5},{""exercise"":""Plate Loaded Shoulder Press"",""reps"":12,""weight"":17.5}]}"
"2024-05-04 09:18:52",walk,"Lunch Walk",2178,165,2.589,,,,strava,11328560972,"{""elapsed_time"":4421,""total_elevation_gain"":57.8,""elev_high"":119,""elev_low"":75,""average_speed"":1.189,""max_speed"":6.378,""polyline"":""_kjxH|_QLBFd@P^IXKJ@VAZYx@E@i@u@i@_@A@CCC?EIUDIFO?EICDAGC?IDCA@EGYAAKDCCGBINMBQGI?GDMPOVYJCFE@ELOLGTORIB?CEA]LGAG@KE]?IDOAOHg@hBGh@KZ?ZCNGCQ[MIKAS?a@?GDGCE@a@I[QOOGQ@CSGECE?Ui@S]Qe@EAILUTk@`AKJi@fAALKVOGCEKIUCEEQEGGYIMIE@ICk@_@E@OMQOG?WWi@SKIC@YSSGC@MII@MFKHGLG?e@^E@e@l@IFABE@ADOBCHRAIE@CC?@BA@HGD?FG?@CKCCA[?NIUK@CEFB?FBGPGXOOIMYGTCTITDDBEB?CBBBEFBMEA@CC?BBBCEE@@HADIEDFAMXEEFECFJN?JHDH[HG@ELGREDGPCLOAC^SFIHAd@]BEB?FJ?JHRHFDADFHBRVNBJHHBFHTJNJDHr@PRND?NLF?RJDAJDN?RG`@y@RQT[Re@TYFOV]HPJ`@^v@DDLd@B?Xr@b@Vj@HD?JEP@NCHGLDLJNTLHHM?_@BOTs@\\iBJGB@PCJ@V?NHJ?Z]D?LIP]V[TMD?LIPWBGLAJFBAF@@CHCHIL?LIBBATJANNF?^KPDDAHDFB@BDBJDn@r@DLD?P]AIJUNw@FKCMC]Wg@AIHi@CBCC?K@AEA?E@AHFIGBCC@@A""}"
"2024-05-05 13:20:20",walk,"Afternoon Walk",1096,80,1.253,112,143,,strava,11338383261,"{""elapsed_time"":1096,""total_elevation_gain"":25.5,""elev_high"":119,""elev_low"":95.1,""average_speed"":1.143,""max_speed"":2.564,""polyline"":""uijxHx`QDBE?ABKBFHDPCPKP?T@BC\\M^GHETEBi@e@KOUOMO@??AG@GICm@BKA_@@IDE?MDEB]FQCUBUAG@AADBA@CAU@A?HL^AMVw@LWBMFIH]HKJ]HO@OCGCA@IUMK?CEIBKGCBIAIBCSCAAOC@CIGBMM]PGFCLMRA^If@o@lAUPILIZIJALQTENGBERWXC??BGLGXKPKVQPAFMH?FGDG@AHGBCFE@GRQPM^?TPNBPD?FJ?BJVJNFFFNPNB?BBDEFDFAB@HJBHHDTh@NNX?FMDEFABIHE?EFEBGBAHOBKAGNw@Ri@JGPc@NOJo@NYHHJ@TN@DFBPPJTJLBEFK@OJIDg@FQFYAa@[s@?EPi@C@DG?G?B?AD?KCBAAA@CCH""}"
"2024-05-07 06:04:48",weight-training,"Gym Session",2513,289,,,,,setgraph,,"{""sets"":[{""exercise"":""Push ups"",""reps"":10,""weight"":0},{""exercise"":""Push ups"",""reps"":10,""weight"":0},{""exercise"":""Bench Press"",""reps"":10,""weight"":15},{""exercise"":""Bench Press"",""reps"":10,""weight"":35},{""exercise"":""Bench Press"",""reps"":6,""weight"":45},{""exercise"":""Bench Press"",""reps"":3,""weight"":50},{""exercise"":""Bench Press"",""reps"":12,""weight"":35},{""exercise"":""Assist Pull Ups"",""reps"":10,""weight"":27.5},{""exercise"":""Push ups"",""reps"":10,""weight"":0},{""exercise"":""Assist Pull Ups"",""reps"":10,""weight"":27.5},{""exercise"":""Assist Pull Ups"",""reps"":10,""weight"":27.5},{""exercise"":""Push ups"",""reps"":20,""weight"":0},{""exercise"":""TRX Bicep Curl"",""reps"":10,""weight"":0},{""exercise"":""Single Arm Rows"",""reps"":10,""weight"":12},{""exercise"":""Single Arm Rows"",""reps"":10,""weight"":12},{""exercise"":""TRX Bicep Curl"",""reps"":10,""weight"":0},{""exercise"":""TRX Bicep Curl"",""reps"":15,""weight"":0},{""exercise"":""Single Arm Rows"",""reps"":10,""weight"":12},{""exercise"":""Wall Balls"",""reps"":12,""weight"":4},{""exercise"":""Wall Balls"",""reps"":12,""weight"":4},{""exercise"":""Wall Balls"",""reps"":12,""weight"":3},{""exercise"":""Bicep Curls"",""reps"":10,""weight"":6},{""exercise"":""Bicep Curls"",""reps"":10,""weight"":6},{""exercise"":""Barbell Curl"",""reps"":10,""weight"":10},{""exercise"":""Barbell Curl"",""reps"":5,""weight"":8}]}"
"2024-05-07 07:48:32",walk,"Morning Walk",1055,78,1.23,115,142,,strava,11350849895,"{""elapsed_time"":1150,""total_elevation_gain"":26.2,""elev_high"":119,""elev_low"":95.1,""average_speed"":1.166,""max_speed"":2.192,""polyline"":""wjjxHf_QAHNf@V`@?FAREHETAj@ALS\\GXEB]_@CIKMKCm@i@G[?EAADEEa@@U@GD?PeA?QD[AEFUh@mAV_@F?BC@BCAH]DIB?DU?ICCBA@D?EIOQIk@II@COEFSWICIMKAEJGB[ZEVQRAF@NGNCd@ITORCPEDC@?ACAA@Or@GBCHQXC@CJMBCPYb@GNEB@DMb@KJCH?@E@QRC?ADGBS^GBAFIDKTGFEHCXF^P@FH@HHP@JFF@LHF?DHBABb@LJFV^HBDNNRB@LA?BFBDCXYNK@GLMHg@DKCSHMFC?KBKJOJIHK?INO@KBEBc@Ra@HADBJNNFp@p@JDBKFIF?BGHu@J_@Ee@[u@B[JO@?AG@??EECDG?JAIC@?F?G@JDC@@@AGCE?AB""}"
"2024-05-10 11:07:40",walk,"Lunch Walk",1967,141,2.224,115,146,,strava,11406776699,"{""elapsed_time"":3603,""total_elevation_gain"":60.5,""elev_high"":119,""elev_low"":75,""average_speed"":1.131,""max_speed"":2.407,""polyline"":""sqjxH|bQWj@GBUMG@GLK?AB@DGFAFQRM@]ZAFGF?JABMHSBAHGBOD[IK?CAMAODOAC@Kb@O`@?NCH@FC??NC@EL?LGLAREH@DITQCUYI?EEM@CCGBKCG@EAIBMEGDKCE@?CK?UK_@i@CQEMEACUGIOa@QYMc@?@QGa@r@c@d@K\\KLS^YPMVGDO@MMKAQKG?EEQCEIQGG?EG_@QCCKCIGYIEEKE?E]IOI@AIQGCAUCMQGKLCJ}@\\MJ[`@I@GC]b@IBEHGBEHKF?DG?CE@HIHECBCHZJKGB?@ECCGBRAIB?KQ@A?DIF@D@A@DAIG?B?A@BAABACBA?C?DAAHYNLBFEE@J?EECGSFL@JCGEC@AJ\\Ka@@JAEDJAC@?AA?LBMAA?DA?@D@A?WA??HAEDJAJASAH?EBL@A@@AB@??C?@EQBLCCDF?JAC?D?CBFAW?JEMBBA@?EDDAIA@@IA@?DAEB@AH@C?D@??CGFHCFFJFOU?BB?C@FIIDHUFCAGDEB@E??KMg@E\\PEHVFG@EJCBONMDMp@SLQFA\\[P\\PBJHACRFPPL?VRJ@LPNFp@d@r@TNHJ@b@PPDN]HKHCHMFOHGBE@KJSD?DSJINUJK@ILIBKLMRJNf@JL?FLJAF^v@ABP\\FB?DJJF??BJENJRALBTC?BJEFBDCF?NHHJHDFJJBFGAMGKBYBAF[NWFm@HM@MDGBODATQL?L?BDN?H@FAHDJEAEFINANG^u@F?FMFGRIX[@K^HFED?DI@@FCBGHGLLBVB@C?F@BFFBNID@JG@BFABA@ENDNNBDHDTRNFZ`@B@FSDEP{@@MN]A@AUESKKEOEG?c@BIAIBDHM""}"
"2024-05-13 04:57:32",walk,"Morning Walk",1198,79,1.248,,,,strava,11397975640,"{""elapsed_time"":1304,""total_elevation_gain"":27,""elev_high"":119,""elev_low"":95.1,""average_speed"":1.041,""max_speed"":2.156,""polyline"":""wjjxHl_QATFN@C@@N^HHBLKF?HMPAx@MTK\\C@C?u@y@g@_@EGAq@CSHc@DABIPmA@MIOA@LR@KTg@?E\\i@?GZy@CB@CR[BIAQGSSEGGQAYIGMG@EKKGIQMAIFK?MJUh@?XKl@Wb@QTGR_@x@GPCFYR?FONKVGBGJI^?FENMREVEFURKLKBQJCTONMVAFGHAL@DAA@@DTFLB@HVd@v@@FJJl@N\\f@PNHNFBZCLKB?@KDEFA^i@BOCWBOPa@JOPILKFMHYBSHE?OFM?]FA?DLJRJLNLHV`@F?Zy@D[Pe@Ei@KKQc@?KBG""}"
"2024-05-14 09:07:03",workout,"Morning Squash",2108,,0,145,201,,strava,11406776621,"{""elapsed_time"":2108,""total_elevation_gain"":0,""elev_high"":0,""elev_low"":0,""average_speed"":0,""max_speed"":0}"
"2024-05-14 11:43:42",walk,"Lunch Walk",1306,80,1.26,123,148,,strava,11453144818,"{""elapsed_time"":1336,""total_elevation_gain"":25.9,""elev_high"":119,""elev_low"":95.1,""average_speed"":0.965,""max_speed"":1.859,""polyline"":""ijjxH~~P@LENALN^BDF@BHIZIRCV?d@EFCTGDGRE@e@i@?COICGICQUAB@CKGAGEE@EA]CC@UJg@FMDAA[JcADG@IZg@FULUJ]B?BK@ADUFKFC@QB@KMEQI?SIGBCEUACIBAB@EFQJGAUD[XOFWVQ^KLAJWVOVKXKNIXE?Wb@KXAJIDIPAAGH?JC@MVMb@IJG@MVEBQZG@ORE@GJA?KV?ZJTFJJBL\\@FADNJDJRNBFB@DC?@FAPJLVH@NZFB@J@?DHFADBH?B@FMHGJOFCBINSHYBYAENe@L[LIBKHI@KVY?GFM?ECC@IJYJ@CFF?DFRHXX^d@BAN]XmAA@ACAEFk@IKEOEECS?SBCDMBAAABIA?@@GEBGC@?FCE?@HDADAEE@CM@A@DBBAABACC?@""}"
"2024-05-17 09:07:12",workout,"Morning Squash",6898,825,0,149,210,,strava,11430851104,"{""elapsed_time"":6898,""total_elevation_gain"":0,""elev_high"":0,""elev_low"":0,""average_speed"":0,""max_speed"":0}"
"2024-05-17 09:23:08",weight-training,"Gym Session",2268,313,,,,,setgraph,,"{""sets"":[{""exercise"":""Assist Pull Ups"",""reps"":15,""weight"":27.5},{""exercise"":""Assist Pull Ups"",""reps"":15,""weight"":30},{""exercise"":""Assist Pull Ups"",""reps"":15,""weight"":30},{""exercise"":""Assist Dips"",""reps"":15,""weight"":30},{""exercise"":""Assist Dips"",""reps"":15,""weight"":30},{""exercise"":""Assist Dips"",""reps"":12,""weight"":30},{""exercise"":""Tricep Extensions"",""reps"":16,""weight"":10},{""exercise"":""Cable Tricep Pushdown"",""reps"":15,""weight"":15},{""exercise"":""Tricep Extensions"",""reps"":16,""weight"":15},{""exercise"":""Cable Tricep Pushdown"",""reps"":15,""weight"":7.5},{""exercise"":""Bicep Curls"",""reps"":10,""weight"":8},{""exercise"":""Bicep Curls"",""reps"":10,""weight"":6},{""exercise"":""Bicep Curls"",""reps"":10,""weight"":6},{""exercise"":""Seated Machine Bicep Curls"",""reps"":10,""weight"":12},{""exercise"":""Seated Machine Bicep Curls"",""reps"":10,""weight"":12},{""exercise"":""Seated Machine Bicep Curls"",""reps"":10,""weight"":12}]}"
"2024-05-17 12:24:19",workout,"Afternoon Squash",2522,401,0,174,202,,strava,11431349699,"{""elapsed_time"":2522,""total_elevation_gain"":0,""elev_high"":0,""elev_low"":0,""average_speed"":0,""max_speed"":0}"
"2024-05-20 06:06:53",weight-training,"Gym Session",3789,355,,,,,setgraph,,"{""sets"":[{""exercise"":""Bench Press"",""reps"":12,""weight"":9},{""exercise"":""Bench Press"",""reps"":12,""weight"":29},{""exercise"":""Bench Press"",""reps"":12,""weight"":39},{""exercise"":""Bench Press"",""reps"":12,""weight"":39},{""exercise"":""Standing Cable Flies"",""reps"":12,""weight"":7.5},{""exercise"":""Standing Cable Flies"",""reps"":10,""weight"":7.5},{""exercise"":""Standing Cable Flies"",""reps"":12,""weight"":10},{""exercise"":""Standing Cable Flies"",""reps"":12,""weight"":10},{""exercise"":""Cable Tricep Extension"",""reps"":10,""weight"":5},{""exercise"":""Cable Tricep Extension"",""reps"":10,""weight"":5},{""exercise"":""Cable Tricep Extension"",""reps"":10,""weight"":5},{""exercise"":""Rope Tricep extension"",""reps"":10,""weight"":7.5},{""exercise"":""Rope Tricep extension"",""reps"":10,""weight"":10},{""exercise"":""Rope Tricep extension"",""reps"":10,""weight"":12.5},{""exercise"":""Rope Tricep extension"",""reps"":12,""weight"":12.5},{""exercise"":""Frontal raises"",""reps"":10,""weight"":5},{""exercise"":""Frontal raises"",""reps"":10,""weight"":5},{""exercise"":""Frontal raises"",""reps"":10,""weight"":5}]}"
"2024-05-20 06:25:36",workout,"Morning Squash",1564,241,0,165,193,,strava,11452593262,"{""elapsed_time"":1564,""total_elevation_gain"":0,""elev_high"":0,""elev_low"":0,""average_speed"":0,""max_speed"":0}"
"2024-05-20 06:52:27",workout,"Morning Squash",884,144,0,175,200,,strava,11452673633,"{""elapsed_time"":884,""total_elevation_gain"":0,""elev_high"":0,""elev_low"":0,""average_speed"":0,""max_speed"":0}"
"2024-05-20 08:25:44",walk,"Morning Walk",1196,85,1.344,129,157,,strava,11453144723,"{""elapsed_time"":1505,""total_elevation_gain"":23.6,""elev_high"":119,""elev_low"":95.1,""average_speed"":1.124,""max_speed"":2.075,""polyline"":""kjjxHp_QMTHXLRBJMVCTAA?HE@@RABDNCNGLAAAPGF?FKJECCKGCCOOUAGGASKMQ@@E?CGG@EACIBGEM?KBECg@?CBA?EDC@KDA@EAIHED_AN]CX@SJ]D_@FMJEHIHW?MPa@HI?CIRLSBKAQAEECEKMK?@MAIBKKO?AM@BM?EQC?CEE@AC?EKAACGFCACFK@EDKVMFINOd@Cn@KVKFOf@Wf@ELA@AJMHAFMLCPQNOZGH@BON@BMTMf@EBEFCHKJWNIJ?DGBS\\EPCf@JVFJF?L^?FLHDL?FFAJDHLFABDJ@FD@AFJB@?LFB@DLH?NTJT?LIDI@B?CDCDMPQFAHMFW@g@Xw@HEJOFELW?EJKBg@CAHSNEHJb@Vh@r@F@JY@SJO@WLc@?[EQO[IWDSHKAA@QC?GID?ADAE@FAGBA@BEBB@CIAHFBEGBB@GA@FNE@AI@BA@ECFK?DCKBNC?BF?IBCAB?C@@E@GCD?CA@@@AE?@B@KA?AF?GB?ADAE@BC?B?ABD??GC?A@@B@?""}"
"2024-05-21 07:45:01",workout,"Morning Squash",2555,394,0,167,197,,strava,11464510878,"{""elapsed_time"":2555,""total_elevation_gain"":0,""elev_high"":0,""elev_low"":0,""average_speed"":0,""max_speed"":0}"
"2024-05-22 07:33:07",weight-training,"Gym Session",2884,279,,,,,setgraph,,"{""sets"":[{""exercise"":""TRX Bicep Curl"",""reps"":10,""weight"":0},{""exercise"":""TRX Bicep Curl"",""reps"":10,""weight"":0},{""exercise"":""TRX Row"",""reps"":10,""weight"":0},{""exercise"":""TRX Row"",""reps"":10,""weight"":0},{""exercise"":""Push ups"",""reps"":10,""weight"":0},{""exercise"":""Incline Bench Press"",""reps"":10,""weight"":19},{""exercise"":""Push ups"",""reps"":10,""weight"":5},{""exercise"":""Incline Bench Press"",""reps"":10,""weight"":29},{""exercise"":""Push ups"",""reps"":10,""weight"":10},{""exercise"":""Push ups"",""reps"":1,""weight"":5},{""exercise"":""Push ups"",""reps"":10,""weight"":0},{""exercise"":""Incline Bench Press"",""reps"":8,""weight"":39},{""exercise"":""Push ups"",""reps"":20,""weight"":0},{""exercise"":""Dumbbell Shoulder Press"",""reps"":10,""weight"":8},{""exercise"":""Dumbbell Shoulder Press"",""reps"":12,""weight"":8},{""exercise"":""Dumbbell Shoulder Press"",""reps"":7,""weight"":12},{""exercise"":""Dumbbell Shoulder Press"",""reps"":7,""weight"":8},{""exercise"":""Bicep Curls"",""reps"":10,""weight"":8},{""exercise"":""Bicep Curls"",""reps"":8,""weight"":4},{""exercise"":""Bicep Curls"",""reps"":10,""weight"":8}]}"
"2024-05-24 12:41:52",walk,"Afternoon Walk",1097,73,1.144,,,,strava,11492299535,"{""elapsed_time"":1230,""total_elevation_gain"":26.2,""elev_high"":119,""elev_low"":95.1,""average_speed"":1.043,""max_speed"":2.372,""polyline"":""amjxHfeQPVCI@ECAIMQGIM@DAA?EIACGBWIo@R_AAODi@D_@@@EEJTFi@DEFYZo@LIBM\\y@@IO]YKG?E@IEKCE@AKC@CAQWWI]RSVI?Un@Cx@GPIL[r@GHAD@AC@CBOd@EFEBM\\ORERE?CHQRSl@Wh@_@\\?BGAE@E?SPAROTI^@RLNNHN^BNFFL\\RNJAZLHFBJNJJ^PPJ?FEF@BADGFANMFCBICG@?RQAQ@@D[FSZe@BKHSJIFQBOFQNgAD?|@v@FLPRHBBCBUNU@M@ADK?ON_@?EEAA_@[u@?KJM?CECAC@IDAEEB@?ECK@J""}"
"2024-05-25 10:27:20",walk,"Lunch Walk",2525,180,2.836,,,,strava,11492680805,"{""elapsed_time"":2677,""total_elevation_gain"":11.2,""elev_high"":163.7,""elev_low"":153.2,""average_speed"":1.123,""max_speed"":13.608,""polyline"":""crhxHneNGBEHIB?AGFSH[^WNq@h@SRa@\\YXCAG_@Is@OUKUSyAEMEGEc@MYKQEC@BCIWEMHEFCA?DACIk@Ai@MS?GOGEGCFGAWHCDQBSJURQBMc@ISG[@BIDDP?B_@O]a@RRv@PAK^wBJiAYpCCAFCJ{AIf@MPEKAHK@PE@zADQDE?b@LA@GK\\E??AEAIFCAFDE?B@L@ANAQAFBCAK?Y?JB@A??I?HIACBBSDm@Ev@BFAMDA?\\C?AE@H?ZDHD@|@c@NEPMJ?HE\\j@Hp@@^AJa@b@[VIPANBXP~@j@|DHN@ZCFU\\YVADIBIHE?YXo@RMLA~@@\\Nt@N\\VvAB@EZBLL^FFF@ZCLMHU\\o@Rk@JGRc@PaADOr@mATk@Za@DUAMY{AQc@Ge@CYBmAGWE_@@?GIKg@GIIk@M[OQKEQA]ZY^a@^CJCNHv@FPD`@RjALz@Hd@B?@f@MZQT}@r@?B_@Ja@PGZ?t@Fj@Vv@R|@BFDR?f@Nd@FJXAFAJM~A_DRgAHOZs@JKXq@VWTa@LGp@q@b@m@d@_A^a@JULKJQDQD]A[BEAEBA""}"
"2024-05-26 10:44:51",walk,"Lunch Walk",2102,124,1.958,,,,strava,11500990846,"{""elapsed_time"":2221,""total_elevation_gain"":6.1,""elev_high"":6,""elev_low"":2.6,""average_speed"":0.932,""max_speed"":1.932,""polyline"":""etgxHenlDAVGB@ICMGIKWMDQd@IHC@CAK@ICGGa@cA_@m@o@wAYg@GEOBO?CCMB]RQZE@KMGSOKQJ?D_@TYXQDIEE@E?KIGQQSGCQYEM[o@M_@]o@GGC?GEg@COI@BA?EEEa@HODABK?c@IMSOIQISEYEI_@UMQSm@Io@Oa@CEGMc@k@USOEQFMNM`@K`@e@bAKH]CKEKCOKYIOCE@KASBUL[b@Ib@EZBl@Nl@HRC\\@PHVRVBHDb@?PH^F@HEH?HZR^`@f@bAv@LBHFTDPCJIL?RK\\AZKl@m@FQH{@N[V]P[HEJBF??ALFn@HNLvA`Dl@l@PFV?NIJMl@g@FAFDJXHFVOLQVKl@DJJj@hARZJXXd@^z@DBPDNERYFSFEP^Rn@AM@KCHBJ""}"
"2024-05-28 08:01:50",walk,"Morning Walk",771,63,0.993,,,,strava,11514818315,"{""elapsed_time"":848,""total_elevation_gain"":23.5,""elev_high"":119,""elev_low"":95.1,""average_speed"":1.288,""max_speed"":2.406,""polyline"":""ckjxH|cQBHTJMf@KTCPC@EAIM?IUYSOA@Y]GAEMCg@@]Pi@BY@YWOMCO[G?CIEE@HCCAOMBO_@U[MGSNYp@g@x@g@fAQVOj@UPERMHW^QJQTIR@Tl@`ABVDBXd@D?LFf@DFP@PNHJTJJJ@ZGHIJSb@g@@GDi@Vu@Vc@DAVg@DW?UHWHA@Df@`@DJLLD?VZFCBSDIDS\\mAC[Yo@EQ@KNWH@CQEAAIAFDICD?E@L?C""}"
"2024-05-29 07:27:18",weight-training,"Gym Session",2780,242,,,,,setgraph,,"{""sets"":[{""exercise"":""TRX Row"",""reps"":10,""weight"":0},{""exercise"":""TRX Row"",""reps"":10,""weight"":0},{""exercise"":""TRX Row"",""reps"":10,""weight"":0},{""exercise"":""Push ups"",""reps"":10,""weight"":0},{""exercise"":""Push ups"",""reps"":10,""weight"":10},{""exercise"":""Push ups"",""reps"":6,""weight"":20},{""exercise"":""Push ups"",""reps"":5,""weight"":10},{""exercise"":""Bench Press"",""reps"":10,""weight"":20},{""exercise"":""Bench Press"",""reps"":10,""weight"":40},{""exercise"":""Bench Press"",""reps"":6,""weight"":50},{""exercise"":""Bench Press"",""reps"":20,""weight"":30},{""exercise"":""Dumbbell Bench Press"",""reps"":10,""weight"":10},{""exercise"":""Dumbbell Bench Press"",""reps"":12,""weight"":10},{""exercise"":""Seated Machine Row"",""reps"":12,""weight"":20},{""exercise"":""Seated Machine Row"",""reps"":10,""weight"":25},{""exercise"":""Seated Machine Row"",""reps"":10,""weight"":25},{""exercise"":""Bicep Curls"",""reps"":10,""weight"":10},{""exercise"":""Bicep Curls"",""reps"":10,""weight"":10}]}"
"2024-05-29 09:27:42",walk,"Morning Walk",1066,79,1.244,,,,strava,11524102197,"{""elapsed_time"":1093,""total_elevation_gain"":25.9,""elev_high"":119,""elev_low"":95.1,""average_speed"":1.167,""max_speed"":2.214,""polyline"":""ojjxHl_QKB?DZv@FVEH@DITCx@Wr@EFYYCISUWMUU@?GCCMC_ABYJWFE@c@@C?QDY@EB@@CH_@FEB?JO?KHUDKDADWJUFSNW?IK[EEICCBMGI?MKIAACMKEIIGIAOMWJU\\K`@?RGf@Wb@KJWf@AFEBo@lAADED?FER[Xc@v@Sl@o@l@CFSNUb@M^?TFTDHRPRj@JJDJHJPLD?DDR@P`@RDHPJLVBb@WJOJGT_@?_@BUVm@RQ`@y@Jc@?OBOD?@CJNd@\\PVFBJLB@JQFU@MFGT_ACa@Yw@?SPe@?@CE?B""}"
"2024-05-31 11:57:53",walk,"Afternoon Walk",1169,77,1.218,,,,strava,11539546002,"{""elapsed_time"":1211,""total_elevation_gain"":25.7,""elev_high"":119,""elev_low"":95.1,""average_speed"":1.042,""max_speed"":2.374,""polyline"":""ijjxHpaQJF@HATM^?f@Mj@GJBBO@KOCIUSCGC@KIWWGAEE@o@CIFo@Na@DkAHY@@N[La@BEA?BMIYRYLKDIFHCBB@A@BIFGAGFO?O@AEQIIC?QGOBGGE@ICCGA?@Da@a@IAAGIB]RKROJUn@?h@CRGHEBCL]f@K\\OXAJSXWl@WVERMFUT?NE@ADg@b@CLq@lAE\\Ff@RL@JJLJ\\H@HLNFDJFCVJ?HHHBNLHJTFFFDRDFEF?HQVOBKPKHMBW?W@QJODELg@FAFKLIPW@a@DKBYDKF?FHHBDFHDTTZd@F@JUDSXaA?O@E?EDY]_AAEFO""}"
"2024-06-02 10:00:56",walk,"Lunch Walk",954,62,0.975,102,121,,strava,11554109913,"{""elapsed_time"":1005,""total_elevation_gain"":23.4,""elev_high"":119,""elev_low"":95.1,""average_speed"":1.022,""max_speed"":1.779,""polyline"":""_jjxHlcQIf@?NM\\CBCRIHMMW_@G?SQMGCME?EGOE@a@C]BG?IHWACJ_@?MCEAOECGAMIa@i@CMG@ABEACSECAEC?EGA@OWGCKLCHMPIREFCPADGDCJKJITOPGPGFAHIL?@ON?FKR@BEJKFG?ENKHI@CRMLCAABU`@M^Pb@@ALL@FNPHVHFDNNHBHP@B@LAFJAFFLJLF@@DBABFDBFNDD@CL?DDAATIDEBOFC?EFE@?ABFEDI@GFEDa@CKDKAIHIBIACHKBMJGLUDCBKDG?ADEF]HCCODWH?@DF@FHNBRTA@HDPXBAHLDABMFID_@FG?MFOH]DCKSC[Ug@@KDGB?BMBACEAO@@""}"
"2024-06-03 06:11:04",weight-training,"Gym Session",4487,517,,,,,setgraph,,"{""sets"":[{""exercise"":""Seated Shoulder Press"",""reps"":15,""weight"":0},{""exercise"":""Seated Shoulder Press"",""reps"":15,""weight"":5},{""exercise"":""Seated Shoulder Press"",""reps"":15,""weight"":10},{""exercise"":""Standing Cable Flies"",""reps"":12,""weight"":6.3},{""exercise"":""Standing Cable Flies"",""reps"":10,""weight"":8.8},{""exercise"":""Standing Cable Flies"",""reps"":10,""weight"":8.8},{""exercise"":""Seated Cable Flyes"",""reps"":10,""weight"":1.3},{""exercise"":""Seated Cable Flyes"",""reps"":10,""weight"":3.7},{""exercise"":""Seated Cable Flyes"",""reps"":10,""weight"":3.7},{""exercise"":""Landmine lateral raise"",""reps"":10,""weight"":0},{""exercise"":""Landmine lateral raise"",""reps"":10,""weight"":2.5},{""exercise"":""Landmine lateral raise"",""reps"":10,""weight"":2.5},{""exercise"":""Landmine Press"",""reps"":15,""weight"":2.5},{""exercise"":""Landmine Press"",""reps"":15,""weight"":5},{""exercise"":""Landmine Press"",""reps"":15,""weight"":7.5},{""exercise"":""Dumbbell Bench Press"",""reps"":15,""weight"":10},{""exercise"":""Dumbbell Bench Press"",""reps"":15,""weight"":10},{""exercise"":""Dumbbell Bench Press"",""reps"":15,""weight"":10},{""exercise"":""Incline Dumbbell Press"",""reps"":15,""weight"":10},{""exercise"":""Incline Dumbbell Press"",""reps"":10,""weight"":10},{""exercise"":""Incline Dumbbell Press"",""reps"":10,""weight"":10}]}"
"2024-06-03 08:24:57",walk,"Morning Walk",1096,79,1.247,,,,strava,11561483101,"{""elapsed_time"":1157,""total_elevation_gain"":25.7,""elev_high"":119,""elev_low"":95.1,""average_speed"":1.138,""max_speed"":2.118,""polyline"":""qjjxH~}PBpAFVN\\IZ@TC?Ep@[v@YYOS[UKQQCMk@Bs@TaAFy@FQBRECBUP[DQN]NULc@BC@KLWDWGSGGMEU?SIG??IEAE@EMGAGIC@AIMAIHODc@d@Q`@CR@PYjAIJEAKLKb@e@z@O`@GDS`@CM?@CFEXGLKLK^UNQXOFa@r@BAA?IJKb@Lb@TNLb@Xb@LJBFNATFR\\HJXf@R@LEVa@LGBGRQBQ?YDUJQJ]RSFOR[J[Ho@BCF?@Fr@h@\\`@FD@?Vs@ACDOTu@C_@K]Q]@IHU""}"
"2024-06-03 15:58:24",walk,"Afternoon Walk",1109,80,1.253,,,,strava,11564232516,"{""elapsed_time"":1236,""total_elevation_gain"":26.1,""elev_high"":119,""elev_low"":95.1,""average_speed"":1.13,""max_speed"":2.202,""polyline"":""mjjxHnaQAEBHTF@DEPMZ@A?HEn@Sr@GHUUSY_@UIIGKKAAEEc@@c@BWJ_@NyAHELu@To@DKCREJF?@BRi@Lg@ESBHHAL]GUKMMGK?G@KCKAAIMCEIECGGQIM@WNOZKBIPITCRAVBDEVQVIVMLoAjCMLi@lAERs@j@e@p@AEQh@@ZNZPNL^LRBNJFABF?BDB@XAFBLPHRLLJXJHF@HENABGDADMFEFAXWBO@s@RWH]HIHEP[Ty@@_@BIJCRTh@^X^FBRi@\\uAC_@Qc@IKCO?IBA?BLQ?G@BAA@?@@?@AA?@DECCF@""}"
"2024-06-04 06:12:52",weight-training,"Gym Session",4068,418,,,,,setgraph,,"{""sets"":[{""exercise"":""Ring Face Pulls"",""reps"":15,""weight"":0},{""exercise"":""Ring Face Pulls"",""reps"":15,""weight"":0},{""exercise"":""Ring Face Pulls"",""reps"":15,""weight"":0},{""exercise"":""Cable Face Pull"",""reps"":15,""weight"":5},{""exercise"":""Cable Face Pull"",""reps"":15,""weight"":7.5},{""exercise"":""Cable Face Pull"",""reps"":15,""weight"":10},{""exercise"":""Pendalay Row"",""reps"":15,""weight"":12.5},{""exercise"":""Pendalay Row"",""reps"":15,""weight"":25},{""exercise"":""Pendalay Row"",""reps"":12,""weight"":25},{""exercise"":""Clean And Press Kettlebells"",""reps"":10,""weight"":12},{""exercise"":""Clean And Press Kettlebells"",""reps"":10,""weight"":12},{""exercise"":""Clean And Press Kettlebells"",""reps"":10,""weight"":12},{""exercise"":""Bent Over Dual KB Row"",""reps"":10,""weight"":16},{""exercise"":""Bent Over Dual KB Row"",""reps"":10,""weight"":16},{""exercise"":""Bent Over Dual KB Row"",""reps"":10,""weight"":16},{""exercise"":""Sled Face Pull"",""reps"":2,""weight"":25},{""exercise"":""Sled Face Pull"",""reps"":2,""weight"":25},{""exercise"":""Sled Face Pull"",""reps"":2,""weight"":25}]}"
"2024-06-04 08:31:59",walk,"Morning Walk",1174,79,1.239,,,,strava,11577586734,"{""elapsed_time"":1382,""total_elevation_gain"":25.8,""elev_high"":119,""elev_low"":95.1,""average_speed"":1.056,""max_speed"":2.15,""polyline"":""ajjxHzbQCPE~@GREH?ACBERA@c@_@OSe@_@Sc@Cq@BOHQB[DC@YHSB]JQA@ACJU?Ib@{@ZaALUBKIWII[E?GG@UAEMMC?CBDEIGCAEYKWJWVMPSf@Ep@Wv@W^IV[r@OTQ`@QPIVMRMZI\\EFQDOPKDKPIFWb@IRCXJXJFVf@@JPRLXh@LH?DFJXNNFRRLVA\\g@\\[DGBQ?a@FURe@NQFETa@H[Lw@HA@DPPJD\\XX`@DBBCNa@ZuAAe@IKIUKK?E@KPc@ABD@@ECI?BETCAMDRKB?CDFGD?A@@@@IGI""}"
"2024-06-05 06:47:38",weight-training,"Gym Session",2606,270,,,,,setgraph,,"{""sets"":[{""exercise"":""Press Ups"",""reps"":10,""weight"":0},{""exercise"":""Press Ups"",""reps"":10,""weight"":0},{""exercise"":""Frontal raises"",""reps"":15,""weight"":2},{""exercise"":""Frontal raises"",""reps"":10,""weight"":6},{""exercise"":""Frontal raises"",""reps"":10,""weight"":6},{""exercise"":""Press Ups"",""reps"":10,""weight"":0},{""exercise"":""Press Ups"",""reps"":10,""weight"":0},{""exercise"":""Frontal raises"",""reps"":10,""weight"":6},{""exercise"":""Frontal raises"",""reps"":10,""weight"":2},{""exercise"":""Bench Press"",""reps"":10,""weight"":29},{""exercise"":""Bench Press"",""reps"":10,""weight"":39},{""exercise"":""Bench Press"",""reps"":4,""weight"":49},{""exercise"":""Bench Press"",""reps"":2,""weight"":39},{""exercise"":""Bench Press"",""reps"":6,""weight"":29},{""exercise"":""Clean And Press Kettlebells"",""reps"":10,""weight"":8},{""exercise"":""Dumbell Push Press"",""reps"":10,""weight"":10},{""exercise"":""Dumbell Push Press"",""reps"":10,""weight"":10},{""exercise"":""Dumbell Push Press"",""reps"":20,""weight"":10},{""exercise"":""Dumbbell Clean And Press"",""reps"":10,""weight"":10}]}"
"2024-06-05 08:01:38",walk,"Morning Walk",1046,79,1.236,,,,strava,11587163357,"{""elapsed_time"":1046,""total_elevation_gain"":26.1,""elev_high"":119,""elev_low"":95.1,""average_speed"":1.181,""max_speed"":2.508,""polyline"":""qjjxH~}PBrAHZJVGTKHA|@CNIN?NE@I@YWGKKEEEMGOM?EKCCKC]?q@Nk@?UJeAB?DJ@UNe@HSRS^oALUDUAMGMICIIE@KAGBQKEBCSEBC?IGEMQEEBGEI@k@l@Ul@Af@Ij@a@d@c@dAILIRC@AFGDO`@GBMPEBIPSv@OTE?QNUXSPUb@Ib@BTLVHDBJHJJ^JHHPD?NNNAPBFJBLDFPZJBNJL@LI@@BADKLQNINUHy@Xy@^c@Te@Ju@DKF?^\\D@VRX`@F@Pe@\\sAA]CM[o@@KJQBKBC""}"
"2024-06-08 09:53:03",walk,"Morning Walk",2157,156,2.455,112,149,,strava,11602365534,"{""elapsed_time"":4711,""total_elevation_gain"":59.5,""elev_high"":119,""elev_low"":75,""average_speed"":1.138,""max_speed"":2.341,""polyline"":""mjjxHj`QA@FRNPBJGVEDCJAV?d@GFGX?DMPC@CA_@i@ICIKICSS?@AAAEE?A@KAADO@CDQ?EIECABE?C@ICAQGGI@ACGPG?CBIA?BC?OIQDQd@MBG?CDG@AFQNMXEBOTMFG?IJWAWII@IAe@HMXQPI`AEFE^CHCPB^ILICEIIKC@CCADQMECY?O@ABYIC?ABOCCBMGIAQIGI?EEIABAAKYGK?EMSK]EG?IMMCMEEGUOME@MRM\\e@p@?HE?GJITSRCHSXULI?MG]KKIWC_@WUGEEE?e@YOAECIKGAa@WMMA@CAG@GK?[GWKHCHOLIBCDUFMJEHE?_@\\g@XCDUPAFI@GH?DEBADCABLGYCBC?G_@AIp@VGFM^?ODKJIB?@IJC@EB@HWA@GROVCKGA?CAD?a@GCD?DJAFC@AIEAHTRFFOFCHQPMJEZYTMZWD?DFLDHFF@XRH@LLF?HHDAFDVJd@ZVNNH@FJDXFRJLBJFl@NJ[RQVk@JK?IHI@CTQVk@FCHSDCBMLMTZBLFDBNTh@J^F@@BF^TPBJLH?BN@DFF@FC@CBBHA?CFDF??BPEN@FAXDLNB@NVHBDKAm@FY@_@FAACPg@@UJQ@QBGTEB@BCNCJ?DBHADFH@PIHGTGLI?EJM?@FULOLCVKJKBKHEBQJ?VD`@UBGDCDDBLFF?DP@FJBCH@BEB@DE@BRCBBA@p@^HLPNHNHHB?J]P[N}@DIEe@]o@?KPa@""}"
"2024-06-10 06:08:48",weight-training,"Gym Session",2554,257,,,,,setgraph,,"{""sets"":[{""exercise"":""Push ups"",""reps"":12,""weight"":0},{""exercise"":""Dumbbell Lateral Raise"",""reps"":10,""weight"":6},{""exercise"":""Dumbbell Lateral Raise"",""reps"":12,""weight"":6},{""exercise"":""Push ups"",""reps"":12,""weight"":0},{""exercise"":""Dumbbell Lateral Raise"",""reps"":10,""weight"":6},{""exercise"":""Push ups"",""reps"":12,""weight"":0},{""exercise"":""Dumbbell Frontal Raises"",""reps"":10,""weight"":6},{""exercise"":""Dumbbell Frontal Raises"",""reps"":10,""weight"":6},{""exercise"":""Dumbbell Frontal Raises"",""reps"":10,""weight"":6},{""exercise"":""Bench Press"",""reps"":15,""weight"":29},{""exercise"":""Bench Press"",""reps"":10,""weight"":39},{""exercise"":""Bench Press"",""reps"":4,""weight"":44},{""exercise"":""Standing Cable Flies"",""reps"":12,""weight"":8.8},{""exercise"":""Standing Cable Flies"",""reps"":10,""weight"":11.2},{""exercise"":""Standing Cable Flies"",""reps"":10,""weight"":11.2},{""exercise"":""Cable Tricep Pushdown"",""reps"":10,""weight"":11.3},{""exercise"":""Cable Tricep Pushdown"",""reps"":12,""weight"":13.8},{""exercise"":""Cable Tricep Pushdown"",""reps"":12,""weight"":13.8},{""exercise"":""Rope Tricep extension"",""reps"":10,""weight"":13.8},{""exercise"":""Rope Tricep extension"",""reps"":10,""weight"":13.8},{""exercise"":""Rope Tricep extension"",""reps"":10,""weight"":13.8}]}"
"2024-06-10 09:58:05",walk,"Lunch Walk",1029,79,1.24,,,,strava,11617733470,"{""elapsed_time"":1059,""total_elevation_gain"":25.5,""elev_high"":119,""elev_low"":95.1,""average_speed"":1.205,""max_speed"":2.236,""polyline"":""ejjxHpcQDLGNG^MZCNCDE?s@y@WMKOG?EECKCaA@Q?ER]HiAAGb@gAR]@@X{@Ve@DOM]QKMACCEBICSACD]Hc@Ty@|@KTKJEL[b@Q^EPg@|@CJOROJg@vAo@j@IB[f@Sd@CR@PCM?KH]Zo@A@?FIPUf@AJB\\FPJHPXFPPTBNTJR?TDh@dALLP@TOPWTSLS@q@DOTm@VYZk@ReAFADHh@^d@l@DBBARk@F]Rs@C][{@AKNY""}"
"2024-06-11 10:12:14",weight-training,"Gym Session",2700,,,,,,setgraph,,"{""sets"":[{""exercise"":""TRX Row"",""reps"":10,""weight"":0},{""exercise"":""Push ups"",""reps"":10,""weight"":0},{""exercise"":""Push ups"",""reps"":10,""weight"":0},{""exercise"":""Push ups"",""reps"":10,""weight"":0},{""exercise"":""TRX Row"",""reps"":10,""weight"":0},{""exercise"":""TRX Row"",""reps"":10,""weight"":0},{""exercise"":""Bench Press"",""reps"":15,""weight"":20},{""exercise"":""Bench Press"",""reps"":6,""weight"":40},{""exercise"":""Bench Press"",""reps"":1,""weight"":50},{""exercise"":""Bench Press"",""reps"":3,""weight"":55},{""exercise"":""Bench Press"",""reps"":4,""weight"":45},{""exercise"":""Bench Press"",""reps"":10,""weight"":35},{""exercise"":""Bench Press"",""reps"":15,""weight"":20},{""exercise"":""Pendalay Row"",""reps"":10,""weight"":17.5},{""exercise"":""Pendalay Row"",""reps"":10,""weight"":17.5},{""exercise"":""Pendalay Row"",""reps"":11,""weight"":25},{""exercise"":""Pendalay Row"",""reps"":15,""weight"":25},{""exercise"":""Barbell Shoulder Press"",""reps"":10,""weight"":17.5},{""exercise"":""Barbell Shoulder Press"",""reps"":10,""weight"":17.5},{""exercise"":""Barbell Shoulder Press"",""reps"":10,""weight"":17.5},{""exercise"":""Barbell Shoulder Press"",""reps"":10,""weight"":17.5},{""exercise"":""Push ups"",""reps"":10,""weight"":0},{""exercise"":""Push ups"",""reps"":10,""weight"":0}]}"
"2024-06-13 15:29:02",walk,"Evening Walk",1596,145,2.28,,,,strava,11644042097,"{""elapsed_time"":1945,""total_elevation_gain"":5,""elev_high"":241.1,""elev_low"":236.1,""average_speed"":1.428,""max_speed"":4.534,""polyline"":""mezqGumxm@i@u@F^SMQGTFG?EYCBUCBFYe@DHiATm@EKKWNOAQGSCI?IMIGE@YGC@IEO?KGKAEEIAIIOCG@EGE@QIGBIISEe@[UGa@EGKE[[WOAGHI@GAOIGMMIMIMAEK]MIKKCGA[DEGUCCBOKO?OMYOUCGDG?@EAAKFAFEBMEABACSNE@CAOBECBM?EA@II@EEAUYGQKISEKKG?CBMGMAEBM?C@IKKEGOYGKCEEg@Ki@a@}@Gc@JIKAKKW@IEIIEMAIISECEGC@@A@_@@IFIGCFCACBMIO@CBGEKAUQS[COGGK@OE_@Ca@QQCCCG?SMGFKKSGIIGCAEKCEUGIK?GKOOI?Y_@UEK@?CGCGDQGA@QMKLE@w@MIGA@?A@@E@ICGIAU?[F[FQAM?@BG?@JY@MPc@JmAJa@H_AFKAKBCEKD?@C?_@FQABE?AHC?AJMEM?EEC@EC@CIESEQIE@ACm@IIIQGWCSOIDCIC?]AABI?KCIKMCCCE?ACE?M@EMMACEMC]DUAMD?C?BD@ABGDKQ@COMKCEIBEFC?BIGEM@EC@CA?KIDAEADCVK\\Eb@]b@AHK@?CGCGY@K@@?URw@CzAFLADCOEIBh@DFANWFABEPHRB?REECEUHS?KC??EBE?KFQVMACDCSY?UD@R@b@UPDHFPFJ??@@CA@?DDg@CN@I?DC@AA@LFSCBACC@AC@DBGB?""}"
"2024-06-18 09:11:06",walk,"Morning Walk",776,49,0.766,,,,strava,11679366536,"{""elapsed_time"":1392,""total_elevation_gain"":30.6,""elev_high"":119,""elev_low"":95.1,""average_speed"":0.987,""max_speed"":2.01,""polyline"":""{ijxH~aQ@HEHA?FNAFEFEf@@NWr@aF}KY^AFCDQj@C@KTERC?KTGBCLGBOVi@pAE?m@l@[d@Q^ER?NFJ@FJDNNHPDT^h@VHF?@@HCFBFXLN?BR`@HDH?@CFDX_@LK`@c@BU?c@DKP]FUXYNWHUDi@DOJARTNHHHLHPVLJD?H[HKLu@Ja@?@Gc@Ue@AM@WFGBECAJICIA@""}"
"2024-06-19 09:09:18",walk,"Morning Walk",1419,98,1.54,,,,strava,11687630584,"{""elapsed_time"":1740,""total_elevation_gain"":4.4,""elev_high"":160.2,""elev_low"":154.6,""average_speed"":1.086,""max_speed"":3.281,""polyline"":""gshxHrfNGDCCMNu@d@ITUFGJu@n@UTC@Ka@Gq@Wk@_@kB@KI[U}Ag@}B@AMDCKAB?AB_@CKBA?@?CBICFCCBAAC@BE@FOFAGDJMMPBIDH@?ABCKLAAA@@CFCIDLEMIJBCAGBAE@FA?CE@AHBFFEB?CMBNCMQZACFDCVQFKAKJ]JG?IFC?B?AFHCBENCJO?BBEd@IDRAL_@RGFAJBJF?NVJ`BgAhAED?L?Nf@zCDd@TdAAJBB@P?NUd@k@f@_@\\m@PMHGZAp@@PLj@Rh@DXDLLr@AR@LNd@DDNBTEHI\\q@DMFGPg@\\g@Z{ANQJ]NWFQPYXYLWDCV[h@e@DIHCPUl@gA@GRSTc@FCHODMFi@HGB@?A?@ACA@@B""}"
"2024-06-19 20:46:48",walk,"Night Walk",1118,104,1.632,,,,strava,11692880231,"{""elapsed_time"":2083,""total_elevation_gain"":3.9,""elev_high"":8.6,""elev_low"":-2.2,""average_speed"":1.46,""max_speed"":10.226,""polyline"":""mbkyHftVSOSCIUAAABKOg@g@GKIGCGOMe@w@KKGMCAQYM]QSGSKK]cAMMCMUg@I_@MQGSEA?[IS?_@COEI@GQAB]CC_@gAGK?MCSGI?ICUK]Ca@BGM{@KU?WWkA?OGC@ECCAQCC@UCUGI@WCKE??WGo@@w@OcACEIiBIeA?k@Ca@BOIQBO?iAE??OGCEq@DS?QDg@C_A@o@Co@B{@?_ABWA]AYBMCaA@_@?qACQ?KM]GECGEEWMAGBsBAiFB}@Ao@Y_B]_AKMKWAa@Sa@DUHKIa@AW@@AEBF@KDECEVINNSJf@eAa@t@NUKPAPFWCLE?^g@]^JSb@a@d@{AC\\AUIOEC@B@EF?BBD@?@@AP?H@@BN?FBD?D@N@HDFEBBAA@A@BACBDB?ADAQ@C@D?E@B@ECE?LCD@B?GBBA?AE?FCIAD""}"
"2024-06-20 13:02:29",workout,"Afternoon Tennis",5302,939,0,176,209,,strava,11699573155,"{""elapsed_time"":5302,""total_elevation_gain"":0,""elev_high"":0,""elev_low"":0,""average_speed"":0,""max_speed"":0}"
"2024-06-21 11:28:27",walk,"Lunch Walk",1082,77,1.216,,,,strava,11710416338,"{""elapsed_time"":1125,""total_elevation_gain"":26.3,""elev_high"":119,""elev_low"":95.1,""average_speed"":1.124,""max_speed"":2.2,""polyline"":""sjjxHb`QFFBRR`@M^GdAO^EPGHKIc@i@SMYYGCEI@UAB?e@@c@Pa@F_A@YXc@BK`@u@F[\\o@BQASEMGG]KE@KGOAEDULQ@@AYRc@^GJq@v@W^a@`ASZWj@UTs@jBKHA@B?GFc@Ta@t@O`@?RFNTVNj@VZDJHHPF@BT@FHFVLLHLVVR@HDDED@@KDCBBJ]POAEB@FEDKFw@JQF_@l@y@@KDE@UHQD[DEACD?RR^RLTJHDFB?FDDCj@wBC_@Ma@GGIQBOJQHCAK""}"
"2024-06-24 06:07:49",weight-training,"Gym Session",3127,417,,,,,setgraph,,"{""sets"":[{""exercise"":""Push ups"",""reps"":15,""weight"":0},{""exercise"":""Push ups"",""reps"":15,""weight"":0},{""exercise"":""Push ups"",""reps"":15,""weight"":0},{""exercise"":""Ring Push Ups"",""reps"":10,""weight"":0},{""exercise"":""Ring Push Ups"",""reps"":10,""weight"":0},{""exercise"":""Ring Push Ups"",""reps"":10,""weight"":0},{""exercise"":""Standing Cable Flies"",""reps"":15,""weight"":8.8},{""exercise"":""Standing Cable Flies"",""reps"":15,""weight"":8.8},{""exercise"":""Standing Cable Flies"",""reps"":15,""weight"":8.8},{""exercise"":""Standing Cable Flies"",""reps"":15,""weight"":8.8},{""exercise"":""Cable bench press"",""reps"":10,""weight"":3.8},{""exercise"":""Cable bench press"",""reps"":10,""weight"":6.3},{""exercise"":""Cable bench press"",""reps"":10,""weight"":6.3},{""exercise"":""Cable bench press"",""reps"":10,""weight"":6.3},{""exercise"":""Sled Push"",""reps"":2,""weight"":40},{""exercise"":""Sled Push"",""reps"":2,""weight"":40}]}"
"2024-06-24 07:42:26",walk,"Morning Walk",1120,78,1.223,,,,strava,11725590309,"{""elapsed_time"":1549,""total_elevation_gain"":25.6,""elev_high"":119,""elev_low"":95.1,""average_speed"":1.092,""max_speed"":2.076,""polyline"":""yijxHhbQSPG@HB@BB?GFBAAP@f@Sp@GDE?e@i@]UUUICAECM?y@@G@?D]HYJoA@GB??J@F?QFUj@iARs@Ra@BO?UCGYMSG]A?MEBEEA@EMEAGKICGEK?CHOFMVAFHT?L@FMVQXKFINMFGXc@t@I^SZAH]d@EJU\\KZ]t@YXKDAFGBIJAAGPMJWn@@THRXZHP@FVb@RRf@FL^LLVb@TBDCDC^g@VSFKD[?_@NWJ]LK\\i@HWJs@DGDARRRLn@r@DDBARo@Nq@J[Ca@Yw@?SJSDCAIIGABBAAA@D""}"
"2024-06-25 07:15:26",walk,"Morning Walk",1243,77,1.207,96,110,,strava,11733542584,"{""elapsed_time"":1285,""total_elevation_gain"":25.6,""elev_high"":119,""elev_low"":95.1,""average_speed"":0.971,""max_speed"":2.136,""polyline"":""ujjxH|_Q@RT`@B@@PGZIL@AA|@M^C@?FGHG?EECGE?GK]UKOGAQSIE?@B[EM?SCG@GCKHWACFIAGBEFEA[HOAUL_@HIPe@T_@Je@DEFWDGLa@?EEAGK[OEBAAOCO@CBK@IFI@CAE@IHYLSVIBOXM^C?QVQNMb@KNK\\A?EBK\\C@O^E?ELEDANG@Uh@GBOb@EASRMFAHWXa@z@?R@FHH@?DJF?BZPV?@BBFXD?LNH@BDT@?DJAFFABHPHDN`@B?DLRIBBDAABFI?B?CBC?BB@H[@@FCC@BE?EBE@F@?LMH]@@@C?]DO?B@C?OHC@K^u@@BBC?EBCB?P[?MHQCOBKLE?E?BTTF?TNNTJHFLHDBA?EDE?MLOBYLg@HQGc@MQESECAG@KHS@M""}"
"2024-06-27 10:34:54",weight-training,"Gym Session",2693,368,,,,,setgraph,,"{""sets"":[{""exercise"":""TRX Row"",""reps"":10,""weight"":0},{""exercise"":""TRX Row"",""reps"":10,""weight"":0},{""exercise"":""TRX Row"",""reps"":10,""weight"":0},{""exercise"":""TRX Row"",""reps"":10,""weight"":0},{""exercise"":""TRX Row"",""reps"":10,""weight"":0},{""exercise"":""Barbell Bent Over Row"",""reps"":10,""weight"":25},{""exercise"":""Barbell Bent Over Row"",""reps"":10,""weight"":25},{""exercise"":""Barbell Bent Over Row"",""reps"":15,""weight"":35},{""exercise"":""Barbell Bent Over Row"",""reps"":10,""weight"":30},{""exercise"":""Barbell Bent Over Row"",""reps"":5,""weight"":20},{""exercise"":""Barbell Bent Over Row"",""reps"":5,""weight"":15},{""exercise"":""Gorilla Rows"",""reps"":20,""weight"":16},{""exercise"":""Gorilla Rows"",""reps"":24,""weight"":12},{""exercise"":""Gorilla Rows"",""reps"":24,""weight"":12}]}"
"2024-06-28 08:28:54",walk,"Morning Walk",1121,85,1.333,,,,strava,11758054951,"{""elapsed_time"":2431,""total_elevation_gain"":27.9,""elev_high"":119,""elev_low"":95,""average_speed"":1.189,""max_speed"":2.318,""polyline"":""sjjxHn`Q@D\\l@@JKNGRBBACCj@CNQh@GJC?GOMOs@i@KOKAI_@?k@B]Zm@@ICIFc@?OHQ@KLQL_@FIL[A?]h@CLDITYZ}@@IAG@FBALYDSGMKOBJGIOIo@GGFE?MFQDg@ZeAnAm@fA[r@MPG@K\\MNELQZMPK\\KVE@ORYLMTQNOj@AR?RBFJJBLX\\FRNTDLJJPDV@DDHNBHHHHTLNJFPCFCJSTWFCB?NQBq@H[Vk@RWDKPWPaADKFA?BLLRJ^\\V\\@?DCN_@ZsAAe@Ua@EO?YJQDMEABAAACA@@AAC@BJA?BECABJEGC?BCAE@A@BAJ@EADDDCE@D?GC@BAA@?C@?AB?E?@@ACJDO@?CC@?C?BAB@?CE@@?C?B??BEB@GICFL?GACBC@?CA?B?A""}"
"2024-06-28 16:09:33",workout,"Afternoon Tennis",426,,1.774,150,189,,strava,11761238647,"{""elapsed_time"":5312,""total_elevation_gain"":5,""elev_high"":62.7,""elev_low"":59.5,""average_speed"":4.164,""max_speed"":18.41}"
"2024-06-28 18:28:32",workout,"Evening Squash",2500,,0,180,210,,strava,11761807135,"{""elapsed_time"":2500,""total_elevation_gain"":0,""elev_high"":0,""elev_low"":0,""average_speed"":0,""max_speed"":0}"
"2024-06-29 07:40:56",workout,"Morning Squash",1768,,0,144,176,,strava,11764772751,"{""elapsed_time"":1768,""total_elevation_gain"":0,""elev_high"":0,""elev_low"":0,""average_speed"":0,""max_speed"":0}"
"2024-06-29 09:08:13",workout,"Morning Squash",6622,,0,135,205,,strava,11766073203,"{""elapsed_time"":6622,""total_elevation_gain"":0,""elev_high"":0,""elev_low"":0,""average_speed"":0,""max_speed"":0}"
"2024-07-01 06:32:18",weight-training,"Gym Session",3306,228,,,,,setgraph,,"{""sets"":[{""exercise"":""Barbell Floor Press"",""reps"":12,""weight"":20},{""exercise"":""Barbell Floor Press"",""reps"":12,""weight"":30},{""exercise"":""Barbell Floor Press"",""reps"":12,""weight"":30},{""exercise"":""Dumbbell Floor Press"",""reps"":12,""weight"":9},{""exercise"":""Dumbbell Floor Press"",""reps"":12,""weight"":9},{""exercise"":""Dumbbell Floor Press"",""reps"":12,""weight"":9},{""exercise"":""Incline Dumbbell Press"",""reps"":12,""weight"":12},{""exercise"":""Incline Dumbbell Press"",""reps"":12,""weight"":12},{""exercise"":""Incline Dumbbell Press"",""reps"":12,""weight"":12},{""exercise"":""Dumbbell Lateral Raise"",""reps"":12,""weight"":4},{""exercise"":""Dumbbell Lateral Raise"",""reps"":12,""weight"":4},{""exercise"":""Dumbbell Lateral Raise"",""reps"":12,""weight"":4},{""exercise"":""Dumbbell Frontal Raises"",""reps"":12,""weight"":4},{""exercise"":""Dumbbell Frontal Raises"",""reps"":12,""weight"":4},{""exercise"":""Dumbbell Frontal Raises"",""reps"":12,""weight"":4}]}"
"2024-07-01 08:03:35",walk,"Morning Walk",2115,139,2.191,,,,strava,11780375176,"{""elapsed_time"":2441,""total_elevation_gain"":7.9,""elev_high"":161.8,""elev_low"":154.6,""average_speed"":1.036,""max_speed"":1.85,""polyline"":""}xhxHloNKJ?H@G@BABCC?@?MEWCC?IUq@Ks@CWDu@?QMq@CEMy@Qu@M[MQQIO@SLGg@A[KWU[AGW@mAn@ABKDM]CC?BEI?D?C?BBEAB?A?FACJFBTBFB?@C@@JGb@O`@W\\ILXAFF?HHLpAAFw@v@KLEXFt@J^PnAVvABTADF\\ATIVk@h@e@^YJI@]NEd@?j@@JNt@L`@Pp@Hj@?XBRFTLLD@NANKdAsBJOTg@Fe@Nc@P[^{@FEBOf@s@BYc@gBM_@Gi@?_@B]Ai@UqAGSIKGc@M]KQIEICO?OJmArACJ?RhAzGCb@IRk@n@g@\\AB?ACBm@PGFCDEZ?`@?RNr@Rn@TfABR?`@Pb@FDVANKTk@LO|@cBDQD]J]n@mAPe@^_@J[RKnAqAh@}@L_@BCFAPWBGTYLm@@QCO@@?G""}"
"2024-07-01 18:59:11",workout,"Evening Badminton",5662,,4.649,170,201,,strava,11785186454,"{""elapsed_time"":6098,""total_elevation_gain"":0,""elev_high"":69.8,""elev_low"":69.8,""average_speed"":0.821,""max_speed"":2.728}"
"2024-07-02 08:46:07",walk,"Morning Walk",1283,77,1.213,,,,strava,11788263187,"{""elapsed_time"":1390,""total_elevation_gain"":23.8,""elev_high"":119,""elev_low"":95,""average_speed"":0.946,""max_speed"":1.998,""polyline"":""wjjxHr_QHh@Xh@K\\CTAAAd@CRMVERCBUSY_@]UMOIEEW@GAIAq@To@@q@DYBIA@@CDRCG?OPSRm@@BN_@?@X_ALMFUCUKM]KI@KCO?KFc@LEDKBm@j@ILKH_@v@CBAAE@}@nBIJM^c@j@GTS^KXOHOPI@ABONENSTGPERBVFTRRBLHPJJPZPH?BFAFBB?FDHABBL\\JHFNPVHBHCBCB@FADEHQVUFCJMDS?c@BMVs@LKb@q@TkAFARTf@Z^f@B?FKBON_@Fc@L[COA[[m@?OFQHI?IEGC@@@""}"
"2024-07-03 06:15:22",weight-training,"Gym Session",2880,292,,,,,setgraph,,"{""sets"":[{""exercise"":""TRX Row"",""reps"":10,""weight"":0},{""exercise"":""TRX Row"",""reps"":10,""weight"":0},{""exercise"":""TRX Row"",""reps"":10,""weight"":0},{""exercise"":""Mts Front Pull Downs"",""reps"":10,""weight"":15},{""exercise"":""Mts Front Pull Downs"",""reps"":10,""weight"":17.5},{""exercise"":""Mts Front Pull Downs"",""reps"":5,""weight"":12.5},{""exercise"":""Mts Front Pull Downs"",""reps"":20,""weight"":12.5},{""exercise"":""Assist Pull Ups"",""reps"":10,""weight"":35},{""exercise"":""Push Up"",""reps"":10,""weight"":10},{""exercise"":""Push Up"",""reps"":10,""weight"":10},{""exercise"":""Assist Pull Ups"",""reps"":10,""weight"":35},{""exercise"":""Assist Pull Ups"",""reps"":10,""weight"":35},{""exercise"":""Push Up"",""reps"":30,""weight"":0},{""exercise"":""Gorilla Rows"",""reps"":20,""weight"":16},{""exercise"":""Gorilla Rows"",""reps"":20,""weight"":16},{""exercise"":""Gorilla Rows"",""reps"":20,""weight"":16},{""exercise"":""Dumbell Push Press"",""reps"":10,""weight"":10},{""exercise"":""Dumbell Push Press"",""reps"":10,""weight"":10},{""exercise"":""Dumbell Push Press"",""reps"":10,""weight"":10}]}"
"2024-07-03 06:29:38",workout,"Morning Squash",2261,,0,159,191,,strava,11796145434,"{""elapsed_time"":2261,""total_elevation_gain"":0,""elev_high"":0,""elev_low"":0,""average_speed"":0,""max_speed"":0}"
"2024-07-08 09:27:07",weight-training,"Gym Session",2040,204,,,,,setgraph,,"{""sets"":[{""exercise"":""TRX Row"",""reps"":10,""weight"":0},{""exercise"":""TRX Row"",""reps"":10,""weight"":0},{""exercise"":""TRX Row"",""reps"":10,""weight"":0},{""exercise"":""Seated Cable Flyes"",""reps"":15,""weight"":5},{""exercise"":""Dumbbell Lateral Raise"",""reps"":10,""weight"":4},{""exercise"":""Seated Cable Flyes"",""reps"":10,""weight"":7.5},{""exercise"":""Dumbbell Lateral Raise"",""reps"":10,""weight"":4},{""exercise"":""Dumbbell Lateral Raise"",""reps"":10,""weight"":4},{""exercise"":""Seated Cable Flyes"",""reps"":10,""weight"":7.5},{""exercise"":""TRX Row"",""reps"":12,""weight"":17.5},{""exercise"":""TRX Row"",""reps"":10,""weight"":15.5},{""exercise"":""TRX Row"",""reps"":10,""weight"":15.5},{""exercise"":""Bicep Curls"",""reps"":7,""weight"":10},{""exercise"":""Bicep Curls"",""reps"":7,""weight"":7},{""exercise"":""Bicep Curls"",""reps"":7,""weight"":10},{""exercise"":""Bicep Curls"",""reps"":7,""weight"":7},{""exercise"":""Bicep Curls"",""reps"":7,""weight"":10},{""exercise"":""Bicep Curls"",""reps"":7,""weight"":7}]}"
"2024-07-09 06:21:51",workout,"Morning Squash",2890,,0,168,210,,strava,11843544699,"{""elapsed_time"":2890,""total_elevation_gain"":0,""elev_high"":0,""elev_low"":0,""average_speed"":0,""max_speed"":0}"
"2024-07-10 08:14:44",walk,"Morning Walk",1066,77,1.219,,,,strava,11853168807,"{""elapsed_time"":1081,""total_elevation_gain"":26.3,""elev_high"":119,""elev_low"":95,""average_speed"":1.144,""max_speed"":2.1,""polyline"":""ejjxHhaQ?FBCD@FZYf@BRCZQn@IJMIWc@OI[[OIIW@[AEBIAMN[FWAYFY?e@BP@Ml@sA\\cAVi@ECBEAGBCEOOKE?GKCAMDSCEEOJ[FUROFOLEFKFU\\WV[j@IXOX]j@?BSTCJSXKXMPCLSh@EH]NIHMHADKJ]fA@THXLNHPLNHVTXNH`@LJFDRLNHPNLPBNCPMr@{@Di@CGBOTm@TQP_@HINs@?WDKFA?BJJZPr@z@HKHQRaALYEe@Wm@EM?ILU@I@BDICG""}"
"2024-07-11 08:45:06",walk,"Morning Walk",1066,76,1.191,,,,strava,11860474324,"{""elapsed_time"":1722,""total_elevation_gain"":23.7,""elev_high"":119,""elev_low"":95,""average_speed"":1.117,""max_speed"":2.42,""polyline"":""wjjxH`cQHn@API\\ANIPG@_@k@g@_@KKAEGCIw@?SD[BQHSHgABE@KJSNQH[PUTu@C@JQJ[?QISE?KIMEI@GEO?EFEAa@LSJ}@x@q@zASXOb@a@h@CHIJELQVGRc@n@?Pe@h@QFIJ_@l@K^@R^f@@JR^^h@^FFAR`@PPJVF@@DHBXAR]PUHEHQFOBq@FIRi@JIDILMNYF_@@WFQJAPRZRj@r@Tc@DIFk@JYDYCS[y@DQJIA?BG?KE??GAHCAAOFB@AKBDBGO?E?F@@CHDAE?@A@ACDHG?EC?""}"
"2024-07-12 09:16:34",walk,"Morning Walk",1173,78,1.229,,,,strava,11868557949,"{""elapsed_time"":1301,""total_elevation_gain"":23.8,""elev_high"":119,""elev_low"":95,""average_speed"":1.047,""max_speed"":2.138,""polyline"":""sjjxH`~PE\\I@@LHXHAB@AJ@LD@@H@CDJK\\?LA@?DB@?FIt@Un@CBE?e@i@c@]KMKEEW?e@AM@YDOLQ?QBODs@DQR]Re@LQNm@Rc@HYEOYWMAGBIEQAGFUJQBQFILKBKJ]^c@|@ONOXWn@KJMXKZW\\GTQXIPEDITGHOHq@v@QTIZANBNLJb@`AB@V`@LHJ@FARHJN@HPRFVJJJ?TAJKT_@NIJ]BUAQBM\\s@LKFO`@k@J{@HC?C@Fh@ZDFJHLTJJF@Xq@Jq@JUEc@IMSm@@MFEDK@GC?BAEABFA@B@DMEAA@@HFICGC??E@@E?""}"
"2024-07-13 09:03:50",workout,"Morning Squash",4081,,0,148,201,,strava,11876168999,"{""elapsed_time"":4081,""total_elevation_gain"":0,""elev_high"":0,""elev_low"":0,""average_speed"":0,""max_speed"":0}"
"2024-07-13 11:18:51",workout,"Lunch Squash",716,,0,200,210,,strava,11876813818,"{""elapsed_time"":716,""total_elevation_gain"":0,""elev_high"":0,""elev_low"":0,""average_speed"":0,""max_speed"":0}"
"2024-07-15 06:16:41",weight-training,"Gym Session",3968,336,,,,,setgraph,,"{""sets"":[{""exercise"":""Dumbbell Bench Press"",""reps"":12,""weight"":10},{""exercise"":""Dumbbell Bench Press"",""reps"":12,""weight"":12},{""exercise"":""Dumbbell Bench Press"",""reps"":12,""weight"":12},{""exercise"":""Dumbbell Shoulder Press"",""reps"":12,""weight"":12},{""exercise"":""Dumbbell Shoulder Press"",""reps"":12,""weight"":12},{""exercise"":""Dumbbell Shoulder Press"",""reps"":12,""weight"":12},{""exercise"":""Dumbbell Flys"",""reps"":12,""weight"":4},{""exercise"":""Dumbbell Flys"",""reps"":12,""weight"":6},{""exercise"":""Dumbbell Flys"",""reps"":12,""weight"":6},{""exercise"":""Ring Tricep Extension"",""reps"":12,""weight"":0},{""exercise"":""Ring Tricep Extension"",""reps"":12,""weight"":0},{""exercise"":""Ring Tricep Extension"",""reps"":12,""weight"":0},{""exercise"":""Rope Tricep extension"",""reps"":12,""weight"":13.8},{""exercise"":""Rope Tricep extension"",""reps"":10,""weight"":13.8},{""exercise"":""Rope Tricep extension"",""reps"":10,""weight"":13.8},{""exercise"":""Decline Dumbbell Press"",""reps"":12,""weight"":12},{""exercise"":""Decline Dumbbell Press"",""reps"":12,""weight"":12},{""exercise"":""Decline Dumbbell Press"",""reps"":12,""weight"":12}]}"
"2024-07-15 07:33:25",walk,"Morning Walk",971,73,1.147,,,,strava,11895342737,"{""elapsed_time"":1034,""total_elevation_gain"":23.5,""elev_high"":119,""elev_low"":95,""average_speed"":1.182,""max_speed"":2.152,""polyline"":""sjjxH`aQLBFJHXCLMT?PEf@Wp@CBo@q@]SMQICEGAO@O?u@BON[?_@FK?i@?BJ_@Va@@IFCLSLo@HOCMGIw@o@SCMBWJKLMF_@`@U`@[n@QVa@v@e@dA]b@ELMPETKVKHGAURa@n@Sd@?DIJBXLTNLBLf@|@NHJ@DBH?BJRZJFNTLLXBRIJ?HKPa@JMB[?MDQHO@KXm@TWP[FWDe@BGD?RNPHLPB@HNTRFBBE^{AL[?UEQ]w@BKHOFC@G""}"
"2024-07-19 08:47:40",weight-training,"Gym Session",2633,288,,,,,setgraph,,"{""sets"":[{""exercise"":""TRX Row"",""reps"":10,""weight"":0},{""exercise"":""TRX Row"",""reps"":10,""weight"":0},{""exercise"":""Push Up"",""reps"":10,""weight"":0},{""exercise"":""Push Up"",""reps"":10,""weight"":0},{""exercise"":""Push Up"",""reps"":10,""weight"":0},{""exercise"":""TRX Row"",""reps"":10,""weight"":0},{""exercise"":""Row"",""reps"":10,""weight"":20},{""exercise"":""Row"",""reps"":10,""weight"":30},{""exercise"":""Row"",""reps"":10,""weight"":20},{""exercise"":""Row"",""reps"":10,""weight"":30},{""exercise"":""Row"",""reps"":10,""weight"":20},{""exercise"":""Row"",""reps"":10,""weight"":30},{""exercise"":""Row"",""reps"":10,""weight"":20},{""exercise"":""Bicep Curls"",""reps"":10,""weight"":8},{""exercise"":""Bicep Curls"",""reps"":10,""weight"":8},{""exercise"":""Bicep Curls"",""reps"":10,""weight"":20},{""exercise"":""Bicep Curls"",""reps"":7,""weight"":25},{""exercise"":""Bicep Curls"",""reps"":10,""weight"":12.5},{""exercise"":""Bicep Curls"",""reps"":10,""weight"":20},{""exercise"":""Chest Supported Incline Dumbbell Row"",""reps"":10,""weight"":16},{""exercise"":""Dumbell Shrugs"",""reps"":10,""weight"":16},{""exercise"":""Dumbell Shrugs"",""reps"":10,""weight"":16},{""exercise"":""Chest Supported Incline Dumbbell Row"",""reps"":12,""weight"":12},{""exercise"":""Chest Supported Incline Dumbbell Row"",""reps"":12,""weight"":12},{""exercise"":""Dumbell Shrugs"",""reps"":10,""weight"":16}]}"
"2024-07-21 10:21:03",workout,"Lunch Squash",2111,,0,159,200,,strava,11942636127,"{""elapsed_time"":2111,""total_elevation_gain"":0,""elev_high"":0,""elev_low"":0,""average_speed"":0,""max_speed"":0}"
"2024-07-22 06:10:21",weight-training,"Gym Session",3709,273,,,,,setgraph,,"{""sets"":[{""exercise"":""Ring Push Ups"",""reps"":10,""weight"":0},{""exercise"":""Ring Push Ups"",""reps"":10,""weight"":0},{""exercise"":""Ring Push Ups"",""reps"":10,""weight"":0},{""exercise"":""Push ups"",""reps"":10,""weight"":0},{""exercise"":""Push ups"",""reps"":10,""weight"":0},{""exercise"":""Push ups"",""reps"":10,""weight"":0},{""exercise"":""Seated Shoulder Press"",""reps"":12,""weight"":10},{""exercise"":""Seated Shoulder Press"",""reps"":12,""weight"":15},{""exercise"":""Seated Shoulder Press"",""reps"":12,""weight"":15},{""exercise"":""Dumbbell Bench Press"",""reps"":12,""weight"":12},{""exercise"":""Dumbbell Bench Press"",""reps"":12,""weight"":12},{""exercise"":""Dumbbell Bench Press"",""reps"":12,""weight"":12},{""exercise"":""Bench Press"",""reps"":10,""weight"":9},{""exercise"":""Bench Press"",""reps"":10,""weight"":29},{""exercise"":""Bench Press"",""reps"":8,""weight"":39},{""exercise"":""Bench Press"",""reps"":8,""weight"":39},{""exercise"":""Standing Cable Flies"",""reps"":12,""weight"":8.8},{""exercise"":""Standing Cable Flies"",""reps"":12,""weight"":8.8},{""exercise"":""Standing Cable Flies"",""reps"":12,""weight"":8.8}]}"
"2024-07-22 06:30:34",workout,"Morning Squash",2280,,0,134,169,,strava,11949359218,"{""elapsed_time"":2280,""total_elevation_gain"":0,""elev_high"":0,""elev_low"":0,""average_speed"":0,""max_speed"":0}"
"2024-07-23 06:45:47",weight-training,"Gym Session",2625,,,,,,setgraph,,"{""sets"":[{""exercise"":""TRX Row"",""reps"":10,""weight"":0},{""exercise"":""TRX Row"",""reps"":10,""weight"":0},{""exercise"":""TRX Row"",""reps"":10,""weight"":0},{""exercise"":""Smith Machine Squat"",""reps"":10,""weight"":9},{""exercise"":""Smith Machine Squat"",""reps"":10,""weight"":29},{""exercise"":""Smith Machine Squat"",""reps"":10,""weight"":49},{""exercise"":""Smith Machine Squat"",""reps"":8,""weight"":69},{""exercise"":""Smith Machine Squat"",""reps"":10,""weight"":49},{""exercise"":""Landmine Row"",""reps"":10,""weight"":10},{""exercise"":""Landmine Row"",""reps"":10,""weight"":15},{""exercise"":""Landmine Row"",""reps"":10,""weight"":15},{""exercise"":""Landmine Row"",""reps"":10,""weight"":15},{""exercise"":""Landmine Row"",""reps"":10,""weight"":0},{""exercise"":""Push ups"",""reps"":10,""weight"":0},{""exercise"":""Heavy ball slams"",""reps"":10,""weight"":9},{""exercise"":""Heavy ball slams"",""reps"":10,""weight"":9},{""exercise"":""Push ups"",""reps"":10,""weight"":0}]}"
"2024-07-25 09:55:50",walk,"Lunch Walk",2383,164,2.587,,,,strava,11976384629,"{""elapsed_time"":3376,""total_elevation_gain"":59,""elev_high"":119,""elev_low"":75,""average_speed"":1.086,""max_speed"":3.036,""polyline"":""gjjxHj_QC?B??DGFANLb@JN?HKZCDC?@?@JCr@ALILCVCF[IQc@SQMCCGKEAE@EGIG@IEIDE?GHG?OHAEKEC@ECEI?MGEGAADG@MTIACCE?KGM?ILIDO\\OBMLG@IJ@FCBEVAAQTO@MPGBMAGACII?GBUGEBOAEBAHGFCLKP?DIHG^EJAZGD?VEB@FCP?JAFEBE@EK?@C?AKYKi@CWDMKMBe@SIK?KGC@EUKGIKCCEGQQYAEKSEMAWMQICACKXSDGLCRMROFCFI@IHM^S\\APMJG?IFYAECEKGCG?IEIBKKWOUCe@]WEGGE?UWMAg@[IOCKB??EIIIEMTG@KCSRUNm@j@G?ADEGSPELM@KHIJSFCID^DQDNC?DA@IHE@KB@FCDKLILWJEF@FIRKDID@LSTMFINIBCJAJODB?FDNDBBRJ@VVLDFFXJFFZPBARJTPHB@GZRhA`@T?`@c@FQ\\e@?INMBK^c@f@_AJGB\\CTBJr@tABLDHDPj@t@Z@JDFC?BLBFA?CL@JC@B`@ADDDHNTF?DDBABK?g@B?DW?EAAXuAJUFYHIDAJBFCR?HBDA?BHCLDHCPOLCVWHQTYh@UDKDCLUHAH@JJL?@EHIPGH?DD@JF?HDBFD?JC@@FI\\AHLPHNPB?FDV`@HHH?HSD]JQNo@BCEY?QECKa@GMDWJQ?QGA?EG@AGDL@ICC@CDP@KEA?M@FBOFRCBC?AHAIBCGCERACFD?OHX?IEBD??AEC@@?AA@AA?@?E?BCCB?CA@B?I@HCI?DE?@BCAFB""}"
"2024-07-28 12:34:02",walk,"Afternoon Walk",1033,75,1.176,106,131,,strava,12002045146,"{""elapsed_time"":1055,""total_elevation_gain"":23.5,""elev_high"":119,""elev_low"":95,""average_speed"":1.139,""max_speed"":2.172,""polyline"":""_jjxHraQJ@?FMf@EH?CARBF?NANYz@EBIKCKGA]a@SKIKIEACE?Gc@@c@ACC?AI?GFILWFg@CABYBS^w@La@PWT}@PSBK?OEQBAKIG@KEO?KECBGEIJM@GASFMJYLSXQJMd@EBAAC?GJEROLc@`AALMVC@KREBCLIDAFGBEHCLS`@Oh@G@AJEAC@KRQJCFKFACMVKHQp@BT@BBADDFNHBBJFJ@LBHPXJ@DHH?JHF?HCBDF@DNNT@NFJDBFACD?BBBDADDAEB@BCD@@BB?@GPK@IHID@?IFC@GHCDGBGB{@BAF[LODQVSVa@?QNq@BAD?VVRFFLPHHPLJD?DUFINw@Pg@C]_@{@?EJYBC""}"
"2024-07-28 19:23:24",walk,"Evening Walk",1080,66,1.034,94,122,,strava,12005397177,"{""elapsed_time"":1080,""total_elevation_gain"":23.6,""elev_high"":119,""elev_low"":95,""average_speed"":0.957,""max_speed"":1.999,""polyline"":""mjjxHt_QAJ@NLXC?LN?DMf@C|@GJAJED?FEH?DGFe@c@IO_@SCIGE?BKGCG@MCGA[@i@HKJYCE@OFYFo@I@EIMESOKYIEIQGCEIICKOIAABACSTm@`BIL?FA@GACJW`@Wt@E@KVELG@APGBIL?DGHWHKHKTE@ORENGBAP?PFJ@FTXL^FJ@?PPBHB??HDBFC@BREJBBD?B@BTZADHTJLD??DDAFDBCF@HE?KNI@ENKPYH?AEFQCCFIBk@^}@\\YBID?DK?QBEAI@UHIF?JNVJ\\\\HNDBDHD?J_@HQHe@Pe@Ca@Yu@AOJS""}"
"2024-07-29 08:07:20",walk,"Morning Walk",1009,74,1.168,,,,strava,12008125028,"{""elapsed_time"":1082,""total_elevation_gain"":23.6,""elev_high"":119,""elev_low"":95,""average_speed"":1.158,""max_speed"":2.37,""polyline"":""ojjxH|_QHh@P\\GNAAERE`AEDETEFANIF?COM_@c@_@WGKIAIO@a@CI@k@T_@@GDkAFGJYAEHKFSLWBIACHUPs@ABCGKCOK[g@MEO?k@\\WZSZINCLAGCFG@Ob@ONw@zA?LIJADOVECGFGVKN?FQV?HEH]VK@EDGTKR]TEVCXFd@FHHF@FLP@HZh@PP@DR?NF\\\\FXNLb@@DGJAVc@F?FQ?ODOHg@HMHWTa@ACXSDUDEBc@@@BCHYBAAA@@@ARJd@d@FJPPBBFC?ANS?QHIFc@JUEo@Sw@@KJO""}"
"2024-07-30 08:08:09",walk,"Morning Walk",1032,74,1.168,108,131,,strava,12016453820,"{""elapsed_time"":1051,""total_elevation_gain"":23.5,""elev_high"":119,""elev_low"":95,""average_speed"":1.131,""max_speed"":2.307,""polyline"":""sjjxHf`QB?@JVj@CF@@ABC?GZ@\\CVIV@HGBK\\GAKKG?CIGECE@GGECAMKCAg@[@KAKBMAGGEBI@SCKL]BWFUCKBC@[LWB?AH?NCQFUNUJe@FCDG?QCMBi@CMOWGCKM[GKHa@T[VQVM\\WNAN?CGPIHAFWf@EZE@GRU\\EBMTANA?ABG@KPGXIFERKN]TADQRAFYXCLKL?HCHA?ADDJF?@LJHDHLPFX\\d@JJDE?@H@@AF?JF?A@DLP?@BHBADDJ^HL@@LA@BDC@@BGJMBKLGDGFADKLG@OAEFOAM@MJQBMLQDKFEVi@JMJy@FKVFjAnALODMD?J}@Lc@Ik@MQIW?KHSHK@I""}"
"2024-07-31 09:02:03",weight-training,"Gym Session",1772,161,,,,,setgraph,,"{""sets"":[{""exercise"":""Leg Press"",""reps"":10,""weight"":40},{""exercise"":""Leg Press"",""reps"":10,""weight"":40},{""exercise"":""Leg Press"",""reps"":10,""weight"":40},{""exercise"":""Hack Squat"",""reps"":10,""weight"":60},{""exercise"":""Hack Squat"",""reps"":10,""weight"":60}]}"
"2024-08-01 09:30:42",walk,"Morning Walk",924,65,1.021,,,,strava,12034065336,"{""elapsed_time"":1304,""total_elevation_gain"":23.7,""elev_high"":119,""elev_low"":95,""average_speed"":1.105,""max_speed"":2.18,""polyline"":""}jjxHdfQ?XBA]GMICI]_@UMGIE?IOBMCi@?UBQLUBs@Fc@?YDT?DIMIEKQICCC@??DBA@OFUEMIG?@_Ag@UDa@j@[x@KJM\\MNsAnC[\\OBEJSRSh@Ef@DZLLBHLRHZLJB?DJLJLFR?HHHVLHXb@HBT?FGD?DGFCFIVYJa@AWLa@P]@OZ[B?@GRU?GDIF[?IBOBB?E@@f@\\TXVTF?NQ@[HKHg@JSCE?UQk@EWBQHE@GGO@@?C@@@ACK?HCE?D@FAA?GAFAA@@@CAC@KAC?DEIBD@C?DAKADF@@HEK?DAI?BC??AB@BN""}"
"2024-08-02 07:30:30",weight-training,"Gym Session",2393,297,,,,,setgraph,,"{""sets"":[{""exercise"":""Push ups"",""reps"":10,""weight"":0},{""exercise"":""Cable Reverse Fly"",""reps"":10,""weight"":12.5},{""exercise"":""Cable Reverse Fly"",""reps"":10,""weight"":12.5},{""exercise"":""Push ups"",""reps"":10,""weight"":0},{""exercise"":""Cable Reverse Fly"",""reps"":10,""weight"":12.5},{""exercise"":""Standing Cable Flies"",""reps"":10,""weight"":3.8},{""exercise"":""Standing Cable Flies"",""reps"":15,""weight"":6.3},{""exercise"":""Standing Cable Flies"",""reps"":10,""weight"":6.3},{""exercise"":""Standing Cable Flies"",""reps"":10,""weight"":6.3},{""exercise"":""Standing Cable Flies"",""reps"":8,""weight"":6.3},{""exercise"":""Standing Cable Flies"",""reps"":5,""weight"":3.8},{""exercise"":""Gorilla Rows"",""reps"":20,""weight"":12},{""exercise"":""Gorilla Rows"",""reps"":22,""weight"":16},{""exercise"":""Gorilla Rows"",""reps"":12,""weight"":20},{""exercise"":""Gorilla Rows"",""reps"":12,""weight"":16},{""exercise"":""Straight Arm Pull Down"",""reps"":10,""weight"":10},{""exercise"":""Lat Pulldown"",""reps"":10,""weight"":42.5},{""exercise"":""Straight Arm Pull Down"",""reps"":4,""weight"":10}]}"
"2024-08-03 07:59:03",workout,"Morning Squash",7377,,0,145,203,,strava,12050125430,"{""elapsed_time"":7377,""total_elevation_gain"":0,""elev_high"":0,""elev_low"":0,""average_speed"":0,""max_speed"":0}"
"2024-08-03 11:29:08",workout,"Lunch Tennis",7,,0.003,150,203,,strava,12051898382,"{""elapsed_time"":7437,""total_elevation_gain"":0,""elev_high"":63.4,""elev_low"":63.4,""average_speed"":0.416,""max_speed"":0.416}"
"2024-08-05 07:51:41",walk,"Morning Walk",832,66,1.037,,,,strava,12066233426,"{""elapsed_time"":929,""total_elevation_gain"":23.6,""elev_high"":119,""elev_low"":95,""average_speed"":1.246,""max_speed"":2.298,""polyline"":""kjjxH|`Q@NH@JVMh@@A@F@AACEVA\\Wn@KHoAqASKI[Bg@CUHWLQB_ADY?BCIKMWQa@m@WUCAUJYBSXKTGVEB?BQV]p@MNAFGFEPMTQf@y@p@QVENORKd@DVVVFPJL?FTTLTJFXDDBLVJLPXHJFBN@HEPEL[^YFSDi@Vq@JOFYPQLUF[?KFI?GBC?GFBH?HJRLT\\JHLNHEHMBK?MLUPq@Cg@Sg@G[HK?GDEAAFGEGCAFDEG?BAAAB""}"
"2024-08-05 18:30:10",workout,"Evening Tennis",4978,609,0,150,194,,strava,12071731409,"{""elapsed_time"":4978,""total_elevation_gain"":0,""elev_high"":0,""elev_low"":0,""average_speed"":0,""max_speed"":0}"
"2024-08-07 07:32:33",weight-training,"Gym Session",2810,296,,,,,setgraph,,"{""sets"":[{""exercise"":""TRX Row"",""reps"":10,""weight"":0},{""exercise"":""TRX Row"",""reps"":10,""weight"":0},{""exercise"":""TRX Row"",""reps"":10,""weight"":0},{""exercise"":""TRX Row"",""reps"":10,""weight"":0},{""exercise"":""TRX Row"",""reps"":10,""weight"":0},{""exercise"":""TRX Row"",""reps"":10,""weight"":0},{""exercise"":""Push ups"",""reps"":10,""weight"":0},{""exercise"":""Assist Pull Ups"",""reps"":15,""weight"":27.5},{""exercise"":""Push ups"",""reps"":20,""weight"":0},{""exercise"":""Assist Pull Ups"",""reps"":15,""weight"":30},{""exercise"":""Push ups"",""reps"":25,""weight"":0},{""exercise"":""Assist Pull Ups"",""reps"":15,""weight"":32},{""exercise"":""Seated Shoulder Press"",""reps"":10,""weight"":10},{""exercise"":""Seated Shoulder Press"",""reps"":8,""weight"":15},{""exercise"":""Seated Shoulder Press"",""reps"":2,""weight"":5},{""exercise"":""Seated Shoulder Press"",""reps"":6,""weight"":0},{""exercise"":""Pec Dec Machine"",""reps"":8,""weight"":35},{""exercise"":""Pec Dec Machine"",""reps"":6,""weight"":27.5},{""exercise"":""Pec Dec Machine"",""reps"":5,""weight"":20},{""exercise"":""Pec Dec Machine"",""reps"":8,""weight"":20},{""exercise"":""Pec Dec Machine"",""reps"":12,""weight"":12.5},{""exercise"":""Pec Dec Machine"",""reps"":12,""weight"":12.5}]}"
"2024-08-08 14:34:38",workout,"Afternoon Tennis",3685,542,0,166,195,,strava,12095962768,"{""elapsed_time"":3685,""total_elevation_gain"":0,""elev_high"":0,""elev_low"":0,""average_speed"":0,""max_speed"":0}"
"2024-08-13 08:00:41",walk,"Morning Walk",957,75,1.184,,,,strava,12134375224,"{""elapsed_time"":982,""total_elevation_gain"":23.6,""elev_high"":119,""elev_low"":95,""average_speed"":1.237,""max_speed"":2.212,""polyline"":""cjjxHraQIQDPP?@NGPSP?BDDBt@EJMNGVC@QIMUk@c@AGIGG?ECGYBQED?TB@AA?a@Fu@R]B_ABU@ABFNg@JOHg@Vq@?GAW]o@IEQOW?[Jc@Z_@b@Wd@MJITMJK\\OZY`@Wp@KLAJKJAFMN]x@OPCA[VUZUd@CTBRJVNP@LJTRPJXPNJCPH@?PZLN@FHLHDFHL@DCBELCBENGJQHCDID?BI@AFQAGBO?OBSXk@TWXo@Fg@?O@CJEBEJRVJf@p@LJDANo@HKBSPi@Ci@[w@?KFMHEAA""}"
"2024-08-14 07:27:44",weight-training,"Gym Session",3155,337,,,,,setgraph,,"{""sets"":[{""exercise"":""Cable Face Pull"",""reps"":10,""weight"":6.3},{""exercise"":""Cable Face Pull"",""reps"":10,""weight"":6.3},{""exercise"":""Cable Face Pull"",""reps"":10,""weight"":8.8},{""exercise"":""Cable Face Pull"",""reps"":10,""weight"":8.8},{""exercise"":""Standing Cable Flies"",""reps"":10,""weight"":1.3},{""exercise"":""Rope Bicep Curls"",""reps"":10,""weight"":11.3},{""exercise"":""Rope Bicep Curls"",""reps"":12,""weight"":8.3},{""exercise"":""Straight Arm Pull Down"",""reps"":10,""weight"":16.3},{""exercise"":""Straight Arm Pull Down"",""reps"":10,""weight"":13.8},{""exercise"":""Straight Arm Pull Down"",""reps"":5,""weight"":11.3},{""exercise"":""Straight Arm Pull Down"",""reps"":8,""weight"":8.8},{""exercise"":""Cable Chest Fly"",""reps"":10,""weight"":6.3},{""exercise"":""Cable Chest Fly"",""reps"":10,""weight"":8.8},{""exercise"":""Cable Chest Fly"",""reps"":16,""weight"":6.3},{""exercise"":""Lat Pulldown"",""reps"":10,""weight"":42.5},{""exercise"":""Barbell Bicep Curl"",""reps"":10,""weight"":8},{""exercise"":""Lat Pulldown"",""reps"":5,""weight"":50},{""exercise"":""Lat Pulldown"",""reps"":8,""weight"":42.5},{""exercise"":""Barbell Bicep Curl"",""reps"":12,""weight"":6},{""exercise"":""Barbell Bicep Curl"",""reps"":11,""weight"":4}]}"
"2024-08-14 08:45:58",walk,"Morning Walk",693,55,0.859,,,,strava,12143590233,"{""elapsed_time"":809,""total_elevation_gain"":23.6,""elev_high"":119,""elev_low"":95,""average_speed"":1.24,""max_speed"":2.512,""polyline"":""amjxHhcQa@GEFDI?MGKCSCEDECG@GLOBK?SDk@?UMKSKBD@AB@A@AECJ@GMa@KMEMQMACOESJQ?IAIHQf@EBGLG\\C@ELMN_@x@[h@ADMVALEJSLILODOLi@fACH?LP\\PHLTFTDHFBHPPNXBJFJVRPDRJLFBPCBELENYRMLSBKBk@NSTs@FEd@q@H{@DIHARRTJj@r@DBBAFWHILu@Lc@A][y@?SPYAG""}"
"2024-08-17 08:33:29",workout,"Morning Squash",7392,739,0,137,203,,strava,12170155925,"{""elapsed_time"":7392,""total_elevation_gain"":0,""elev_high"":0,""elev_low"":0,""average_speed"":0,""max_speed"":0}"
"2024-08-17 12:46:47",weight-training,"Gym Session",4142,408,,,,,setgraph,,"{""sets"":[{""exercise"":""Bench Press"",""reps"":12,""weight"":29},{""exercise"":""Bench Press"",""reps"":10,""weight"":39},{""exercise"":""Bench Press"",""reps"":8,""weight"":44},{""exercise"":""Bench Press"",""reps"":8,""weight"":39},{""exercise"":""Bench Press"",""reps"":12,""weight"":29},{""exercise"":""Incline Chest Press Machine"",""reps"":15,""weight"":5},{""exercise"":""Incline Chest Press Machine"",""reps"":12,""weight"":7.5},{""exercise"":""Incline Chest Press Machine"",""reps"":10,""weight"":10},{""exercise"":""Incline Chest Press Machine"",""reps"":8,""weight"":15},{""exercise"":""Lateral Raises"",""reps"":10,""weight"":6},{""exercise"":""Dumbbell Shoulder Press"",""reps"":10,""weight"":14},{""exercise"":""Lateral Raises"",""reps"":10,""weight"":6},{""exercise"":""Dumbbell Shoulder Press"",""reps"":10,""weight"":14},{""exercise"":""Lateral Raises"",""reps"":10,""weight"":6},{""exercise"":""Dumbbell Shoulder Press"",""reps"":10,""weight"":14},{""exercise"":""Standing Cable Flies"",""reps"":12,""weight"":6.3},{""exercise"":""Standing Cable Flies"",""reps"":10,""weight"":8.8},{""exercise"":""Standing Cable Flies"",""reps"":10,""weight"":8.8},{""exercise"":""Cable Tricep Extension"",""reps"":15,""weight"":8.8},{""exercise"":""Tricep Dips"",""reps"":12,""weight"":0},{""exercise"":""Tricep Dips"",""reps"":12,""weight"":0},{""exercise"":""Cable Tricep Extension"",""reps"":15,""weight"":8.8},{""exercise"":""Tricep Dips"",""reps"":12,""weight"":0},{""exercise"":""Cable Tricep Extension"",""reps"":15,""weight"":8.8}]}"
"2024-08-17 13:38:35",workout,"Afternoon Tennis",1495,194,0,152,189,,strava,12171013344,"{""elapsed_time"":1495,""total_elevation_gain"":0,""elev_high"":0,""elev_low"":0,""average_speed"":0,""max_speed"":0}"
"2024-08-19 18:02:28",workout,"Evening Tennis",6090,883,0,164,197,,strava,12190190193,"{""elapsed_time"":6090,""total_elevation_gain"":0,""elev_high"":0,""elev_low"":0,""average_speed"":0,""max_speed"":0}"
"2024-08-19 21:00:31",weight-training,"Gym Session",3039,400,,,,,setgraph,,"{""sets"":[{""exercise"":""Standing Cable Rear Delt Fly"",""reps"":10,""weight"":5},{""exercise"":""Standing Cable Rear Delt Fly"",""reps"":12,""weight"":5},{""exercise"":""Standing Cable Rear Delt Fly"",""reps"":12,""weight"":5},{""exercise"":""Assist Pull Ups"",""reps"":12,""weight"":32.5},{""exercise"":""Assist Pull Ups"",""reps"":10,""weight"":30},{""exercise"":""Assist Pull Ups"",""reps"":8,""weight"":27.5},{""exercise"":""Assist Pull Ups"",""reps"":10,""weight"":27.5},{""exercise"":""Assist Pull Ups"",""reps"":10,""weight"":27.5},{""exercise"":""Barbell Upright Row"",""reps"":12,""weight"":7.5},{""exercise"":""Barbell Bicep Curl"",""reps"":12,""weight"":10},{""exercise"":""Barbell Bicep Curl"",""reps"":12,""weight"":10},{""exercise"":""Barbell Upright Row"",""reps"":12,""weight"":7.5},{""exercise"":""Barbell Upright Row"",""reps"":12,""weight"":7.5},{""exercise"":""Barbell Bicep Curl"",""reps"":12,""weight"":10},{""exercise"":""Rope Bicep Curls"",""reps"":12,""weight"":10},{""exercise"":""Rope Bicep Curls"",""reps"":12,""weight"":10},{""exercise"":""Bent Over Dual KB Row"",""reps"":12,""weight"":16},{""exercise"":""Bent Over Dual KB Row"",""reps"":12,""weight"":16},{""exercise"":""Bent Over Dual KB Row"",""reps"":12,""weight"":16},{""exercise"":""Rope Bicep Curls"",""reps"":12,""weight"":10},{""exercise"":""Lat Pulldown"",""reps"":12,""weight"":27.5},{""exercise"":""Lat Pulldown"",""reps"":12,""weight"":35},{""exercise"":""Lat Pulldown"",""reps"":12,""weight"":35}]}"
"2024-08-20 06:33:56",walk,"Morning Walk",1080,75,1.18,,,,strava,12193117214,"{""elapsed_time"":1256,""total_elevation_gain"":26.4,""elev_high"":119.3,""elev_low"":95,""average_speed"":1.093,""max_speed"":2.286,""polyline"":""{ijxHr`QHDGDAXA@BACD@FABDTOd@E\\ETM^GDQKEKY[k@a@EGCKEq@Bg@P[Da@BGBm@DANUJUFWJQB?RLBEKIGMFg@Iq@EEAE[]SGIBKAQHa@ZGHGBEJMH[l@MNSh@IFSf@INMJM^Wb@OFCJMPQh@UTIPm@t@Wh@CRBLNXHBBDNX@HHRPVHDDDH@BBH@NPHPVXJRNDFC@BLCRSBILM^g@Bm@JSTk@JMFOHCRk@Fk@AEHEB?BF^RPPJTJHFJD?DEJUAGD@@SFKH]H[Ae@KUEO?EK[BK@BHIF?@CQYCM@G@F?G""}"
"2024-08-20 13:31:19",workout,"Afternoon Tennis",3870,585,0,162,201,,strava,12196600818,"{""elapsed_time"":3870,""total_elevation_gain"":0,""elev_high"":0,""elev_low"":0,""average_speed"":0,""max_speed"":0}"
"2024-08-21 08:34:15",walk,"Lunch Walk",1032,75,1.184,,,,strava,12212418545,"{""elapsed_time"":1190,""total_elevation_gain"":23.6,""elev_high"":119,""elev_low"":95,""average_speed"":1.147,""max_speed"":2.328,""polyline"":""qjjxHbaQXJBD@PQh@Gt@KVEREJC@GEGKGCEISWSKQQEGGAGYAo@BYP_@@WH}@DIB@BBAHCEDe@FSFIAADBVo@Ds@EY[c@MGc@I]RML[h@MFU\\Q`@g@z@CNORCJQXI\\SNCJ[n@Od@STIDKCGB]`@Wh@GR?LF\\PRBLVf@H@JXLLRFDANDDPDBDNPHR`@`@?HCHO@EDABEB?PONY@c@BGAIXs@NMVg@HGDWHM?YDYDALFBFTLPP\\d@DBDG\\aAJg@Bs@K]Q]FSJKOa@BA@@@?CGBF""}"
"2024-08-22 11:03:30",walk,"Lunch Walk",767,53,0.833,,,,strava,12215725882,"{""elapsed_time"":826,""total_elevation_gain"":23.6,""elev_high"":119,""elev_low"":95,""average_speed"":1.086,""max_speed"":2.48,""polyline"":""enjxH~aQHw@AKBG?a@c@Ok@u@CA?B?CKDIYSSEOMGGDOVWx@GHC?AJIPC?IVY^m@zAKFSTQJm@z@IZ?PP^LFHLBNVf@XVRBJCFDNXHJHVRNN@XMh@s@HYAQD]JMDMXa@JWHGLYPaAHEB@LRn@b@T^D@BCPc@XsACc@[{@Ja@@??G@?BC?CCA""}"
"2024-08-23 06:39:54",weight-training,"Morning Weight Training",3135,361,0,135,168,,strava,12219607426,"{""elapsed_time"":3135,""total_elevation_gain"":0,""elev_high"":0,""elev_low"":0,""average_speed"":0,""max_speed"":0}"
"2024-08-23 07:39:54",weight-training,"Gym Session",3134,361,,,,,setgraph,,"{""sets"":[{""exercise"":""TRX Row"",""reps"":10,""weight"":0},{""exercise"":""TRX Row"",""reps"":10,""weight"":0},{""exercise"":""TRX Row"",""reps"":10,""weight"":0},{""exercise"":""Push ups"",""reps"":10,""weight"":0},{""exercise"":""Push ups"",""reps"":10,""weight"":0},{""exercise"":""Supinated Barbell Bent Over Row"",""reps"":15,""weight"":20},{""exercise"":""Supinated Barbell Bent Over Row"",""reps"":10,""weight"":30},{""exercise"":""Supinated Barbell Bent Over Row"",""reps"":10,""weight"":30},{""exercise"":""Supinated Barbell Bent Over Row"",""reps"":10,""weight"":30},{""exercise"":""Bench Press"",""reps"":10,""weight"":30},{""exercise"":""Bench Press"",""reps"":8,""weight"":40},{""exercise"":""Bench Press"",""reps"":8,""weight"":45},{""exercise"":""Bench Press"",""reps"":10,""weight"":30},{""exercise"":""Tricep Dips"",""reps"":10,""weight"":0},{""exercise"":""Tricep Dips"",""reps"":10,""weight"":0},{""exercise"":""Tricep Dips"",""reps"":10,""weight"":0},{""exercise"":""Seated Machine Bicep Curls"",""reps"":8,""weight"":25},{""exercise"":""Seated Machine Bicep Curls"",""reps"":8,""weight"":17.5},{""exercise"":""Seated Machine Bicep Curls"",""reps"":8,""weight"":17.5},{""exercise"":""Seated Machine Bicep Curls"",""reps"":5,""weight"":12.5}]}"
"2024-08-23 08:37:44",walk,"Morning Walk",968,80,1.254,,,,strava,12219986500,"{""elapsed_time"":1306,""total_elevation_gain"":23.6,""elev_high"":119,""elev_low"":95,""average_speed"":1.296,""max_speed"":2.694,""polyline"":""sjjxHt_Q@QEDAb@HXTX?JO\\?d@E\\KP?PMNQKCIECU[MEYYE@GCCM@UE]F]DEPg@DWBe@EOEEHFBD?GLQ\\y@HY@EA?\\}@IK_@Y[]SISBUJYVY\\MHUd@OJKTGFCPYb@EJc@l@M`@QPQZMXEXIRE@MNK?e@l@KPSn@ALH\\JJFVNPDNP\\FBBDDAn@XN`@DBF@HTJLD@?AH@ZELODM`@[FUDy@Tc@DMZ[FMHIBYFMB_@FOFCBJ\\TPVH@FJPNFCN_@ZqA?c@YeA?IHQ?UGSCJDBGIALFBAIDBBFEG?@""}"
"2024-08-25 09:29:14",walk,"Morning Walk",939,73,1.153,,,,strava,12236611649,"{""elapsed_time"":1108,""total_elevation_gain"":22.9,""elev_high"":119,""elev_low"":95,""average_speed"":1.228,""max_speed"":2.972,""polyline"":""sjjxHh`QDJ?D?ATTDTQd@@R?BEEAh@GZO^GBo@u@UOSUGAEKCiADWPg@HgAFH@KHI@QHUFEHQ@IDG@MNUAADGAE@M?OGKOGUSUW?KK?GB?F@AL??CM?MBs@t@KPQH]b@Wj@]`@Uj@c@f@I^[b@Wt@WXELMFY^SLM`@ER?NHRDNDD\\t@\\f@H?BDd@DN^HFPXJHXDDGFADGB?LQXIBODE@g@AY\\e@CO?ADB@O@F?ADAHK?EB@BADODABEHYFIA[H[BA@DPNH@l@h@RXB?HW`@aC[i@AG?_@JW?MD??E""}"
"2024-08-26 06:07:36",weight-training,"Morning Weight Training",2969,,0,138,181,,strava,12261898037,"{""elapsed_time"":2969,""total_elevation_gain"":0,""elev_high"":0,""elev_low"":0,""average_speed"":0,""max_speed"":0}"
"2024-08-27 08:12:31",walk,"Morning Walk",888,61,0.954,,,,strava,12252980884,"{""elapsed_time"":1065,""total_elevation_gain"":23.7,""elev_high"":119,""elev_low"":95,""average_speed"":1.074,""max_speed"":2.217,""polyline"":""eljxH~zPCBBBIEB@BC@BBK@SN[Ns@a@Q_@a@UEM@i@Xm@l@IVg@v@MVADQVAHILIV_@l@KJEHIZ]f@CVUNGJE?WTO^OLGNGXBRJHDNNL@PBJZd@TPBDD?BBHCHFRd@PP@HFDDJN@JIFAZ]JGXa@B[AGDWTc@FQb@m@L]Ja@?KDKFC`@Xt@x@DBRg@Jk@Pm@Ca@Sa@GY@MDC@MFCAQFKAA?BAAGHKYD@CBAEDN?IEB?IBDC@DPCQDR""}"
"2024-08-28 06:59:22",weight-training,"Morning Weight Training",2971,,0,139,179,,strava,12289826070,"{""elapsed_time"":2971,""total_elevation_gain"":0,""elev_high"":0,""elev_low"":0,""average_speed"":0,""max_speed"":0}"
"2024-08-28 08:20:00",walk,"Morning Walk",1114,76,1.197,,,,strava,12262155950,"{""elapsed_time"":1158,""total_elevation_gain"":23.5,""elev_high"":119,""elev_low"":95,""average_speed"":1.074,""max_speed"":2.406,""polyline"":""yjjxHf_QAHDBALJ^HHJTOr@C^@ZIFEJ?FEDAJCDIA[c@WWKGWUCAKU@YAQ?@?]Pg@@SFc@?_@FQJCIZBUFQBOP_@L]Da@C_@Oa@[YOCOBc@XQNG@GLQPCJi@r@c@dAIJGXIHM\\C?GLMLCHEBAHOTEJGVWTADEHIBKHEJa@b@Qh@ATJZBHNJh@hALFBFHAHBN?HFH^TNBNHFFHLCN?DE@??GX_@BIBCB?HIJc@A]j@gAh@s@Hw@FMD??@@?LNZRh@n@DDBCHUDCPeALUCc@Wm@CO?MHS@CFAC@BE""}"
"2024-08-29 10:47:09",walk,"Lunch Walk",852,67,1.053,,,,strava,12271734367,"{""elapsed_time"":927,""total_elevation_gain"":23.9,""elev_high"":119,""elev_low"":95,""average_speed"":1.236,""max_speed"":4.42,""polyline"":""qjjxH`~P?dALf@HL@HGRAXCG?p@]`AG?a@i@u@m@IAAEEqAF]JUBWAUe@MO]GACKEACIMDCQWYMYEAIJe@nAuAbCWn@IDOVG@KLOHAFWZO`@CT@LNLBLHHHRDDDNRZPJ@Ff@@R`@@@@ARd@JJR@LE|@gADaAXm@RUP]JKJe@@UDSHADJPP`@XB@X`@DB@AH[FIXoABCBBBAMk@Ws@?OHQ?GFAEQFDC?ADCA@DAA""}"
"2024-08-29 18:52:28",workout,"Evening Tennis",4632,637,0,151,190,,strava,12276190947,"{""elapsed_time"":4632,""total_elevation_gain"":0,""elev_high"":0,""elev_low"":0,""average_speed"":0,""max_speed"":0}"
"2024-08-31 13:07:37",workout,"Afternoon Squash",12405,,0,142,210,,strava,12291164818,"{""elapsed_time"":12405,""total_elevation_gain"":0,""elev_high"":0,""elev_low"":0,""average_speed"":0,""max_speed"":0}"
"2024-09-01 17:02:28",workout,"Evening Tennis",6886,1000,0,157,199,,strava,12301416414,"{""elapsed_time"":6886,""total_elevation_gain"":0,""elev_high"":0,""elev_low"":0,""average_speed"":0,""max_speed"":0}"
"2024-09-02 05:23:24",weight-training,"Morning Weight Training",3358,,0,111,155,,strava,12303599624,"{""elapsed_time"":3358,""total_elevation_gain"":0,""elev_high"":0,""elev_low"":0,""average_speed"":0,""max_speed"":0}"
"2024-09-02 07:24:12",walk,"Morning Walk",1020,65,1.03,,,,strava,12303982066,"{""elapsed_time"":1038,""total_elevation_gain"":23.5,""elev_high"":119,""elev_low"":95,""average_speed"":1.009,""max_speed"":2.206,""polyline"":""ojjxHt`QACBJR`@K`@C@?`AWx@C@IEAEGAc@k@WSOGMUBa@Cc@Ry@JiAw@}@g@s@QKK@KPC?GFW`@i@rASX]r@KHAHS\\ALi@n@OHIPQPWh@CRBN^f@?HDFDRFFD?NZRLTBNJH\\NHFNLLTBLCDQDABED@TYJIHO@UAEDE?MHQDYHSHIBKPKRYLq@?YBCF?@@B?b@`@JBHTHDPTDCPa@AKJUJc@FKA[Y}@?UDGDEBBAADE""}"
"2024-09-04 05:45:29",weight-training,"Morning Weight Training",2777,,0,114,149,,strava,12321405709,"{""elapsed_time"":2777,""total_elevation_gain"":0,""elev_high"":0,""elev_low"":0,""average_speed"":0,""max_speed"":0}"
"2024-09-04 08:11:25",walk,"Morning Walk",971,65,1.017,,,,strava,12321963673,"{""elapsed_time"":971,""total_elevation_gain"":23.6,""elev_high"":119,""elev_low"":95,""average_speed"":1.047,""max_speed"":2.09,""polyline"":""ujjxHn_Q^|AENCCELE?At@Oz@GHICa@g@YWSMCGOKCK?mAFMHMFWA[a@OEEMWECISE?GDGSKMIQIGIKE?EDg@lAORGRQVAHUREPE@ABAE_@nA_@^C?@EIDc@v@KJM`@@PNVLJJ\\NRAB@DHBDJPNT@RFN`@LLLZRFTCNKBKj@q@@E@g@DSHIPg@NOXg@Ng@He@FABBb@Tn@v@FBPa@He@Vw@G_@[{@DUFO@B""}"
"2024-09-06 09:35:40",weight-training,"Morning Weight Training",2675,,0,132,182,,strava,12339544637,"{""elapsed_time"":2675,""total_elevation_gain"":0,""elev_high"":0,""elev_low"":0,""average_speed"":0,""max_speed"":0}"
"2024-09-06 18:59:04",workout,"Evening Tennis",4682,615,0,148,187,,strava,12343700488,"{""elapsed_time"":4682,""total_elevation_gain"":0,""elev_high"":0,""elev_low"":0,""average_speed"":0,""max_speed"":0}"
"2024-09-08 09:00:21",walk,"Morning Walk",975,70,1.099,,,,strava,12355913124,"{""elapsed_time"":1002,""total_elevation_gain"":23.5,""elev_high"":119,""elev_low"":95,""average_speed"":1.127,""max_speed"":2.042,""polyline"":""kjjxHpdQ?VOT?HGVG@i@q@c@[Y]@oAHYHKBe@@CBg@AKCCJRJg@B]Ng@@UA??IDQIe@IICKKIQEMBWNCFSFYZIBMJKR?BAD]j@GNQ^ALYVYp@IHMZMPYt@IDY\\E@EBq@bAGb@@LDFHB@LNP?BHL@HPTFRRJb@DBBN^b@n@TDNGLGJWRSPYDy@HKTk@PQTg@JWFk@DIDAA@HHf@^j@n@RY^eBC_@Yu@?SHOBCDAEMAB""}"
"2024-09-09 07:44:01",weight-training,"Morning Weight Training",2783,,0,119,164,,strava,12364330410,"{""elapsed_time"":2783,""total_elevation_gain"":0,""elev_high"":0,""elev_low"":0,""average_speed"":0,""max_speed"":0}"
"2024-09-11 07:34:15",weight-training,"Morning Weight Training",3312,,0,140,177,,strava,12382129089,"{""elapsed_time"":3312,""total_elevation_gain"":0,""elev_high"":0,""elev_low"":0,""average_speed"":0,""max_speed"":0}"
"2024-09-12 09:15:52",walk,"Morning Walk",911,70,1.108,,,,strava,12390378278,"{""elapsed_time"":940,""total_elevation_gain"":23.5,""elev_high"":119,""elev_low"":95,""average_speed"":1.216,""max_speed"":2.228,""polyline"":""kjjxHbaQ@CTf@CNMX@HC?AP?^MZGRED]a@]YICSUGCIU@cABSHOBOJgA@c@?ABb@Lu@HOFU?_@AKGOC@GIYKSAOEo@FQLMRIV[XQb@GX]t@c@p@Yh@OZI^OJGFOFWXENSVKZ?JBJHVJHFTHD@JHFL^HJNFXAHFJXHJHFBNLJFBHEJBDANOJS^_@Fy@LUNe@LKFORUHUL{@DMFBA?@DNLRJVTR\\HHB?FUDIZqA@s@OUIOCW@IFGBK@@BAAC""}"
"2024-09-13 09:15:53",walk,"Morning Walk",1028,78,1.229,,,,strava,12398154510,"{""elapsed_time"":2113,""total_elevation_gain"":23.8,""elev_high"":119,""elev_low"":95,""average_speed"":1.195,""max_speed"":3.943,""polyline"":""cjjxHlaQ@JD@A@BPIVGF?t@AFOZCPEDIIEIQOCG[YQMI?MUFy@?a@LOBI?[BMEMBQTi@Pk@Ba@Ec@EMMCO_@BEG@KE]CO@SL[ZI\\EFOLQX_@~@g@x@AHKPUXCPOHSh@ONEHILMFg@p@CJEBM^?NFRBFTT\\t@Xb@TFFAJDF?FVNRJHLZHDFGX?DEAAHGHYLKF?JQDUAKDY?GR_@HSNOJQDEFUDEBUHQD]C?JDTPF?h@n@PNRYBWJUNk@FKE[K]O[CK?ENM?K@@?CAE?KDECF?^QJACDYCJALHYCGBEIL@MAK?FBG?@?@CEABD@AACB@ABDCE@@ACBADJ?CCCD@CE?BCCDABBGABAABACDFEC@C?BF@CAA@CC?@@EAD@ACE@FACB?C@@CA?@L""}"
"2024-09-13 19:09:23",workout,"Evening Tennis",6006,754,0,142,176,,strava,12402401730,"{""elapsed_time"":6006,""total_elevation_gain"":0,""elev_high"":0,""elev_low"":0,""average_speed"":0,""max_speed"":0}"
"2024-09-14 12:19:09",walk,"Afternoon Walk",921,74,1.163,,,,strava,12408334373,"{""elapsed_time"":980,""total_elevation_gain"":0,""elev_high"":119,""elev_low"":75,""average_speed"":1.262,""max_speed"":2.336,""polyline"":""mjjxHn`QXp@Sp@?BDCG\\?RQ^ALM\\A@Il@QDYp@M`@EDDEEDCGDFGDDBDAF@JJPHRRVPBPA\\]dAC\\K\\CVCD?DKj@?PKr@K`@CL@JELK|@K\\@JCPIPI?KEA@SMQUIC[k@CC?EQOCIYQEMw@w@g@o@OIU[US@?CIEGQQGCOSOIi@u@m@m@@UE]AAHXALCBMGGASWMAGEUAq@B[C_@WEIC?GIg@mAK_@_@w@C@EGIAKJEPSRKZKLADG@Wj@QPYd@_@Hk@U""}"
"2024-09-16 05:18:01",weight-training,"Morning Weight Training",2682,,0,133,173,,strava,12421772828,"{""elapsed_time"":2682,""total_elevation_gain"":0,""elev_high"":0,""elev_low"":0,""average_speed"":0,""max_speed"":0}"
"2024-09-16 07:24:15",walk,"Morning Walk",993,76,1.195,,,,strava,12426451268,"{""elapsed_time"":1048,""total_elevation_gain"":23.6,""elev_high"":119,""elev_low"":95,""average_speed"":1.203,""max_speed"":2.458,""polyline"":""wijxHxaQ@@CD@JS^FAC~@GVGFERIFo@w@c@]EGIEE_@A[@a@FOJQD_AF_@Vk@HUFII\\N[D]LYLi@MEIK[UMAGKKCM@k@ZSTWRINEBBBMPGVCCAFEHA?Wd@IFGVUf@KHO`@KLUd@OPKf@IHMD[Vi@t@Ob@@VFFBLLLPVH^HNZZLDVBDHDVNJDNJLTF\\IFKHEd@i@FYA[BONKJe@JMBMXk@Ng@Dc@JEA@f@`@^b@RPDAPc@Jm@Nk@Gc@Sa@GQ@INYH??I""}"
"2024-09-16 13:48:10",walk,"Afternoon Walk",1474,130,2.052,108,122,,strava,12424501625,"{""elapsed_time"":1493,""total_elevation_gain"":14.8,""elev_high"":64.5,""elev_low"":55,""average_speed"":1.392,""max_speed"":2.52,""polyline"":""uklxH`bRHFLFBAHHNR?FZ\\FBLVF@DJ@C@Dd@h@BBD?LLBJBBD?NVVTJL@FLFPh@JBBACFLi@P[Ry@l@gBDWHQTw@AOY[AEQK[]e@[EKEAy@g@WW_@QKK[QACKCQO[OOMGCE@GCGHKBMLMFE?KFKNYVEX?H`@rBRd@`@f@HR`@j@DFBADJLLFN\\`@`@XZf@XTVZHRT^J@BEFe@R[f@kBP_@Vy@DCH[?MCC?QAG[a@KESW]WCGKE]WWMWUAEC?OKa@Sa@YIEC@[YIE[QGCC@KFE?ILc@PSLAD[b@?TVzAHP@RR`@@HADCBBAAHOx@IbAUr@Q`AMXAXKMMAKE]]ECEBi@_@GGGMI?i@_@QG?@GGUKK?UXG?GCMMMAa@SAWFDLRHB^XN@~@b@\\RF@RJfAv@HBh@^R^?JGPCVM\\HKCAGHBA?JCFAL""}"
"2024-09-17 08:18:35",walk,"Morning Walk",1020,71,1.12,103,122,,strava,12430680952,"{""elapsed_time"":1047,""total_elevation_gain"":23.6,""elev_high"":119,""elev_low"":95,""average_speed"":1.098,""max_speed"":2.197,""polyline"":""qijxHnbQK@CPCJAVAA?BDHAFEPEHANMFAHI?_@e@GCSSIAKM?GKCCECQBWEq@LU?G@AFYFw@DKA@ACJLCGHQLm@L]@OIiAMG[IM?MEQ?SJOJADKF[p@CHKJ[f@Mp@KJMVMN?DEH?DQN?DCAAHMPETIH?DGDALSPGXMJO@Q^UPO`@?PN`@HDRTHd@HJ@AJJB@@CJHFADHJC?AF?DFD`@NN?AHPLFDFHADIL@?CLE?ELKHQAEPO?]HO?ODMNS@KLWDA@IJIBK@@LQ?MLQJg@B@FCAALHZh@NFJNRN@AJ]JSD]Lg@?e@[o@?a@B?A@DG@@DG@IAE""}"
"2024-09-18 10:41:54",walk,"Lunch Walk",930,68,1.063,,,,strava,12449675570,"{""elapsed_time"":990,""total_elevation_gain"":23.6,""elev_high"":119,""elev_low"":95,""average_speed"":1.142,""max_speed"":2.298,""polyline"":""ijjxHlcQEP@GBF@VCVIXOTIEU[i@e@OIOSCuABOFKB[HW?[FY?CC?Pe@@OJODq@e@w@SIe@D[N@@UPCHWRy@lBQTAJKDCDWj@GDIRAHe@`AONUNi@t@Uh@ATP\\PLDHDVFJ@A@DTVFLVFLAFDFL?DHF^j@HHJ@NEXe@\\_@DODo@\\w@`@_@BGNa@?KHi@HGDD`@RZZV^B@BCPc@Fa@Ro@AK?WWm@AKHi@@@AA@@@A?BBCCG""}"
"2024-09-19 11:06:32",workout,"Lunch Squash",3140,,0,168,197,,strava,12449674978,"{""elapsed_time"":3140,""total_elevation_gain"":0,""elev_high"":0,""elev_low"":0,""average_speed"":0,""max_speed"":0}"
"2024-09-19 12:59:02",walk,"Afternoon Walk",1083,73,1.15,122,138,,strava,12450271375,"{""elapsed_time"":1083,""total_elevation_gain"":23.5,""elev_high"":119,""elev_low"":95,""average_speed"":1.062,""max_speed"":2.225,""polyline"":""cjjxH``QI??FXx@ETMRCVBPARKZGJ?FEFE?[]IMOGCGQQMCAEB@ICGSEe@BMAU@KTWDMAO@KA@AIDe@DO@?Pc@DGFSLWLe@DY?OSWOEMKOIGDKCWPCDG?IHGCGBUXEPMVAAEHENSPQd@W\\IZGDSd@UVM`@GJANSTERg@`@SFk@lACL@JHL@FPRBNBBHPB@LLJPPL?@H?PJBALJHPBENLBTLNL@@@A@F@AANEC@FMB??D@ABG?BAGLI@IHA?GB?FKBABICOLk@BWVa@DC@KFIJCJM@OB?ABFIAKDG?YFQF@?C@DPFFJJBPPFLPNFJB?JQ@?FO@QFWFa@HOA@C]W{@?QFQBA?I@C""}"
"2024-09-20 06:36:20",weight-training,"Morning Weight Training",2567,,0,149,189,,strava,12456405750,"{""elapsed_time"":2567,""total_elevation_gain"":0,""elev_high"":0,""elev_low"":0,""average_speed"":0,""max_speed"":0}"
"2024-09-20 08:36:42",walk,"Morning Walk",834,66,1.042,,,,strava,12456793295,"{""elapsed_time"":880,""total_elevation_gain"":23.5,""elev_high"":119,""elev_low"":95,""average_speed"":1.25,""max_speed"":2.384,""polyline"":""_kjxHb`QZZP`@Qf@IjAOLCLILEIAIICOUOESWE?EIGCE?IQBa@CY@UBQLOHiAKRME?@E?ACICMYGCQUCAEBCACOc@s@OBIFI^m@rAM`@k@h@Wr@IJ[ZG@]ZAJW`@Kb@B^JHHND@FLDD@D?JJVXXLHJ@BBH?HDN`@JHDLLPLBBCT?JIFG@I\\WNWDWAS@ONY@B@AN_@JIDQNQPk@Jo@BDGGLFh@b@h@l@B?N[Ja@FILo@Ag@Ic@MU?K?IFCDG@ECA@E""}"
"2024-09-20 18:56:16",workout,"Evening Tennis",4726,615,0,147,190,,strava,12461353115,"{""elapsed_time"":4726,""total_elevation_gain"":0,""elev_high"":0,""elev_low"":0,""average_speed"":0,""max_speed"":0}"
"2024-09-21 12:42:56",walk,"Afternoon Walk",995,67,1.058,,,,strava,12466570659,"{""elapsed_time"":1015,""total_elevation_gain"":23.6,""elev_high"":119,""elev_low"":95,""average_speed"":1.063,""max_speed"":2.328,""polyline"":""{ijxH|`QY`@PGJHAFALMT@@AC?|@OZM\\s@y@a@[MGGQ@s@A?AI@IFSPYCYHy@CKGECGJLB?AA@?@B?DFLIMSOUYGKSSMWa@YI@E@IX_@h@Wp@S\\CJk@x@EPi@hAEBGL[R]b@Ub@CR@PHJBJNJNVHXPXPL^DJBLV@FHHLXLLL@LCLILWHEBGTWBK?]B[Tg@PQFMXa@Ja@@]DMJA`Av@T\\B@DCPg@Hc@Ng@@QCWUa@GU@IDGBO""}"
"2024-09-22 11:09:17",walk,"Lunch Walk",861,62,0.978,,,,strava,12474946389,"{""elapsed_time"":877,""total_elevation_gain"":23.6,""elev_high"":119,""elev_low"":95,""average_speed"":1.136,""max_speed"":2.276,""polyline"":""_kjxH|cQHJBT@@D??HGXQZOGo@q@]YICEECK?iAFYLW@e@e@We@s@KDEOIGMWWW_@z@IFGXWb@CLIHk@~@KVMb@i@b@G@QP_@t@ER?LHZNFJLNr@TNFJB?BD\\HJFFRNHLXADDB\\FHAPOR]JGRUDu@BIRa@FSPWB?A@JIR]By@FIHALHb@`@FB\\b@FA^gANq@?OEWOYIW?MHIBKBQAEBEE@EKAD""}"
"2024-09-25 06:32:59",weight-training,"Morning Weight Training",3368,,0,114,185,,strava,12498346033,"{""elapsed_time"":3368,""total_elevation_gain"":0,""elev_high"":0,""elev_low"":0,""average_speed"":0,""max_speed"":0}"
"2024-09-28 08:20:30",workout,"Morning Squash",4644,,0,134,196,,strava,12521715480,"{""elapsed_time"":4644,""total_elevation_gain"":0,""elev_high"":0,""elev_low"":0,""average_speed"":0,""max_speed"":0}"
"2024-09-28 12:47:34",walk,"Afternoon Walk",732,56,0.876,,,,strava,12523481556,"{""elapsed_time"":1088,""total_elevation_gain"":0,""elev_high"":159.8,""elev_low"":156.9,""average_speed"":1.197,""max_speed"":2.344,""polyline"":""c`ixH`pNLTCDEAULOR_@Ve@NQHGLAN?n@BABJBr@JXFADDBACKNU@NG`ADf@FTA\\Rz@DIJ@VGXg@`@}@f@{@FQDc@Na@r@sAPe@FIHOFEDG@MAYWmASm@Im@AQBa@Ai@UiAKCM[Sw@?IFn@OVCL@JM?QFIN?PH^@BIm@F_@AU@]E[@SCA?^DXCZ@TCTBd@DL""}"
"2024-09-29 10:16:44",walk,"Lunch Walk",1318,84,1.325,,,,strava,12530879039,"{""elapsed_time"":1674,""total_elevation_gain"":26.7,""elev_high"":119,""elev_low"":95,""average_speed"":1.005,""max_speed"":2.186,""polyline"":""wjjxHh_QN`APR?DMV@FG@AD@f@AVIVGHCPCBECi@s@KEOQYQ?OG[@g@DQBKDC?IDEBKAc@F[BCBBAC@GV}@NUHELTEFJDCACBCJBAAB@?C@ACH]MUAGL[BQ?CXo@A]SSE?CCG@MCSGIFG@QFE?MFSLMFURMTEJQNGNWXa@`AY`@[r@]f@]`Ae@h@YPGPOROXK\\ARN^DDF@PZDRNRDBDJNHBANDZNDNVf@FBHJ?ALDHGB@F@FOLKNWHG?A?D?EFEFQDm@J[Za@@G`@o@H{@HQB?E?FALJBFd@\\Z^HF@AVk@AGHQRw@Io@Sa@CS@IFIFSGKB@CA@KEAA@BJAG@C@@?ACC?LCI?GFEG@?BCABH""}"
"2024-09-29 12:08:15",workout,"Afternoon Tennis",8103,1094,0,158,200,,strava,12533615080,"{""elapsed_time"":8103,""total_elevation_gain"":0,""elev_high"":0,""elev_low"":0,""average_speed"":0,""max_speed"":0}"
"2024-10-01 08:42:50",walk,"Morning Walk",899,74,1.164,,,,strava,12546127001,"{""elapsed_time"":948,""total_elevation_gain"":23.5,""elev_high"":119,""elev_low"":95,""average_speed"":1.295,""max_speed"":2.55,""polyline"":""cjjxHhaQDGDf@ARGNE?E@?TBVAHEVKXIFUWQWe@]GKMCGQBWAK@a@JYH[Aa@BCBc@H?CHNq@Vm@Ry@@OAYa@k@YOWEk@`@IJIBu@dA_@p@]r@CNEBCLYXu@nAGXGHCNC@GLIH?LM?KFCJIPMJQb@G^L^HDJX^v@VTR@PFRb@JJHNHF@FHBZAHGd@o@HCFW@UAQFUTq@LMd@y@FY@UDOHA~@t@Z`@DCPe@\\yAE[YaA?KFIBMAB""}"
"2024-10-02 06:34:21",weight-training,"Morning Weight Training",2756,,0,130,180,,strava,12554203382,"{""elapsed_time"":2756,""total_elevation_gain"":0,""elev_high"":0,""elev_low"":0,""average_speed"":0,""max_speed"":0}"
"2024-10-04 14:01:53",workout,"Afternoon Squash",5485,,0,125,171,,strava,12573213891,"{""elapsed_time"":5485,""total_elevation_gain"":0,""elev_high"":0,""elev_low"":0,""average_speed"":0,""max_speed"":0}"
"2024-10-09 06:34:36",weight-training,"Morning Weight Training",2487,,0,147,179,,strava,12611565484,"{""elapsed_time"":2487,""total_elevation_gain"":0,""elev_high"":0,""elev_low"":0,""average_speed"":0,""max_speed"":0}"
"2024-10-09 08:12:08",walk,"Morning Walk",1163,70,1.106,,,,strava,12611900589,"{""elapsed_time"":1361,""total_elevation_gain"":23.7,""elev_high"":119,""elev_low"":95,""average_speed"":0.951,""max_speed"":3.03,""polyline"":""emjxHdeQY[?DAAGI?CABAsA@INWDO?g@DW?Qp@}AL{@Ec@_@_@CIGA?BCGK@SCK@IFMNQJOVEBE?@AC@INAJA@AAGFIXYVO\\GHGRYd@Ur@c@\\M`@ETKF?FQ\\GFG@ADMN@@CFIFILGFQ^EXJXNJHTFFJZNVRP^?FDFHDPJLP`@LFNATGBCLWDANONWBk@Lg@Ve@HI\\i@Je@@YDMHA@Dl@j@HDPTPNBADSHGLw@Ng@A_@U_@IY@MJS@GBABGCABD?CA?IQCJ?IFG@KGSEAL\\AHAOANBFCFPO""}"
"2024-10-10 08:59:25",walk,"Morning Walk",1280,108,1.702,,,,strava,12619931675,"{""elapsed_time"":2140,""total_elevation_gain"":23.6,""elev_high"":119,""elev_low"":95,""average_speed"":1.329,""max_speed"":7.326,""polyline"":""ujjxHx`QPRLRIXIJ?~@Sp@GFm@q@a@YKQISAkALOHa@DeAA@D@?B@QCM@KHMTUPa@LSHYAQOWWWMSIE]EWNg@f@[RKVQNELMLGL?AMh@BACA@EGVC@EJILQd@KJCLORM^_@r@AJKNUNMPg@Z[p@APLXBJBDN@HRDBN`@HF@JPRl@JJJBHPLCHC?AMC@CAJ`@TP\\?PWJE^]Ha@@a@DERs@RM\\k@FSAUNq@DA?Db@VXXX\\DBBCPi@?EFKNe@BOAm@Q]GW?QJO?E@DACFOG@ACB?OCF@E@?CJKL[T}@Qz@SZAEA@AAFEMJHP?CFEGSBAC@?TC@EEJBIKDLJ?GFAE@@F?CIENGEHM?EIACMECBPEQFPAA?HFF\\vAVhBa@_CIU?UEO?DACAB@D@C@BB@AE?BDEGCB@ACBJ?T@SAIW`@FG?UBDAG?@CA@K@@CAEK@BD?FJMCNCCAEJFBAE@DAA?F?GCB?CA@BOC?@A@R?MBAMCRDAEEB?SGBDHDGINBEBDA?BA@@AE@@?@C?""}"
"2024-10-11 09:46:42",walk,"Lunch Walk",950,68,1.063,,,,strava,12627717836,"{""elapsed_time"":1117,""total_elevation_gain"":23.6,""elev_high"":119,""elev_low"":95,""average_speed"":1.119,""max_speed"":2.607,""polyline"":""ojjxHp_QCPHZV`@BJIH?KALIRAl@ETO\\?FGHE@o@s@g@_@?EGCGM?i@CQ@a@T_@@c@GCCCIAQMKSMKIOCAKBK[MKQYI?Uh@GDEN?LCEYr@G@CHIFCNIPEROTQ@@H@CEAF@KH@?EF?RINSJo@l@Wp@ER?LHTVPj@jADFVHVCF@BTJTJL?LPPR@RMLKHQXWJYBs@P]BKXWXg@Ly@FWHA?D\\R^\\VZFDDCDUFO@OZeACY_@_A?KPW@B@I?GGGAEC?AI?FDF""}"
"2024-10-12 08:24:24",workout,"Morning Squash",6870,,0,160,210,,strava,12635443004,"{""elapsed_time"":6870,""total_elevation_gain"":0,""elev_high"":0,""elev_low"":0,""average_speed"":0,""max_speed"":0}"
"2024-10-13 10:02:02",walk,"Lunch Walk",1411,107,1.687,,,,strava,12644348891,"{""elapsed_time"":3732,""total_elevation_gain"":8.5,""elev_high"":113.9,""elev_low"":55.9,""average_speed"":1.196,""max_speed"":2.445,""polyline"":""wojxHhdQCIG@ACUHCACI@OGKGJADGBEJEBI@[IKBM\\MJa@RIH]n@MDMBMLKB[Ge@@GBGAIBKNANMb@EV_@~A?\\GFIEU_@OISCa@Bg@?_@MIGOMIWKIEQEEw@oBMJg@r@KV]b@k@dAA@EEME[LIEK?GAA@c@YOCIQ?BKCE@OEm@a@_@QMMOGK?OIGII?KM@OAGMUE@EHUPEAURMDs@t@O@o@v@SJE?CPEGHG?EA?DAA??HD@FEIHHISBF@[??D]`@ADC@@BGBIP]NEJQJUXa@TMF@CG@ON?AC?MFWRIBQJMDIFK?ELMFEHURIBKRQLEA[PWTCDk@Xq@h@BNNDD`@Tn@L`@DXZr@BJF?BVAJY|Au@zC?RCCB@B\\WlAEL@CKPBE?CABB@@BDECL@K""}"
"2024-10-17 08:39:57",walk,"Morning Walk",975,71,1.121,,,,strava,12675586926,"{""elapsed_time"":992,""total_elevation_gain"":23.5,""elev_high"":119,""elev_low"":95,""average_speed"":1.15,""max_speed"":2.296,""polyline"":""cjjxHxbQGRAGBJCt@CD?FCHEDALCHE@@?YYMSe@[KMCEA@IKCyALWBONeBAAj@cADSFIH_@Ca@?@[a@EAIIQEY?OHMNWNY\\MXOPELg@t@Qd@MVIHM\\a@n@GTORUj@QLOTSJCH[d@K\\ALP`@TNL`@PVBJPLVDBHFALXV^HPLNDANMJCVc@FCHKHCFKBq@DQJQHWLQP_@FEJOPgAF?BCA@FJ\\Rr@x@F?FUHQLo@Le@Aa@Yy@?OHMBQ""}"
"2024-10-18 09:13:06",walk,"Lunch Walk",1353,119,1.881,,,,strava,12683637827,"{""elapsed_time"":3648,""total_elevation_gain"":8.5,""elev_high"":118.9,""elev_low"":55.5,""average_speed"":1.39,""max_speed"":3.901,""polyline"":""kjjxHj~PT`CCPIDCHCJ?h@Wz@E@CAS[IICGSQKESSKEAEKDKACBQ?GEG?MC?QEEC?GFQHCFMDSOI?OLY`@YNMJa@n@UJQNMC[@WEKBGAKBKHMXKj@Ur@MbBKEU[QKS?CBUCQDSGYA]MOQGSSc@GWe@y@Kc@IIKBURQ^_@d@KZKJC??DEBMXSZ[RIAa@WG?OGE?OQKEKCg@WOCy@i@MEKKIAGIGAG[CB@AEOIIURw@`@i@f@QRIAUXSJ[ZA@IACKBFCAPZGK?@@AAA?@GB@JKl@@HDHDODA@K?_@EScAnAAAIHWHWVA@ACCHE@MLYHYNEFy@\\YTEFI@MLMFYZQJGJAAIHQDm@f@IBCDSJMJEJIt@GVMXCZQdASp@AJKTS|@KHMf@Gf@@JVXLDFJD@FLH?NLF\\Tj@DFM`@?PELADGEGZDE?BDMGF@A@B?AD?@DIa@Jb@CI""}"
"2024-10-18 16:58:44",walk,"Evening Walk",1429,122,1.921,,,,strava,12686585459,"{""elapsed_time"":1529,""total_elevation_gain"":62.6,""elev_high"":119,""elev_low"":55.9,""average_speed"":1.344,""max_speed"":4.237,""polyline"":""inlxHlkR?PIA?VC@HKC@?FBu@Py@Lk@DCP_ATk@Lm@CQBONRJFX`@NHDLd@f@HNTTJRNL`@b@DHNHPRJNZr@FEJUf@{ANO^{@\\g@h@QL@DBTBd@^DJH@\\ZRHJLVb@DBV^@?FMJGACDOGPPK?EDIB]?OD_@CWU[?QTa@L]Vg@FYt@}Af@{Ad@}@z@iCP[@[Ps@?OLUDQTk@h@y@@Gd@m@Vc@B?BBH\\LLXv@^x@LNPL`@NPBJEJF?CHCF?DBV@JCPNNAHDFADIBg@Jc@@WJa@@WDIH_@HQd@IP@LHRn@Xd@D?NNP@NJHJFV^b@HFFAZORYLKFCJKF]@_@FSTe@h@u@Ni@Fi@P?NPRNl@p@@?DGJSTaAL]Ca@Y_A?KLSBMCC@A""}"
"2024-10-21 05:08:40",weight-training,"Morning Weight Training",3401,,0,125,177,,strava,12706219267,"{""elapsed_time"":3401,""total_elevation_gain"":0,""elev_high"":0,""elev_low"":0,""average_speed"":0,""max_speed"":0}"
"2024-10-21 07:32:22",walk,"Morning Walk",2827,205,3.219,,,,strava,12706776494,"{""elapsed_time"":3247,""total_elevation_gain"":65.4,""elev_high"":119,""elev_low"":61.6,""average_speed"":1.139,""max_speed"":2.486,""polyline"":""ojjxH`~PC`AZ`AKZAJC@?v@Yt@E@e@k@MGEIa@[QCKFUBEBG?GIK@G_@CESHKNGDG?CEIGM?IHINORe@XOPS^KJQ@GDCHSDKEK@SEUFEAKBQh@S|@KVG\\EBAX@TCLG?Sa@KGABEC?BYGUAODIEC@]?CCE?MCQMKKGMo@_B?GMSKWAQIGEASRi@`AG@CDAAEPMXMLUb@_@ZU@WM_@Ia@YUG[QSEWQSGCIKIQIUQKEE]KMGEWTa@Po@h@KNEBOBQNIPEBMRUJCFIKBDGD@UEOBL?KBPDB?ZBGCJEA?CBCAME@DIH@GE@E@NA??C@@CI?BEF?JBG@BCDA?GDG@GJGBGLQHERc@X]\\GBIHIBs@d@SFGHG@[Te@NYXKDKPEAQHGNG?SR?P@BD??@POBDNBDDLDJJv@f@JJ`BbA\\VJLb@XTP?DHFRNJNj@`@Vb@b@l@PZj@l@b@XVXJT`@f@FGFYJ[BBAKCCH@FKADBW@CDW?GGKGGQW@EhAoCNc@^{@H_@FEL_@Xk@Z}@FULSHWXk@JYLuALa@t@aBV[Ve@LMHSLQBCB?DPHF@L\\l@Jd@B?d@~@\\Nd@JNCX@VARBNJDCH?FBDDB?DKF{@R}@BUFUHMDWFKTA`@E\\FHAr@]\\m@r@a@FOPUZFLCVUJCDD?PFFJ@BFV?NEFEJ?BB?BBAJL\\Rj@n@BBDAFSFIFKHm@J]Ci@Yw@BQFQACB@@C""}"
"2024-10-22 05:15:07",weight-training,"Morning Weight Training",3076,,0,123,167,,strava,12714191327,"{""elapsed_time"":3076,""total_elevation_gain"":0,""elev_high"":0,""elev_low"":0,""average_speed"":0,""max_speed"":0}"
"2024-10-22 07:05:15",walk,"Morning Walk",2792,187,2.95,,,,strava,12714672764,"{""elapsed_time"":2915,""total_elevation_gain"":64.4,""elev_high"":119,""elev_low"":95,""average_speed"":1.056,""max_speed"":2.236,""polyline"":""ojjxH~}PCp@EL@FHNHVB?DJ@DOp@Ar@Wv@GBOQSYSOa@c@GAACCK@mABOJMBK?SDS@g@^u@@IBATe@\\eALSBUCKIKUMKACBMGQCCKG?IOMIUI[N]t@?n@MXCP_AzAUj@UZKVE@S\\QNQh@Uj@KLg@\\GH_@p@M`@@JPTDNNPRb@JPDLJDDFN@JBH?P`@TXDNJJ^@HGJSNOBIJEJSF{@F]`@c@Tc@JKLqAAOAiAJ[JMJ}Ad@cBJS\\[Vo@?QOW[KI@IEQA?KI?SWYIWP[j@El@K`@Y^ID[z@[p@CBAGS^CTKRADQTIRMNWv@MNSLILIBGHW`@Wl@?NJ^LJj@hARPR@RFFJFRHDN\\DDHDJEB@PENMDIVYDALS@SDA@CAYNi@FEFOHEPa@LQRoABECGCFHPAABAGG@CCG@c@CU@IAMR_@H{AHKTm@?@JMDQA?AEG]IUMMQGQAc@BWD_@JWPOT[v@Sn@OT]t@U^c@`AQXURMDIFOZ]l@?VV^HHNd@NPFPTNVDTJP`@HHDLJLT@HEZ_@?ERKNUDOASDYTk@\\a@@GP]Lc@B]BGHA?BBB^VNPFB^d@DEFQDKZyA?a@Ui@EWJU""}"
"2024-10-23 05:47:45",weight-training,"Morning Weight Training",2955,,0,126,167,,strava,12722964812,"{""elapsed_time"":2955,""total_elevation_gain"":0,""elev_high"":0,""elev_low"":0,""average_speed"":0,""max_speed"":0}"
"2024-10-23 08:48:14",walk,"Lunch Walk",2613,199,3.129,,,,strava,12723959869,"{""elapsed_time"":4769,""total_elevation_gain"":3,""elev_high"":119,""elev_low"":55,""average_speed"":1.197,""max_speed"":4.294,""polyline"":""yjjxHd~PDbA@ADFZv@ELIHANCCC`@@VCJOT?JILa@a@@A@BIG?A]YWYCBGE?WEW?SDc@NYHuALUFUTa@RaAC]O]a@_@YE[NADa@Xa@b@aAdBKR?JGLOVWXUl@SXGNEFSf@QNGNSFKLOLIZ_@n@ADSb@]fAY|AEZ@JANk@g@y@E]BOKI?I@QI_@i@Qo@C?CGEEk@uAGIICcA|AG@KPQf@QNWd@CBA?EXB\\Eb@Oh@KL_@bAIJEVO`@a@t@Kb@a@p@AF@DITGNMNs@pBKP@@A?GVUh@ENPPDBBEAxBCHIJOTK?OG?Gg@w@QOABCAQUE?QWMMe@s@KUIEGKISWMw@{@m@i@i@]GIq@a@aAs@e@WQMUKE?CEOAKDURK@KFe@b@?BKJCNHx@R`ADFNf@NXx@jAVTZ`@XXBJDABJV\\dAhARZL`@?C@??Ti@xBKROz@MCOVQCGCKO_@YGOKIE?SWOEa@[g@g@WOMMMGQOGDI^KV?D?GSZDEMl@JYGV@GAF`@i@VJGE@@G@CGEFD?@OBIDg@CMY]e@]EKs@c@_@[GAMIGEGMUKIKa@QE?WpAKdAIf@?L@Bj@`@NNZNX\\RJHHBJB@BELBPLNR^RB@@ER_AAKDK?G""}"
"2024-10-23 18:11:27",walk,"Evening Walk",1548,127,1.992,,,,strava,12728035907,"{""elapsed_time"":1586,""total_elevation_gain"":62.9,""elev_high"":119.2,""elev_low"":56.2,""average_speed"":1.287,""max_speed"":4.432,""polyline"":""{llxHjmRNLTZBFBPF?LPHDBFND@@C@HHb@RTNHPNJBFNPLJF?LUNGD@BCJc@CB@GZuAd@uABMAAZy@Nq@d@iAN]PS^KV?XDVHt@x@JBPLRTRf@X\\p@g@BEBO@HOc@Jo@CMIOSU@KLOBOHOFUL[JKHWFIj@}AFWDGL_@@GJOL]RU@QPi@@A?@JYb@_ANm@?ECCFc@BC?Q@B@AFUFKRk@NY@EhA_BJYLOfAfCLb@XZHFZHl@Bt@EJFHNNJh@p@PP?CFJB??FPJ^b@ZZHLLJ@H?ANLd@j@LHj@t@l@j@LRf@h@DF\\XJRDBHCL?PFFIPu@@g@TyABI@QT}@VgBZwA@MNa@@Q`@mA@KJQDWJULy@Rm@DSC?CKMMKQGU]]GWWq@CSRW?CKC?@@C?LAI@WBHGC@AAB?G?B""}"
"2024-10-24 08:37:18",walk,"Morning Walk",2627,174,2.733,,,,strava,12731879508,"{""elapsed_time"":2707,""total_elevation_gain"":58.6,""elev_high"":119,""elev_low"":95,""average_speed"":1.04,""max_speed"":2.104,""polyline"":""qjjxHb~PA`AFVP^@HB?GPEZA?Ct@Qb@?FEFG?c@g@_@[EKMICKKE@_@Ce@BMJSBQ?QLgA@??AA@n@uALQX}@LW@SGMWOICMBUKAKECG@IOMEMMa@POPGPGz@Qd@c@h@IPG\\GFYp@OPETC@Q`@KJITGFWh@OTURADUL_@d@O\\I`@?PNXTPBNh@~@RHF?XFBH`@f@HRHFJ@RE^]BIR[Bc@F]Rg@j@y@JY?KFODS?kBPq@?WHw@N_@PSL]?CPYLi@DERo@ASKQIIu@GACAII?GO]QO@WNE@IRGZ?RCXQj@IJQNCFQVc@bA[d@c@z@ORIXU`@ERu@h@SVMZMf@?PJZTR?FN\\R^ZTXDJDHXNJXf@PBRCHOB?BGLKHKJIJ]@o@BOLWDCX_@BKVe@Hk@Dk@CG@oATa@FwAt@yA`@mAP]@WAECCA@ICGOKE]?OEAKM??EKMI?EMGCABAECDAG@FCAADYNMZERA`@Qr@M`ABx@J\\Dj@CJA`@E\\@^CND^@B@?@DCvA@H@f@DHD@FGBI\\e@Li@B[HIBBBAFHPLBFPJRZNLB@BATm@XkAAc@We@CMAS@E""}"
"2024-10-24 18:30:00",workout,"Squash Club Session",5400,,0,,,,strava,12736531567,"{""elapsed_time"":5400,""average_speed"":0}"
"2024-10-25 08:56:32",walk,"Morning Walk",2627,171,2.686,,,,strava,12739746582,"{""elapsed_time"":2740,""total_elevation_gain"":55.4,""elev_high"":119,""elev_low"":95,""average_speed"":1.022,""max_speed"":2.32,""polyline"":""mjjxHt_QBKCBBA?BGLADDRXh@Ol@Cl@E\\GFGVGFWWOUu@k@C?EIEm@@k@Pi@@U@?BEBs@DCDHAB@WPW@[X_@\\cALSDUG[KMUGI@IEQA?IQACKKKG@GMEAKJSDGFOb@Gr@I\\a@n@Uf@SZ]|@?Bc@t@GD{@pB_@VCDMDKVONQ\\CV@LJVX\\Pf@JHLRLHVBBCNHBBAFDLLDHZHDDFX@DA@EJIJQRQ@CJKDUAUDWHSBI|@yANgAAo@Bc@ASBIHKBK@a@Ho@Tc@DM?@?CRg@LOFW`@eA?SOYOIQ?[C?MAAI?KMIEG?KKG?SNKLKVIv@Qh@]p@KJc@|@ENSVELGFGTUZIPIVIJUt@GDMBEHODIHm@hAEZHVVVLTBNVd@VLN@HCHH?DFPDHF@Nb@JJHBJ?PCLKHYJOHELQ@M?]DUNa@RWRa@FCFKLk@De@A_@BeA@GLO@KFoAP_@HMDULYNaAA[MUa@a@MGOBc@T]XMZGBSZM\\?PT^Jj@Fp@Cj@Mn@@l@D`@DH?PEJ@HCLBNGV@TDPLDDCRYJKJW?OHg@DIH?JLh@^X^HFBAPe@Jk@Pg@A_@CQWq@FW""}"
"2024-10-25 15:17:10",walk,"Afternoon Walk",2732,198,3.124,,,,strava,12742226333,"{""elapsed_time"":2916,""total_elevation_gain"":71.3,""elev_high"":119,""elev_low"":95,""average_speed"":1.143,""max_speed"":2.66,""polyline"":""mjjxHr_QED?HFh@P\\?DCECTE@ELAz@OXEVG?AAIAIIKYUY[SIAEEC_@IK@UFYLSHWCQDIDm@DQT_@Ri@HKHW?@Pa@Y_@EMIKC?KS[MO@OFKNOF[b@ONGBY^KXGDOXSf@QVGRWXAJIRWVAFMNAJIP?HCFQNE@MHCHSRKFMZ?HMT?DCF?PFTXZJPBPV^NDNLTFZ`@B?P`@HJHDXAJIDAJWHEDIBBBCHM@IJ}@AGFSXg@JE`@{@Hq@?QCQ@KCQ?YDWHODQHmA`AeCHa@?UKOGCU[GCIICAW?IDw@n@SVOTKJIVc@t@@?CJO\\KLQ`@C?ILEPEDWf@MRSf@CN]XKJKFORMNSj@@JFZNLDPR^PPHNNH`@BHBFPVZNb@NAF@BBLEDGL??MFMNKN]FY@a@DOP_@JIBKHGNSJY@[Fa@AWBIESAo@NYJo@AIKCCIUEQc@GCOSI@CMOMGSMKGCIB]|@E@IXMTWVCLIFAHWZ[~@MRMDMTKDGPWZWb@ARBDN\\PPJ\\LXXXNFHJJ?FBNXDDPVDJBDF@DFT@FCFKVOX]FQDc@?QCC@IDIFGLWLOHQHGRe@DWDa@AW@KACA@D_@Ac@@INYBi@KQUGECMUSSCEMBEPD\\?j@Ox@BfABJCB@RA`@F\\El@BHHBXWHUJIRcAHIv@n@^d@F?Nc@D[Z{@C][}@AMLU?BIa@FBA?@??CAD?C@FGEHA@CCDE?B@?EAHEEDGIAGGPXAG@BCA@CCCBCAC@B""}"
"2024-10-26 09:12:26",workout,"Morning Squash",5061,,0,150,203,,strava,12762880515,"{""elapsed_time"":5061,""total_elevation_gain"":0,""elev_high"":0,""elev_low"":0,""average_speed"":0,""max_speed"":0}"
"2024-10-26 12:39:38",walk,"Afternoon Walk",2844,206,3.243,,,,strava,12748892296,"{""elapsed_time"":3118,""total_elevation_gain"":7.1,""elev_high"":172.4,""elev_low"":165.3,""average_speed"":1.14,""max_speed"":2.013,""polyline"":""a{cxHpkRJEFGf@]HC@E?KUoA_@u@[gAEEGYSm@G[A??GI[AKKUEYYaAScAc@qAkAiE_@u@GIEAOWi@o@GMOMQ[GEYc@Yq@ECAGEGMa@EEIOYkAKcAI_AF_CIK[OEGUMMO_@OCGBAAAAB@?UIGq@?mA^Hh@`@BALHJLz@d@LEh@u@ZWJCBCZEd@?PD`@VHFBFB?TTBCB@h@TH@PJPALFDAFFr@Pf@HJ?JFHADBHBf@CVET?f@EDCBBNEHBVCFBHCV?vAMv@@l@Fd@Lt@X^Jb@Pz@LPJTFVL|@Dd@A~@HHEV?FBP?h@Df@Gt@ML@B@F^Rd@\\xAVbBBVA\\ET?LJf@L`APp@?LDLN|@?f@M\\}@n@SRIDUVKXU`BG\\E@Af@e@vCEJQhASh@c@`@qBjAGJy@l@U\\I^CXKrAK|BIp@O~@k@~AU^GDCHWVk@b@MBe@Ta@Dm@?UBY?WGUOIASOo@w@KUWaAGg@Me@w@kEO_@I_@KOEDADu@^UFCFBPV@DDJA`@X?J@BAEB?A?A@D@""}"
"2024-10-27 10:02:26",walk,"Morning Walk",3013,214,3.366,,,,strava,12755908634,"{""elapsed_time"":3244,""total_elevation_gain"":7.1,""elev_high"":172.5,""elev_low"":165.3,""average_speed"":1.117,""max_speed"":2.224,""polyline"":""iwcxHbnRYOMAYUUGQIOAGG@CA@AIBAD?HIHC@ED@DGTITSC_@}@eCCWUu@Q{@[eAKk@Sy@AICKA?Sw@UcAGOS}@EKA@A?Ke@KSMu@Oc@GIECWg@g@k@GKIIw@cAi@_AOYGYKMKIIQMa@YwBEaAHiBGK[QGKOE]UYKSUEKEmB@KJDn@b@D?HDZVLDFDh@VNKf@{@HETCBEHCd@E^@LRRRf@XtAb@H@l@PFAn@Xf@JpA?fAKN@TEL@p@IX?z@GH@LCj@?BBd@Fb@H`A^N@h@VL@HDt@Pf@Pt@Ld@?TCR@LA^FDCX@LDZ?~@Ep@SH?DJHr@F\\XjARh@RdAEh@DX@l@Hb@Ld@LjANf@?jAGFg@ZGHSPKFIAEB[h@Op@WhBEDUdBGT_@fCGVKNQPQHIJIBKLQDQRI@ONQHa@XMFAAEHMJILAAMLKz@GtBStCWlAg@pAKTKHW^G@i@`@]PM?c@NcAHi@GUMOEWSQUSQS[ISKe@WaBUgA?MMa@Im@[gAUg@GH]Lq@^AA?LBBN@JHFAB@TNDHPHR`@H`@Ff@@@@A?D""}"
"2024-10-27 12:51:53",walk,"Afternoon Walk",3185,203,3.189,,,,strava,12757842685,"{""elapsed_time"":3723,""total_elevation_gain"":7.2,""elev_high"":172.5,""elev_low"":165.3,""average_speed"":1.001,""max_speed"":2.093,""polyline"":""czcxHxjRTCNKF_@CKAA?IQi@KOGQECWs@Ki@IMCC?DA?Ec@GM@C@HGYGOCSGM@EEAEc@EIKe@M[Qy@GOE_@EE?@?IUg@}@kESm@EIg@m@_@SCKWWWc@GGQe@WYCKOUSi@GICCA@S_@Gq@Qu@Gs@EcAJuACKQSKCSQC?CGgAs@Ko@?OH@Ig@AS@EFDB?JHF@LHb@XDDD?FD@AF?FDJLNH@DPDRIFORU@IVQd@S~@AX`@RPPHb@NF?ZJH@l@TN@b@RJ@LF`@DJDf@@l@CTEH@HC`@?ZGP@`@Gt@AXGJ@PEPBNE`AJh@RH@?AJFD?TLL@HFVHLFP@TJJAb@Rv@XBAv@HZGR?J@RA^DrABNADEV@l@SNDL~@Lr@B^Vr@T`ABXGd@?PZ~A?LDJ?NFVDNFB@B@h@BTCz@ADQHEHQHADSPi@\\AFSTKb@Gx@[~A]|BQx@Mp@KZ_@\\s@d@YHkAv@WR_@`@Ol@@TGTGzACNEbAI~@G`@UbAEDq@vAk@j@i@Zc@NG?MLuAFSAQEKKAD?C?BGCCEQGKK[SOQc@eA?IGQ?CMw@GS?KIUASYmAEi@CG?CM]Ok@KME?IFADCAMHo@VGD?A?TBC""}"
"2024-10-28 06:19:01",weight-training,"Morning Weight Training",3568,,0,121,160,,strava,12762880512,"{""elapsed_time"":3568,""total_elevation_gain"":0,""elev_high"":0,""elev_low"":0,""average_speed"":0,""max_speed"":0}"
"2024-10-28 08:11:07",walk,"Morning Walk",2819,198,3.118,,,,strava,12763331987,"{""elapsed_time"":2857,""total_elevation_gain"":65.5,""elev_high"":119,""elev_low"":95,""average_speed"":1.106,""max_speed"":5.88,""polyline"":""ojjxHv~PAXBLB@JTFFGx@IP@X?f@EDSf@GFEKGEGMGEGMYOAEOIGKG?AI?WCKDs@BINS@u@Hm@FKJ[FIL[FYDEB?FIBQZ{@?IKUa@OGBMCMG?GK?GMQKGKGA?CYNW\\KZAf@Un@[Z]z@QVIXa@j@k@`AM^G\\EJMBMJ?BYPKHc@`AEPATHZNFBDFDDPB@HVNLDLJJHDHAHFLAJLBNPVHTNLNCNGT]`@_@DQBi@HWVg@HGFMNSL[H[Da@?@@C@?@ECSAm@@E@?B[J[FoAZmA[~@Eb@BYXu@DEPq@LWLOZ{@?KIQe@QICG@IA?KCAG@AAKOKICGICI?a@TSd@Gt@QZMb@KHOR_@v@GViAlBIXGD?JOXEN]ZMNMJa@j@KVCTDRHJLFFHBJLRPd@TVb@HR^LHJVJLP@NCHGFMPMFKJGHUB[?KDSLUL_@HEj@iAH}@EU?gADSHOJm@?WHc@L[JODQB@FSHGTs@HUJOBI?OMSYIM?[GAIMCQSYISHu@lAGfAgArBCJYf@Yp@g@t@Ol@a@^_@TQb@IHKPEPARHRRPn@pARJXBRLBTTLBNHNTDPEJSJI@?DGJILQFOAEBe@Le@x@kAFOJy@DGFENP^Xj@n@@ARa@P_AHQ@KC_@]u@BACKDI""}"
"2024-10-29 06:15:41",weight-training,"Morning Weight Training",2721,,0,116,162,,strava,12770641401,"{""elapsed_time"":2721,""total_elevation_gain"":0,""elev_high"":0,""elev_low"":0,""average_speed"":0,""max_speed"":0}"
"2024-10-29 11:04:07",walk,"Lunch Walk",2830,186,2.927,,,,strava,12772462644,"{""elapsed_time"":3243,""total_elevation_gain"":62.3,""elev_high"":119,""elev_low"":95,""average_speed"":1.034,""max_speed"":2.18,""polyline"":""ojjxH`_Q?l@B@?LFPJJ?FCNM\\@ACRBRCRGPCBEPIHMIc@i@IC_@_@G?CAGS@]AMFo@L[FY?UD_@HQNe@`@s@ZeABAJY@OOUOKm@ECIAAE@U[E?MIE@[NMNKZAXC\\Sf@a@n@s@tAKZGDWb@]b@Sr@MVkAbAWf@IVAVH\\BHNH`@~@d@\\LCVF?FNXb@n@P@HA@CFATc@NILQFQBe@Lg@FIBKTWZk@BQFMDg@C}@@e@BOJKBKHqADQRYXq@FG\\iANW?SIUICOCGEIBKGI?CABGACK?GMWKAECCe@RQTGPENDVKd@MRGDWj@UVALk@nAi@x@ALINIFEPKPCRKJKFEF_@PGPIBKNUh@CVH^NLHVd@v@LLRHPDFA?CDTDLLLD?ADBDRRHBVADEDKFGDKDCBCDCNOFa@@YPk@JUNOXi@FCJe@Fg@CO@uAFSHG@EFa@?]B_@LYPq@FKF_@Cy@GWKSOMSASH[Ta@n@MFMLGTOTGFUh@w@vAITQP]v@O`@STOXQBGDYb@Uj@ATDJNP\\FLAROZIN[RYn@]Ta@HCNJF@`@SJKDFBRLALLh@MPBf@^l@r@F@JMFONu@La@Ai@Ka@IOAOFIB[CK@CAB?AGI@F?GCB@FDHAOAFE@""}"
"2024-10-30 06:46:48",weight-training,"Morning Weight Training",2710,,0,129,168,,strava,12779152189,"{""elapsed_time"":2710,""total_elevation_gain"":0,""elev_high"":0,""elev_low"":0,""average_speed"":0,""max_speed"":0}"
"2024-10-30 08:35:36",walk,"The weather held out 🤞🏻",2707,167,2.621,,,,strava,12779716185,"{""elapsed_time"":2783,""total_elevation_gain"":57.8,""elev_high"":119,""elev_low"":94.7,""average_speed"":0.968,""max_speed"":2.12,""polyline"":""ujjxHp_QB@@CCBANBVDLJLB@DHOb@ALAAAt@CLILGVEBs@u@YQWWEW@OAY?_@Ra@HkA?I^s@@GTa@d@oANY?UOSQKMAGBIECBKACE@GK?CMKKG?MKG?SNU\\K\\?XE\\KP[ZGRUZWp@AJGNIHM^y@jA[p@MRa@ZSTCJWh@IZ?NFNZ\\Nb@P\\HJLFd@BHHN\\FDBLFJPRPGB@d@k@LKJQHUCQ@YTa@DM\\i@HKFCFMLwAAM?UCABg@AARk@HqAHQFCFMFWHIDKAA@APc@Tu@LO@I?WGIOKCB?ECAIAK@GCE?MCAICCC@CCKOYOC?[TGHQj@?PGVUl@UTMXCNYb@ALMXOFQP?DA?ENGNKDIRIJOj@IHCRKL]R]n@MLIPGR@XHNVT@FDDHXTd@\\NTCLJHXJNDNLRFBJANGDGJKBI^YHQ@a@D[R]HWXUHKPc@L_AEe@@o@FYHO@a@DKCGBYZsACc@MHEAOWMm@GKIEO?IB]V]`@EJB\\L`@TfAE`@GVA\\ENAb@DLB^DL?FEF?PD\\?h@DTF@HEFOV]FQBUBABa@BCFAJNn@^NXRNVs@F_@Pi@Ca@Wo@CO@KJM?K""}"
"2024-10-31 12:44:27",walk,"Afternoon Walk",2520,161,2.542,,,,strava,12791743404,"{""elapsed_time"":2787,""total_elevation_gain"":57.9,""elev_high"":119,""elev_low"":94.7,""average_speed"":1.009,""max_speed"":2.14,""polyline"":""qjjxH~}PAJFBDHEADBKZ?RXv@Mh@?p@CLQj@IFIEk@u@_@UEIC@?CABACGU@UC[Dg@N]Dw@Fa@Va@^cAFYXe@A@L[?GGWOGEIWAGEO@AA?GCGGBEKKIG@KOE@]RMPK\\Af@ETMRKd@MFQRWd@Ob@ONKNETS\\IHIZMLIVGFCLOZGH[RQR]d@Q^@T^`@P^DB@JRVXTD?LFJ?Rf@FFLRLHNDLG^c@PMNQDO@o@JY`@s@\\c@Ls@@m@Ao@@_@Pi@JsAl@yAAa@VK?@DAL_@HKDM?@ELFWASGAOQGEU@EEQCAKMAIOEEG@GKIACD[NMXGT?b@Ql@WZWh@QRWr@GFITGDg@bAGDGH_@`Ai@l@QLGJAESd@M^ARFTZTBNN`@JHJRJJP?HBP@J`@LLHRPNL?LCFEFONULIRUBk@DURg@p@cADKJw@Ck@BaAN_@?YHe@@]Oc@k@w@a@WGIICI?GDAF?GDMFABECB@C?@DCC@@DONGRANT`@@XNn@?f@Kn@A~@B`@FPDCB@JNHALIJ?DETBDLPF`@\\^d@D?l@{BCa@Wo@AIBSHOB?AK""}"
"2024-10-31 14:04:54",workout,"Afternoon Tennis",6986,1053,0,152,189,,strava,12790335789,"{""elapsed_time"":6986,""total_elevation_gain"":0,""elev_high"":0,""elev_low"":0,""average_speed"":0,""max_speed"":0}"
"2024-10-31 18:13:38",walk,"Evening Walk",3785,292,4.598,,,,strava,12791743520,"{""elapsed_time"":4308,""total_elevation_gain"":21.9,""elev_high"":13.6,""elev_low"":3,""average_speed"":1.215,""max_speed"":10.44,""polyline"":""kakyH|}OOzDPj@IB]MOCAGAAq@Oa@OO?SGG?_@K[KG?c@U[GKI_@CCCI?CGQACEABEAOIWECCOABD@H@A?@@??HGV@DC@@DBBCBA|@Id@HHB@A@H@BTDBHAJDNJ`@h@@NF?LJZIRN?\\K|@FlBC`@@PCJ?HIt@EPIPEV?JG@GJ_@@SrAIVR`@?RBCT^F?ALGFA?IN?RG^CDQt@EnACBE?CB@p@MLGAGFGFHGUXm@]bCrBS_@E?KDAFILBHCHDRMX@DGRCVGF@@G@CFKF@BE?EN@HGACBAHCDEPBPEJG??HEFG@ICGOC@I@CGC@MGSKCGEC?HG@ADC?G\\_@~@RVDT?BE@@@`@HBALB@FNJBCH@?NDHFADHD^CDGZGE?JEEf@RAHUHE?BNOFED?XIV?`@I`@Eh@A`@Kz@Ab@@RAb@CJA\\CHGj@EnAAjAD~@GPANJtACb@BvBCjA@J?v@C^@v@Cl@?p@CTEH?\\?FLN@BATMb@?`AOjAQZUJ_@TEHANJj@HLFh@FN@d@DR@h@AjCA|@EVBv@Cx@B^?VBJJHDB@AH@DBDH?FFHDLAZDh@Cr@?t@@XAX?`@CL?RDh@ErA@HFDEl@BJGj@Db@AL@f@At@Fn@A`@Bd@@z@JhB?TFz@AJHr@JnBBD?f@DPDd@DLTtBPbA@RDP@RXzA@TLZ@TFPTvA\\`A@d@Tl@DXb@bATr@l@xAHH?Hb@l@N\\NPNVLT@HJD\\d@p@l@@DPJTXdAp@fA~@ABB?BZANGXHRNPRURe@Ha@Fk@Fa@^{ARoALa@TyAFWLYRmAPk@L}@J]BQL[Fe@MUMI@E@?FJHDBJ?DHL?D`@XBF?JP@JPl@Rj@j@D@P@TNj@RF?JHP?XNV@\\HPBDCJ@FDH?~@PHCZRZN`@E^LFBNCHFBAFBFCFDJ@FFJ@FBJAFFLBL@FENABEFDd@LNGPJf@DPLJ?BGJC?QCIAg@EUA[BYFW@a@@CAI?]CKC@KIGCGIg@M]OSQWIa@?SDOQCe@KUGG@B?AC@?ALLIIAF?E@BILHHKBHAOAHBOGHDF?IAP?M??@@C?DECE@@DHEDDDBCJLSQ??E""}"
"2024-10-31 20:02:30",walk,"Evening Walk",2504,195,3.065,,,,strava,12797295859,"{""elapsed_time"":2675,""total_elevation_gain"":7.1,""elev_high"":11.2,""elev_low"":3.3,""average_speed"":1.224,""max_speed"":6.62,""polyline"":""_`jyHd`VGG_@IN@DDa@Y\\PKOa@Y@GAA_@KWQEBEIWCAFEAQOEMCAEKG?KECBGCI@KCCDKBGJGCKBGGWEIEEOKQOFa@Oe@]A@KGMOGEMUKIOCGDM?UOM@Ke@MMUc@OOAC?@?AC@QQAIEAGW_@o@IWIOGEKy@e@i@AQ@EEUEAMBYPk@f@o@`@AD[XI?ECKM_@CKIKM[{ASi@A]Sy@UiA?MI]MgAKk@@Q?QEm@Oy@IqA?]BKEo@BSRk@Dc@Aw@IqASiAGu@Cu@GYB[DEEM?SCK?GAG@MEW?]DKGEHK@IFMOIEQG?KI?i@Cm@BMAOFc@Ee@@OCKBMCMDO@YCk@?Y@ECU@aCB[BMBAHW?FN]EeAGSENE?IWB?CEBGLGBa@AECDAAEQ?SCAJi@E[BWGYDg@C_@?}A@QHc@NYBo@@}@EeASw@AODcBCq@BOBkAAuABc@BqAAc@DiA?mADm@C_@FiA?}@Hs@HWLUB_@^mB?a@C?EGBAXLCE@@@ABBK_@JOJ]AKKM@IJQDCF[Eq@ZkBJSRBPg@FUJIT@DCHKBA@IHBBSAc@Ow@AA@_@CIT_ABWM_A@OHK?BB@AG@UFGHYDECMDIBCDBDAHFDAHCZa@BBJ@JEBE?OIi@MOWIAg@GKAOAUPy@AEHY?]L_@Iw@CNBIEIKFHDPAH@DJX_AHk@FI@@PANg@Dc@JoABaAZ}@@MFGXoAG^^@FFEBr@Yh@_@""}"
"2024-11-01 10:16:16",workout,"Morning Squash",4073,,0,137,188,,strava,12795873128,"{""elapsed_time"":4073,""total_elevation_gain"":0,""elev_high"":0,""elev_low"":0,""average_speed"":0,""max_speed"":0}"
"2024-11-01 16:42:23",walk,"Afternoon Walk",2914,222,3.49,,,,strava,12798659110,"{""elapsed_time"":3078,""total_elevation_gain"":8.3,""elev_high"":119.2,""elev_low"":54.5,""average_speed"":1.198,""max_speed"":2.993,""polyline"":""ojjxH`~P@r@AJCE?B?ECFHRBPBFJBDD?LDNTPRb@TX@R[z@Oh@ARU`@AZGLE\\Wn@AP]jAQnAK^?B[bBOdAGRCj@CLC@?VEL?ZIJG`@?l@Kd@?REZWl@Ih@Mf@MXC?ORETGFI^INMf@OZELCDYz@EDGXOVERCDETKPOh@Yx@Yl@I^GHEVKJG`@s@rBGHOh@KN[fAc@`AEVEFE?K^EFS~@[b@OHWC[KKIMAIGM?OMs@WWAIGWKQ@KQKGCEGCEGa@YMQ[S}@cASMOQ]KKISIa@[CAGIQIEGYUo@u@a@UGOKIEAEBICGKGUWMIMQIAGMEAMOCOKOEGGk@[OSa@UQ_@EGGAKSWGSUOAe@]WYUMQUGAOO_@SkA_ASKc@a@KTId@O`@Mf@Cg@Hb@ABAWAA@AC??DBON]DU@MEEBM?HFYAMRy@Pa@Ry@Hk@Rk@DYESDMD@JNJDRXPN\\j@NJV`@PLJRRPX^VRLPHFLPHRDBFEDOHI@KFIDQL]Ni@^cAJ_@Pc@BUFM?ME@ACBEEQq@m@sCyBaDqBG?MDa@\\UJSXQNU@ULk@HMFQNQ@KJ_@LCF[HIJSB[VOC[FSN[JK?A@SHQBMLO?KBEBG@AH?VBHDDJBHARLPDb@\\RHHH|@X`@TH?BHGD@ACF@@AEBEB@DOCDJBHJF@PNAFSAR@ETLRd@`@TNTXLF`@ZCNW`A""}"
"2024-11-02 10:13:22",workout,"Morning Squash",5160,,0,145,208,,strava,12803647181,"{""elapsed_time"":5160,""total_elevation_gain"":0,""elev_high"":0,""elev_low"":0,""average_speed"":0,""max_speed"":0}"
"2024-11-02 12:59:44",walk,"Walk to get my haircut",2660,230,3.623,,,,strava,12805156425,"{""elapsed_time"":5062,""total_elevation_gain"":48.9,""elev_high"":166.5,""elev_low"":117.6,""average_speed"":1.362,""max_speed"":2.42,""polyline"":""ojjxHr~PB@DJALAEAFH?CN?NJRGDPFJVLBJX`@j@FBDETu@HMFW`@gAFI@Id@iAFU^y@?Gf@iAPe@FWTa@Rm@TqALmAH[@]HCJMZgCBCF?BFV@BAb@JNWJKf@ONYHg@AgB@c@@IEo@@WLk@JM\\?~@PN?FBt@?TCJIx@Wz@Qh@C|@Dv@EN@NCJMBMCg@Kc@e@oDFw@Ag@U}A[y@AILSHGFSXg@`@gABCH_@^s@FEP]?KRk@?QOi@?YCOMo@[cAOcADeAHOp@WZSh@i@DABEFCN[Ae@KYS}Ag@{C?UDOp@q@RW@GEUE}@EYUKCKBC?Ef@QAUGAEIEAKBILC?@@AJCA@GC^CGG@?GBJEEQCBPEAEBU?OPM?WNI?@CC@?EAB@Q?CC??ADDCHBGB?ARECEO?@BEEEJLKMJHCMB?EJ?IGDFA?E@R?GB@ACCJ@A@BAJE?CFMBGB?BK@WNGAy@ZGFOCUDMH[HS@U?QBCAEF@JG\\SHGHG`AEXWDCFE@EACGYCMNUtAGNOrB]xBE`@EJKb@Wz@w@tASj@URINUx@GrA@pAGvAWxDKn@KnAExAB~@NtB@nAD|@?tDC`CIz@A`@SdBKfAc@xCWx@Wn@Ob@EDQ`@[`AuBhFOf@ABI@QLQ`@ICc@u@]a@OKS[GS?KJU""}"
"2024-11-03 10:35:58",workout,"Someone thought I was the wall 😂",12591,,0,134,210,,strava,12813504985,"{""elapsed_time"":12591,""total_elevation_gain"":0,""elev_high"":0,""elev_low"":0,""average_speed"":0,""max_speed"":0}"
"2024-11-03 15:28:32",walk,"Afternoon Walk",2712,223,3.505,,,,strava,12814798449,"{""elapsed_time"":2730,""total_elevation_gain"":32.1,""elev_high"":89.1,""elev_low"":57.5,""average_speed"":1.292,""max_speed"":2.34,""polyline"":""avmxHvaWCM?JPLBRTj@@PR^DNBELFLNNp@\\`ADl@HHXFPE\\EFGF?b@MFIh@STEROTIPMPE`@a@VEFFLb@\\d@JJLRRJ\\Hv@^TDr@\\xAZNFTPZHNJPHj@f@XRd@BXAn@UD@DB@PA|@BXZz@TTTLVHJFZFv@^t@Pr@Dj@JH?PIFOLi@P[fAy@d@q@Rk@Vk@XeADu@Aa@KuBA{@GeBAmBIkC@s@CYDaBA}BY{ACe@EMOUEO]k@a@SAEa@MEIE?c@WQCCEGAOIe@_@Wa@WWa@Yg@OO@ECI@QCO@KAiAH}@NYA[DKEEOUIQQm@_@_@[SYKFC?AKI\\EFSJSBMFi@Fg@NSCm@HELGFYDIFUBOTKDGZEFUJ[H[@MDO@g@LeANa@Jo@HY@]Lu@F[HIDa@BIAa@Nc@BQJMBi@Xw@j@EZDj@?b@Bn@Jt@?`@HtA?VHj@?PNbC?r@DT?^Mx@JdA?^s@\\m@HEEUBEBm@LGFO@[P_@JSLYDCB?AD@HPD?XKz@Ot@WXCDEB?JEt@IFIF?RQRIRAFGDGN?VML@h@KJUB[?KD[MgA@UOWQ@IA""}"
"2024-11-03 17:36:18",workout,"Afternoon Tennis",6967,1121,0,157,196,,strava,12816278506,"{""elapsed_time"":6967,""total_elevation_gain"":0,""elev_high"":0,""elev_low"":0,""average_speed"":0,""max_speed"":0}"
"2024-11-04 06:17:01",weight-training,"Morning Weight Training",3851,,0,119,163,,strava,12818574452,"{""elapsed_time"":3851,""total_elevation_gain"":0,""elev_high"":0,""elev_low"":0,""average_speed"":0,""max_speed"":0}"
"2024-11-04 08:12:31",walk,"Morning Walk",2608,187,2.936,,,,strava,12819002848,"{""elapsed_time"":2791,""total_elevation_gain"":15.2,""elev_high"":162.7,""elev_low"":152.8,""average_speed"":1.126,""max_speed"":2.173,""polyline"":""{dixH|~MFAHBBLDDPCFKF?NMXIPMHCFABHDABFFI?@F@DF@f@J|@?LGF?BE?QTWPOVCNANDR@\\FTFZDL?Nh@|C?d@U\\_@VW\\SLq@RIPGn@B^Jp@Rh@Jn@J^BRATBVDJLNF@VELOnAgC@CB?FKNy@Tk@Rc@FGDOHKJY^e@DWAUO}@Wq@GWEm@Bg@Ai@]kBEKIe@Ue@GK[I?BODWVa@b@BAGBSV@CEX?l@Rv@Ht@DN@NLp@NbA?\\]h@cAv@ED@A?AADo@RIX?~@Lv@Tn@TjA@l@L`@FFR@HAJIbAoBLQRc@TiAnAgCHID?Xk@HCNUTMn@s@R_@NQDQ^c@FQTYJ[B}@KQI?OHYRUT[PYZGDk@j@KBg@d@Mq@Ee@IKW_A]iBCOIQIGEMKISEE@KHCFC?EBCHKLo@l@G^BTFP?NJ`@ALDNJv@^vB?ZGNATELx@tCHRTBN?DE\\y@Xc@DO\\g@BUM{@]eAIi@C_@Bg@Ce@Q_AC]IWMs@SYWSOBSLKmAC?@UMQCAG?IIe@Pq@^ODGBESEEECO?MHCHMD?F""}"
"2024-11-05 06:30:46",weight-training,"Morning Weight Training",2811,,0,123,164,,strava,12826226056,"{""elapsed_time"":2811,""total_elevation_gain"":0,""elev_high"":0,""elev_low"":0,""average_speed"":0,""max_speed"":0}"
"2024-11-05 09:22:52",walk,"Morning Walk",2594,171,2.694,,,,strava,12827065685,"{""elapsed_time"":2758,""total_elevation_gain"":51,""elev_high"":120.7,""elev_low"":91.6,""average_speed"":1.039,""max_speed"":2.12,""polyline"":""akjxHv~PVhAHHLVADIN?D?CC??NEVAb@GTEB?JGLG@C?GKGCWYk@c@CGK?B@EY?o@Dc@NYDo@@o@HGHY\\s@JOl@gB?F?QEIUSQCIBGESAEDCCAMGOUKEGM?[XOZENAf@Mb@UZGNGJE?AHOR_@p@QTCRe@p@GZS\\Ol@E?A@CNQHMNMHKLYf@I\\ARBRDFRRd@bAVRT?LDP\\HHR`@HHN@PGXc@XSDIHw@J_@P_@LI@MZc@PsABc@CM?g@Ro@HmAp@aBJM^eADGDU@BCD?WGOWMIAK@GCOAAMCAE@EIIKMCEIGAQHQNSf@@b@[|@q@dAc@dAEBW`@O`@SVQ\\Sj@GH?DE@?CSPIN[Vk@`AA?MPU~@MPG^CHOr@EZCFAf@CLBJdAjAVTFJVTPRFLLFT\\r@v@RN`@h@l@l@LPB@FNPRdAbAF?DGNoA?K^}B^kBDe@FQD[DKJc@HQBOBe@R[@OJWBSPi@`@eBJQDMCUSSBSESKSMKCQXiALWBOPg@D[PYDQAGGCIDId@kA~DICOYI[BO""}"
"2024-11-06 09:47:50",walk,"Morning Walk",2536,178,2.804,,,,strava,12835477543,"{""elapsed_time"":2700,""total_elevation_gain"":9.7,""elev_high"":162.9,""elev_low"":156.2,""average_speed"":1.105,""max_speed"":5,""polyline"":""ifixHd_NN?TMVC@FDA?PFHx@i@p@U@@FAHPHEFDNnBAFa@b@YTGJENB^AC@EPSNo@`@e@DK?IGSGy@EQEEKAIGCEGDE??ABBFAFC?A@LRBLn@J|@AF[Ve@f@IVFd@?RJXZjCNr@@LDL@XER[b@IF_@\\g@ZOBI?KFKRCf@Fx@Jl@HLJ^RhAA`@J^DF^DFAPS|@gBZi@DIL}@Zu@T_@@KFEHYb@g@FQ@MCQm@_CI}@@]DIAWQo@OaAEMGc@Q[EOGIUGK@ADQHKPu@t@IJEXDTAJHV@PJf@Fl@b@|B?b@MZgAbAMHa@HOJEDC\\Af@Fl@`@vANx@@j@Rf@BDB@TELGDG|AuCFUHi@HYb@y@^y@`@i@DUAGOcA?G?BMc@KMM}@?[Fc@CUIQY}AUaAS_@UIG@a@\\}@`AEV?PRbAHhALf@L|@A?@?DJBt@K\\k@j@e@^UJ_@HKNE~@@NNt@Pf@TjAD\\?RPh@DDIJUl@Q^GVECqA}AQc@IIQ_@w@uB""}"
"2024-11-06 10:36:41",walk,"Lunch Walk",2462,200,3.155,,,,strava,12835764916,"{""elapsed_time"":2700,""total_elevation_gain"":2.2,""elev_high"":165.9,""elev_low"":54,""average_speed"":1.282,""max_speed"":3.233,""polyline"":""qqixHxgNG@?QE@O`@?b@AHFECJBCABELEX?`@EB?GAPM`@?PC|@O`@Eb@IZIDAFK^ARMXORy@hBSZYp@GXAZYAQNUf@WZ}@`B_@j@c@j@c@x@sAjBUb@aB~BWf@W`@O\\ONa@p@MZWX[f@WRAPGLMLIBI?GDCAEDAHILcBzDq@nAQb@ONWl@KICBOXWZMLI@STCHQFFC_@X_@b@]n@MJILMHSXQLE?SXU`@I?IHKN?L[RQ`@UTIBa@r@IHI?MH[j@g@j@EHm@Z{ArAOHg@n@E@IHSJMPYPUVI@ICITKHKX_@ZG@m@j@G@g@^MDm@p@MBIL[VMTIBKTKFk@n@G@GF_@NMNG@CHWLIJE?AD]DKPWJUNI@QJQNEFKBSLKLSJEFM@EXQB_@NIJa@RYXWL_@^QBYLMNC?EKCAYJOJMBQNOBk@RK?QFa@^c@Fm@b@KDU?[HMAYFa@@UB[Cc@@GAIGO@?CIHFO@NJFBABCFBJ?JEl@RJ?AXJLZLL@JHN@HBLJ\\HTLTDXRVVFBX@PHZHj@\\VRNHLPJHTT|@b@DFFBLNET@ZCBC?AAADHB@HBWAD?HGBAABNE@AF?GCF@AE@EHQOC@Lc@W`@FBBAe@[BD^PCEPLIE@?""}"
"2024-11-07 11:43:54",walk,"Lunch Walk",2570,200,3.143,,,,strava,12844169258,"{""elapsed_time"":3755,""total_elevation_gain"":37.6,""elev_high"":76,""elev_low"":54.5,""average_speed"":1.223,""max_speed"":2.78,""polyline"":""qolxHtnRRQLUD@?I_@c@k@]OQc@[ASBSCGLa@Hi@J[D{@FQBYFK\\cBX}@@QEE@AI@BMJQ\\UZ_@^WJETQNIXGB@FCHI@IP[\\K^a@^Mn@c@h@S\\W~AyARMJOU^L_@BFFCEFI@BKCHDBAFAK@@GDAAQFCBBBIJM?EHER_@X?DGFa@PWTUBCF{@h@CHED]FGFG@CA?@K@IPG?IPEAGDU^IB?AIHC?CE@\\LGJHc@V[LABI@GJ[ZGR@XX`B`@`A~@pA@AbArAJFJRLHb@n@t@v@Pb@DDB?DGNg@Z{@p@uB`@gAB]?MGOUYk@_@k@i@aAo@QOMAGMQMqAy@KKWQKAKJ{@f@i@d@CL?RFf@Lb@?N`@fALN@DHLFBr@bAp@t@h@|@h@h@PHZb@Rf@BBDARe@\\oAP_@FUJQLc@?Gb@iABa@B?C@MSeAaAy@q@{AaASK_@[YMg@]QISBg@Xe@^ORIDKAKHKBMAG@EBCF_@VUHMBi@X}Af@G@GEODIDMLACGBUPKBk@CGBGHSFIFCT@TBBLDNJb@JHHTF\\Tp@VATGHGDE\\IXIhAO~@@LTLrAbATLXVlAr@NN?F?CABA?AOBUH]""}"
"2024-11-07 19:19:38",workout,"Evening Squash",6208,,0,164,210,,strava,12847613060,"{""elapsed_time"":6208,""total_elevation_gain"":0,""elev_high"":0,""elev_low"":0,""average_speed"":0,""max_speed"":0}"
"2024-11-08 11:53:19",walk,"We found some Gnomes",2687,218,3.425,,,,strava,12851561653,"{""elapsed_time"":2735,""total_elevation_gain"":67.1,""elev_high"":166,""elev_low"":111.1,""average_speed"":1.275,""max_speed"":2.22,""polyline"":""mjjxH~}PJf@IFGPDRJTBAHBPb@@AB?BFJHFRLJJTHBDGHQBUb@gA@KVk@`AiC^w@Ni@?BFIFSFGDQBC@SRUVu@PcA?OVgBFw@Jm@R{BT?LDl@Fh@?NILAJKLUFY@WE}A?uB@QN[`@KRBPDR@VHl@BXAF@ZCh@YbAUdADFABEZDVERBb@EJGDG@YAUEWMwA]sBAq@UeAIk@K]C@CIEQFIBQ~@aB^gABADKFWACUUIOSSAGGEc@m@CQQSQa@e@qAgB{Gs@}CEGGYGSKg@KUKi@IS]CIHGZEh@Ol@KvAIj@En@CFMt@[fACROZEPY`@ENKPKZm@|@Qd@I~B@`AEb@At@OfCc@fEAbAACU?UDSCIBS?i@Fs@d@[\\[h@STGNIHaAbBIJc@hAUx@Mr@EH@XDJb@N^XLDbAp@JJz@b@LRVPFHfAx@HL`@TJJBLYpCKl@Ot@Wf@Od@o@tAERYt@S`@Wv@Q^CP]t@GXUd@Oj@KJG`@Wn@Oh@Gb@EDECSYO[SWEMBSLSLq@Nc@Ci@GWS_@BUHM""}"
"2024-11-08 20:00:44",walk,"Chicken shop ✅ Cold ✅",2653,238,3.754,,,,strava,12854535450,"{""elapsed_time"":2788,""total_elevation_gain"":10.3,""elev_high"":59.5,""elev_low"":49.1,""average_speed"":1.415,""max_speed"":3.255,""polyline"":""{nlxHrmRDUAUECIAQI[c@EAAEMGKKQIKAMMC?GIGAKKUKs@YGEKAWOOCw@g@G@QIe@Wu@Q]C[KiAM[BMAOBUAk@BKCa@DKCMBc@CMBK?GEI@GCGB[@q@AQ@GCg@Be@Gm@@i@CQBqACMD]CKBQAUBMAO@OASBY?MEm@?i@@MDg@?QFi@?a@BCCIAk@J]CYFY?]Jc@Am@LIA[DU?UDKHU@W?a@DQAI@c@?E@SRSCMEc@@KC[BUCKDK?MAcAZMHYDQCGW?WEGICWHWPg@h@a@RO@OJJFQCCNANFWGDQCDAFIBHAKIQDDEEJOAJ?ABHKa@J^CWGQDZJZDTACAHEQA??F@@CU@IDXGECM@JBM@FEK?DCMFNCQRXLGD?^ULAPYXOfAAd@KJ?JCHABCF?DGH@NCb@Sd@FLEJ?HKHELD\\@X?n@M\\BFAT?FBHARIRAPGZAPEj@?TGJ@TA@E@@JCHBTEZ?DA?OFLD?JEZAHEV@d@ER@FCbA?HEZ@b@E^BXARFRC`ADH@HAPBF?FET?DAL@l@?HBj@AVBTKH?HANFHALFXEPB\\GVBbAAX@f@ERDdACDCHBj@?JFNEJ@\\CZDPDF?DJAL@FXVXDf@Z\\DPFFF^JJL^NNNCXF`@Cn@S|A@DTJNRLD\\XjAr@b@`@z@f@n@f@H@d@`@TJTV^PFGLaAPo@RoACEE?UOA@GAWUE?QY]Se@_@OAIPETQJEGB@?CB@""}"
"2024-11-09 12:01:59",walk,"Lunch Walk",2563,211,3.324,,,,strava,12859143571,"{""elapsed_time"":2706,""total_elevation_gain"":68,""elev_high"":166,""elev_low"":111.1,""average_speed"":1.297,""max_speed"":2.22,""polyline"":""kjjxH`~P?LA@DTIZBRH`@@ALDFMADB?HVPPd@v@DBD?f@{Ar@gB?Gb@kAp@aBFK@BC?Te@\\kAJMBMXw@D_@?MFCDe@@SNiABi@RwALsAP?`ANXCR@`@QLSDSDk@CmEH_@FIPKZAf@JVBLFNARDO@n@CtAe@J?GDRIVGl@G|@DX?\\EX@LEHM@S?OOcAKi@SsAEm@?CAD?E?]Ee@W{AWm@Ja@V]N_@JOTm@Ve@BQDCDQMWg@k@[e@AEm@u@O]A?CSw@_Ce@uBi@kBIa@]sAOy@Uo@CUYeAGMGEUAORMrAGLEt@CHAVEZKlA]`BOj@{AzCa@p@Yr@@d@CZ?tBElAMnA?HQ~BQfBEpACD@@ABCEo@FKAcAFEBIBIH]RQTGFcAxAQd@ONO^Yb@q@nBQx@KNC@ADBRVJLJVJNLd@RrA`AJBhA`AJNv@j@FHLDJJF@JL@NEz@a@~CM^MNO\\Wz@_@z@kA|Ci@jASv@i@nAE@EAOQGO?CQMKUWUS_@CKAYHM""}"
"2024-11-09 16:05:15",walk,"Afternoon Walk",3557,265,4.17,,,,strava,12863472183,"{""elapsed_time"":3632,""total_elevation_gain"":80.9,""elev_high"":147.8,""elev_low"":69.1,""average_speed"":1.172,""max_speed"":2.42,""polyline"":""yjjxHb~PDh@E?GNFZDJLB@HRf@NTPRR^HH?ZKT[`AGl@MZOv@IRC@@AC?Oh@GZOl@Gj@c@~A[pB@DBBED@DM`@AXEVCv@IVEBEFBp@Gl@ENEd@ELQZGZ@FFFd@X^^PJBH`@\\^JHJP?LDJFDNMd@?f@In@GLEj@AD[MS\\a@jAKNIRUf@GPCP?j@CLAV@JA\\QzB@R@DDDJALK`@I^APETAB@NCRBZ?VHP?FDN@JDLBVJDAVLTFBDXDT?FBX@FCNKH?XU`@MPIBETGJKRIv@q@\\OLOn@]`@OP?DCn@AJEV@BCJABBDCNARHNAHBR?RDH?HGRCXA\\GPA\\MHKr@ShAI\\MN?BCJ?FG`@Gb@QPCRAFC?CDADEBQCuAGu@@MDCBQG_@Is@HMFm@DMP[JEFUf@s@Pa@TYJWLM`@s@NMPg@b@k@f@eATYDCPQFQXc@HURWN]PONa@HKTo@Ve@\\y@\\o@\\aAT]Am@CQBIBe@A_@@e@C]@UCK@cAAy@GQEBWAkA`@IHCRKT@@IIC@CIIGKmAEyAKaAOwBIaBMuAKoBa@FGDc@FABGFIAg@DYFMAGIOIy@HUAWBGAG@CCEBQ?QXIHUBs@o@wBc@]OOAQKSEI@IEm@?[CWDKAKDu@BOCo@@QEE?SKc@[Ua@G][g@IEWQWIQKQEM@OEQ?_@KGEGHMv@AVENGhAU~A?V[hAAVEPO^ERKJAHMRYx@Wh@I\\KNy@`CUb@e@nAMd@MVIEI?GEy@sAQKQUGMCO@MJS""}"
"2024-11-10 12:04:06",walk,"Lunch Walk",2650,208,3.266,,,,strava,12867588605,"{""elapsed_time"":2901,""total_elevation_gain"":60.6,""elev_high"":120.5,""elev_low"":71.8,""average_speed"":1.233,""max_speed"":2.28,""polyline"":""kjjxHb~PEx@XfAO\\EB@z@Wr@GBa@i@UM][ADx@n@z@fAZl@NNa@nAG\\IDAb@]nAu@tDGd@K\\Iz@ETMvACNEBIC]c@MKW_@_@]Q[KEu@u@OWe@c@QWMGGOMKKOQMKQKEa@k@cA}@c@g@IQYEQBKAOBWE]AWKCEGEKMs@mBMSM_@AOIII@S^MX[b@CJk@t@Q^QLSHo@OQIQAGKGEI?GC[Se@UQKi@SOIUUGMEWGOACI@QNGLI@g@\\k@l@KFEECB[ZOXIHG@W`@C@ACA@AAFC?BE?VUE@AADAACMFY\\EH@FIL?FPdAJVBND@@ABBPf@NNRFDFBAJFBAFBJ?LET?PKnCmCTE\\Hr@f@TZNXNNf@v@JJl@\\tAb@hAl@^Z^T^XPRl@`@TTTLp@r@PJZ\\HNh@b@l@p@^V`@f@Xd@`@ZVb@F@^f@LTJHDLFDPm@Rc@Nk@NSVu@Dg@Vs@DWJ{@Aa@@@Da@FS?UJeAFOB_@RcAB[N}@h@aCPe@Hi@?ULSFQ\\sAJU@SZcAJU@KAISYEg@Ya@EMJm@T{@Vk@Nk@MAOr@CB?Hs@`CYi@GQ?KLW""}"
"2024-11-10 15:54:35",workout,"Afternoon Squash",7296,,0,147,204,,strava,12870278592,"{""elapsed_time"":7296,""total_elevation_gain"":0,""elev_high"":0,""elev_low"":0,""average_speed"":0,""max_speed"":0}"
"2024-11-11 06:09:05",weight-training,"Morning Weight Training",2777,,0,123,162,,strava,12873007087,"{""elapsed_time"":2777,""total_elevation_gain"":0,""elev_high"":0,""elev_low"":0,""average_speed"":0,""max_speed"":0}"
"2024-11-11 09:18:11",walk,"Morning Walk",2692,212,3.339,,,,strava,12873880404,"{""elapsed_time"":2782,""total_elevation_gain"":66.5,""elev_high"":166,""elev_low"":111.1,""average_speed"":1.24,""max_speed"":2.6,""polyline"":""mjjxHv`QHTHHFKB?BHCJ^\\f@v@FDDC\\_AFGDUKR?BDGd@kA?IHMPk@HORm@LWr@iBVo@DWHMFGDI?GB?A@ZaA`@iD@i@?BRaABq@J_AL@JD^BJDBAh@D\\ILIJKDKFi@AmBBqACK@UFa@LMXGjATnADXEDCZGh@S@CXEB@FCN@XGnADNERCb@?JGDG@YGk@k@iDKuBUkA[}@JWb@}@V_@JUVo@DUHO?IGOYWy@iA]o@a@aAg@wACO_@wAE[]cAi@_CMe@Ki@w@uCIMQEM@GNAVERE\\On@ElAIh@Ej@m@pCSd@}@zAO`@MPKXMRIZIpB?z@@LEZO|CUhCETGp@GvACDECWDOAYDSAo@HOL[P]\\MVIF_@l@KRIHw@|Ao@dBSbAO^?RDJH@RHJJLBLJVJp@f@VLNLFJPJLP|@l@dA|@PHJPJJ?T_@lD]jAIPGBGNI^i@nAERi@jA]dAq@~AMf@MVSl@EDC?OQMW_@m@WQMWGOAQPa@KICC@?ADIBSGJCFF@I""}"
"2024-11-12 06:06:41",workout,"Morning Tennis",5111,749,0,146,183,,strava,12881173328,"{""elapsed_time"":5111,""total_elevation_gain"":0,""elev_high"":0,""elev_low"":0,""average_speed"":0,""max_speed"":0}"
"2024-11-12 11:40:12",walk,"Lunch Walk",2740,182,2.869,,,,strava,12882889168,"{""elapsed_time"":2828,""total_elevation_gain"":64.5,""elev_high"":119,""elev_low"":94.7,""average_speed"":1.047,""max_speed"":2.1,""polyline"":""mjjxH~}PJNAD@HE@@HOP?JFRBCJLDH@LQd@?JEV@V[z@ECW_@YWg@[A@CEEoAFUN[@QCYSI?ECCI?QYECOSECIDEOIOWa@GCIDWf@Of@KJUl@[b@o@xAo@b@m@bAKVAR@LHHDJJHFPHH@HPRDNVPZDPLDPNRBNPTFBNA@CF@HGJ]HQNELOBMBs@BKb@w@HIJUFCL[Da@B_@Eo@@q@FQJQBm@Jm@Zk@L_@JQX{@Vg@EWMQYII@SCCG?EK@SYE@MMG@IHULQXCJAf@EVCB?DE?M^KLKTGDACABG@ETQ`@I\\_@b@_@t@I\\UTGd@y@p@QZQRS`@AL@JNXJFFJN`@h@r@VFFCJFVj@FFNVJFTILKDMVWHCJMDS?QCCBUNWPg@\\a@LSHe@?KBa@A_@@y@HYFEBK@SAGH}@Pc@R_@BMPSVy@Tc@AOMKEIUKM?IEM@AGBAECIBGKECCKMEKAQJOFIRGFQ^IP@`@CN?HCM@EG^ELGBCPYXBECLS`@IZSVAFS^ENKDO\\OPGNEXKNC?CFc@^Y^CHONGX@VJL@J@ADHH?L^HHR`@LHDHLBFCNBHVRZLVDDR@LIB?BIJCNYTSFWDk@BKXo@JG\\k@HSDa@H]DCJLPHp@t@LLD?ZaAF_@J[Ie@[u@BMDCHSA@DGEGHF""}"
"2024-11-13 08:49:28",walk,"Morning Walk",2665,205,3.233,,,,strava,12889774887,"{""elapsed_time"":2701,""total_elevation_gain"":16.3,""elev_high"":164.2,""elev_low"":151.8,""average_speed"":1.213,""max_speed"":2.12,""polyline"":""khixHl`N?FAC@?@CHAVOH?FE@ENM`@OJAFBB?F^DBdAg@RKDI`@LJ?BBNrBeAdACFC\\Jh@f@hDVpAARITOT[Tg@b@KHSB[LGJCHAV@r@Ln@Ph@ZzAA`@Ph@LFPAJEFGDOv@}A^m@FQ@UPo@~@mB`@i@DQRUNEJOXSPUPQh@aAZc@PYJINk@Bg@AKIWAAKHQFkA`AQF}@~@WNSRUuASg@Mm@Gg@M]E[Oa@OSKIIAI?KFsAxAEZH^n@tELb@@^KZY^ONKB[ZKFi@NGDGPAn@@VLx@DRLZVlABj@Nd@JDNCLEFIr@{Ab@u@JUPcAZi@j@qAZ_@HSVUHCfAeAd@y@J]HCNQHUV]F[De@Ii@NQDO?OWs@Om@@QNYFCTCZFJAZFbA\\PNf@X@?DELw@Ty@?ONiAHmAAmCKmAQaAGMEAQLq@f@_@^E@ILMDAFe@^IJMD]Ts@Zc@LMHUD]Pg@PCASHm@\\K@_@XeAf@SDwAv@m@RMLc@RC?AAC@GSGEE?QJ[B[FOJI?m@XAF@B""}"
"2024-11-13 10:03:48",weight-training,"Morning Weight Training",2742,,0,136,176,,strava,12890183722,"{""elapsed_time"":2742,""total_elevation_gain"":0,""elev_high"":0,""elev_low"":0,""average_speed"":0,""max_speed"":0}"
"2024-11-14 12:29:54",walk,"Afternoon Walk",3023,266,4.18,,,,strava,12898904842,"{""elapsed_time"":3532,""total_elevation_gain"":21.7,""elev_high"":22.5,""elev_low"":7,""average_speed"":1.383,""max_speed"":4.1,""polyline"":""kqdyHxzEeAu@Jc@CE@IF@D?bA}@Vc@LKh@}@j@m@@GR[LIR[JMXi@PI\\u@FQRULW?MHIPWRm@HEB_@DGIf@FMDQHMNa@Xg@V_@DKn@_ARUVc@HIf@s@VSLW`@o@NMfAcB^a@fAcBNODATe@LIXe@h@o@t@kAh@yANONaAb@yAHM@WFIDo@DELi@Fm@J[J{@r@aDJq@JSBOFMDS`@o@Je@`@o@\\u@BQ\\m@Z}@Xe@t@mDTm@h@oBVs@JS?DBCIKDNJS@GA@JYPu@JSf@yAFYZcAFSTWBYJCBG?e@Lw@?GR_@D?BEJ}@CYJUNaAHIEe@B}@Ei@BGA[FQFG?[Dg@?ME[Fi@Iw@@u@DYDAAYGKNOHEJOVMHCX@`@QJ@BWNECUPWBOMmA?GFSAc@SyB@AB@JITW`@QVIVMZYF?JGZm@^i@DMDw@F_@DABOEgALk@?IDI@_@^_@`@QPCVMf@Mv@aAR[DCLWHIXc@PQTi@\\a@HQTQJWRWDKHIVe@Vw@HIDWZ}@B]BC@OFKH_@NUNK^QHIXIf@WRCHI@GRMFGJ@h@GPEDKHELBPCH@\\AJCJ?RGR@dC[XHNANDnAENDJCl@BPCVQHQZc@FMLMHKVo@\\o@HST]Te@?PVLRf@XhATj@F^PZF`@BDH?h@c@\\w@\\o@f@q@FCP?XCDW@Tv@UJGHMTSTK?UGa@@KAcAGGCSGCAKCBAA@EGU?HEP@?FaANUJDDFLGPa@NMFADIDB@LCBCIDG?FHAAA@C@??@D?HGA??@@?ACDBBJ@?EOC@DKEF?ECL?C""}"
"2024-11-14 19:28:49",workout,"Evening Squash",5968,,0,152,207,,strava,12901975354,"{""elapsed_time"":5968,""total_elevation_gain"":0,""elev_high"":0,""elev_low"":0,""average_speed"":0,""max_speed"":0}"
"2024-11-15 10:15:35",walk,"Lunch Walk",2828,196,3.086,,,,strava,12908375950,"{""elapsed_time"":2891,""total_elevation_gain"":66,""elev_high"":119,""elev_low"":94.7,""average_speed"":1.091,""max_speed"":2.24,""polyline"":""mjjxHf~PDPAHGDCZPf@HFBJOn@Ax@O`@E@CLGB_@e@?@@CCEA@GECK?Ha@_@GIGACICw@@?@GCSBKT[?a@Fa@?OLUHIPq@JSDABOI\\ABFa@Rc@?_@@DB@LODOAOEKUOQEI@EAQ?AKMBCMKKMMICe@TEJKZEdA[l@ENORAD_@b@IPGTQXONKVQRK\\[n@GRMNi@^WV[~@?X@ANb@F@HJ@L@AHNFTVZLJDAN@HCFB\\t@FRNRX@JEHK?@P]X[FY?c@DMVg@DQHE?KLMR[Lo@?QCEB?AGBMAOBGG[Ba@R[A]D[BI@YRk@`@{@H?VaAPU?OCOGKa@MGBKGQ?ADOHEBMAIB]ZG@[ZQX]p@WZEPU\\Qb@IL?BILIZ_@v@ONK\\UNIROLQHADIFS\\K`@@X^`@FZD@DPR\\TN\\BA@LLFPJHLXLNV?JGPOJWB?@CJGJQBUA[@GFIFSFIHUJIV_@L[Hy@EuAFa@LW?OJq@B_@Xk@N_@LQZeAPW@M?H?D?MEQOO[GGBGEMAAGKCQUYMKLQFEDQd@Cv@E\\QLOXe@l@Wt@QZQb@GDAF_@d@KX?DKNCNY\\c@ZSVIVMRI`@ADHHDNRJPj@V^PNd@HJP@HLNFZLJd@@?AHCJMBI\\SBWFK?m@H_@LWb@o@HEFOBOHo@FODAf@`@t@x@D?Tk@N{@HSES?QYs@BWJS?B""}"
"2024-11-15 19:18:09",walk,"Evening Walk",2647,244,3.834,,,,strava,12908638311,"{""elapsed_time"":2747,""total_elevation_gain"":10.2,""elev_high"":64.4,""elev_low"":56.7,""average_speed"":1.448,""max_speed"":2.61,""polyline"":""wolxHhtRd@RRPBCLLFL@GTHDDZPPNFGPqABGVOLa@D_@FKP^XTFHf@\\LRXZRL^^H@LXR@RLD?NNTF^^RLRZXLNNVNTXLFt@j@Z\\h@d@NFj@h@J@DDX`@NLNBJXHBBFFBPHNRHBHPLJDJTT`@z@b@t@Nb@Vb@Xx@R\\Zv@HLNb@HPFFDNTf@FFVr@Vd@FVXh@DBL\\BLHJn@zAHLJ\\\\r@HZTb@BJNX?BNXPd@\\p@DNLX^v@`B|DNVJZ|@jBf@rANVJ`@LNFJNn@DDRb@Rj@FDLf@Rh@JFVb@n@|ALNBPJLTf@HV@??B?C@BBH?RBFB?JJPd@ACHG@O?UWm@]oAi@aAI]IGIM@CC?@GGY@]Wu@QW?GQUEOOMcAqBKOAAA@KWQYGSASOYOOw@aBaA}B}@qBc@gA]q@m@{As@yAy@mBEEyAsDWi@M]MQM]KOAMKKO_@[cACGIEi@uAGGIAMIOBECO]Sq@Ug@AIWW_@q@IGISUSMUIEOQC?[a@OG]Ya@UCIIAIKKGUYSKg@i@g@[QQOUMGIIG?OSIGGCa@e@MEGICAIM_@Oa@YGGOEUQGBIASUOIEI_@YGAMOIUSOe@g@KE]]CDG`@Sr@WzAIAEBQISY_Ao@SAQWICc@a@Q?KM[Ss@c@ICk@k@VRB?LNl@b@FHLFHJZLPVFB?A@@?A@D""}"
"2024-11-16 10:05:07",workout,"Morning Squash",9414,,0,143,210,,strava,12913250026,"{""elapsed_time"":9414,""total_elevation_gain"":0,""elev_high"":0,""elev_low"":0,""average_speed"":0,""max_speed"":0}"
"2024-11-16 13:57:29",walk,"Afternoon Walk",2442,199,3.137,,,,strava,12914403568,"{""elapsed_time"":3804,""total_elevation_gain"":52.7,""elev_high"":166.5,""elev_low"":117.5,""average_speed"":1.284,""max_speed"":2.18,""polyline"":""mjjxH`_QIh@?HHRNRDEBF?C@B?@C?BKLZHJJHP`@JFHND?HKDWf@oAA@Rm@@?JYRo@pBaFFQ?KRYP_@Ry@XeCF{@AIViALuAD{A?mEEsCGcA@USyA?@HmCLwAJq@PyCFyA@iAT[@oAH]T_@d@eAHI\\o@`@_AV{@DGB_@No@J_AFWDo@?SFe@V_BFMJEA@BARFJFDGRGTgBZI@[FSj@Cf@IvAe@DERETMPEL@DIZM@G?H@MAJ@GCD?EYTBGC@[Z?IKFGAKJG@C?]LAACBACGHK?a@Pc@H}@DACCr@YFCDKr@?ZEN_@HWGK?KJGNIfAGPE^GnAKd@A`@i@fCUl@Wb@yArCQd@CV?PEtA?~@@DEf@?^UbDGb@YpC?bABH?b@HnADZFvCA`@BlEEbBQnAK`BMn@Cd@QlAOx@[`AKROj@i@pAERs@hB]r@c@rAc@dAIZKAOFICQUUc@GGKSQKKMGSGEAMHYFE@KC??G?@""}"
"2024-11-17 13:19:43",walk,"Afternoon Walk",2638,213,3.352,,,,strava,12922207932,"{""elapsed_time"":2705,""total_elevation_gain"":67.9,""elev_high"":166,""elev_low"":111.1,""average_speed"":1.271,""max_speed"":2.18,""polyline"":""mjjxHb~P?FCHB@CA?LA??AFJMPBLR`@NFATHPVTTd@RPCCRUPm@R[`@uA^{@\\cAHKDSbAgCDYNUDAPk@Rc@\\qD?a@Py@RuBV@`@LXB\\?f@KHGNYDSBm@CkB@w@@B?AACADIGS@@M@FHFD?FB@ADw@LWNIL?L@FFHAj@HL?VF\\@PCzBq@r@ENBHCTDv@?t@IDCDK?]Gq@UkAWyBAi@CYY_BIWIMCM\\u@JOd@eAFG`@iA?MQWIQUQWe@MMYa@i@qAoAeEa@gBQ}@a@yAIc@Oa@?MKUAKKYMk@ISYIC@MNGRAf@UdAC|@OhA?TM^E\\IVKd@]`A_@j@IVaAjBO\\CVCjAA@EAGPClBWbE]fDGzAKFSAEA[?m@Fk@X]ZW\\C@_AzA[p@a@p@_@bAETGNIXKn@IHB\\`@RF??DTHVR|A~@AARTHDLR^RJLNFj@d@NHHLLF\\ZBHCl@]rCMl@Sh@MRSl@Wj@}AdEUb@i@`B]z@CLCBEAIIu@kASM[k@CQPW@B@E@@CMECCB?G""}"
"2024-11-17 17:55:47",workout,"Afternoon Tennis",4147,598,0,145,177,,strava,12924529021,"{""elapsed_time"":4147,""total_elevation_gain"":0,""elev_high"":0,""elev_low"":0,""average_speed"":0,""max_speed"":0}"
"2024-11-18 06:13:38",weight-training,"Morning Weight Training",3226,,0,114,154,,strava,12926933400,"{""elapsed_time"":3226,""total_elevation_gain"":0,""elev_high"":0,""elev_low"":0,""average_speed"":0,""max_speed"":0}"
"2024-11-18 08:59:00",walk,"Morning Walk",2721,223,3.513,,,,strava,12928791862,"{""elapsed_time"":2797,""total_elevation_gain"":47.9,""elev_high"":166.5,""elev_low"":117.7,""average_speed"":1.291,""max_speed"":2.26,""polyline"":""mjjxHx~PNVM@C@ADFZLXHDDA?F?EX^Zj@CI?K@@ABBCCHDPLPF?DEDS`@gAHOd@sA`AaCBMl@wAN_@DY\\i@HYGHLUF[Ba@B@?CTgBFs@?WV{AFq@FoABaFCY?HAAE{EG]Ew@EI?c@FaBJsAHe@F_AH}@P_GF?BGDW?c@Ja@~@cBRe@Xa@b@gA@QJYNw@HWRqBDgAJ[PmAFKHE\\JBDNOJ@HiAF[DEb@GF@zAY|@a@d@IZOz@WzAq@VQVGDNL?FDHpAD`@gAhAGXX`B\\bCP`A@RGXQVWN[`@YPo@TIFCNC\\@l@Ll@Rl@H^Lx@@b@FPDTCPIJYfAELUZw@vBKL[p@W^SYC@?GKQQQc@Y]I[?WBe@@IBg@AWBo@?e@JCjABlACtABrAI\\KHU?{@Fg@?ODY@k@Ci@DCHL~@N`EAvC@~ACz@?d@WpBA^UpB[`CcAtCkBvESl@A@?CGAIBILWz@s@fBE@GEU[c@u@SQMQIQAU@IDC@IBA""}"
"2024-11-19 06:05:11",workout,"Morning Tennis",4500,,0,,,,strava,12934353214,"{""elapsed_time"":4500,""average_speed"":0}"
"2024-11-19 18:12:17",walk,"Evening Walk",2769,252,3.961,,,,strava,12938689374,"{""elapsed_time"":3645,""total_elevation_gain"":8,""elev_high"":64.2,""elev_low"":55,""average_speed"":1.431,""max_speed"":5.24,""polyline"":""ynlxHzmRJITCB@C?FDJBDHLL^N@DXP\\\\VNHHZRNNLLBHHNZJLJBBAJDF\\RHJFBBAXNFHHRNDR@@Hh@\\XZl@ZVZLDFHFDFJ\\RFHLFj@`@VZp@n@`@XzArAVJNLRD\\\\@Jx@jAJX^p@Zb@dArCLRHTl@nAPf@NTf@nAP\\JJRn@D@Tp@v@lBPZJZj@rANT^`AR\\Tn@dBzDlBtEb@`AR\\Nd@Vf@FRHNr@hBZb@JXFb@f@x@Vr@PXRh@\\n@Tj@NRRd@BVDBJSC]@MAEYaAa@k@Qc@So@Ge@IWg@{@G_@KIYs@u@oAWg@ICEQW_@Sm@MW_@}@c@eAU]i@wA[o@EECMWe@m@{A[k@?Cg@mAO[Oa@EGIIa@eAMQ[q@CKGIM[AQGGKSQs@wAsCEWOOm@cBYa@Uo@COWMKBG?EEGMIIg@qAaAiBi@s@QO]UOUc@]MGy@q@AEWOUUMESOq@m@KQ_As@MQk@_@GIQKIKUOMEWUc@YUEGGE?k@m@[WI?A@KQ?GCKUQKEOOOIOMMSYSGIc@_@QIe@_@C?e@c@OGKCA@_@hAQRCh@CJE_@CR?r@YI[YSO[MwAkAq@a@EGAGJo@B]FQFk@`@HDFN?NWHGNBh@Z`@^LDr@l@VJLXG\\O^""}"
"2024-11-20 21:46:38",walk,"Night Walk",2015,178,2.794,,,,strava,12947616769,"{""elapsed_time"":2848,""total_elevation_gain"":7.2,""elev_high"":20.5,""elev_low"":5.6,""average_speed"":1.387,""max_speed"":14.306,""polyline"":""cokyHbiYp@|@N\\@FIJNZB\\DFBHBRNh@ANV\\BTCRHTDBABLPFTVxA@`@FJ?FBBFX@LXz@D^JR@d@Tf@Jv@Vz@BX@HFDAF@DZx@?FBDD@JX?LDDD\\X~@Jb@LXNNFXBXPl@BZPr@LV?HCBBFI?ABHXF@FJLm@DZR^Jd@TZDRPd@NXBLJPJ^Rj@BNdArBTp@T\\Zt@\\j@FVJRFDBNHZBBBLB@BJj@rAx@bC^j@JDXb@HHVf@RVRt@NTNh@JNJ`@BBb@pAJ`@HLN\\D@N?JB@Av@NP?XJTV@N^nAPdAR^Np@Tj@DAVMXg@NGX]^s@LKBINUVm@FGFUd@_ARUFUZ]FUZY\\y@RYDCd@w@PIJORMLEJKDMHKZOFGBINEPOFD@CHQNOHDFKPID?PKLS?_@LBJHABDRDHBCf@s@B@VINKD?BEPGJOHGLETAPWJCf@c@NGNA@EJEDG@@TIFI^QPSH]L^FCHQVAFE@GJCJ@DPHBJLLBRRH@FBJPXT@AL@B`@NEh@VNLD?NFBFL?DCDH@LDGD@?EJMHAP@FS@YDK?EAAABF@ASQIQ_@WOB]YWCM@ECILEFB@CBDBB?E@@@DCIIEC@DCJL@BE??BKK@C?DKEACKACGGAFB@BP@RNEEDH?CBDH^Qc@?ETn@IKDE?NQ[GQK?c@Oq@k@CFO?DWARIFIBCG@GGJ@??BEFDNBEJ@@ENAIKGHJ@E?BCC?FAI@?CA@BCCBfBt@B?\\N?EwAc@vAh@gAk@""}"
"2024-11-21 19:57:55",workout,"Evening Squash",3846,,0,169,205,,strava,12954128756,"{""elapsed_time"":3846,""total_elevation_gain"":0,""elev_high"":0,""elev_low"":0,""average_speed"":0,""max_speed"":0}"
"2024-11-21 21:41:38",walk,"Night Walk",3162,256,4.037,,,,strava,12954664274,"{""elapsed_time"":3772,""total_elevation_gain"":71.7,""elev_high"":119.2,""elev_low"":55.5,""average_speed"":1.277,""max_speed"":5.66,""polyline"":""sjjxHb~P?v@CFBLTd@FBPf@PPLZVV@PG\\EDU~@a@fAQz@Ur@WdA}@zEGLYdCGn@Ml@Ar@WbBKZO~@_A|BwCvIe@fAo@hBOPG`@sAxD]nAKNSd@GHOd@KHCPKVUv@KPKFGBSE[Oa@IuAm@g@KOGWEIEw@q@SUg@_@SWOWQIe@_@YI[U][_Ao@SWkBwAU_@m@a@ICGM{@g@UWo@a@CGWQKQ][[SGGUISVY??ECBBK@B@EADBKC_@EBCCa@TKJEBCASm@AUUSGEGMECK@OSmAw@IKUKc@c@]QQQOGI?GEKMNaAHS@WP[\\aBDKF]Tw@FUFA?MA?AEHUJMB]DCN]vAkA?WBIB?HKD@BEB@LGFODBHEJO^SRITOFKF?JKD?RMD?^[NCJMPIRSNIBGLIDMTWXOHKLIDKHCHI?CGEAUDPACC?DGIQCA@DAACJAA?BD@DEEREJF]FLHA@IFCN??KDA@ILGL@DGPK@?DGTQRK@CXJBAHHlAl@rBlAH@`@TjA^JG\\q@HG\\o@JIFOJM^o@DEFDRCFLHZZh@`@jAT^LJXJ^Bb@CL@LCVDbAlAVRHNd@h@PLX`@dCjCJRlAjA^d@LHBCPAXXJ?FIJe@ZkCJ_@@UJg@Pu@ZiBFSVqAJWNs@FSHKXgADYRm@?S]m@a@m@i@oAD[JMBIEG""}"
"2024-11-22 15:13:52",walk,"Afternoon Walk",2397,207,3.26,,,,strava,12959214098,"{""elapsed_time"":5520,""total_elevation_gain"":7.3,""elev_high"":10.8,""elev_low"":3.3,""average_speed"":1.36,""max_speed"":5.28,""polyline"":""wyiyHvlSg@b@I@AFQ@GFFi@EK_@MSQUAYEQIo@Nc@Ey@DSMI?IBG?C@GAIGS@_@CWD_@AQCO@KGCI?YDa@EIA@FCGhABCIP?DHICHJ?XHDGHDJG?C?D@CF?FBBFD@XCJEFBDERBJCNBLDDAHDFANBHADBJ@@G^@VFJAh@KHKHDHL?AFARHXEJFFA@EHDJALF@ELAXFZCNDBEF?PER?RFHAX?HAR?FEPFP?RGFBDCRHLC\\DLAd@DBDJETCFEJCHJ?FLARMFS?DBEF@@BCA?B@ELBPAJQLIVYh@{@l@q@BKTSV_@FMJMDMTWBITUL[PMJW`AqAXe@FCFKHENWDK\\c@Rc@RGDGFI@KZ]FMAG@@@CB?L@FEJ?G?^ONQTSf@BVNF@GCWa@_@Ik@HGNATUJO@QGE?[QM]SWSMQGOAGFIOMASIMWQSWMCIQQUIKQMIk@u@ICCKIEYo@CCE?GOE@UQO[IK[Ua@g@OIEKyAeBYi@_@c@Qg@Mo@[q@o@iASWGWSUQc@o@iBCSYa@Ma@_@{@WYEKUa@Ma@U_@MKOGYWCOKKIAW_@MOEMg@[KCQWUKEIOMY]SQGQSEMKg@SYWAICEG?YQQSEISIGMIA[OKQGCMU[UMWCAAIMSIGIQECEQOQOa@I?IOMKEQMQCMGIC??OUQIAEEE[J[ASAi@BOZo@FE@KRa@FA\\g@BKAc@BYHST_AG_@@W]QCE@EAEGE?SBQCK@IPCCWJD""}"
"2024-11-23 11:32:00",weight-training,"Lunch Weight Training",3175,,0,145,180,,strava,12964492313,"{""elapsed_time"":3175,""total_elevation_gain"":0,""elev_high"":0,""elev_low"":0,""average_speed"":0,""max_speed"":0}"
"2024-11-23 16:29:27",workout,"Afternoon Tennis",7269,1023,0,143,180,,strava,12968441544,"{""elapsed_time"":7269,""total_elevation_gain"":0,""elev_high"":0,""elev_low"":0,""average_speed"":0,""max_speed"":0}"
"2024-11-23 20:56:16",walk,"Night Walk",2616,209,3.289,,,,strava,12968107576,"{""elapsed_time"":2710,""total_elevation_gain"":67.9,""elev_high"":166,""elev_low"":111.1,""average_speed"":1.257,""max_speed"":2.18,""polyline"":""ojjxH~}PAn@CNBPRZ?DLR\\Tf@z@HBDEl@aB^}@Pk@xBuFLa@NYHYN[Ja@@QDSReBDo@?GT_B?]Hi@PIl@L@Aj@D^GNIHGJSJi@@m@Ce@AkCDYJONINCPFb@Bh@Jt@BJ?`Cs@v@Ej@Dr@En@?JGFSCk@Ka@C_@Km@WsBGgA[cBQg@BE?QPa@t@qAZaAN[AKe@i@o@_Aq@mAMe@[w@Qm@EIWqAYy@_@gBISCSk@wBMYIm@KUIe@IQWGE?IJMh@C^Kb@Gr@Kl@@LMt@CZK`@?LETIPCRQr@MLMXC@g@nA[d@e@dAGpBBh@EXMNEJUzE]xCGxACDE@O@OCGBe@@]Fe@Va@^y@hA?FC@SXaAjBg@tAe@fBD^XRx@^z@l@NHHJb@XLNf@^XXRJb@^XPXXDLC\\a@bD[fAOVQh@Yn@M`@_@v@aAnCOZcArCE@GEi@}@SWOKWe@AEDSHOACD?AMIE@CBBCE?@GJER""}"
"2024-11-24 16:49:51",walk,"Afternoon Walk",2613,190,2.986,,,,strava,12974797498,"{""elapsed_time"":2750,""total_elevation_gain"":55.6,""elev_high"":131.3,""elev_low"":75.1,""average_speed"":1.143,""max_speed"":2.08,""polyline"":""kjjxHj~PF?CFGMBFCJJTKDCL?JDRAILVFBBFJDFLLLXh@LRDDB?FGJY`@iA\\y@`@oAlA}C^}@FWJWHIDSPa@Ja@Be@PsAJgAOUoBuAu@y@OIGACKIGOIGA_@]C?o@c@GAu@e@OEOAc@SSEg@YE@MKMCm@WKWCC@Y?SCYIIY^U^Sd@IZYh@M^U`@?DMPa@|@UVk@nAE@@ACAM?C@w@`AEBY`@a@^mAzAUVWREJe@j@QJCHWRi@x@C?WTGJy@x@Yf@[b@SNA?ACMF_Ax@K@IHO\\MNOHOVIDILKDONUZUJUPE@KE[n@@\\q@h@ENFTHDTTFB^ZD@RNf@TTBLDFATTD?x@b@FALFH?JI@@HKN_@HKBKDEH[RSD??ELQN_@BCDHVGPd@LRHZf@pARTRPJDn@JXCBG?SBCX@RBHDAC`@h@RNn@v@FD?CHHx@bALH^f@d@`@HLPLj@t@t@v@Vd@LJ@HFFHBj@n@LDFEDODe@DU?[HY@UPo@@e@Nm@PaARy@Hk@Pk@F_@GMGa@g@c@?EEECGJk@JOAAFUD_@Zy@H_@DGPu@CQ?Q[m@AYHO""}"
"2024-11-25 06:14:19",weight-training,"Morning Weight Training",2931,,0,126,178,,strava,12977653956,"{""elapsed_time"":2931,""total_elevation_gain"":0,""elev_high"":0,""elev_low"":0,""average_speed"":0,""max_speed"":0}"
"2024-11-25 11:04:13",walk,"Lunch Walk",2737,237,3.733,,,,strava,12978994694,"{""elapsed_time"":2737,""total_elevation_gain"":15,""elev_high"":119.2,""elev_low"":55,""average_speed"":1.364,""max_speed"":3.7,""polyline"":""ejjxHl~PGb@EBCHBPL\\F@DHBTDJVVHRJFDLHJ@R[`Aw@dDCFEDSbAUv@SjAOf@a@jCIZEj@Ih@Cp@MT@n@Gj@[xAOh@@JQj@U^q@rBINy@bCWl@e@|Ao@|A]fAQ\\GX[x@Mb@i@vA_@rAo@jAG\\MTa@|ASRQBKA[O_@GEEYIYKYQICYES@SAGSE@KIS[QIKMy@i@s@{@eAm@GKGGKCSW[Qo@e@]_@_@[WOaCkBcA}@SWGAMGqAcASUKECKTeAPi@RcAGg@@It@gCf@qAb@uADWA]EIs@q@oAaAuByAq@]i@a@SG_@Rc@Pk@j@KVTrA^jAl@fAb@l@HD@JB?PXb@`@PXfBlBRb@Dd@?LWt@a@|AG^G?KEEPGBKAQSSK[YGCC?CLWLc@fCEJEDQSi@[EGqBqANeAJMFQFCELDq@?NAABk@HSAOC?@GAF?ECD?GAL?DFK?DBK?D@ICPKKAEWSOSQIWUSGQOSGSM_@]YOSGEBM~@AZQhAAd@JF\\Xl@Xp@h@lCdBl@f@d@Vn@h@JDBCNmAT_AJo@m@c@IKMGKMa@UEEo@a@CBSv@""}"
"2024-11-26 10:49:02",walk,"Lunch Walk",2542,191,3.01,,,,strava,12986359086,"{""elapsed_time"":2849,""total_elevation_gain"":63.7,""elev_high"":119,""elev_low"":94.7,""average_speed"":1.184,""max_speed"":2.267,""polyline"":""qjjxHd~PD^IX?JPd@L?BJKXGX?A?NCBBB?TETKVCHGJSMi@q@[SGIA@ECCK@k@Ac@Te@FuAHMHLGFLc@BYFQFGC??CLM\\iAT]?II]GGMGICK@ECSCCGI?UWMKIAUNQTKVGr@K`@a@d@Uf@SZO`@KTY`@GLMNIXW`@Oh@[VEJ_@VO^QRIR@j@Z\\Tf@NTFNVLZDFDTb@LJR\\VBLCJMHWRQHQFY?_@HUHMJYLOFOLKP]Hy@CkBFEN]FkADSRc@R[BQDGHGF]Pc@PU@QEK]UUAUGKFG@[PqAbAIH@FCBAFYZYl@IFQd@OTAJSRITUVK^EHEBSn@y@n@g@~@IX@HLXRRXl@JZBDTJXFDAf@bALNR@ZGTa@POFMFYFq@N]HQNOZc@HULgAAQCE@aADQFCFOFoAD[N]HOHI@INWVy@Q_@WOCEKEMMQAM@a@Zs@r@e@j@GPSVk@pAk@~@[t@OPGZINGFG@EFSLEJKFYd@Kd@?HFPHHBJFH\\n@\\b@JDRBJFNXLLJXLJNDVER_@\\YJ]Fs@Xq@VUJQJ]P_A@CH?LNZRl@p@D?Rk@Hg@Ni@?_@Uk@ES?GFEHOAEB@?IIIB@?@EA@@C@?ABAEGA@DB@ICHDACA""}"
"2024-11-26 20:18:55",workout,"Evening Workout",2700,,0,,,,strava,12993018306,"{""elapsed_time"":2700,""average_speed"":0}"
"2024-11-27 07:33:39",weight-training,"Morning Weight Training",2700,,0,,,,strava,12993014288,"{""elapsed_time"":2700,""average_speed"":0}"
"2024-11-27 12:43:49",walk,"Afternoon Walk",2671,259,4.084,,,,strava,12994698664,"{""elapsed_time"":2763,""total_elevation_gain"":10.8,""elev_high"":64.7,""elev_low"":55,""average_speed"":1.529,""max_speed"":7.5,""polyline"":""{nlxHhnRP_@DEJJf@\\FJXTRFVPDF\\TNRFARNNV@HD?RR^TDDBHXFRRTLDFNHn@p@J@HJZTZZlA~@TLZXHLNFVVPVXTXRZXNFv@h@LLDFTLFJZNBFD?VPF@BLp@fAPRx@bBNTBLLR^hA|@fBJXPZNd@T`@\\z@FNHFPXVd@DRd@rAj@dABNb@x@FZZn@^bA^p@`@~@FVJNPd@R\\FR\\r@hBjEb@~@NXb@lAV^Nh@f@dA\\l@?HJLTr@PV\\~@?CFIHCJDBHd@PJ@JJT`@?DADCEBLRW@c@JUEm@AE]x@?KDRIU@SEIH]AXHF@HEGCL@FEWFACKGLDI?^Gp@CdAGEH[EV@BDEBJ@YGKKy@MUMKQYI_@EEA@KOIU?GEEGSQYM[OQAMGOQQWk@k@u@KYQWKSG[MYKKoAwCq@sAES}AcDWs@Q[GQc@eAqCcGq@gBa@{@[{@_AoBCQOUY}@KQMAMQS?GIEIEGK_@Wa@CYGQa@o@OO?CWa@i@e@Q[KE_@a@IAa@WEIs@i@YMw@o@o@k@k@q@OIUYe@[GK_Au@_@Oa@WQQMUGAOOUIQS}AqAK?KGEIIGKOIBCCKQUWYOu@k@MGIOYU{@i@QQi@a@MEc@_@a@OIIINMHe@GGCIBEP?V]|A?NLBXZpBnAdAx@PHD?@EP{@?E""}"
"2024-11-28 19:25:20",workout,"Evening Squash",6544,,0,163,210,,strava,13005294617,"{""elapsed_time"":6544,""total_elevation_gain"":0,""elev_high"":0,""elev_low"":0,""average_speed"":0,""max_speed"":0}"
"2024-11-28 22:27:35",walk,"Night Walk",2659,190,2.996,,,,strava,13005806899,"{""elapsed_time"":2701,""total_elevation_gain"":56.1,""elev_high"":131.3,""elev_low"":75.1,""average_speed"":1.127,""max_speed"":2.34,""polyline"":""ojjxHd~PDd@E^BPFDLZBARRJDC@FNFBZl@B@HAJ[LUF_@f@iAPk@r@kBDA\\}@HOb@gAD[Va@J]?CRi@X_CFcAGQMISSKE[UUUICa@c@ABMMIESUOIKMSIo@i@m@YEGC@u@a@IGAKGWOEIEKAe@UkAa@QICOIGEOE[EKCCUXo@vAENMRM`@u@bBONELML_@z@UZGFOAIH[VKPm@r@]V[f@WRINoAtAa@j@KHaAfAIDMVa@`@GJE@IP]XM\\[b@e@Rq@l@YN]d@WNKNsAhAMLYTG@ECC@Yp@BJCPo@n@?RBHRJDJTTXPN@nAh@PDLJd@PTFPHH@LEPS|@wALWRYHQ\\e@HHN^B@hAnCPRLFBDL?FDJ?FBf@EJ@BC`@LT\\JFNP@\\PXlAjA^f@XTb@l@NL\\b@FBVZ^^^f@TNT^PLRGJH@CDNNHHGFWFy@H[Hw@J]?QHi@|@qEJ[BYN[VqAZu@DWHSZgAAIEKSUMYWWSu@S]?UN[?GIABHDEFB""}"
"2024-11-29 10:23:35",workout,"Morning Squash",3961,,0,130,182,,strava,13008074383,"{""elapsed_time"":3961,""total_elevation_gain"":0,""elev_high"":0,""elev_low"":0,""average_speed"":0,""max_speed"":0}"
"2024-11-29 23:13:02",walk,"Night Walk",2653,170,2.677,,,,strava,13012075705,"{""elapsed_time"":2703,""total_elevation_gain"":76.4,""elev_high"":119.2,""elev_low"":51,""average_speed"":1.009,""max_speed"":2.14,""polyline"":""k`nxH`bRJJ_@[@@LGNADCNBfAKR?RAH?AB\\C`AFJAb@?BAp@@h@Ad@DRC\\Bn@AX@JCpAF`AG`A@`@@j@ETBHA\\Dd@AZDf@Ct@Db@EPKj@Mb@SJARKTEXOv@SdAc@\\KFCDI@KFBN?HDB?d@_@`@OVOl@i@VQTQJELAXYD?HIF?Z]BGPILCRSFEHKdAc@LM`@OJMLEXUPYd@Wf@k@LQPOHCRYHALOJCr@o@l@[FIH@b@d@F?JHH@z@n@^Nj@ZH?PNH@t@ZDAFD@AJ@PELOXg@PSHSJKd@{@b@k@j@nAl@zAPVRN`@Nd@@f@CL@RH~AhB\\XdCtC^\\LVf@b@FJx@`ATNb@j@@FJJ?@BDJ@AFBMDEDWDK?C@??U@ACKFSNgA?QJU@[D[B@Fe@DKBYF[l@yBD_@N]b@mBHODSDIReALYEOKMQa@QQEIECI[KWQWCM@INYEDAC""}"
"2024-11-30 10:32:28",workout,"Morning Squash",5910,,0,137,186,,strava,13015122866,"{""elapsed_time"":5910,""total_elevation_gain"":0,""elev_high"":0,""elev_low"":0,""average_speed"":0,""max_speed"":0}"
"2024-11-30 15:32:25",walk,"Afternoon Walk",2520,204,3.212,,,,strava,13017414777,"{""elapsed_time"":5735,""total_elevation_gain"":16.8,""elev_high"":24.5,""elev_low"":4,""average_speed"":1.275,""max_speed"":5.46,""polyline"":""celyHxeWAC@A?@CEUWO[nk@mt@PMF?NW@@FRNZRjALXFHPHDJLNJCJJLTTLJ?X]Ng@H]Ra@BCBBJAHMHCTAJCA@?MDH?G@BJa@FGCMBEBBFCGU@D?CA@@GFIFCACDKBAFFDKAMDG@GCCNQFADE@KFODCDIF?P_AB?DJFCBFBC@[JRJHDODCCQ?UDC@BCC@APZAAL_@Il@Je@O\\DWB@AACTe@NZ[yA\\F?EP?NIRAA?DKTEh@I`@FPRTNb@Bf@FDJALFBLDn@LXB@H?ZEJBDDIP?X@HBBJ?@BLBB??@FAPBPLHANMPFFCHDF@FFBHE\\BD?LHXRTF?HBLLF?LHPVRHJVEnAPnAFLb@RFDD?JNPFB?JD?CFADFDCNFRD@AFDDXCLNHR\\FRC^BRCZBHGxBBf@EV@PC`@@^ETBj@E`C@d@E`@?j@AD?l@ERDnA?LEH@TCR@fBAP@TCL@TKzA@~@GbAF`BB@FZLL?VFRVJl@DHLB?ACD@VP?l@AN@HCL@PFpBLz@Pv@AJFJH\\HN?HL\\HLXz@b@dADRHJFd@DJJl@Xz@Ff@Rn@Td@A@DLBTABDJ?HRf@?RDj@CX@`@ACJ\\BXPANDDXDH@FABF\\@TL^ALC@Lp@?FCA?@@PFT@VJVBBJ?@BICb@Z`@j@Fr@L`@Jr@AR?j@HL?DB@HX@NKtA@JA`@Dv@CV@`@@JJJEPBPVNBFNl@@RDPE@NVEJEDAFJJ?HBV@\\E@?HDf@AACHEBAH@RETEJ@PEAJp@BDD??RBF?f@F^Ef@I?CBCP\\\\XHFBFN?FID@TCP?\\Fj@JNBNIXNv@JLRBFH?\\J|@CJHPBAFN?A?TJ^DH@LDHLLRAARB`@`@h@RL""}"
"2024-12-01 11:49:31",walk,"Lunch Walk",2982,186,2.922,,,,strava,13023017984,"{""elapsed_time"":3097,""total_elevation_gain"":18.6,""elev_high"":144.2,""elev_low"":125.3,""average_speed"":0.98,""max_speed"":2.06,""gear"":""Vivobarefoot TRACKER TEXTILE AT Vivobarefoot"",""polyline"":""qxgxHdfQJk@IZDID@?DHBVTA??BJJABBANJFHPNJT@RANSn@INSp@?JGHGXEH?h@d@f@?A@B?CD?JENDH@?A?HQf@Mj@Yr@EN@BU^ITCTEFAF[hAS`@St@m@~AUx@[t@]vAEHQn@KPEZS\\AFUb@AC@e@HYXo@FCRBFULSVeAVk@Hi@JQCGFGJa@JSbBoFp@gB?IZcALYJ_@JS@KFKJe@Vm@ZeADGV}@LOHg@R]?EVs@jAyCJMHWBAp@{AXk@L_@^_AJQp@iBXk@\\{@DELa@JO@ECEZ_@R_@FAHUT[TUNUh@c@bAqAROA??EDEFCZ[v@o@jAq@n@k@^UM@IBa@ZKDIJq@b@ONYNONi@^[b@KDEJw@z@URGBMT_@^CHMLMTQRc@z@OPiArC]h@Uv@]p@ETk@rAEPC@MTQd@IL?FMNWj@GDK^_@z@CLKVADWv@GHK\\GHOj@Ub@k@pBq@nBK?SGKFC??BICKq@EAOUBKGWVu@FWVs@BOL]@IUYOGKYSOGAQSKGGT""}"
"2024-12-01 17:31:02",workout,"Afternoon Tennis",5584,725,0,137,169,,strava,13025904124,"{""elapsed_time"":5584,""total_elevation_gain"":0,""elev_high"":0,""elev_low"":0,""average_speed"":0,""max_speed"":0}"
"2024-12-02 09:58:12",walk,"Morning Walk",2977,205,3.225,,,,strava,13029156296,"{""elapsed_time"":3133,""total_elevation_gain"":64.8,""elev_high"":119,""elev_low"":61.8,""average_speed"":1.083,""max_speed"":2.9,""gear"":""Vivobarefoot TRACKER TEXTILE AT Vivobarefoot"",""polyline"":""ojjxHp~PGFDv@BJFFBFBEJTQj@E|@Up@KDg@o@g@_@GIE?GEKDG?IHMBCII?GEI@KYC?CBG@ILMDa@EIHW^G?GH[PUf@SPS?UTK@OII?UAMHKEIBOp@ALSt@KRIf@@ZGNUQKECG_@MEBEA_@@g@CIBMAk@u@Yo@_@iAKMCWEEE?KDg@z@CHCDGNk@z@MJY`@UHKEYEYOAAKCKOG?_@OIIWIqAo@SSMEGECc@GGKAEDG@CAEFGFGBQP[PMLOTOHAA@BEFOFURIBIJEJG@CFECIFSBACFUCO?N?SDAB@DFDTEI@CBDCJ@DL@?DE@IJMFQVG?EAORC?SLSVa@TORSDg@ZCDe@Tc@VADKAGBSREHG@KLG?[^E@CD@HDJLOB@NNHBZVNFPPh@XPNXP~@p@JBXX@J\\P^ZF@`@b@PLJTXZLRRTHXJLXXNBZXb@r@TXJSNJBc@DBAMDEHu@FSc@q@?Ix@oBDE@Mf@mAJSF@D_@FKJa@\\s@`@kAHOB?FW\\q@Pm@@[H[?IBOJUJ_@p@mA^a@l@_ADLNTDLZx@NXHXJPRRHBBBRDdB@JBFHHGFAPLBC@GAi@HSBULe@D[Na@H[JG`@Cr@DHCHKDAFEB@HCFEFSLMHQHEAANCHEB@DAFYPSLAJFH@DG@BBC@?JKNMBZR@HFBDBAJ@DENCDEHDF??B?CB@HL\\Nl@v@FBFULMFi@Li@?k@MYKe@@IHO""}"
"2024-12-02 18:01:53",walk,"Evening Walk",2668,231,3.629,,,,strava,13032126817,"{""elapsed_time"":2709,""total_elevation_gain"":10,""elev_high"":58.5,""elev_low"":48.3,""average_speed"":1.36,""max_speed"":2.45,""gear"":""Vivobarefoot TRACKER TEXTILE AT Vivobarefoot"",""polyline"":""_olxHtnR@OD?BDHc@DMi@YEGSOAEmA_AkAg@c@[MEO@CGYOSCOQOGIIGAGEm@SOI]IMAKGe@Gi@Og@EM?SH[Bo@Gy@@GAm@D]Cc@@OBMC]?WC}ABWCYDMAc@Fm@@MCQ@YCUCG@UNQGW?q@Em@@KAiDJsAJS?o@Fg@@_@HM@QCSF]@g@Jy@B[DKA[@UFu@BSLO@a@E[DeA@WF]BYJO?IDi@HMDEHQFc@JMFMAID]D_@PMBs@j@QE{@GSEm@@_@M_ACCA?TBMFE`@KPF`@BPC^@LCD?TMR@l@KFCN?`@OPEFEZM`@c@VID?DKLHF?h@KfBUNIP?LGBBPADBLGAABBNAHKf@BX?v@GXEd@?XELBVGTCR?h@If@?LEL?\\ELAJBHER?f@IFGPAv@Bl@ET@d@Gf@AFA@ELDn@BLCDEPFb@?JB`@?JBl@EF@j@?FCr@DZARBl@EH@dAAf@@NATB|@APAH@VGZFDAt@?l@Bj@EPD^Cn@N@^JLz@TVNZHTRX?VVl@\\A^ELGf@QlA?NN\\JB\\\\`@RJNdAr@XJdBjAi@Y?INs@""}"
"2024-12-03 12:59:35",walk,"Afternoon Walk",2912,222,3.489,,,,strava,13037639187,"{""elapsed_time"":3208,""total_elevation_gain"":54.9,""elev_high"":166.5,""elev_low"":117.7,""average_speed"":1.198,""max_speed"":5.513,""gear"":""Vivobarefoot TRACKER TEXTILE AT Vivobarefoot"",""polyline"":""sjjxHv~P?l@HVR^HBFJD?HHXj@PTF@FGx@gCXq@?Bp@iBN_@HKb@gA@IHMNm@@GDOFCHOX_AVeBPwA?OF]TkBFgB@mBAQA@@KAc@@q@CeA?_@EqBQmB?g@D{ARcBXaELyDF?FGD{AFSj@aAn@wAPYZs@Tw@No@@UJYBa@RiB@c@\\oBBGJE\\L\\MRaBDGVEDg@DKZAVCVIF?LEH?\\MN@n@UDATK\\MHGJAPKPEPMNCJGLEDI?WADCG?H?IB`@AMBD?I?DEC?DBACB@GB@]|@?N@Kj@_ACNOLBA?DBMK?CEGA@?CAI?YTSLK@EGCDB@CG?EBHEKBB?E@B?ACBBKCD@EEBKGKMKSIIKBLPLVLJJO?U@BHZEUEP@CBD?NCED@CEDFCKD^DCE@?HECAGGBGAGFYF]PIF[JO@OHI?OHMBE?GDMB_@Bc@?En@CBSDCBShBKAKHE?MEG@EEIBKLEVEf@Qp@Ej@?NSpBMXY|Ag@tAU^i@lA_@l@Sb@AJ?h@EzA@p@Gz@CfASdCYhCE~@Dd@CFBBB~@DNDh@BtADlIOtCGXUpBA`@Gj@WfAATIb@Up@k@zAQ\\M`@Yn@iAvCUh@GASHi@|AEBGEWYI[MMIKOKOQOa@?IDOLMAC""}"
"2024-12-03 14:59:06",workout,"Afternoon Tennis",4513,690,0,152,181,,strava,13038931703,"{""elapsed_time"":4513,""total_elevation_gain"":0,""elev_high"":0,""elev_low"":0,""average_speed"":0,""max_speed"":0}"
"2024-12-04 07:46:30",weight-training,"Morning Weight Training",2806,,0,112,147,,strava,13043313416,"{""elapsed_time"":2806,""total_elevation_gain"":0,""elev_high"":0,""elev_low"":0,""average_speed"":0,""max_speed"":0}"
"2024-12-04 09:34:43",walk,"Morning Walk",2525,191,3.002,,,,strava,13043828041,"{""elapsed_time"":2722,""total_elevation_gain"":55.9,""elev_high"":131.3,""elev_low"":75.1,""average_speed"":1.189,""max_speed"":2.18,""gear"":""Vivobarefoot TRACKER TEXTILE AT Vivobarefoot"",""polyline"":""wjjxHh_QBC?HDAG\\@B@ABDFR?NF@NJXXf@z@HDDCl@oBRg@B@?C?DBCH]r@gBHOTs@t@gBDUAG^e@BSL]PcAXqCGQc@c@c@YQOsAeAi@g@SKSSaAg@u@e@_@KGIa@Kg@WWKE?e@W_@K@AQK@_AEWCEc@l@[x@ILAFY`@KXIJ_@fASXQh@SRS^AFQRADKCQHEHEA]h@QPOJQTQLWb@AAEDMTc@j@QH_@`@s@`AMJGPGA[d@YTU\\CAc@l@MLOVIFU\\]^_@LWZa@T[\\ILQLWX_@ZKFWVKDKP_@TKGQZKZB\\QT[TGN?JBDD@?DHDf@`@`Af@DDJDH?LFLBVPN@RNVJFAFFJ@PEHGx@wA?@ACFC@@`@s@l@}@NVJXd@hADPB@LVXd@RL\\JPAPBLCZAVF^d@FBh@l@j@h@d@n@JB@DNJHLVZ@?^d@PL@DFBf@v@|@|@t@~@t@r@DCFI@[JU?OF]FQ?WHe@DIFo@z@qER{@@O`@kAd@iBPg@F]HQAQa@y@Y]?B?GC@@CIWa@y@ACDG?CDABGBS?CEBES?DB?BL""}"
"2024-12-05 17:54:11",walk,"Evening Walk",2899,211,3.325,,,,strava,13053924092,"{""elapsed_time"":3079,""total_elevation_gain"":67.5,""elev_high"":166,""elev_low"":111.1,""average_speed"":1.147,""max_speed"":2.376,""gear"":""Vivobarefoot TRACKER TEXTILE AT Vivobarefoot"",""polyline"":""ujjxHz~PR~@@HCHNHPT?ADDLNN^HDLRD?NYNi@?@BCVy@P_@Rq@JKl@eBp@_BTo@DQR]Zw@T_BZiDLw@@a@Ho@PAZHl@FX?h@ORa@F[?CA@Ba@CaED]JQVKL?fBZj@?b@Gv@Yt@Ql@ARCD@LAb@Dr@EH@LCHO@WASw@iF@?@SQiBSy@Qe@FSLQJ[h@_An@eBk@}@KGa@i@@@m@kAOa@KSo@yBu@}CWw@EWSs@Ki@YeAQw@M]E[GMWIM@GHGVIx@Ov@C`@BDUpAA`@k@jCUj@KLYp@U\\EPONOd@ORMXCd@C`CADCAEBEJCX?^U`D]pDG|AGBU?YBa@?]Di@\\YXw@jACJSTKREDGPg@v@i@tA]xAKX?JDRx@`@r@f@H@x@l@B?p@n@XNHLl@b@DFLDDJ^VVX?PBBCd@_@nCCBELEHALI^QZOd@IJGVILM^CNC?_@dAS^Sp@S`@CPU`@AJWj@GVUf@GAKKCBSk@U]EAIIWg@EC@[BEDE?BBA@MCIEAB@?C?HEAAFJP@@EWVPQQ""}"
"2024-12-06 08:19:49",workout,"Morning Tennis",3407,405,0,133,175,,strava,13058525856,"{""elapsed_time"":3407,""total_elevation_gain"":0,""elev_high"":0,""elev_low"":0,""average_speed"":0,""max_speed"":0}"
"2024-12-06 09:56:03",workout,"Morning Squash",10187,,0,139,210,,strava,13058515777,"{""elapsed_time"":10187,""total_elevation_gain"":0,""elev_high"":0,""elev_low"":0,""average_speed"":0,""max_speed"":0}"
"2024-12-06 18:04:48",walk,"Evening Walk",2761,245,3.852,,,,strava,13060583943,"{""elapsed_time"":2790,""total_elevation_gain"":8,""elev_high"":57.2,""elev_low"":48.2,""average_speed"":1.395,""max_speed"":2.32,""gear"":""Vivobarefoot TRACKER TEXTILE AT Vivobarefoot"",""polyline"":""{slxH~pRMCGQSS_@UCEm@_@KKJg@?WP}AAg@CIg@UYUKCOO_ASQK[EEGw@MMKWBIEi@?SEYBu@?_@Ey@?MD[@[AI@CAq@CeAA{AHSEa@CU@}@CUBa@CIBEHIDOI]ByAEWBiACkAJmABaBNW?c@F[?]JU?WDgBHqAJQAM@UNK@o@CmADq@HI?G@MLy@DODMHEJMDGAQDo@TQ?ODyAn@[?QBs@BUIU?YGKAMBGG]IUBED]Je@HQHUMODK@SGK?SEG@KES@[XS@IUCQBQFCZF^El@F^Cf@FJAPBb@EDBZBLGL?DEH?RHT@NAFBFADENDLEJ@DCN@JKb@CFCb@ADCLADGL?RGDEHCLMRMDIRKLMH??BNFEETAl@MZ?d@Gf@UH@HCD@PEPBJ@@CRCPONHb@AF@`@GJ?BCJAh@@JA@EB?FBDC\\Cl@K`@@h@ILJLKV@DKp@CT@FCJABCV?TIL@b@Cv@An@CLE`@@BGFFB?f@C^@VDd@AnA@NCR@VAZBr@?PADEA@LCv@H|@CZBLGRD|BANABGFFVBn@?f@GR@VF@AVBn@?`@DBD?d@FH~@Rb@RVF\\RL@NLn@\\X@JJZLJHNBVLNNf@\\LNb@Rf@`@NPFJATCJE@KZCB@?A@BD@AA@FH?IAF""}"
"2024-12-07 17:41:29",walk,"Evening Walk",2671,210,3.311,,,,strava,13067266273,"{""elapsed_time"":2883,""total_elevation_gain"":69.1,""elev_high"":131.3,""elev_low"":75.1,""average_speed"":1.239,""max_speed"":3.78,""polyline"":""ojjxH`~P@`@DRGJ?PDNTZBEB@f@t@FNTTD@FIb@sAh@qANg@zBwFBW@BDKJIBMHOVeA`@oD?Qi@e@sB}Aa@a@c@YMG[Ya@Yu@[YSG?AEm@]WKG?_@Qe@MUOWEIH?JK`@a@zAk@zAMl@c@xAQZ]dAWd@ALg@fA[d@EPu@zAOTSPMVCDE@s@nAcAtAUb@{@jA{@rAW\\Ub@MJGNMJAEGCG?QRg@z@Od@KHKZKLE?MTQHOLg@E_@UO?IKMEiAg@[S]OYWYOCG?QIQECC?ONEHMB[Pu@t@SFe@KCUA@EQBKBa@AD?C@AAH@fAFBDPFD?KBAN@^K?EPKFIRO@Cx@g@PR@FB@@G?PL@JN\\^Z@RN`Ad@H?ZVH@\\RTBJJJ@RKRWPa@FQZ_@FOZ_@Pa@TY\\z@JRRh@HLFXf@p@LLL@FBDAd@BNCl@?RTDLF@HJFBp@x@b@`@f@p@pArATZJDPR\\h@XTX\\TTHLVPDJd@l@DBH?D?BGJgALo@Fo@R_A@WX}A?MDWHUHg@Vm@D_@Pe@Ro@^cBd@_BGMIISe@[YG]QWEMGc@NW""}"
"2024-12-08 20:11:18",walk,"Night Walk",3149,358,5.629,,,,strava,13075206002,"{""elapsed_time"":3446,""total_elevation_gain"":11.7,""elev_high"":25.8,""elev_low"":3.9,""average_speed"":1.787,""max_speed"":17.3,""gear"":""Vivobarefoot TRACKER TEXTILE AT Vivobarefoot"",""polyline"":""udoyHdhYn@cANMFK?E?BDE\\_BFCFDF?ABBMCGOMAe@EEGg@@}@I~@Tw@@DVm@EQHPWIEBIKEBOYC@CQ@YMa@^SJAZq@HIPILUBKf@k@NCBMVKF@FC@CASBIRWFCLSDCN]\\]DOp@u@JKJARKNQJEBE@ONSNSJG\\o@Z[T[NQDOHEL[LINUZQXWTEPWXU@CNI^g@d@g@P[D?DKRQFMHGt@gARILIT]HE@KJG@KFMBDRIPQP]Ts@x@y@bAwA\\a@d@u@LELUCQBEHM`@]Pa@RWR[ROB?HELQd@g@LYNMbAoBDCB@LEJK^Qf@i@JSD_@BCJWHIZ?LKFONEFIJUNKLE?BD?BBNA^SHM^[JDRAZMJIFINDR@h@e@LCJ@HGHA\\c@^MTSZIHGH?VYJGJ?FGREJG@ELGJUJ?FEBEHDXSJOf@QHQVWF@\\YNCPMD?DQHId@MPWPGLAd@e@VOH?PIRQH@FAZ[D?HIB@HM@QEq@FYW{AAmBJu@Ac@D[@a@ZkAFq@BK@A?B?ENUDc@HS\\a@Io@@UFKCKB?EEISMs@JQ@IFGBIRMHWNOXG\\UPQHMFAFGNW@KHBNc@@[FJPAJIj@ML@`@ALIFQGu@@iCCkADuAAeA@cAA{BBo@CW@]Is@Bu@EwADaDAk@@]AaAI}@e@iB@MLS@OXKRk@HKF@HUHGXId@?HAbAJ`@@t@EXB?M@NAI@HVDnA@TEj@BFBVCXBHCT?VB^MDBLEH?BCJ@JLFAHDHCHG\\KROVB`@g@?KDATaAXo@AWTBH?JABIBSA]BI@WFc@XqANqAPs@RwADc@Je@Bm@FOJmALe@B[V{@HiAFUHSFWB}@JiAVmAHw@Cs@DQ@[FOFe@J]CU@u@?SCG?SBG@SJe@AWDMDe@?g@N}BDwABiCHy@AYD}@EK?_CK{BCG@MCW?a@EUECg@sBMOAM@CB?BUCe@FQHgAPcADMZg@L_@Lw@JW@MNa@Pw@d@wA@MHQF?FYHK@KLS?IJMFUTYJe@LUAKJe@ChBe@yDb@t@W_@w@[MQKSHBDKJDJI@XP\\BO""}"
"2024-12-09 06:09:07",weight-training,"Morning Weight Training",2730,,0,116,148,,strava,13076772635,"{""elapsed_time"":2730,""total_elevation_gain"":0,""elev_high"":0,""elev_low"":0,""average_speed"":0,""max_speed"":0}"
"2024-12-09 09:36:07",walk,"Morning Walk",2545,207,3.256,,,,strava,13088175351,"{""elapsed_time"":2701,""total_elevation_gain"":57.5,""elev_high"":131.2,""elev_low"":75.1,""average_speed"":1.279,""max_speed"":2.44,""polyline"":""ujjxH~~PHLGDAI?TDRHRNJ?FDCDD\\`@P`@VXHK@GA?JQLe@DAFWFAF_@JS@IJKb@{AbA{BH[Ti@DOAGHOLI?GP]^yABq@NkBCIOIw@o@MGQQC?B?][EAGKOKDBA@GCSUQI]YCA[YYQGA]SEGuCqA}@Ya@UICEB@AKMB_AEQGIYd@KVS\\ERg@x@Sn@Wd@Ob@g@v@IRILg@h@AABAGCA@QPYTORCHOHCHMNYTMVC?QXOLQXIHA?@AIDEF?A?DC?Y^AAOPg@r@GDGJKA?DOHCFMNE??Fw@bAG@Wf@_@`@g@v@?AIJG@ACKBEFA??@MHGJQHu@x@{@p@OLCHULc@d@?\\c@`@CHIDSXMFa@`@C^TPNPRPr@d@XDFCLFVDXRZL^\\Z@PGPSPc@LMZo@\\i@FO^g@?@?CHHJPBLZj@p@dBHJXRHEL@?D@?BJDC?B?EDAVDBE^AVBJFt@t@n@t@JPh@f@BFTTXb@`A|@d@n@r@t@RZPNZn@JLHAFD\\ZDAHGBa@Jg@@WFWDm@DM@KBG\\uBJWDc@RcAPi@Di@NUVmA`@kAJe@Tk@?MCMUSUc@OM?CPcADQD?BYd@uAH_@?@IEINKh@[v@CRk@pBCFC??CCDE^HFXaAE][o@?a@DE@@DCD]CCAHAA@@AD@?""}"
"2024-12-10 09:05:26",weight-training,"Morning Weight Training",2727,,0,127,166,,strava,13084395251,"{""elapsed_time"":2727,""total_elevation_gain"":0,""elev_high"":0,""elev_low"":0,""average_speed"":0,""max_speed"":0}"
"2024-12-10 19:37:42",walk,"Evening Walk",2818,240,3.775,,,,strava,13088545170,"{""elapsed_time"":3035,""total_elevation_gain"":7.3,""elev_high"":56.2,""elev_low"":48.8,""average_speed"":1.34,""max_speed"":5.28,""polyline"":""iolxHjoRF@HGH?CYDa@COKOWK{@s@QMQIUSaAi@QGIGSAEIICc@_@o@Qa@U]GGEOCg@Um@K[COGY?OFIAC@[G]CQGUHSAYDUCGBYAUB_@C]@YC}@@OASBgBAY@GBcAEi@B]AEFU@WEM@gAASAe@B]A{AJmAB[DG?_AHOAc@Fq@Ds@JqAFODY?m@FO?o@DK@EHQBe@Ga@DU?g@DM?YJ[DIDI?GBUBc@JCWDCF?EQCEUDIGE?UDGHM@KNONaA`@AP@]G^D[@R@AAGD[GDFED?EBDsAQg@CN?_@Bt@CZFP@IAVC@AGB]Ap@BP?c@@\\?MBH@ODRAHB?CABBAHEGG?H?ACCDAGBJFCKPCG?IBIAm@BK?v@AMGGFl@CQ@GC]CJECA@@JF@GBH@ACE@AHD?BOAECFDHEHHI@DG@DFAFBUEQ?N@GBDAI@TL?LCJ@FILEFGJGVYRINAFDF?n@SV?TIL?LEdACh@KP@PQHBjA?d@Kf@ER@HCR?VEnAEBEPCXBFCXA?APEXAHCR?FCd@@p@M|@?b@It@@DARAFGFFd@?FBj@El@DPCf@DT?LEf@Db@AFBJE\\DRGXBf@ALD@CP@XE`@BHAP@j@Ab@B\\CL@JC\\DTAJBNCf@B^CRB^AVBLAd@FHBAPHTnAh@VHDDJ@PNZ@FFPCAD@@EFL[QX?RBEAGBGj@d@LDNCLJx@X^\\NFHHRLJNRHJBTXTFNJHLENQp@?CE??CAPCEEZED""}"
"2024-12-11 07:33:35",workout,"Morning Tennis",3243,262,0,117,149,,strava,13091351150,"{""elapsed_time"":3243,""total_elevation_gain"":0,""elev_high"":0,""elev_low"":0,""average_speed"":0,""max_speed"":0}"
"2024-12-11 17:35:41",walk,"Evening Walk",2642,216,3.406,,,,strava,13095082665,"{""elapsed_time"":2700,""total_elevation_gain"":63.1,""elev_high"":131.3,""elev_low"":71.8,""average_speed"":1.289,""max_speed"":2.14,""polyline"":""sjjxHb~PBz@CF?JBLX`@D@@CVXj@~@H@FIH[z@wBFUBC~@iCfAkCF[HKDCXy@R_ABg@ToB?IGQSSKMKEUWa@]o@_@WSKMYQCG[OWUaAk@WMQOOAWKk@]WEWKc@Og@YGAK]?u@CKGIKPOPIT]l@M`@m@pA[z@KPIFKZy@lAOHAEICGDCLOVYTEJMDa@b@[d@CFaAfAMFOXEBAAMVi@h@CHWXg@x@MHG?a@f@EEAJSXKFKPC?ADGBALMPIAAFSZKFKCMFCFGFOTMFoAjAUNQV_@XIL[RUVI@IGCHIJQ^WXWNONs@d@s@n@g@X_@b@C?[XA?WXMZOHAREFAN`@nALNRd@NNh@HFDPBPCL@FAT[pAiAFKZ[NKLAT@XPj@l@r@bAJ@JHb@cAFWF??GJMJ]Da@p@}A`@k@NQb@s@JIBBH\\Z`@Nd@P\\LPPb@XNZDP@ZC\\@LALBDN^\\V^f@j@JDJPXTf@j@`@^|@fALHLPTPr@~@PVFDt@p@VCHFHIDa@Pu@?WD_@V_BDKD_@FOL_AJ[Lw@DIJc@F_@L[R}@Xy@@QJUHa@Re@@MCOWYUc@OKGa@Yg@EM?SDMDGFCCMIGC@""}"
"2024-12-12 16:19:10",e-bike-ride,"Afternoon E-Scooter Ride",2910,179,11.604,,,,strava,13101176447,"{""elapsed_time"":3418,""total_elevation_gain"":48.1,""elev_high"":20.3,""elev_low"":3.9,""average_speed"":3.988,""max_speed"":8.52,""average_watts"":55,""polyline"":""_ihyHfmi@EeBG}@cAkEeB{KeAeE}@oCi@uBqA{Dc@sBM{@Eo@SiAMkDi@iDQ{@Mi@O[e@oAc@}ASe@w@yCKm@gCkKe@qBWo@SiAM_@Ga@m@aC[cBA_@e@}CQ{@y@wCKk@}AwFAWGMU{@Yu@YsACEMy@WaAG]Wu@G[YaAAOADOe@E_@Su@k@wAw@eCKQMi@M[CWUYMoAU_Di@{DEcC@cBKOEAGBJB\\_@JiBd@sGXmCd@}DRiAZmDJuE?_EE_BGk@IqD?aMQmGYwIWgMAaCBeCP}IA_KTiFAK@gACc@Dq@@_CBKCIFaCC_@BqBCOA}@MuC]iDKw@KsAW{AOiBGIBSEu@CeDCWBg@AW@a@M_BOsAGOKKU}Ak@aGSyC?}BOgBI{Aa@iDEo@AuAGk@kAgDGYMYOi@e@oAaDyH_AaCuAuCEWO]iAkCUm@GWKSyBcGOg@Ya@k@qASw@Q_@Wu@BSEUBEC_@BMDOPUl@m@X_@bA{@~A_BJIHAp@y@b@a@PILSHEpAmADOAYYmA?KDGHARDJCdAcAdAkAtAmAJMHa@FIL|@AHGH]JmDzCa@XURCP?`@Nl@?HAFGBG?]}@e@aBy@iDeAqDkCeKk@qBOs@_@mAWgAi@oBa@wBo@aCO}@GIAQWcB?KHWNMLCDFd@S\\IJGBMPQBeAI}BCW?KHY^}@BMR_Cz@gG?]^qDB_AR}BN}@HOJ_AAGKE]]MASI_@a@g@[u@o@iByA}A_BoBkDm@uAc@q@_@oAQc@k@{Bq@wC[sBGi@Bq@]iCWgCYkEKoBU_G@iK@aA?oGGMCAUDCECIDeBG_CAwEMkAY_AWo@FKd@Id@SZKd@GtCHh@CtBBtAFr@@JARK^E^AZBRA`BFTCFi@Vw@Xo@TWDM@UDO@KNUHWBHBOJi@Bo@Ho@ZmAPgANoADCLcAH]BWEC?SBw@FMVmBTkBBa@l@sDVcCPk@P_C@i@Hw@AMBIB_AT}BJwC?}@LcB?aANgACmAAcDOsCOgBIU_@y@Uy@q@_ACI_@[GQGGY?COKU@QIc@?ODYGYFa@@ODQEG?K@BAAD?CAHUCd@ELGDGT@BKjA@JV^JXTTPIPNd@VPZHZARDEVZVf@HH`@v@D^@rACNO?IFOBIJWJADBFKNC@AACB_@v@?n@ZbABXCTIN[z@AJ@B@CAa@A?AG""}"
"2024-12-13 11:13:56",workout,"Lunch Tennis",8033,955,0,135,186,,strava,13106989948,"{""elapsed_time"":8033,""total_elevation_gain"":0,""elev_high"":0,""elev_low"":0,""average_speed"":0,""max_speed"":0}"
"2024-12-13 22:29:49",walk,"Night Walk",2688,254,4.003,,,,strava,13110071001,"{""elapsed_time"":4114,""total_elevation_gain"":62.8,""elev_high"":119.2,""elev_low"":56.2,""average_speed"":1.489,""max_speed"":7.14,""polyline"":""onlxHpmRFIAL?CDA?AJHNDd@b@NBbAp@PNDFVNJLJFFJf@d@DMLML@r@mCrAgEf@wAV]ZM\\E\\HNFFJrAfA\\d@`@n@B?@OB?@C?HFD?MJGFA\\HIE@ICm@OGDIAEFM@WKWSOAKLa@\\o@Xs@LOPa@FYN]@MZk@La@t@iBDSb@_APm@D_@FS?KBUXu@l@iAv@gAT_@DDLb@HFf@lAJZHPLH@DVNb@F\\@HCJ@^EHDf@h@PXPLNNFNVPJRp@p@PT`@^NTNNPVj@h@V\\D@T\\TNFLVPLTJAh@RJEZqADc@?a@RwAHWBUTy@D[FQ@UHYL_@Jy@NYPq@Ha@Re@BQf@gBAQc@o@Yi@EQOUO_@AYJSIA@m@@@KNLrARf@F^HHNZTZNP@JCLKPY`AI\\EHANYhAGLGFIf@WfAWrAM^SjAGz@Mb@OdAGbAIRGj@BLCL?POt@U|@Gj@Sn@OPITOZGHu@fCe@jA]hAg@nAMf@Wj@Wx@Wh@_@tAq@jBOVWdAu@dACTGTC@CNKVUx@KNOFQAa@QYEoBy@s@MUIGKYU[]_@WOS]]MQMIGKYQYA[[QKa@_@EIMGc@]MG[Ya@[MUSGKOISSKOUYOGGOECE]M]_@]QQO_@SKMWc@MKICKOW?KDCDK@KAYSEKUSEIMCCGQIYW[QWUOI[c@MGM?KEE@K^KRE@@DIB@C""}"
"2024-12-14 12:16:41",walk,"Afternoon Walk",3348,204,3.204,,,,strava,13113578279,"{""elapsed_time"":3817,""total_elevation_gain"":10.1,""elev_high"":172.5,""elev_low"":165,""average_speed"":0.957,""max_speed"":1.92,""gear"":""Vivobarefoot TRACKER TEXTILE AT Vivobarefoot"",""polyline"":""mbcxH`oRIBB?DCKBAHCAADIC?BC?]ME@AAIL?FEDBM_@|B[hAWb@QTEHUX]Te@Va@Ba@JY@?BAC@@@A{@?]Ki@[e@g@Q_@Sk@yAwHCICAGYSi@Ec@K[e@oAY{@mBaIoBqHOa@]i@eCaDC?CBe@w@g@iAKc@SoAK_AAgADuAUQcBeAKIIsB?K@ED?b@\\FBDDXLPLD@~@f@JEXk@VYt@Sf@ENBHPj@b@RJjBf@rCj@d@BRAvBMF?XC~@C~@Gf@Cb@DTJLAnBt@XDt@VvBf@n@BVEr@LAEDAABAC@B?ELAj@JNAAAXBv@I^IL?D@j@xCPl@?JPd@B^CPCD?h@~@~EBZEt@MTa@Rw@l@IHSb@a@~Bk@pDEJSnAQf@GLQNiBfA{AfAKNIPKn@BBN@XVDHVf@`@zAVJt@\\}"""
"2024-12-15 10:51:24",walk,"Lunch Walk",2400,183,2.875,,,,strava,13120767267,"{""elapsed_time"":7352,""total_elevation_gain"":59.1,""elev_high"":119.2,""elev_low"":75.1,""average_speed"":1.198,""max_speed"":2.18,""gear"":""Vivobarefoot TRACKER TEXTILE AT Vivobarefoot"",""polyline"":""qjjxHz`QD@ECBHBARb@?F?@C??DDFJF\\d@?ALTJLBJOl@IPK\\Mv@EPKPQr@IPGb@[fAiA~F?LO|@IjAI^EHE?EAMW_@_@e@o@QOQYIEm@s@c@g@OKU[e@g@GMWS?FQWIGKSm@q@IE]_@CGc@e@[Kc@@MDs@I[O[i@Yw@w@eBIAC@g@v@U`@STC@i@fA]XK@g@WQCGGG?IIEIMEGBuAo@OQMA{@k@AE?SOUWXWJQJ{@r@IDEAWXMVOPGFCAILCGBTAAAOFRBMFDDAJg@T]XQT?FIJEXYDMROAAFAPK@?JEBEHJ@PDNNFPNHLXLVTP@PJLDFDd@JRN@D\\HHF\\JH@XQNSTc@f@s@HUV[Xe@DCB?LV@NFNJNZt@LR\\v@HHD@HFDATPVABELAFBd@GRBJLJTDDBAV\\PJHNf@d@RXh@d@LPFBDJl@t@nApA^j@VXHFLTDBV\\B@FJD@NRR@FQFu@HW?WHk@Pi@B_@Hi@B_@JW^wBPo@D]LWXmAVq@j@cCa@w@Wa@GEUy@MQCSDKHCEC@DAAAB@IACCB@C?BB?@MBDIGADD[CP@DA?B@AI?BB@A[CVB@?EAD?CDBCCEDAO@AAF?GC@DE@DA@@E?@CABCCF?CB?EC?DB?AA""}"
"2024-12-16 06:20:56",weight-training,"Morning Weight Training",2885,,0,127,162,,strava,13125609603,"{""elapsed_time"":2885,""total_elevation_gain"":0,""elev_high"":0,""elev_low"":0,""average_speed"":0,""max_speed"":0}"
"2024-12-16 18:08:51",walk,"Evening Walk",3053,269,4.241,,,,strava,13129488917,"{""elapsed_time"":3422,""total_elevation_gain"":62.9,""elev_high"":119.2,""elev_low"":56.2,""average_speed"":1.389,""max_speed"":5.52,""gear"":""Vivobarefoot TRACKER TEXTILE AT Vivobarefoot"",""polyline"":""ymlxHrmRJIDB@HEHdAr@DABLLBf@f@`@PVRT\\RNFPVMFIJ]NW@KFO?IJ[T_AHSF[HIRy@Ne@LUZiATa@TMZGZA`@RTTJNr@j@t@hAFHD?Rc@GQ@A@DBGDAC??BAGBB@GE@CE?CC??A?D@GJEFQNCB]ISCAQY?INa@FKBA?Dd@wARa@Tw@PWDMJQNi@\\q@Pi@P_@n@cBHY@SFO@[BGFWFKDSh@mAHIRa@R]PORYDLD@FTNVTr@d@z@RRVLRDL?LEZDPC\\FJN\\ZJRPLNTJDNT`AlANJrB~BJHxA~AHLXTVCVZBBHCDIJk@?SNw@BYLo@d@{Cl@eCD]Vu@Ns@Xy@DYd@}AEQIIYk@SWOc@[g@ASL[EDA_@EZFx@XZ@TFJNLL\\X`@BRY|@_@zAYv@G`@MZE^[jAQdAKZUfAEr@Qp@Et@QlACNEFQBUEg@o@OI_BaBW[aAeAW_@[WU[mAoAkAuAGEKAs@D_@C]GKGk@u@mAoCa@r@ONIPy@tAIVGHS|@MNCb@M`@ALWj@]`AKNENi@lAk@fBe@~@CPWl@CJGHSd@EDCAA@EVCAGFTYDMCPGBDK@B@MBPBCDUGGAJ[j@FDDA@OETCBAQ?N?[HALJXHHF?FYhAYZKRBPJFE?SOQSMYW[]WQSSKSUWMQEe@BIBURUZGP]hAoAvDM^E\\a@tACEURG?GCA@MMICYSw@y@SGAEQMIOYMY[[WSEE?Of@MPAASVJF?DBYDQEN""}"
"2024-12-17 22:01:15",walk,"Night Walk",2635,233,3.666,,,,strava,13138213758,"{""elapsed_time"":2701,""total_elevation_gain"":51,""elev_high"":136.6,""elev_low"":69.2,""average_speed"":1.391,""max_speed"":2.24,""gear"":""Vivobarefoot TRACKER TEXTILE AT Vivobarefoot"",""polyline"":""a}jxHtfNCHC?AHED@REFUJIAADGFKDGHWHIHI?QLEf@dArBDBNVR`@dElHZp@^`AATBNAP@DL?DfAJrAAhIDbCAh@DhAAz@DnA@lCBZGj@Ur@Wd@O`@QTMVWVOXa@TMLe@n@]Ze@n@OLcAfAIFMTi@f@c@n@[V{@bAOTe@f@U`@_@d@UH]T]^WN[^gA~@[^u@l@KFKEc@z@KDEHMDUZG@_@XK@c@^IJmA|@UVILg@`@SRIh@@PHN\\lAZj@RHd@LVBP?FBPXj@F^NHFjAzARZVXHRt@|@j@\\f@Rr@b@F@dBhA^^TP|@|@p@j@f@n@n@p@`A`BJAPFDEHOD?RQ\\w@b@kAZi@BKHGD?DEV^NLl@r@x@lAJJFCn@iBP]Zu@Hk@ZsABa@D[A]No@Hy@Nu@Be@J_@ASj@iCPmARy@F[?Mb@cAJg@Ri@BSNm@Vk@@OCKUYKYECIMGEEMHc@hAmD?KEECACDCNWl@i@hBId@GHCNQRG^DJB@JQFYNUFS@Ob@uABM?CICEDi@dBO]OUBQHOGBCCDWAD""}"
"2024-12-18 07:31:56",weight-training,"Morning Weight Training",2237,,0,133,164,,strava,13140159054,"{""elapsed_time"":2237,""total_elevation_gain"":0,""elev_high"":0,""elev_low"":0,""average_speed"":0,""max_speed"":0}"
"2024-12-18 18:49:10",walk,"Evening Walk",2680,213,3.357,,,,strava,13147610213,"{""elapsed_time"":2701,""total_elevation_gain"":53.2,""elev_high"":166,""elev_low"":113.8,""average_speed"":1.253,""max_speed"":2.62,""polyline"":""qjjxH`~PBr@@CAGCZLj@FNHFJ@d@j@V`@BBF?fA_DdCgGX{@R_@Xw@d@}CFq@?UT_BHiARCRDl@Fh@?VEHGP]Hg@?iCCgADc@LUJGRAn@JFBt@HNALBb@EJE@EbASFGD@PGf@ED@PAf@Df@Ab@@RCDELY@MC[I_@g@sDCk@MiAKm@Y{@Dc@HKFWNQDMVa@p@eB?IMSe@c@S]KI]m@w@oBaAqDa@kBUs@e@qBk@mBU}@CGWKIDIJQnAOr@IlAI^Ch@K`@Gl@Uv@Of@]p@U\\ENa@z@_@j@IVG~DOrDIj@GL@b@QzAG~@Ct@HjBFd@FfCBxECjBCPKJENMjBGZGJCl@e@pDKd@Un@KNQj@_B~Do@`BGXq@zAERUp@CNS^Sv@Eb@GJWbAQf@CBE@OMIM[UIMCKNe@JWFY@Uf@wAR_ABANc@Jo@To@CGE?AJQd@Qr@GCIOM_@AQLYDACIMEAGDFCE""}"
"2024-12-19 19:26:13",workout,"Evening Squash",5090,,0,160,203,,strava,13151129286,"{""elapsed_time"":5090,""total_elevation_gain"":0,""elev_high"":0,""elev_low"":0,""average_speed"":0,""max_speed"":0}"
"2024-12-19 22:45:19",walk,"Night Walk",2752,205,3.228,,,,strava,13151915457,"{""elapsed_time"":2752,""total_elevation_gain"":47.9,""elev_high"":166.8,""elev_low"":117.8,""average_speed"":1.173,""max_speed"":2.28,""gear"":""Vivobarefoot TRACKER TEXTILE AT Vivobarefoot"",""polyline"":""ujjxHd`QADHNJHFTNJHLDHVZJTJLB@FCDEh@{A^y@Lc@z@{BP]\\_AJUL_@DYLQ`@aA\\yBR{BToBZMLD^FF?RDHAP]VKNKLYDMDs@CkABi@EmADWLSPIL?ZHL@DANDd@FP?LDLCR?b@OJ?PQl@Sn@EDA|@H^C^GPAFBDCLS?a@Mm@@EUsAQwACi@OoAO}@Wm@Vo@HGXq@R]n@}ACKMKo@aAWWQ[[o@Yw@}@uCIc@[kAIe@[eAk@eCGMOs@M]Ia@?GB?DIJEBEH_@H}@DGVI@g@AGEAsAI[KEDKXMB@VAp@S~@Q`@If@APDRIT?ZKnAIVAd@Sl@ET[`AQ`@OPK`@Ub@Mb@]h@Mp@ORUh@ENBLHJRWHABF@TGzCc@bGMrAEV?f@El@BZBDBPFdADL?XAXFzABxBAhDKhA?VGXAd@CZGRGt@EPI|@Mt@Ix@Ux@Yj@e@dAeBrEi@~AILg@tACDIAk@_AMQSOS]IYDOFE@GCB""}"
"2024-12-20 07:34:54",workout,"Morning Tennis",3406,274,0,118,142,,strava,13153507105,"{""elapsed_time"":3406,""total_elevation_gain"":0,""elev_high"":0,""elev_low"":0,""average_speed"":0,""max_speed"":0}"
"2024-12-20 20:05:31",walk,"Night Walk",2755,223,3.514,,,,strava,13164494162,"{""elapsed_time"":3181,""total_elevation_gain"":7.1,""elev_high"":56.2,""elev_low"":49.1,""average_speed"":1.275,""max_speed"":3.33,""gear"":""Vivobarefoot TRACKER TEXTILE AT Vivobarefoot"",""polyline"":""mnlxHxmR?@E[IOMKSIUYSSWKQMEAOKCGKGQCy@k@UEWOs@QKGGGC@OMo@OYQ[K}AWgAEKE]AMCYA]DeBBqCCc@CWB]AeABUC}A?k@DQHWGQ@g@E_A?OB{@Co@H_@?}@F_ADSDo@@u@JYAMDq@Hs@Bg@Fs@BsAJQJK@g@EoALm@@]FO?UJSBe@JMLBFAFI@KEm@NCCA[GKOH_@HQHEHGB@CCE@B@CDLOq@CLAW@OBLCFBE?D?LAE?FAABBCGBIBF@ZBNE]APBJAQLB?HKRLSILHQIJFKGHBAC@AEBACC?@?@?KB??CC^KHNUORLQILDJAIDEEDDE?YGT?GA?OF@?NQJ\\DANSXQl@m@FCP?BGd@CnAQN?XKnBSFAPOHFLBn@EL@l@If@CHC`@?ZGF@ZET?l@IJ?vAO\\?ZGd@CDCdA?dAGNEJBXCXBZEjAB^A`@Bv@CPBv@Cp@B\\Ah@Df@C|@@NCZBJC~ABh@GZDZCJ@JAb@BXATDLAPBZCh@J@d@B@\\LRD`@PN@JLVDPJL?`Ar@RFL?XNH@VPH@NNJ@b@VJLf@\\fA`AANIZQRC?""}"
"2024-12-21 22:58:32",walk,"Night Walk",2798,241,3.794,,,,strava,13164678103,"{""elapsed_time"":2854,""total_elevation_gain"":51.2,""elev_high"":166.5,""elev_low"":117.4,""average_speed"":1.356,""max_speed"":2.48,""gear"":""Vivobarefoot TRACKER TEXTILE AT Vivobarefoot"",""polyline"":""ojjxH`~P?r@CZBJT^F@NPRLRb@NNDDF?BCNi@`@gA`@{@@M^aAd@iAx@uBJ]j@uAH]RcBN}AD@R[T}BFEHDf@DJKh@Kb@MLSJg@@UAwEDWJQTIP?\\FF?d@Jr@Ft@Op@U~@Qp@E`@Fp@ALCf@AJEBEBSGi@m@kECw@OeAQ{@Yu@JMdAoBL]^_A@IBAR_@@IR]ZcAOi@Ao@o@iCMq@?Q@i@DQRKf@O~@y@X]Jc@YsAe@_DEq@EKBSFKRULI^g@Gi@Ak@C]CCQACE?CBGh@Y?a@RS`A_@TGJIDGLc@@[DCABDDFGBGEC?G@DAEB@ACBL_@`AGJYNyBt@ONi@XKJ[Dm@\\e@Ja@NGFEAGFCEA@{@XEFEASHYLu@Le@@Kn@GFACKFCFGf@?DIl@c@PEEUGG@INCHEf@Gb@EJG\\E|@Gp@ERAVYlAMZOn@[v@a@t@Sd@i@|@O`@GnACP?\\AZ@v@KbCKfBMt@Kz@InA@dAH|@JzA?VFrBChAB|CMvCG\\Cf@g@nEUjA[bAwDnJc@pACBQ?IJKZEDGAOS[m@i@k@Q[COHU""}"
"2024-12-22 21:58:24",walk,"Night Walk",2874,215,3.39,,,,strava,13171278230,"{""elapsed_time"":3042,""total_elevation_gain"":61.3,""elev_high"":131.3,""elev_low"":75.1,""average_speed"":1.18,""max_speed"":3.72,""gear"":""Vivobarefoot TRACKER TEXTILE AT Vivobarefoot"",""polyline"":""ojjxH`~PAR?MWNb@VAAEBEJ?NDLPZTNTXR`@PTJBFMFURg@Rm@FI\\y@?Iz@}BRe@LSJ_@Tk@J_@LU\\}@H]TuBH_AAMq@k@KOKCi@e@]S]_@a@WOQOEs@k@[M_Am@MCq@[UG[Qm@SQMWKC@MSAM@s@GOEEEB[h@Od@Wf@IXe@|@g@lAUb@Y^Uf@[\\IEE@ADMPe@^EJMHQV]XUZGDc@d@QZ]ZU^MFq@n@a@n@KFOVc@`@e@l@KHOF]r@UTGDCH]Lg@d@c@^g@h@c@XY^ODKRm@d@EBKC_@r@c@ZIN]Xa@TuAdAI@MRMJULACA?@?I]JMGDJDKg@?LICEFUKBZAAADE?@W@DHJDRD?@B?JAIBEAEC@BBAHBFH?DCJ@LGAA@EjAs@PSLGHAHHBELBTHLC\\?\\Nz@h@z@`@J@PNbA\\LHR?TSTY^u@d@o@Zk@FGN@NJh@pAHTb@x@b@ZXF`ACT@PJJJRXXTb@f@RZ@CLPZXDHn@t@TRLNJF@Hl@l@HPJJNNHBBFr@x@D@\\l@NH^ZDCFI?M\\kCZsABg@F_@FOT_Ah@kCTq@Hi@LU@MVw@ZsACKOQQ_@OSOm@_@e@EUT_@AG@@EGH?MIHHCA?CC?@@?CCCA@B@ACGHBI?MAF""}"
"2024-12-23 10:47:17",weight-training,"Morning Weight Training",2710,,0,153,183,,strava,13173603553,"{""elapsed_time"":2710,""total_elevation_gain"":0,""elev_high"":0,""elev_low"":0,""average_speed"":0,""max_speed"":0}"
"2024-12-23 11:59:15",workout,"Lunch Squash",2950,,0,170,205,,strava,13174099992,"{""elapsed_time"":2950,""total_elevation_gain"":0,""elev_high"":0,""elev_low"":0,""average_speed"":0,""max_speed"":0}"
"2024-12-23 21:05:06",walk,"Night Walk",2715,201,3.167,,,,strava,13177235050,"{""elapsed_time"":2715,""total_elevation_gain"":63.7,""elev_high"":142.3,""elev_low"":78.2,""average_speed"":1.166,""max_speed"":2.967,""polyline"":""ojjxH`~PLZSHDFCF?TLb@FJ@AJD?BZRNZ?ATZ@FFD@FQ~@Q^Id@Qd@G\\Qr@MXOf@ALKZe@fCEDI`@_@fCYxCCDIB{@u@CGMIqBaC[[c@i@k@g@U_@{@y@w@aAo@m@EKMISGU@a@AMCCCSDOC]SMQQk@EEUm@AKEEQ]EO@Ob@e@P_@\\g@BKHEFQJKNYv@gAJKj@cAlAaBh@aA\\c@t@sAJ_@JMPi@T]vAoDDON_@VcATm@h@aBVgAJu@DeBF]zA}B\\m@DCXa@lAuBJIN]PU`CyDd@k@^s@r@_AZo@RUDODCb@{@NQFEFH@ZMnE[|DU|BADAz@J|AHd@Dl@?vBBrAAfBBnAMnBCfAWpAAVM|@Ed@Oz@C^a@fAOXQh@Q^M`@{@vB_@fAKTAJ]r@m@bBIAKKSc@SUGK@KJi@DGNk@IEC@c@`B[e@CIAKBOJQ?BBCAIEC""}"
"2024-12-24 15:26:00",walk,"Afternoon Walk",1779,91,1.434,,,,strava,13182620671,"{""elapsed_time"":2709,""total_elevation_gain"":0,""elev_high"":4.8,""elev_low"":3.8,""average_speed"":0.806,""max_speed"":2.34,""polyline"":""}nkxHeu{DAB?AC?DK?LHFFR^`BHz@\\bCDr@CNB?D`@FfAAHG?ALFn@Cj@B|A@JJXA\\BbBAf@H`B?CAB@A?@A]Gk@@YEc@Ae@?]Ak@D[KwAAwAEy@?m@Gc@EC@@AWEMBGEGAWGGGi@BAGOEk@GSQwAK_@C[@GISKs@CCAMKMOy@Aa@?B?A@?AC@AKcAI_BACAO?OAB@GAA?DAE?BAC@DMqC?{ADy@Pk@B_@BAQfDDHFBK@EA@\\CJ^nHNbAbAfDB@AANn@BNA@FTGa@Ki@Y}@?YGWGUCA?C""}"
"2024-12-24 19:35:54",walk,"Evening Walk",2645,193,3.044,,,,strava,13183836686,"{""elapsed_time"":2700,""total_elevation_gain"":18,""elev_high"":14.1,""elev_low"":3.7,""average_speed"":1.151,""max_speed"":3.02,""gear"":""Vivobarefoot TRACKER TEXTILE AT Vivobarefoot"",""polyline"":""y~fxHowjDG[Ua@AQW@KGSUEKKMCK?BPQLEX]NEA@TMFI^OFINKJOt@_@PUp@_@BG\\ULMNGPQNGTSRMHAd@c@NGTQPEr@u@lAqB@KIMMc@?UZgBR}@Fg@DOTg@DWHI\\UTUj@KJ@JB?@DKDOF{@F}ANk@@SRq@Hc@f@aBFKb@MTMPc@ATDJPNTAS@WQAa@No@?BJPD?BAPi@FIDSVe@EK?YU}AGOCWSu@UcACi@Ss@HQHEPYLYVUN_@FCJHL`@FJLx@FLDT@x@P`ALZn@bAv@f@ZJFDD?DBBLCXBlAAZGTAl@Gf@AXM|@OzAGZEf@@FCLAAAD?XGr@Ad@Db@E^?b@Ef@M`@MLa@fAC?e@r@m@n@KFcAx@EFC^SJYZ_@T_@`@Sb@UZQd@i@t@a@bAc@t@g@pAU\\G^Sd@UV[f@STKFc@v@W`@?BQRYv@_AnBENBTb@v@PPKTD?HD`@ZBF\\b@JRD\\CRACEBAA@BAB@ED?@I?BA@@AB?AA@DC?B??EE?DDAAB?E?DA?DAAGBEA@EBFDk@Qo@_@[UMAGUEGEk@eAGEEAKJMGMDUa@QQg@}@i@w@CCIFGGeAcBISBEAK]_@CAIDGHa@R@FLN@?""}"
"2024-12-25 12:31:39",walk,"Afternoon Walk",2539,132,2.075,,,,strava,13187368012,"{""elapsed_time"":2801,""total_elevation_gain"":0,""elev_high"":4,""elev_low"":2.2,""average_speed"":0.817,""max_speed"":1.62,""gear"":""Vivobarefoot TRACKER TEXTILE AT Vivobarefoot"",""polyline"":""wnkxHoulDKF?HIHSCC??DCEMBACQBCCU?CCGp@CJC?@DANDr@JdA@TBHCFC^U`Aa@bAUZeBlBCBB@@EUVKF{@bAUh@w@zBCBCJy@zBEPaBjEm@rBI`@wB`Hc@l@IDe@^w@`Aq@hAu@vA_@~@E^FTAAh@|@O[C@CMQ_@EUFY~@sB~@}Ah@s@Z]t@m@T]jAwDL[pAaFt@sBd@gAtAaE~@aCZg@XYNWFCpByBRWZo@^iAN{@?SQ}BAi@@?BQP]JINBBAZ?BDLANKN[""}"
"2024-12-25 21:18:01",walk,"Night Walk",2654,209,3.297,,,,strava,13189757739,"{""elapsed_time"":2709,""total_elevation_gain"":11.7,""elev_high"":12.9,""elev_low"":4.1,""average_speed"":1.242,""max_speed"":2.16,""gear"":""Vivobarefoot TRACKER TEXTILE AT Vivobarefoot"",""polyline"":""_`gxH_zjDHF@AAD@AEE?DCCSASYQOKSEEWXULG?IYy@mBGYO[IYe@kAOq@CCIVMFQ_@SSCQIMUiAKUCc@QWMEq@Z_Ap@y@`Aq@l@[^m@f@MPYToAlAuAdAGJa@Ta@LEFKVKAGJA^BNFDPXv@z@n@`Ab@v@Tj@JLPl@LNJVbAlB\\b@D@h@v@HF@FVZXTRT@Dh@d@r@x@|AxAFJ|AvA^Xx@|@`@ZJFDHr@r@b@h@PZzBfCAXGl@EdBER?TFZB`A@d@CDJv@?KK}@EiAGy@?c@BU?q@I{BEOEIMGKOCIIEOSFkABQVi@Nq@\\kCHoAZ[?CJQFc@LYB?^T|Ap@PDBGCURc@Z_@FBFABa@r@{Cj@b@JBXRH?BIPDH]?QP]P{@LUPcAFg@CKKKKSAQg@y@Qa@t@oAJSDQAOUi@FQD]C]I_@Y]y@sAMMEAGDGVYb@[Rm@PS?c@Ds@ZWR]N]Zm@~ASM[_@G?eAt@Uf@MEUUEAQTYr@D@NKJYDCDAB@HLPKHIH[HMRMDAPV?D@C""}"
"2024-12-26 20:06:09",walk,"Evening Walk",2594,193,3.036,,,,strava,13196357156,"{""elapsed_time"":2700,""total_elevation_gain"":73.8,""elev_high"":131.7,""elev_low"":100.4,""average_speed"":1.171,""max_speed"":2.22,""gear"":""Vivobarefoot TRACKER TEXTILE AT Vivobarefoot"",""polyline"":""ojjxHb~PFd@ILCRJTDB@Lh@b@l@bAJ@Re@Pm@p@aBV{@b@iAhAoCPi@N[Rg@@SHQNoAJw@Ds@IQQKIKk@a@KKWOgA}@GKm@_@USQGy@i@UKGIkAg@q@USM_@Ka@SCECk@KMI_@IQ}@|AQj@OVCDMGEGAQBEEq@COBa@AcCCsBCSCmDF_GKiCGc@EmBNgCBIB{@PwA?GEAKFKpAIZ?dAGz@OfAXdGEvFDrBCTBv@DVAx@BZB`CAx@?r@BVLNFBD?HKZ{@R]\\}@LOP\\Dp@VVZJFFXJLH~@ZdAf@NLn@Vb@Vj@f@JDb@\\l@h@VL\\^NHj@f@HDHH?|@a@dDKb@g@lAK`@_@~@Ub@g@rAQl@IJu@rBUt@Wl@G?WYO]QUEMJg@FOB@BUZgAGECFUr@EXO`@ETEFOQSa@BWLWCKBBIGAD""}"
"2024-12-27 19:04:09",workout,"Evening Tennis",6363,796,0,137,183,,strava,13203434466,"{""elapsed_time"":6363,""total_elevation_gain"":0,""elev_high"":0,""elev_low"":0,""average_speed"":0,""max_speed"":0}"
"2024-12-27 21:56:17",walk,"Night Walk",2986,259,4.069,,,,strava,13204046085,"{""elapsed_time"":3408,""total_elevation_gain"":62.9,""elev_high"":119.2,""elev_low"":56.2,""average_speed"":1.363,""max_speed"":8.98,""gear"":""Vivobarefoot TRACKER TEXTILE AT Vivobarefoot"",""polyline"":""ojjxHh~PDTKd@BRP`@Vb@FHJFJXZ\\BNERGLg@`BCd@Wj@GZWx@GXW`A@DETSt@e@lC?LQbAMzAGPG@GAeBmBQYKGg@k@c@c@o@w@UQ}@eAi@m@OKy@eAQMIOKGMEo@?Q@e@CWKUWk@gA[G_@aAGAGNu@fAo@dACVWj@On@Kt@M^[t@ERMRGViAhCCN_@z@k@`BWd@[z@L\\NP@LEJANITE@CLA@DBEVGB?DED@NCAKHW[Ua@SYYUc@i@[WYKSASBSBMHOLQZaBdF}@zCI`@QLKDQI]_@MKEAMMIAg@g@a@Wg@c@KC_@]QICAIBWx@CAGHENLULIHBH]EE@@ASL@PPd@TrAjAn@^LLJND@@DNLXPBA@@JQFEH?@C?K`@uAfB{FRk@@KVe@HINI\\IR?\\H^VZ\\JFJNFBFFB?z@rADADEJ]DABOHFH?HANKEGy@q@PHNOB?CNHQCMSSOY\\s@DQLSVu@LSFU\\u@FWLWfAuCFI^y@XcALcAAMDQf@{@^y@z@oADILMDLJN\\t@Ph@Tf@RVZRVFZCf@@FCXB^^BHNHX`@JHh@t@PJ`BfBNTTTZd@LJHNFB|AfBNJ\\@NNFBB?JODm@Py@Fe@Ni@F}@HWZmBR_ABCL_A^eAH_@X{@BYd@yACU]e@KWOUKa@]e@EQBK""}"
"2024-12-28 19:35:34",walk,"Evening Walk",2444,196,3.079,,,,strava,13211052239,"{""elapsed_time"":2834,""total_elevation_gain"":14.4,""elev_high"":95.3,""elev_low"":90.2,""average_speed"":1.26,""max_speed"":4.18,""gear"":""Vivobarefoot TRACKER TEXTILE AT Vivobarefoot"",""polyline"":""}xb_I|rnIK{@BGKI]v@BRCH?ZUp@[p@qAdAWFQAKDSCU@EBICQDSEIGYa@c@mACk@Wu@SGEBEDERONMDMAOKi@aBe@mA[cAM[A?[u@y@oCG]Sg@SaAGqBK]KQMkAAAGBMEIBUAC@@@ACCBEUAAKy@Ws@AUDe@BAAYBID?GI@UNkBRs@@UFCDe@HKH?f@STGp@G^Kd@GLCh@EPGFGDCTBTCTKXe@TKRFP^LAp@B|@JVCF@RETDZ?d@JJHFNB@?EH@HHHRB`@ATUlACp@@XFPLLv@ZBTFPNJA\\Kz@@JHJ`@TTZPd@F\\@lACbA_@~CEPCXENGLMv@@|@A\\Dj@?HED@DLVLd@YKFDKqA?BD?Km@BVAECYR~AAXEAOUADT^IHCNKZKx@?d@ABFNFCFGRg@VKV?LFDCFBPABCXFR?VENKNANG\\]LQH_@d@_@d@s@NMHOBUGKWOEDCSAWBo@BmBCWWM_@Es@?a@Wg@a@E?UI[OEAKBSVITKv@ILKz@ELE^IJ?VBJNDRF@BH?PB`@AVH?DL?NDZBBEAATCD@JGLAL?DDj@BXADDH@FLLFFTEXEL]`@g@x@MFEF[h@KJYNIJQFYFUAQE[AEBGCa@AM@AB""}"
"2024-12-29 23:29:20",walk,"Night Walk",2672,198,3.109,,,,strava,13220043629,"{""elapsed_time"":2700,""total_elevation_gain"":76.1,""elev_high"":133.8,""elev_low"":100.4,""average_speed"":1.164,""max_speed"":2.2,""gear"":""Vivobarefoot TRACKER TEXTILE AT Vivobarefoot"",""polyline"":""ojjxH`~PD`@K`@BJPXl@n@j@|@D@FEbAwCLS|@gCNY|@aCBQPU\\_A\\mCJmAGMo@k@cAu@aAw@SIGKo@k@mAq@SIEEMESK]KeBw@MCOM_@MKOAaAKSW^Yj@ENS^Qf@UEEGGqC@kA?wACk@Gs@@G?kHBw@@?AY@YOaD?WI_A?e@Du@Ju@A]PwA?WZsC@o@EEEDGHEfAKr@OlB@DCD@f@[nDFn@JjC@JR\\@RC`HDjD?RDtA?|DDlABBBAn@sAFWJKZi@JBD?FNB\\Td@ZHLJNBNJ\\HFDDAjAl@RFp@`@JBHHr@b@VTZPXZv@f@X^XNPRJDLNNH@BAR@XEZEn@QfAAROt@O`@QZWz@ILs@fB]dAk@tAY|@c@`ACPOVC?OMO_@UYGQ?IBENm@EQC?YfAc@s@@MDMFIF@BGIIAG?[Me@AW@I?DAA""}"
"2024-12-30 12:29:59",walk,"Afternoon Walk",2268,122,1.928,,,,strava,13223023621,"{""elapsed_time"":2768,""total_elevation_gain"":0,""elev_high"":4.8,""elev_low"":4,""average_speed"":0.85,""max_speed"":2.1,""gear"":""Vivobarefoot TRACKER TEXTILE AT Vivobarefoot"",""polyline"":""ynkxHyu{DAABBCA?@AGB@GMAD@D@ACBDNAIADB?KIAQGQDV@GO[?IEG@B@DQs@?BECBBEHBADUCCMiAC{@UcDCkBBoAB]CkA@G@BHI@cAD_@?wABYASB]AG@MD}@?u@B[@m@BAGEE@OG@?ACD_@AI?BC?DM@c@AWDoCJ{CCaABwCEmBBcEMeD[uAEWGBCDHD?HRb@DX@RJdAJXD`@HnCCd@BpEAx@Bd@A\\BbAEd@@r@Ef@?h@EvA@FEx@CN@VKhAAj@CL?h@ETAd@AXBHGlA@PCbABbAAZQfA@^Af@B~@BNBB@AAb@BNAXBR?`@Bf@BPDdA?VFf@@|@Xx@DZZX@??KBIOo@MmALr@""}"
"2024-12-31 19:25:42",walk,"Evening Walk",2140,215,3.381,,,,strava,13234145139,"{""elapsed_time"":2722,""total_elevation_gain"":52.2,""elev_high"":166.5,""elev_low"":117.5,""average_speed"":1.58,""max_speed"":4.44,""gear"":""Vivobarefoot TRACKER TEXTILE AT Vivobarefoot"",""polyline"":""ujjxH~_Q?AAFFC@TVh@d@\\Rb@ZXDEn@mBXk@Pm@dAoCx@oBH[R]Vq@BWDKDa@BIP}AF}@Ji@@_@L}@DgADiCC{DE}BEo@ESA_@NWREb@CL@TEb@@DCNB`@El@?LERAB@@ACk@ByDCyCHqEJeATeAPw@Ts@Ry@b@kE?SI]BQ?yACEAYSo@C[JMH?DGRcBBENAFGFo@T@`AMHELCn@WXQl@QTQPEB@Ga@J`@EWF\\Dd@AO@DBCIKFHAC@CCDAAGMB?BIMOFHEC?DCE?@@?AE@@?BACA?@?CIBJAC@BDAC@AE?BD@AAABFBCDDBC?ACB?DAE@F@C??@IADHEA@I?BB?A@B?C?@@DCCBAG@BFAIFCADA?FCC@F?CBEEB@TCI@U@D?EAIE@ELCAQNI?i@VK?sAh@]J{@BEHEd@GDODCDIt@?HE\\ED[Fa@ISREv@Sx@Ct@IZKpAUjAOd@AJ[dAU\\{@dBW`@Qd@CRQ|GMxBET?HIZI`AA|@MbAD`@?^DNAb@Hr@APDl@C\\HrA?vBEd@B^Ab@@RERAn@ERItAGRE\\Ah@W`@M|@KbAMf@OXENKNOj@g@hACPKLY`Ak@fAG`@GFI^a@t@]`AGNEBGECIQUGUUOIUCCEACIQSAMEI@GLO?@?AADA?C_@""}"
"2025-01-01 22:23:04",walk,"Gotta get the 45 minutes in!",2475,230,3.627,,,,strava,13242188937,"{""elapsed_time"":2736,""total_elevation_gain"":22.4,""elev_high"":13.1,""elev_low"":4.2,""average_speed"":1.465,""max_speed"":7.64,""gear"":""Vivobarefoot TRACKER TEXTILE AT Vivobarefoot"",""polyline"":""wnjyHr`NhAj@Cm@a@o@JJ?CCA?ED??AAG?Ib@G@ICGKG@QMMAGABDBDWAOECBGHCDBDADQGD_@C_@[]MQOo@]MMCOKKI@KJCA}A}@GUMECEGHQSeAg@QQe@YIKKEIIMGIAIIFCJHJ?FBFAB@AC?FDAJDNTFARa@Ps@D{@C_AF[JQBQASH]Cw@GACBDW@JDGJu@_@Qg@OO[CFA\\IRCZCH@BAN@ZAJFPMXBHALFDAFENBJGB@\\IHJPVL?LSXGP_@PGN@LDHFLF@C@MIMQA?KHCf@BJHHFLXTDBH?d@VHJFBTBXRZNLVAVHTDBDCPWL@DJ~@h@NJBRLFR?|A|@LDFFXNHLJ@AKE?EGE??LDHCADBBFIJAACFCGG@AJGJI`@?P_@fB?ZMTi@vBCRQf@Ml@Qf@a@dBQ~@ANIVIj@ITG^@BK\\Cd@S`AEb@IVIN@j@Ef@GXE|@Gd@@XIT@f@KZ@JCJ@DGXBn@KNE`@?ZMh@?FFJI`@?z@Ol@@hAGT@RAFBJEv@@^Gt@?TBDDDCA@LHPC@@DSZGNAJKPAN@PCF?LCB@REDPR@AAVFBPVPENPHFVCLIJDFEHSNu@EG@GFI@KJMDCh@NL?BC@INMHSC_@Ha@Bu@FSFALQJAHBBDD?\\QZ]LAXJ?CBBFEBI@@HMFABE@BF?C@DB?CE@?CA@?CCBGK?BHUA@?KCD?UCFTeARYBGEKCBHM?Ms@x@R{@GNKN@Cc@b@Yh@QTWXc@`@VYCFf@c@b@eAXUPe@?HVa@e@eAOCIDg@GDBCHMCa@DEHC~@@NDMRSETJBHHTMlA[HBRE?DDCANDBACBC@@HKEEHAG\\HJBCl@AABFQLMIKTc@AOCOLeAADAM`@y@DSVo@X{ABCNw@DELy@DGB@CZKx@o@~CELWd@ONEZKXqFfDz@xDnA{Cp@_CE@MVC@CH@LAHBHLAFC@@D?V]HU?GECGOGH""}"
"2025-01-02 19:33:17",workout,"Evening Squash",5207,,0,165,209,,strava,13249759322,"{""elapsed_time"":5207,""total_elevation_gain"":0,""elev_high"":0,""elev_low"":0,""average_speed"":0,""max_speed"":0}"
"2025-01-02 23:34:17",walk,"Night Walk",2730,211,3.316,,,,strava,13251059089,"{""elapsed_time"":2750,""total_elevation_gain"":80,""elev_high"":136,""elev_low"":100.4,""average_speed"":1.215,""max_speed"":2.22,""polyline"":""ejjxHx`QDXb@^BFHJBH^h@DBFCTg@BQNYBKRo@JOFWz@_Cz@sB\\aAf@oAf@oDBq@AGUM{@s@EG[Um@g@MGMOKEYY{AaAMCe@[iBw@iAa@k@WM[As@GWEBm@hAM^_@x@C@OKEQ@]GcA@Y?k@EsDCgAA_CDmGYiG@e@LmA?SJ}@?W^mDBeADW@yA?e@AGCAGDCJCnCGdAYrCIbA?RGnAKhARd@TrFC~B?jDNhOB@DCx@oBl@gAPz@P`@DRVDJHHZDHJFXHXNDADDf@NVPNDRNjAl@RPPHZXf@ZLNB?LHh@h@LFh@f@XNNR@H@LEb@YnCOl@a@z@K`@Q\\_A|BaAtCKN{@`CKNIb@Yz@UdA_@]Ue@OQCGF[N_@He@FKH[TaAX{@ECE@a@|AC?[e@CM?MJU?GCFCI?G@B""}"
"2025-01-03 23:13:34",walk,"Night Walk",2690,199,3.131,,,,strava,13259331172,"{""elapsed_time"":2712,""total_elevation_gain"":78.8,""elev_high"":136,""elev_low"":100.4,""average_speed"":1.164,""max_speed"":2.02,""polyline"":""ojjxH`~PCVF?AAAJ@FGPARR`@@HLDTRr@dAH?Ra@DUb@gABKRg@BAFYt@qBfAgCFS?QNMZy@Je@RwANcBGQSMk@g@WOgB}AaBgAICg@]e@U{CoAICk@YOY?u@KYm@hAg@nAABEAMBGDEGCY@QC_AA_FE_A@_ACuB?aBFeBAeAIqAOkD@[VsDHk@ZiDDyC?m@CCKTChA?fAEj@_@bEMzBIx@EP?b@Dd@JrCDb@ChHDvA?tABp@?\\Fv@CjB@vABf@DFJFF@bAcCV_@RBHN@l@DHPLVF^Rt@R\\Rp@TFFn@XNLj@Vb@^\\RBFFBZZf@ZXXJF^^`Ap@CV?d@Ef@GX?HGPCh@Q`AMVGZa@`AcAbC{@`CKT}@`CMb@GDUSWe@u@y@MYCM@IFGDMBCD@EI""}"
"2025-01-04 09:18:42",weight-training,"Morning Weight Training",2466,,0,119,154,,strava,13261661166,"{""elapsed_time"":2466,""total_elevation_gain"":0,""elev_high"":0,""elev_low"":0,""average_speed"":0,""max_speed"":0}"
"2025-01-04 10:13:38",workout,"Morning Squash",3619,,0,134,189,,strava,13262412489,"{""elapsed_time"":3619,""total_elevation_gain"":0,""elev_high"":0,""elev_low"":0,""average_speed"":0,""max_speed"":0}"
"2025-01-07 08:29:58",workout,"Morning Squash",3408,,0,172,204,,strava,13288090335,"{""elapsed_time"":3408,""total_elevation_gain"":0,""elev_high"":0,""elev_low"":0,""average_speed"":0,""max_speed"":0}"
"2025-01-14 08:29:00",workout,"Morning Squash",3197,,0,145,185,,strava,13350287923,"{""elapsed_time"":3197,""total_elevation_gain"":0,""elev_high"":0,""elev_low"":0,""average_speed"":0,""max_speed"":0}"
"2025-01-15 06:51:07",weight-training,"Morning Weight Training",2387,,0,131,165,,strava,13359024849,"{""elapsed_time"":2387,""total_elevation_gain"":0,""elev_high"":0,""elev_low"":0,""average_speed"":0,""max_speed"":0}"
"2025-01-20 10:28:47",walk,"Morning Walk",1108,81,1.282,,,,strava,13403869798,"{""elapsed_time"":1236,""total_elevation_gain"":26.3,""elev_high"":119,""elev_low"":94.7,""average_speed"":1.157,""max_speed"":3.02,""polyline"":""gjjxHt}PAh@EP?L?YEHJn@T^Up@Ax@CJKLALGLWSQUc@]OOKGCIAiA@IJO?@HSFgA@GHKBQAH@UDWDGNGBONSn@eBM[KEI?MGG@A@EGSCKH?BEA]Fs@d@[f@Ub@QJw@`BWZM\\IFKRID?NMVELORGRQTc@\\a@j@Of@ALL`@^h@DNXf@RLVAJFBB@JJP?LPDFJJFBFR?JGd@c@T]FW?YBKTk@l@_ANk@Da@DED?JFb@ZBHh@f@@@JKHi@ZeAA_@Yy@?WNYCOCH@CEBECA@FM""}"
"2025-01-21 08:25:37",workout,"Morning Squash",2812,,0,141,174,,strava,13411937793,"{""elapsed_time"":2812,""total_elevation_gain"":0,""elev_high"":0,""elev_low"":0,""average_speed"":0,""max_speed"":0}"
"2025-01-21 09:53:46",walk,"Morning Walk",1039,73,1.149,,,,strava,13412295451,"{""elapsed_time"":1125,""total_elevation_gain"":23.8,""elev_high"":119,""elev_low"":94.7,""average_speed"":1.105,""max_speed"":2.22,""polyline"":""mjjxHv_QHd@DD@JFH@FOj@G|@Sl@GDg@m@o@g@ACCA?@E?EEA{ARm@@m@D]LSLg@HMIgAFKDUG]KSYOKBa@^MDW^OP[h@_@d@_@~@MLGPKJENSXq@~AWN[^OZSVQf@@R@ABBf@z@@HZj@RL\\DJRTVJXZVZQ^i@TUDK@c@DYZs@NMXg@Jc@Fg@BB@GD??EHNJDd@^Zb@B@DALa@VgAFICc@YaABSHIAE@C@@@E""}"
"2025-01-22 10:29:03",walk,"Morning Walk",954,68,1.071,,,,strava,13421636514,"{""elapsed_time"":991,""total_elevation_gain"":23.8,""elev_high"":119,""elev_low"":94.7,""average_speed"":1.122,""max_speed"":3.1,""gear"":""Vivobarefoot TRACKER TEXTILE AT Vivobarefoot"",""polyline"":""qjjxH`~PDVEF?ZLf@N\\IV?LC?ADEz@OZCPEDGAk@o@YQa@_@@UCk@@QJ[HGDeADKD?@@GQQWSWE@IE]g@USKEG?EFG@AFOTAJW^ELuAfC]z@QPOHi@p@]r@EN@R^h@Rb@PPJVNH`@?HFH\\LLFRLLR@PEFQHIJGV]Fm@Fa@f@y@JYPOTkAHA@@JJn@h@X\\D@J[HOZqAEa@Wo@?K@MNYAM""}"
"2025-01-23 17:29:25",workout,"Afternoon Squash",3129,,0,176,210,,strava,13433576306,"{""elapsed_time"":3129,""total_elevation_gain"":0,""elev_high"":0,""elev_low"":0,""average_speed"":0,""max_speed"":0}"
"2025-01-23 19:21:47",workout,"Evening Squash",4031,,0,178,210,,strava,13434670177,"{""elapsed_time"":4031,""total_elevation_gain"":0,""elev_high"":0,""elev_low"":0,""average_speed"":0,""max_speed"":0}"
"2025-01-24 18:07:43",workout,"Evening Tennis",3409,436,0,148,176,,strava,13457762549,"{""elapsed_time"":3409,""total_elevation_gain"":0,""elev_high"":0,""elev_low"":0,""average_speed"":0,""max_speed"":0}"
"2025-01-30 19:16:08",workout,"Evening Squash",7168,,0,170,210,,strava,13496166648,"{""elapsed_time"":7168,""total_elevation_gain"":0,""elev_high"":0,""elev_low"":0,""average_speed"":0,""max_speed"":0}"
"2025-02-01 12:17:18",weight-training,"Lunch Weight Training",2971,,0,150,179,,strava,13509536081,"{""elapsed_time"":2971,""total_elevation_gain"":0,""elev_high"":0,""elev_low"":0,""average_speed"":0,""max_speed"":0}"
"2025-02-01 13:08:46",workout,"Afternoon Tennis",239,35,0,165,179,,strava,13509727268,"{""elapsed_time"":239,""total_elevation_gain"":0,""elev_high"":0,""elev_low"":0,""average_speed"":0,""max_speed"":0}"
"2025-02-03 06:14:00",weight-training,"Morning Weight Training",2379,,0,122,156,,strava,13525384402,"{""elapsed_time"":2379,""total_elevation_gain"":0,""elev_high"":0,""elev_low"":0,""average_speed"":0,""max_speed"":0}"
"2025-02-03 08:32:06",walk,"Morning Walk",1055,76,1.194,,,,strava,13525874597,"{""elapsed_time"":1070,""total_elevation_gain"":23.8,""elev_high"":119,""elev_low"":94.7,""average_speed"":1.131,""max_speed"":2.26,""polyline"":""kjjxHr~PGP?XJd@LPBHSn@?f@CPQl@GFC?[_@UWc@YOQAKA}@@QPe@AOHc@@]BEB?To@?BH[BAABLI@E?KJSFYJUa@_@[UCEWMK?_@VMBOLUd@STa@x@SV[v@IJKXGHCHUZS`@OVOf@IDk@f@c@r@O^?LBNRXHDRj@Vb@NH\\DLBDJBNJPD@DRNLN?LG\\a@ROJODKDu@Xo@NS`@q@Ja@@[DKH?@Dl@d@d@h@DBB?Z{@BWLk@A_@Ug@E]@GDE@KBCD@""}"
"2025-02-04 08:12:49",workout,"Morning Squash",4020,,0,159,197,,strava,13535048653,"{""elapsed_time"":4020,""total_elevation_gain"":0,""elev_high"":0,""elev_low"":0,""average_speed"":0,""max_speed"":0}"
"2025-02-05 07:53:37",weight-training,"Morning Weight Training",2440,,0,130,169,,strava,13544288052,"{""elapsed_time"":2440,""total_elevation_gain"":0,""elev_high"":0,""elev_low"":0,""average_speed"":0,""max_speed"":0}"
"2025-02-06 19:17:26",workout,"Evening Squash",6089,,0,165,210,,strava,13559147922,"{""elapsed_time"":6089,""total_elevation_gain"":0,""elev_high"":0,""elev_low"":0,""average_speed"":0,""max_speed"":0}"
"2025-02-08 15:53:58",weight-training,"Afternoon Weight Training",3647,,0,,,,strava,13574673213,"{""elapsed_time"":3647,""total_elevation_gain"":0,""elev_high"":0,""elev_low"":0,""average_speed"":0,""max_speed"":0}"
"2025-02-09 11:28:30",weight-training,"Gym Session",2714,332,,,,,setgraph,,"{""sets"":[{""exercise"":""Leg Press"",""reps"":12,""weight"":27.5},{""exercise"":""Leg Press"",""reps"":12,""weight"":42.5},{""exercise"":""Leg Press"",""reps"":12,""weight"":57.5},{""exercise"":""Leg Press"",""reps"":12,""weight"":80},{""exercise"":""Sled Push"",""reps"":2,""weight"":45},{""exercise"":""Sled Push"",""reps"":2,""weight"":50},{""exercise"":""Sled Push"",""reps"":2,""weight"":50},{""exercise"":""Sled Face Pull"",""reps"":2,""weight"":40},{""exercise"":""Sled Face Pull"",""reps"":2,""weight"":40},{""exercise"":""Sled Face Pull"",""reps"":2,""weight"":40},{""exercise"":""Glute bridge kettlebell bench press"",""reps"":12,""weight"":12},{""exercise"":""Glute bridge kettlebell bench press"",""reps"":12,""weight"":12},{""exercise"":""Glute bridge kettlebell bench press"",""reps"":12,""weight"":12}]}"
"2025-02-09 12:19:00",weight-training,"Gym Session",840,59,,,,,setgraph,,"{""sets"":[{""exercise"":""Leg Press"",""reps"":12,""weight"":27.5},{""exercise"":""Leg Press"",""reps"":12,""weight"":42.5},{""exercise"":""Leg Press"",""reps"":12,""weight"":57.5},{""exercise"":""Leg Press"",""reps"":12,""weight"":80},{""exercise"":""Sled Push"",""reps"":2,""weight"":45},{""exercise"":""Sled Push"",""reps"":2,""weight"":50},{""exercise"":""Sled Push"",""reps"":2,""weight"":50},{""exercise"":""Sled Face Pull"",""reps"":2,""weight"":40},{""exercise"":""Sled Face Pull"",""reps"":2,""weight"":40},{""exercise"":""Sled Face Pull"",""reps"":2,""weight"":40},{""exercise"":""Glute bridge kettlebell bench press"",""reps"":12,""weight"":12},{""exercise"":""Glute bridge kettlebell bench press"",""reps"":12,""weight"":12},{""exercise"":""Glute bridge kettlebell bench press"",""reps"":12,""weight"":12}]}"
"2025-02-10 06:07:09",weight-training,"Gym Session",2898,211,,,,,setgraph,,"{""sets"":[{""exercise"":""Incline Dumbbell Press"",""reps"":10,""weight"":14},{""exercise"":""Dumbbell Bench Press"",""reps"":12,""weight"":12},{""exercise"":""Dumbbell Bench Press"",""reps"":12,""weight"":14},{""exercise"":""Dumbbell Bench Press"",""reps"":12,""weight"":14},{""exercise"":""Incline Dumbbell Press"",""reps"":12,""weight"":14},{""exercise"":""Incline Dumbbell Press"",""reps"":12,""weight"":14},{""exercise"":""Lateral Raises"",""reps"":12,""weight"":4},{""exercise"":""Lateral Raises"",""reps"":12,""weight"":4},{""exercise"":""Press Ups"",""reps"":10,""weight"":0},{""exercise"":""Lateral Raises"",""reps"":12,""weight"":4},{""exercise"":""Frontal raises"",""reps"":12,""weight"":4},{""exercise"":""Frontal raises"",""reps"":12,""weight"":4},{""exercise"":""Frontal raises"",""reps"":12,""weight"":4},{""exercise"":""Incline Pushup"",""reps"":10,""weight"":0},{""exercise"":""Press Ups"",""reps"":10,""weight"":0},{""exercise"":""Press Ups"",""reps"":10,""weight"":0},{""exercise"":""Incline Pushup"",""reps"":10,""weight"":0},{""exercise"":""Incline Pushup"",""reps"":10,""weight"":0},{""exercise"":""Seated Shoulder Press"",""reps"":12,""weight"":10},{""exercise"":""Seated Shoulder Press"",""reps"":12,""weight"":10},{""exercise"":""Seated Shoulder Press"",""reps"":12,""weight"":10}]}"
"2025-02-10 11:07:50",walk,"Lunch Walk",655,56,0.876,,,,strava,13589307516,"{""elapsed_time"":691,""total_elevation_gain"":12.6,""elev_high"":131.1,""elev_low"":117.5,""average_speed"":1.337,""max_speed"":2.46,""polyline"":""qjjxHp_QA@B@BZHRPT?FEJ?CLPPHLVDCD@XZHAb@mAb@gA|@gCd@kARa@?IFGPa@Je@R[Xs@Ho@?KJe@RuA@_@WxB?FMz@IZM`@[r@ERgAjCAJOZGHeAzC]t@Ql@AJEFG?UUO_@UYCKUSSa@AO?GJUHGGAAE""}"
"2025-02-12 09:02:40",weight-training,"Gym Session",2715,244,,,,,setgraph,,"{""sets"":[{""exercise"":""TRX Row"",""reps"":10,""weight"":0},{""exercise"":""TRX Row"",""reps"":10,""weight"":0},{""exercise"":""TRX Row"",""reps"":10,""weight"":0},{""exercise"":""Squat"",""reps"":10,""weight"":0},{""exercise"":""Squat"",""reps"":10,""weight"":0},{""exercise"":""Squat"",""reps"":10,""weight"":0},{""exercise"":""Strict Press"",""reps"":10,""weight"":8},{""exercise"":""Farmer Walk"",""reps"":1,""weight"":16},{""exercise"":""Farmer Walk"",""reps"":1,""weight"":16},{""exercise"":""Farmer Walk"",""reps"":1,""weight"":16},{""exercise"":""Strict Press"",""reps"":10,""weight"":8},{""exercise"":""Strict Press"",""reps"":10,""weight"":8},{""exercise"":""Barbell Push Press"",""reps"":10,""weight"":30},{""exercise"":""Barbell Push Press"",""reps"":10,""weight"":30},{""exercise"":""Barbell Push Press"",""reps"":6,""weight"":30},{""exercise"":""Barbell Push Press"",""reps"":6,""weight"":17.5},{""exercise"":""Standing Cable Flies"",""reps"":12,""weight"":3.8},{""exercise"":""Standing Cable Flies"",""reps"":12,""weight"":6.3},{""exercise"":""Standing Cable Flies"",""reps"":10,""weight"":8.8},{""exercise"":""Standing Cable Flies"",""reps"":15,""weight"":10},{""exercise"":""Barbell Bicep Curl"",""reps"":12,""weight"":17.5},{""exercise"":""Barbell Bicep Curl"",""reps"":10,""weight"":17.5},{""exercise"":""Barbell Bicep Curl"",""reps"":8,""weight"":17.5}]}"
"2025-02-13 19:42:54",workout,"Evening Squash",6328,,0,168,207,,strava,13620356648,"{""elapsed_time"":6328,""total_elevation_gain"":0,""elev_high"":0,""elev_low"":0,""average_speed"":0,""max_speed"":0}"
"2025-02-15 18:13:00",weight-training,"Gym Session",3027,376,,,,,setgraph,,"{""sets"":[{""exercise"":""Wall Balls"",""reps"":20,""weight"":4},{""exercise"":""Wall Balls"",""reps"":20,""weight"":4},{""exercise"":""Wall Balls"",""reps"":20,""weight"":4},{""exercise"":""Low Cable Row"",""reps"":5,""weight"":6.3},{""exercise"":""Low Cable Row"",""reps"":12,""weight"":13.8},{""exercise"":""Low Cable Row"",""reps"":12,""weight"":16.3},{""exercise"":""Low Cable Row"",""reps"":12,""weight"":16.3},{""exercise"":""Cable Reverse Fly"",""reps"":12,""weight"":3.8},{""exercise"":""Standing Rope Bicep Curl on Cable Machine"",""reps"":12,""weight"":8.8},{""exercise"":""Standing Rope Bicep Curl on Cable Machine"",""reps"":12,""weight"":8.8},{""exercise"":""Cable Reverse Fly"",""reps"":12,""weight"":3.8},{""exercise"":""Cable Reverse Fly"",""reps"":12,""weight"":3.8},{""exercise"":""Standing Rope Bicep Curl on Cable Machine"",""reps"":12,""weight"":8.8},{""exercise"":""Lat Pulldown"",""reps"":12,""weight"":27.5},{""exercise"":""Lat Pulldown"",""reps"":12,""weight"":35},{""exercise"":""Lat Pulldown"",""reps"":12,""weight"":35},{""exercise"":""Ring Face-Pulls"",""reps"":10,""weight"":0},{""exercise"":""TRX Bicep Curl"",""reps"":12,""weight"":0},{""exercise"":""TRX Bicep Curl"",""reps"":10,""weight"":0},{""exercise"":""Ring Face-Pulls"",""reps"":12,""weight"":0},{""exercise"":""Ring Face-Pulls"",""reps"":10,""weight"":0},{""exercise"":""TRX Bicep Curl"",""reps"":10,""weight"":0},{""exercise"":""Sled Face Pull"",""reps"":2,""weight"":40},{""exercise"":""Sled Face Pull"",""reps"":1,""weight"":40}]}"
"2025-02-16 18:24:42",weight-training,"Gym Session",2114,209,,,,,setgraph,,"{""sets"":[{""exercise"":""Leg Press"",""reps"":10,""weight"":80},{""exercise"":""Leg Press"",""reps"":10,""weight"":80},{""exercise"":""Leg Press"",""reps"":10,""weight"":80},{""exercise"":""Farmer Walk"",""reps"":8,""weight"":16},{""exercise"":""Box jump"",""reps"":10,""weight"":0},{""exercise"":""Box jump"",""reps"":10,""weight"":0},{""exercise"":""Box jump"",""reps"":10,""weight"":0},{""exercise"":""Wall Balls"",""reps"":10,""weight"":4},{""exercise"":""Wall Balls"",""reps"":10,""weight"":4}]}"
"2025-02-17 06:06:09",weight-training,"Gym Session",3429,224,,,,,setgraph,,"{""sets"":[{""exercise"":""External Shoulder Rotation Band"",""reps"":12,""weight"":3.8},{""exercise"":""External Shoulder Rotation Band"",""reps"":12,""weight"":6.3},{""exercise"":""External Shoulder Rotation Band"",""reps"":12,""weight"":6.3},{""exercise"":""Straight Bar Front Raises"",""reps"":12,""weight"":6.3},{""exercise"":""Straight Bar Front Raises"",""reps"":12,""weight"":11.3},{""exercise"":""Straight Bar Front Raises"",""reps"":12,""weight"":11.3},{""exercise"":""Cable Tricep Pushdown With Straight Bar"",""reps"":12,""weight"":13.8},{""exercise"":""Cable Tricep Pushdown With Straight Bar"",""reps"":12,""weight"":13.8},{""exercise"":""Cable Tricep Pushdown With Straight Bar"",""reps"":12,""weight"":13.8},{""exercise"":""Tricep Dips"",""reps"":12,""weight"":0},{""exercise"":""Tricep Dips"",""reps"":12,""weight"":0},{""exercise"":""Tricep Dips"",""reps"":12,""weight"":0},{""exercise"":""Lateral Raises"",""reps"":12,""weight"":4},{""exercise"":""Frontal raises"",""reps"":12,""weight"":4},{""exercise"":""Cable bench press"",""reps"":12,""weight"":8.8},{""exercise"":""Cable bench press"",""reps"":12,""weight"":8.8},{""exercise"":""Cable bench press"",""reps"":12,""weight"":8.8},{""exercise"":""Seated Shoulder cable press"",""reps"":12,""weight"":6.3},{""exercise"":""Seated Shoulder cable press"",""reps"":12,""weight"":6.3},{""exercise"":""Seated Shoulder cable press"",""reps"":12,""weight"":6.3},{""exercise"":""Incline Dumbbell Press"",""reps"":12,""weight"":14},{""exercise"":""Incline Dumbbell Press"",""reps"":12,""weight"":14},{""exercise"":""Incline Dumbbell Press"",""reps"":12,""weight"":14}]}"
"2025-02-21 09:01:54",weight-training,"Gym Session",2644,327,,,,,setgraph,,"{""sets"":[{""exercise"":""Kettlebell Swing"",""reps"":16,""weight"":12},{""exercise"":""Kettlebell Swing"",""reps"":16,""weight"":12},{""exercise"":""Kettlebell Swing"",""reps"":12,""weight"":20},{""exercise"":""Overhead carry"",""reps"":10,""weight"":10},{""exercise"":""Overhead carry"",""reps"":10,""weight"":10},{""exercise"":""Suitcases"",""reps"":10,""weight"":20},{""exercise"":""Suitcases"",""reps"":10,""weight"":20},{""exercise"":""Overhead carry"",""reps"":10,""weight"":10},{""exercise"":""Overhead carry"",""reps"":10,""weight"":10},{""exercise"":""Overhead carry"",""reps"":10,""weight"":10},{""exercise"":""Overhead carry"",""reps"":10,""weight"":10},{""exercise"":""Overhead carry"",""reps"":10,""weight"":10},{""exercise"":""Overhead carry"",""reps"":10,""weight"":10},{""exercise"":""Push Up"",""reps"":12,""weight"":0},{""exercise"":""Push Up"",""reps"":12,""weight"":0}]}"
"2025-02-21 10:53:35",workout,"Morning Squash",3047,,0,160,192,,strava,13685848112,"{""elapsed_time"":3047,""total_elevation_gain"":0,""elev_high"":0,""elev_low"":0,""average_speed"":0,""max_speed"":0}"
"2025-02-22 13:21:31",workout,"Afternoon Squash",7244,,0,158,210,,strava,13696534883,"{""elapsed_time"":7244,""total_elevation_gain"":0,""elev_high"":0,""elev_low"":0,""average_speed"":0,""max_speed"":0}"
"2025-02-22 17:56:49",walk,"Evening Walk",2757,198,3.113,,,,strava,13698389136,"{""elapsed_time"":3600,""total_elevation_gain"":14.4,""elev_high"":20.3,""elev_low"":5.8,""average_speed"":1.129,""max_speed"":6.179,""polyline"":""wyhyH|j[B@?NB@A@BFBAHP?LBHP?BCH@JDDPEN@NABCd@KRYTGj@EJ@XGFALGL?HKXG`@Yb@IDCHIBGXC@@RAQDNEMGNOd@GBGLIFIT]h@Qj@KFQXOLAFGFERG@EJIFCPKLM^SZCHUTM\\EBMN?F_@b@Od@AJGDIR_@`@GXA?QZSh@QRQZEBKZEBCCME_@@Qd@KPKFENIFCLUd@EDAFSVOZGVY`@IXGFAAU^Af@CF?R@LDBBXGJ?ACJ@?GLUXO^GJUd@CBWBED?RHd@@DDA?PCXFn@FXI^?JHV?DCABHEDEVGFE?QJODS@GBE?GDE@EAIBEKB@SGPHCJGHIC]RK?SLE?CBCACBIBIDGAABCCCDEAMBEFAFBj@@SBA@DELBJCb@ED@XDTEFDTERFPCT@PJP?h@@@Br@AHHz@FT?HBLBB?LDFBRNZ?JFRAHF`@HFDNDb@B|@DF@HHLBJ?JOXALLJ?BD@BCNCELFSJBF?iBr@~@a@?@BELGACDECCCCAFG@J?IBH?KFDAKL?NGLE@AB?CA?Dt@?NDJCLAd@NRB\\GTMZDd@ETAd@BHAPDf@Ax@Nb@CB@BCPCFBHCn@E\\BBDREnAGj@BV?JMjBERAvAIx@BzACh@DVGz@BL@hADd@ENE~@B`@ELB^CXAhAAP@NEt@@BB??TCh@Gh@AbADV?fABt@CTBP?`ADb@AVD|@?b@BPCf@@B?LBJBTAb@DZB~A@HNAG@BHA^BJC~ADb@ARBN?HFh@@p@Fj@C|@BXAh@D\\Cz@@b@HRZZ^h@HABG@BDACE@HDAAD@AA@BBCC@@BKGAF?CCA@@E?D""}"
"2025-02-24 06:07:40",weight-training,"Gym Session",3343,188,,,,,setgraph,,"{""sets"":[{""exercise"":""Dumbbell Shoulder Press"",""reps"":12,""weight"":8},{""exercise"":""Dumbbell Shoulder Press"",""reps"":12,""weight"":14},{""exercise"":""Dumbbell Shoulder Press"",""reps"":12,""weight"":14},{""exercise"":""Seated Lateral Raises"",""reps"":12,""weight"":4},{""exercise"":""Seated Lateral Raises"",""reps"":12,""weight"":4},{""exercise"":""Seated Lateral Raises"",""reps"":12,""weight"":4},{""exercise"":""Cable Tricep Pushdown With Straight Bar"",""reps"":12,""weight"":12.5},{""exercise"":""Cable Tricep Pushdown With Straight Bar"",""reps"":12,""weight"":15},{""exercise"":""Cable Tricep Pushdown With Straight Bar"",""reps"":12,""weight"":15},{""exercise"":""Standing Cable Flies"",""reps"":12,""weight"":8.8},{""exercise"":""Standing Cable Flies"",""reps"":12,""weight"":8.8},{""exercise"":""Standing Cable Flies"",""reps"":12,""weight"":8.8},{""exercise"":""Supine Cable Flies"",""reps"":12,""weight"":3.8},{""exercise"":""Supine Cable Flies"",""reps"":12,""weight"":3.8},{""exercise"":""Supine Cable Flies"",""reps"":12,""weight"":3.8},{""exercise"":""Tricep TRX"",""reps"":12,""weight"":0},{""exercise"":""Tricep TRX"",""reps"":12,""weight"":0},{""exercise"":""Tricep TRX"",""reps"":12,""weight"":0},{""exercise"":""Frog crunch"",""reps"":12,""weight"":0},{""exercise"":""Frog crunch"",""reps"":12,""weight"":0},{""exercise"":""Frog crunch"",""reps"":12,""weight"":0}]}"
"2025-02-25 16:51:49",workout,"Afternoon Squash",3387,,0,161,196,,strava,13724857132,"{""elapsed_time"":3387,""total_elevation_gain"":0,""elev_high"":0,""elev_low"":0,""average_speed"":0,""max_speed"":0}"
"2025-02-26 09:41:22",weight-training,"Gym Session",2943,316,,,,,setgraph,,"{""sets"":[{""exercise"":""Goblet Squat"",""reps"":12,""weight"":16},{""exercise"":""Goblet Squat"",""reps"":12,""weight"":16},{""exercise"":""Goblet Squat"",""reps"":12,""weight"":16},{""exercise"":""Sled Push"",""reps"":2,""weight"":20},{""exercise"":""Sled Push"",""reps"":2,""weight"":40},{""exercise"":""Sled Push"",""reps"":2,""weight"":60},{""exercise"":""Sled Push"",""reps"":2,""weight"":80},{""exercise"":""Leg Extension"",""reps"":10,""weight"":50},{""exercise"":""Leg Extension"",""reps"":10,""weight"":42.5},{""exercise"":""Leg Extension"",""reps"":10,""weight"":35},{""exercise"":""Tricep Dips"",""reps"":10,""weight"":0},{""exercise"":""Tricep Dips"",""reps"":10,""weight"":0},{""exercise"":""Tricep Dips"",""reps"":10,""weight"":0}]}"
"2025-02-27 19:29:35",workout,"Evening Squash",3960,,0,156,208,,strava,13744877124,"{""elapsed_time"":3960,""total_elevation_gain"":0,""elev_high"":0,""elev_low"":0,""average_speed"":0,""max_speed"":0}"
"2025-02-28 17:22:05",workout,"Afternoon Squash",1879,,0,149,182,,strava,13752215610,"{""elapsed_time"":1879,""total_elevation_gain"":0,""elev_high"":0,""elev_low"":0,""average_speed"":0,""max_speed"":0}"
"2025-03-01 09:22:56",workout,"Morning Squash",11091,,0,133,183,,strava,13758452003,"{""elapsed_time"":11091,""total_elevation_gain"":0,""elev_high"":0,""elev_low"":0,""average_speed"":0,""max_speed"":0}"
"2025-03-04 09:56:31",walk,"Morning Walk",926,72,1.133,,,,strava,13821567401,"{""elapsed_time"":1117,""total_elevation_gain"":23.8,""elev_high"":119,""elev_low"":94.7,""average_speed"":1.223,""max_speed"":2.18,""polyline"":""cjjxHp_QEHA?A@@PNj@FF?BIVKFCP?l@MVA@ATEF@BC?GEU]e@e@SMA??BACB?A@ACICG_@?{@FSHOFs@CE@E@@DELa@Z_@Li@EUGICDWe@GBCCe@DIAYHe@BMBSVGRW`@KZMPYl@_@n@Ub@Od@MNk@f@S\\IHS^ET?NPZLHL`@JRLJDP?CNJb@DLNDRJJLTHDFJFBXCv@cADQBk@LSDUJW`@a@Tw@Ba@BGJ?A?@BD?TRx@x@DAL]Ry@N_@Aa@[_AH[FEAOEABACIIIFFA@BAECBB""}"
"2025-03-07 09:05:03",weight-training,"Gym Session",2458,309,,,,,setgraph,,
"2025-03-09 16:32:22",walk,"Afternoon Walk",974,74,1.159,,,,strava,13835857500,"{""elapsed_time"":1055,""total_elevation_gain"":23.8,""elev_high"":119,""elev_low"":94.7,""average_speed"":1.19,""max_speed"":2.82,""polyline"":""yjjxHf`QLLFXJPOr@Ar@O^EPGFICa@m@]QQUABIUCu@@[DMNUHyA@?ABJ_@B?@KLUDA@BJq@Pi@CUEKg@m@OGQBo@b@s@v@ELa@h@Ub@K`@e@r@u@tAUp@QVYP_@`@Yf@Md@BL\\b@RZDRRZTRZ@DBNXNNVb@A@J?FBHAJEHQVQR[DWAIHk@\\u@^g@JYLw@DGF@JJXPp@t@D?Pa@^{AC[]{@BUJQ@??G""}"
"2025-03-11 07:13:20",weight-training,"Gym Session",3551,325,,,,,setgraph,,"{""sets"":[{""exercise"":""Incline Dumbbell Press"",""reps"":12,""weight"":10},{""exercise"":""Incline Dumbbell Press"",""reps"":12,""weight"":14},{""exercise"":""Incline Dumbbell Press"",""reps"":12,""weight"":14},{""exercise"":""Incline Dumbbell Press"",""reps"":12,""weight"":14},{""exercise"":""Cable Tricep Pushdown With Straight Bar"",""reps"":12,""weight"":15},{""exercise"":""Cable Tricep Pushdown With Straight Bar"",""reps"":12,""weight"":15},{""exercise"":""Standing Cable Flies"",""reps"":12,""weight"":8.8},{""exercise"":""Standing Cable Flies"",""reps"":12,""weight"":8.8},{""exercise"":""Standing Cable Flies"",""reps"":12,""weight"":8.8},{""exercise"":""Sled Push"",""reps"":2,""weight"":50},{""exercise"":""Sled Push"",""reps"":2,""weight"":50},{""exercise"":""Dumbbell Floor Press"",""reps"":12,""weight"":10},{""exercise"":""Dumbbell Floor Press"",""reps"":12,""weight"":10},{""exercise"":""Dumbbell Floor Press"",""reps"":12,""weight"":10}]}"
"2025-03-11 08:15:41",workout,"Morning Squash",3565,,0,144,181,,strava,13849870118,"{""elapsed_time"":3565,""total_elevation_gain"":0,""elev_high"":0,""elev_low"":0,""average_speed"":0,""max_speed"":0}"
"2025-03-11 12:30:05",walk,"Lunch Walk",1048,77,1.216,,,,strava,13851599341,"{""elapsed_time"":1082,""total_elevation_gain"":23.8,""elev_high"":119,""elev_low"":94.7,""average_speed"":1.16,""max_speed"":2.34,""gear"":""Vivobarefoot TRACKER TEXTILE AT Vivobarefoot"",""polyline"":""mjjxHh~PFZI\\@PR\\@I@@BH?HOf@GD?v@Qp@GHIEYa@GCMQYQGICA?AICEK?{@AI@QPc@@UF]?K?@@GLSFUDBAGHUDOAA?@FQFSHCBEAB@A@BJ_AEGMCm@i@[K[TQREAWRG@EROXIHGNGFa@l@Uj@A@EHSd@ORUj@SZM`@[^G@GPc@`@Yf@IZ@NNVPPLX\\l@JDBFP@PFT`@JFLXHJXCPMTYZ]DKAYFa@Rg@FERa@NOJWPw@DKHBPR\\Z`@f@F@\\gAF]FQ@AAa@Ws@CQDOJGAADGAMID@DAE@AGA""}"
"2025-03-12 09:00:26",weight-training,"Gym Session",2744,356,,,,,setgraph,,
"2025-03-15 10:02:13",workout,"Morning Squash",4544,,0,146,205,,strava,13887644449,"{""elapsed_time"":4544,""total_elevation_gain"":0,""elev_high"":0,""elev_low"":0,""average_speed"":0,""max_speed"":0}"
"2025-03-19 06:48:49",weight-training,"Gym Session",6694,840,,,,,setgraph,,"{""sets"":[{""exercise"":""TRX Row"",""reps"":10,""weight"":0},{""exercise"":""TRX Row"",""reps"":10,""weight"":0},{""exercise"":""TRX Row"",""reps"":10,""weight"":0},{""exercise"":""Push Up"",""reps"":10,""weight"":0},{""exercise"":""Push Up"",""reps"":10,""weight"":0},{""exercise"":""Push Up"",""reps"":10,""weight"":0},{""exercise"":""Assist Pull Ups"",""reps"":10,""weight"":12.5},{""exercise"":""Assist Pull Ups"",""reps"":10,""weight"":12.5},{""exercise"":""Assist Pull Ups"",""reps"":6,""weight"":0},{""exercise"":""Assist Pull Ups"",""reps"":8,""weight"":0},{""exercise"":""Assist Pull Ups"",""reps"":8,""weight"":0},{""exercise"":""Lat Pulldown"",""reps"":12,""weight"":42.5},{""exercise"":""Lat Pulldown"",""reps"":10,""weight"":50},{""exercise"":""Lat Pulldown"",""reps"":8,""weight"":60},{""exercise"":""Bench Press"",""reps"":10,""weight"":20},{""exercise"":""Bicep Curls"",""reps"":10,""weight"":8},{""exercise"":""Bench Press"",""reps"":10,""weight"":40},{""exercise"":""Bench Press"",""reps"":10,""weight"":50},{""exercise"":""Bicep Curls"",""reps"":10,""weight"":8},{""exercise"":""Bench Press"",""reps"":10,""weight"":50},{""exercise"":""Bicep Curls"",""reps"":10,""weight"":8},{""exercise"":""Rope Bicep Curls"",""reps"":10,""weight"":8.8},{""exercise"":""Cable Tricep Pushdown With Straight Bar"",""reps"":12,""weight"":16.3},{""exercise"":""Rope Bicep Curls"",""reps"":12,""weight"":11.3},{""exercise"":""Cable Tricep Pushdown With Straight Bar"",""reps"":15,""weight"":16.3},{""exercise"":""Rope Bicep Curls"",""reps"":10,""weight"":11.3},{""exercise"":""Cable Tricep Pushdown With Straight Bar"",""reps"":12,""weight"":16.3}]}"
"2025-03-22 10:10:57",workout,"Morning Squash",5123,,0,149,204,,strava,13952989724,"{""elapsed_time"":5123,""total_elevation_gain"":0,""elev_high"":0,""elev_low"":0,""average_speed"":0,""max_speed"":0}"
"2025-03-24 06:31:36",weight-training,"Gym Session",2700,209,,,,,setgraph,,"{""sets"":[{""exercise"":""Ring Push Ups"",""reps"":12,""weight"":0},{""exercise"":""Ring Push Ups"",""reps"":12,""weight"":0},{""exercise"":""Ring Push Ups"",""reps"":12,""weight"":0},{""exercise"":""chest press"",""reps"":10,""weight"":20},{""exercise"":""chest press"",""reps"":10,""weight"":27.5},{""exercise"":""chest press"",""reps"":10,""weight"":27.5},{""exercise"":""Dumbbell Bench Press"",""reps"":12,""weight"":14},{""exercise"":""Dumbbell Bench Press"",""reps"":12,""weight"":14},{""exercise"":""Dumbbell Bench Press"",""reps"":12,""weight"":14},{""exercise"":""Frontal raises"",""reps"":12,""weight"":4},{""exercise"":""Frontal raises"",""reps"":12,""weight"":4},{""exercise"":""Frontal raises"",""reps"":12,""weight"":4},{""exercise"":""Seated Shoulder cable press"",""reps"":12,""weight"":12.5},{""exercise"":""Seated Shoulder cable press"",""reps"":12,""weight"":12.5},{""exercise"":""Seated Shoulder cable press"",""reps"":12,""weight"":12.5},{""exercise"":""Rope Tricep extension"",""reps"":10,""weight"":12.5},{""exercise"":""Rope Tricep extension"",""reps"":10,""weight"":12.5},{""exercise"":""Rope Tricep extension"",""reps"":10,""weight"":12.5},{""exercise"":""Standing Cable Flies"",""reps"":12,""weight"":10},{""exercise"":""Standing Cable Flies"",""reps"":12,""weight"":10},{""exercise"":""Standing Cable Flies"",""reps"":12,""weight"":10}]}"
"2025-03-25 08:26:04",workout,"Morning Squash",3093,,0,157,193,,strava,13980241601,"{""elapsed_time"":3093,""total_elevation_gain"":0,""elev_high"":0,""elev_low"":0,""average_speed"":0,""max_speed"":0}"
"2025-03-26 07:03:53",weight-training,"Gym Session",2547,238,,,,,setgraph,,"{""sets"":[{""exercise"":""Push Up"",""reps"":15,""weight"":0},{""exercise"":""Push Up"",""reps"":15,""weight"":0},{""exercise"":""Push Up"",""reps"":15,""weight"":0},{""exercise"":""TRX Row"",""reps"":15,""weight"":0},{""exercise"":""TRX Row"",""reps"":15,""weight"":0},{""exercise"":""TRX Row"",""reps"":15,""weight"":0},{""exercise"":""Assist Pull Ups"",""reps"":15,""weight"":42.5},{""exercise"":""Bicep Curls"",""reps"":10,""weight"":8},{""exercise"":""Bicep Curls"",""reps"":10,""weight"":8},{""exercise"":""Assist Pull Ups"",""reps"":12,""weight"":35},{""exercise"":""Assist Pull Ups"",""reps"":12,""weight"":27.5},{""exercise"":""Bicep Curls"",""reps"":10,""weight"":8},{""exercise"":""Seated Row"",""reps"":10,""weight"":30},{""exercise"":""Seated Row"",""reps"":10,""weight"":40},{""exercise"":""Seated Row"",""reps"":10,""weight"":40},{""exercise"":""TRX Bicep Curl"",""reps"":12,""weight"":0},{""exercise"":""Overhead Triceps Extension"",""reps"":10,""weight"":14.5},{""exercise"":""Overhead Triceps Extension"",""reps"":10,""weight"":14.5},{""exercise"":""Overhead Triceps Extension"",""reps"":15,""weight"":14.5},{""exercise"":""Cable Tricep Pushdown"",""reps"":10,""weight"":10.3},{""exercise"":""Cable Tricep Pushdown"",""reps"":10,""weight"":10.3}]}"
"2025-03-27 10:38:04",walk,"Morning Walk",983,79,1.246,,,,strava,14000613079,"{""elapsed_time"":983,""total_elevation_gain"":26.5,""elev_high"":119,""elev_low"":94.7,""average_speed"":1.268,""max_speed"":2.22,""gear"":""Vivobarefoot TRACKER TEXTILE AT Vivobarefoot"",""polyline"":""ajjxH|~P@FE@IP?TVt@GVEFE`AITCPINOKIQ][IM]WAACBCGDQ?SCO@WBOJSJ_A@YFQGs@NUTQACFG@GNMLGXs@CKB??EGQQSQGK@WG]LG?c@Vq@n@EFGVKJQHGJwApC]h@KVEFWj@@DCHGFE?ULUVO\\U\\IRCXDT`@j@b@bARNVHD?FFV`@B?JVLJR@JEF??GHEB?DKPG\\[DQ?i@DUV]DMHCXq@Nc@@K?SFOF?A@??@B\\Tv@z@@@FERo@TaABE?_@Q_@Ma@@OJW?BDE?EEC?A""}"
"2025-03-27 19:30:24",workout,"Evening Squash",4495,,0,169,210,,strava,14005776622,"{""elapsed_time"":4495,""total_elevation_gain"":0,""elev_high"":0,""elev_low"":0,""average_speed"":0,""max_speed"":0}"
"2025-03-29 10:17:29",workout,"Morning Squash",4247,,0,146,203,,strava,14018750564,"{""elapsed_time"":4247,""total_elevation_gain"":0,""elev_high"":0,""elev_low"":0,""average_speed"":0,""max_speed"":0}"
"2025-03-29 12:20:13",workout,"Lunch Squash",1866,,0,153,189,,strava,14019627226,"{""elapsed_time"":1866,""total_elevation_gain"":0,""elev_high"":0,""elev_low"":0,""average_speed"":0,""max_speed"":0}"
"2025-03-29 13:16:54",workout,"Afternoon Squash",10492,,0,152,209,,strava,14021752618,"{""elapsed_time"":10492,""total_elevation_gain"":0,""elev_high"":0,""elev_low"":0,""average_speed"":0,""max_speed"":0}"
"2025-03-30 10:13:19",walk,"Lunch Walk",2892,218,3.435,,,,strava,14028720424,"{""elapsed_time"":4683,""total_elevation_gain"":65.7,""elev_high"":119.3,""elev_low"":61.1,""average_speed"":1.188,""max_speed"":5.84,""gear"":""Vivobarefoot TRACKER TEXTILE AT Vivobarefoot"",""polyline"":""_jjxHp`QIXLX?FM\\?f@CDGb@EDI^GCa@k@o@e@IIAGCAG??BEB?BK@AFICEBECCIS@CMGOG?WTGB[MG@a@`@?Di@\\OPU^]POL}@EMDS@GBKNGVCNIVE^M^IlASMKOC@AGICg@CYDGAE@ECQCe@SOQSi@We@k@sAQIE@GDUZMXo@z@KV[f@QNKBMAWMYIGEK?GMKAUIUMIIGA[QOEEGYOA@QM[QC]CGKGC@GHQNI?OHa@`@QHIJYHa@h@C?EHCAKNG@EPDLA@AEIPBICA@BCBBKAa@CAB@C?@DEDPG?HABGSDD@JIG@MGWCACG@@CB?MBH@?DZKWTr@BEABO_@?F?M@AEMAB?CA?BJ@CAC@kAAdA?E?ABJA?EFB??MGB@EA@BCBB?A?@CI?NBCZh@PCDC?ISQAEDFCM@AC@?HCG@K@BFKAOJlAEGMLa@b@OVEBCCCBGFCJSVMD]VMFUVK?]RONe@TG?QPSFE?CD[RCHWPMPIBGHSDSLCD@BLJB?VWDAHBtA~@`@TFHdCbB`CtBlAfB~@bAj@b@R`@VZBAPe@AI@]JCBI?FLg@?K]m@?ITg@BCJ_@T]H]JKN]Ja@HIJc@HKX{@FGJ_@`@}@H_@n@qABKDc@Jy@Zo@Nk@l@eANSLKXa@DAAANf@LPL\\NZL^LVNJDFXLd@Fb@AH@LCR@HBDNFED@FALFDOFg@A[D]h@sBFCLCFBNEf@@PHLEFGXEHEFKNk@D@PEJILCHOH[JIPLBAH?NIJMLGF^FEB@NP^ARGF@@@A@A?@GLLF?FD@Ah@h@FPLLb@mAHi@HMEYGKK]IQ?KJW""}"
"2025-03-31 08:26:42",walk,"Morning Walk",1044,76,1.195,,,,strava,14056361291,"{""elapsed_time"":1097,""total_elevation_gain"":26,""elev_high"":119,""elev_low"":94.7,""average_speed"":1.144,""max_speed"":2.02,""polyline"":""gjjxH|`QNTDNK\\?PGV?HEZKVCPIDEAi@q@m@e@@BACEACMCoAFULUB_ARg@Hc@NWNOLYPq@CAFCHQBMAKIOECUIM@GESAeAd@e@^e@x@[f@{@jB[h@OPa@|@Wt@ECIDGJWPUZ[p@ALBT`@l@P`@R\\PLf@FL\\LNFPNPD@ZER[DE@E@D^c@Bm@F]Xo@LI\\m@J_@Ho@F@@Dh@`@n@n@@@FENe@Hi@JSDYEe@S]GSBURS""}"
"2025-04-02 09:16:03",walk,"Morning Walk",944,77,1.215,,,,strava,14056460735,"{""elapsed_time"":1007,""total_elevation_gain"":26.9,""elev_high"":119,""elev_low"":94.7,""average_speed"":1.287,""max_speed"":2.4,""polyline"":""ejjxHl`QD@CHNX@JWh@Cl@Qv@IHGCQ[YYg@]EACUBk@EYPc@Hc@@i@T]J]Re@FUh@uA@O?WSU]CIESCYLIP}@h@OP]TOPIROPUb@OPCNMNYl@UVi@nAOV[XI@KLINGF[~@GV?FFPF?\\f@DT@?HNDBDNb@XJ@NHFTJRZRNRDBHGL?T]\\UJSDWDm@HI@KJ[BAb@o@Je@DI@SFUFCLH`AhAHBHKL[@SJODYHSCg@Uo@CM?IFKHG@GCGC@CIA@""}"
"2025-04-03 17:54:32",walk,"Evening Walk",859,65,1.029,,,,strava,14070895049,"{""elapsed_time"":887,""total_elevation_gain"":23.9,""elev_high"":119,""elev_low"":94.7,""average_speed"":1.198,""max_speed"":2.22,""gear"":""Vivobarefoot TRACKER TEXTILE AT Vivobarefoot"",""polyline"":""gjjxHt_QEF?RDPNT@HI\\?^ER?VEDQh@GDMIMSc@c@IEEGE?GG?@GCAEC_BDYHOAKFSCGOGMKS]OMEGMACQIC[]ECIJCAGFUv@]d@AJEJo@fAWz@_@ZIBIJWNEXIHS`@@\\b@p@FRHJNZRNV@RJLXNRDJLLTDFAHGHSHEHOTWHUDs@Ra@POFKACDETc@H[Da@DIHABDFBXPd@l@D@FJDAn@{BCa@Q[IY?SFIBK@BBE@BEUAD?EA@""}"
"2025-04-03 18:31:51",workout,"Evening Squash",6801,,0,162,210,,strava,14072041805,"{""elapsed_time"":6801,""total_elevation_gain"":0,""elev_high"":0,""elev_low"":0,""average_speed"":0,""max_speed"":0}"
"2025-04-04 09:14:53",weight-training,"Gym Session",2773,371,,,,,setgraph,,
"2025-04-04 09:43:35",workout,"Morning Squash",4371,,0,132,184,,strava,14076451783,"{""elapsed_time"":4371,""total_elevation_gain"":0,""elev_high"":0,""elev_low"":0,""average_speed"":0,""max_speed"":0}"
"2025-04-05 06:16:25",weight-training,"First Hyrox Bootcamp",4844,,0,145,185,,strava,14083884654,"{""elapsed_time"":4844,""total_elevation_gain"":0,""elev_high"":0,""elev_low"":0,""average_speed"":0,""max_speed"":0}"
"2025-04-06 10:04:30",walk,"Lunch Walk",3192,214,3.364,,,,strava,14096725703,"{""elapsed_time"":6039,""total_elevation_gain"":70,""elev_high"":119.1,""elev_low"":56.8,""average_speed"":1.054,""max_speed"":2.4,""gear"":""Vivobarefoot TRACKER TEXTILE AT Vivobarefoot"",""polyline"":""ejjxH~`QAFJP@JELDH?LM`@CVERSf@EAIQe@g@u@k@C?KJE?EBE?KBEC@AC@CEOA?QIKGBK?MTG@YMMFYb@EBI@OPOBUb@STSFSPY@MEMAi@JMRYx@WzA@h@EL[]UOs@AMBOCCBQEQMOCMK]q@Qg@QYUs@CCG@wAnBS`@_@|@KRQp@MbAUh@AJQVCF@H_@z@M`@OV[z@EFG^c@x@Mb@a@v@I`@IPSj@BTVZ@J[|@ALKd@MRUWUe@KMq@u@a@]ECIM@@W?GIA@SEQBM?c@b@Q\\MBe@zAWr@EPEHGB]q@WUk@s@SQMS[YcAsAGKIGi@{@MWa@aBKw@DMf@i@f@WTONA?GIMQLACECBAA@AK?GLELADA@@HEHABQNQFSDIRAREBIB?LID?BIPEBEVKBGLABCD?XODKNGRWLERUJE\\c@\\ULS?DCCB?C?@E@FAKAGC@?I@RFSCRn@WDG?EDCFYAKH@@AFBD?XOPOJCFMPGDG?IA@FNPHN@p@Xf@d@ZPLDf@`@XLl@NHDl@PRRTCH]Te@NOPc@HC@EJMLSLKFODCFMFAFMT^Lb@Zl@@JNb@LNTNVRRBLCFIPC@GDDBA\\BNJPZBBBADDLa@?SHa@ASLs@DO?BNSFa@LMHHD?l@CFD^AJKAEFO@DFAB@A@AAD?\\g@p@_@Zi@B@DCB@C?@BX@LKRIFIAPBFTFBDJ@PC@BHEN?@E@?XPXVNHRZLHHOFWDALo@Pg@Ek@Ue@CSAEDCDU""}"
"2025-04-07 09:14:15",walk,"Morning Walk",1041,76,1.19,,,,strava,14104640746,"{""elapsed_time"":1115,""total_elevation_gain"":24.1,""elev_high"":119,""elev_low"":94.7,""average_speed"":1.143,""max_speed"":2.34,""polyline"":""qjjxHb~PNvAFLFXELGDENEDA|@Sn@GBIEKUKIGMc@YUUAS@SBK?k@LY@OF[Ba@BKBCDM@HB?AAGBENBOZi@FU?DECN[AI@IX_ASKWKYUYAe@RWRQVIDQRKXQLINYn@KZk@lAQLITQPCLEBIb@a@Tk@j@GP@@MPGVAHDTJNH@FHNh@T`@JF@DFDd@JR^`@j@L@BBPELYf@e@FOB[ASBKh@aA^c@Nm@@YHMD?@Dd@XVVT\\FBB?Nc@Jk@Pk@A?@@A]Uk@G]@IP[""}"
"2025-04-09 06:47:42",weight-training,"Gym Session",2434,223,,,,,setgraph,,"{""sets"":[{""exercise"":""TRX Row"",""reps"":15,""weight"":0},{""exercise"":""TRX Row"",""reps"":15,""weight"":0},{""exercise"":""TRX Row"",""reps"":15,""weight"":0},{""exercise"":""Dumbell Push Press"",""reps"":12,""weight"":6},{""exercise"":""Dumbell Push Press"",""reps"":12,""weight"":6},{""exercise"":""Dumbell Push Press"",""reps"":12,""weight"":6},{""exercise"":""Gorilla Rows"",""reps"":12,""weight"":16},{""exercise"":""Gorilla Rows"",""reps"":12,""weight"":16},{""exercise"":""Gorilla Rows"",""reps"":12,""weight"":16},{""exercise"":""Lunges"",""reps"":10,""weight"":16},{""exercise"":""Lunges"",""reps"":10,""weight"":16},{""exercise"":""Sled Face Pull"",""reps"":1,""weight"":50},{""exercise"":""Sled Face Pull"",""reps"":1,""weight"":50},{""exercise"":""Sled Face Pull"",""reps"":1,""weight"":50},{""exercise"":""Lunges"",""reps"":10,""weight"":16},{""exercise"":""Lunges"",""reps"":10,""weight"":16}]}"
"2025-04-09 07:34:00",weight-training,"Gym Session",1380,100,,,,,setgraph,,"{""sets"":[{""exercise"":""TRX Row"",""reps"":15,""weight"":0},{""exercise"":""TRX Row"",""reps"":15,""weight"":0},{""exercise"":""TRX Row"",""reps"":15,""weight"":0},{""exercise"":""Dumbell Push Press"",""reps"":12,""weight"":6},{""exercise"":""Dumbell Push Press"",""reps"":12,""weight"":6},{""exercise"":""Dumbell Push Press"",""reps"":12,""weight"":6},{""exercise"":""Gorilla Rows"",""reps"":12,""weight"":16},{""exercise"":""Gorilla Rows"",""reps"":12,""weight"":16},{""exercise"":""Gorilla Rows"",""reps"":12,""weight"":16},{""exercise"":""Lunges"",""reps"":10,""weight"":16},{""exercise"":""Lunges"",""reps"":10,""weight"":16},{""exercise"":""Sled Face Pull"",""reps"":1,""weight"":50},{""exercise"":""Sled Face Pull"",""reps"":1,""weight"":50},{""exercise"":""Sled Face Pull"",""reps"":1,""weight"":50},{""exercise"":""Lunges"",""reps"":10,""weight"":16},{""exercise"":""Lunges"",""reps"":10,""weight"":16}]}"
"2025-04-10 10:40:07",walk,"Lunch Walk",985,74,1.17,,,,strava,14135248486,"{""elapsed_time"":1051,""total_elevation_gain"":25.6,""elev_high"":119,""elev_low"":94.9,""average_speed"":1.188,""max_speed"":2.2,""gear"":""Vivobarefoot TRACKER TEXTILE AT Vivobarefoot"",""polyline"":""gjjxHf`QEHB??J@@AA?DBB?AN`@GV?FGDA`@CVO^CLGFU[KEOS[UKMG?EK?c@Bo@FKFCDMEQHe@?YTg@F?A?@DCG@@BMN]He@L]Ji@]QYK_@EI@[AECc@\\[`@ONQ^Y\\a@|@IHWl@W^EJGDAJOTCZGXQBg@\\GLMN[t@EV@NZ^Rd@PRLTVP^DVd@D@HPNRJ@NAJGDKVSHQJGFO?UD]LSLc@NMXo@JK?KJIH[BA?G@Dl@b@^f@FDFEPa@Jm@Na@?]I_@OQES?IJU?ID?BC?@?CA@""}"
"2025-04-10 18:16:14",workout,"Evening Squash",6360,,0,172,210,,strava,14140181828,"{""elapsed_time"":6360,""total_elevation_gain"":0,""elev_high"":0,""elev_low"":0,""average_speed"":0,""max_speed"":0}"
"2025-04-12 09:35:32",workout,"Morning Squash",3858,,0,160,201,,strava,14153716717,"{""elapsed_time"":3858,""total_elevation_gain"":0,""elev_high"":0,""elev_low"":0,""average_speed"":0,""max_speed"":0}"
"2025-04-12 13:33:11",workout,"Afternoon Tennis",3541,415,0,141,177,,strava,14156705587,"{""elapsed_time"":3541,""total_elevation_gain"":0,""elev_high"":0,""elev_low"":0,""average_speed"":0,""max_speed"":0}"
"2025-04-13 11:36:17",walk,"Lunch Walk",1055,75,1.177,,,,strava,14166131102,"{""elapsed_time"":1143,""total_elevation_gain"":26,""elev_high"":119,""elev_low"":94.9,""average_speed"":1.116,""max_speed"":2.276,""polyline"":""akjxHv_QFNLNTp@Od@At@M\\GJAHGHq@w@QIWWGAGSAg@?_@Ts@?QDGH_ADIRs@RW@?BFACDBAWFKLo@QQG?OMSGK?k@PULe@LMVc@^AHGFi@jAMLWj@e@t@m@pAa@ZGLMNW`@Q`@ANDPPTJVFB\\|@NDJH\\BLFHVNNHTJLNDTK?ELIBINONCHIFe@@YJg@\\i@LGHOJYFq@DMFCFBPPXR^f@HDDEPg@ViADGCa@]{@FQFGDS""}"
"2025-04-16 08:44:31",weight-training,"Gym Session",3103,253,,,,,setgraph,,"{""sets"":[{""exercise"":""TRX Row"",""reps"":10,""weight"":0},{""exercise"":""TRX Row"",""reps"":10,""weight"":0},{""exercise"":""TRX Row"",""reps"":10,""weight"":0},{""exercise"":""Press Ups"",""reps"":10,""weight"":0},{""exercise"":""Press Ups"",""reps"":10,""weight"":0},{""exercise"":""Press Ups"",""reps"":10,""weight"":0},{""exercise"":""Chest Supported Incline Dumbbell Row"",""reps"":10,""weight"":10},{""exercise"":""Chest Supported Incline Dumbbell Row"",""reps"":10,""weight"":16},{""exercise"":""Chest Supported Incline Dumbbell Row"",""reps"":10,""weight"":16},{""exercise"":""Assist Pull Ups"",""reps"":10,""weight"":20},{""exercise"":""Assist Pull Ups"",""reps"":10,""weight"":32.8},{""exercise"":""Assist Pull Ups"",""reps"":10,""weight"":27.5},{""exercise"":""Dumbbell Floor Press"",""reps"":10,""weight"":12},{""exercise"":""Dumbbell Floor Press"",""reps"":10,""weight"":16},{""exercise"":""Dumbbell Floor Press"",""reps"":10,""weight"":16},{""exercise"":""Overhead Press"",""reps"":20,""weight"":12},{""exercise"":""Overhead Press"",""reps"":20,""weight"":12},{""exercise"":""Standing Cable Flies"",""reps"":10,""weight"":8.8},{""exercise"":""Standing Cable Flies"",""reps"":10,""weight"":6.3},{""exercise"":""Standing Cable Flies"",""reps"":10,""weight"":6.3}]}"
"2025-04-16 11:17:37",walk,"Lunch Walk",934,68,1.069,,,,strava,14193043974,"{""elapsed_time"":934,""total_elevation_gain"":23.6,""elev_high"":119,""elev_low"":94.9,""average_speed"":1.145,""max_speed"":3.84,""polyline"":""mjjxHp~P?h@B?CRLTJZY|@B^AJSl@EFGCu@w@QKKMC?KQAQ?eARg@?UJw@Xw@SDQAYBQNIFK?KKSDEACEAQGSIMGGG@MPOb@e@`AEVEFYXk@tAILOFWVg@n@Qf@APRd@LHJNAAHZ\\d@RLJ@?CB?PDRh@JJHPJHFBVGR]VWJODUB[DSVk@RWJSNYLg@B]HA@Fn@`@PNX^B?Vy@Lm@HOCi@[o@AI@MN_@""}"
"2025-04-17 15:55:32",workout,"Afternoon Tennis",5824,659,0,136,180,,strava,14206082987,"{""elapsed_time"":5824,""total_elevation_gain"":0,""elev_high"":0,""elev_low"":0,""average_speed"":0,""max_speed"":0}"
"2025-04-17 17:42:40",workout,"Evening Squash",5914,,0,140,192,,strava,14206624508,"{""elapsed_time"":5914,""total_elevation_gain"":0,""elev_high"":0,""elev_low"":0,""average_speed"":0,""max_speed"":0}"
"2025-04-18 09:41:00",workout,"Morning Tennis",8292,939,0,135,175,,strava,14212338188,"{""elapsed_time"":8292,""total_elevation_gain"":0,""elev_high"":0,""elev_low"":0,""average_speed"":0,""max_speed"":0}"
"2025-04-19 06:16:15",weight-training,"Morning Weight Training",4119,,0,165,195,,strava,14219380187,"{""elapsed_time"":4119,""total_elevation_gain"":0,""elev_high"":0,""elev_low"":0,""average_speed"":0,""max_speed"":0}"
"2025-04-19 10:41:33",walk,"Lunch Walk",3632,266,4.19,,,,strava,14221855818,"{""elapsed_time"":3933,""total_elevation_gain"":97.8,""elev_high"":172.8,""elev_low"":127.2,""average_speed"":1.154,""max_speed"":3.74,""polyline"":""wpaxHj_UEP@ZGV?ZGb@?X@f@FHDZ?HFPL|@NjADRBF@RFT@JBFFh@RpAPj@PbAHRRjADLPj@Hd@FPNx@FLHh@@BNlAPz@?PCX?RCBEXENMlAMf@WrAOl@SnAITKj@OZ?DILKBMT]fAAZ@`@ANF`@Dn@Jj@LFT@LNBLHNFl@Tx@@XRj@Hl@APBJB^?\\In@?ZHVFFDADDHCH@BBFEPAAABAB@DALKEABCB@?CBB@HNDPCDGV?VDNb@LHDJB?BLDDHTLB\\@PFLZNj@NV@LFTB^Nv@@^H^?LRhAD`@Pt@Ff@GBEHONOV@`@JP`@_@HSh@u@RMFKTo@XYh@s@FEh@o@TMFKRMTa@DABIHEd@w@f@g@NI\\_@D?FEH@v@SNBLEb@@RCBEHBF@HKH?JGNQFANK`@i@t@m@LWNKX_@r@s@LQ?BLUHCZ]RMFCDIH@DCF?LE@@FCHEXC@AHFFC@C|@OBELE@KAEE?EGKAOKQ@a@Mm@II@kASSIA@IEQCUMEGE@m@Os@UE?YIK?GGK@QE]OOAGCG@OGWAQGIKq@K]M}@MO@QMKC]Y?Ec@]i@[q@g@SGc@]GEKASSOEu@i@_@SEGAMKQIGISIG]MIMSKYg@MGKOQ_@IEU_@EU[k@SMEIMMIAIEK@]W?GOGQMIB]YCIA@BWCABIDCAEFMCSKc@@ECOACE?IgAEESkAEKEGAOGKG[e@aBKk@K]?KM_@i@iDI[QyAGSCYEOIk@ACG]?QGa@@GEMAm@BUAABCAK@C?WNg@@i@BOAM?BBC@@AJGHa@JUPG@SOCc@Oc@CACI?SDi@FwAKeCAwADMFGFATD\\hAJb@B\\ABIH@ICq@Om@@OFOFD?G@JCABIAMCD?JFACC@@?A@??DB?FRH@IGAIS?GFP@?HCI?@B@AGCA@@GFBA@B?CD@?B?G?F@?""}"
"2025-04-21 14:39:45",walk,"Afternoon Walk",3738,309,4.862,,,,strava,14243795572,"{""elapsed_time"":4548,""total_elevation_gain"":35.8,""elev_high"":46,""elev_low"":14.9,""average_speed"":1.301,""max_speed"":2.54,""gear"":""Vivobarefoot TRACKER TEXTILE AT Vivobarefoot"",""polyline"":""u{ayHvdUBEAG@IAIBGBQBABBNIH@BGv@Ux@a@d@MD?BCn@W?CD?DEJE`@WHO~@m@p@w@HEZWB?p@o@HCZ]n@e@JEj@k@XSJQHCv@z@ZPDFLFLCJNNCLMNAHI\\MHIF?\\_@B?HJDLPdBHJHVD^DFXSh@U~@]RETSJW\\aBNe@@@N}@Pq@Tu@Zu@b@iBJWXcABONc@Py@r@{B`@{Ah@kC@e@E_AK_@GEOq@A@?GCF@?@o@Bm@Ha@Bg@Lm@r@cCViAJgADwBFi@AGG??B?ABBAIMMa@?ECGIQCCG@?ODONGTMPKX?NEN[^C@?C@A@HCB?H?CC@BDAEBG?BG@DEBQ?HDENA?DGB?PACBA?@UC@AG@@AHABG?JADDQLMLCBEHEHS?ODK@SHO@CDDJ?NOLG?BH?RHJJXPJMLKHA?Ad@?TDHC~@LLATDd@NFFF?NFJAVFhAb@HLBJDINAr@l@?CFBp@f@NDVTHBDHFBTNd@b@JLLZZZf@t@\\^b@Xr@\\DHf@Xf@NHHZB^XJRLhACnADb@?PJ|@NXHXHdA?n@DR?VLx@@^Dd@J\\JhAPlAN`BAf@B`@C`AHg@AQEhAGRSRo@XU?aCd@WLSVSJGJa@ZWP]NQFO?GD[Hy@Jq@D]C_@QIAUQOGMOQMKOi@_@KCEB@BE@I?a@FUPWLm@f@g@l@_@XCFc@b@UJ_@Hc@@QEWAi@GW?CCKOAKG_CQa@IKWW]KMAa@Nk@HeAXq@X_AXWN]Ja@TqAb@UPc@NEGCQQCAcAI_@?YGWGMGAOBQLMBIJG@MH[HKHGPGAWWEACECAQKCGUMGK_@WKEG@g@d@QLg@h@ULQPIDIJmAdAOLQFAFOHMPSLADYPE?CHKFOFOTQHSR]TKBIF[HGNHMEJDKc@HYPMBIFWDo@XWFKV?VFf@ABC?CBCEDBAA?NEQ""}"
"2025-04-22 18:00:03",walk,"Evening Walk",1068,75,1.186,,,,strava,14254941463,"{""elapsed_time"":1068,""total_elevation_gain"":23.6,""elev_high"":119,""elev_low"":94.9,""average_speed"":1.11,""max_speed"":2.4,""gear"":""Vivobarefoot TRACKER TEXTILE AT Vivobarefoot"",""polyline"":""kjjxHr~PGl@?TP\\@B?EBD@PCBERIL?A@^AVIZEDALGLo@s@g@c@QE?EC[DMCm@Pi@JeARcAf@iAH_@?G?MEISOWYWEKB]P[Rm@z@Q`@QTWb@Oh@GDWn@a@h@IV_@x@g@`@UVi@~@EL?NBJX\\j@hALLn@PN\\HDJXNNLBRC\\i@RQHQFs@^}@FEb@s@H]De@HO@??B@CFDFLb@\\@F@C?D`@d@D@`@iALq@DCC_@GSCQMKCM@QLSAKCC""}"
"2025-04-24 08:17:35",weight-training,"Gym Session",2658,207,,,,,setgraph,,"{""sets"":[{""exercise"":""TRX Row"",""reps"":10,""weight"":0},{""exercise"":""TRX Row"",""reps"":10,""weight"":0},{""exercise"":""TRX Row"",""reps"":10,""weight"":0},{""exercise"":""TRX Row"",""reps"":10,""weight"":0},{""exercise"":""Assist Pull Ups"",""reps"":10,""weight"":35},{""exercise"":""Assist Pull Ups"",""reps"":10,""weight"":0},{""exercise"":""Assist Pull Ups"",""reps"":10,""weight"":0},{""exercise"":""Assist Pull Ups"",""reps"":10,""weight"":0},{""exercise"":""Press Ups"",""reps"":10,""weight"":0},{""exercise"":""Press Ups"",""reps"":10,""weight"":0},{""exercise"":""Assist Pull Ups"",""reps"":10,""weight"":27.5},{""exercise"":""Press Ups"",""reps"":10,""weight"":0},{""exercise"":""Barbell Bent Over Row"",""reps"":12,""weight"":30},{""exercise"":""Barbell Bent Over Row"",""reps"":10,""weight"":35},{""exercise"":""Seated Shoulder cable press"",""reps"":12,""weight"":20},{""exercise"":""Seated Shoulder cable press"",""reps"":12,""weight"":20},{""exercise"":""Seated Shoulder cable press"",""reps"":5,""weight"":5},{""exercise"":""Seated Shoulder cable press"",""reps"":30,""weight"":5}]}"
"2025-04-24 09:33:00",weight-training,"Gym Session",1200,73,,,,,setgraph,,"{""sets"":[{""exercise"":""TRX Row"",""reps"":10,""weight"":0},{""exercise"":""TRX Row"",""reps"":10,""weight"":0},{""exercise"":""TRX Row"",""reps"":10,""weight"":0},{""exercise"":""TRX Row"",""reps"":10,""weight"":0},{""exercise"":""Assist Pull Ups"",""reps"":10,""weight"":35},{""exercise"":""Assist Pull Ups"",""reps"":10,""weight"":0},{""exercise"":""Assist Pull Ups"",""reps"":10,""weight"":0},{""exercise"":""Assist Pull Ups"",""reps"":10,""weight"":0},{""exercise"":""Press Ups"",""reps"":10,""weight"":0},{""exercise"":""Press Ups"",""reps"":10,""weight"":0},{""exercise"":""Assist Pull Ups"",""reps"":10,""weight"":27.5},{""exercise"":""Press Ups"",""reps"":10,""weight"":0},{""exercise"":""Barbell Bent Over Row"",""reps"":12,""weight"":30},{""exercise"":""Barbell Bent Over Row"",""reps"":10,""weight"":35},{""exercise"":""Seated Shoulder cable press"",""reps"":12,""weight"":20},{""exercise"":""Seated Shoulder cable press"",""reps"":12,""weight"":20},{""exercise"":""Seated Shoulder cable press"",""reps"":5,""weight"":5},{""exercise"":""Seated Shoulder cable press"",""reps"":30,""weight"":5}]}"
"2025-04-28 18:37:05",workout,"Evening Squash",6126,,0,160,205,,strava,14315475127,"{""elapsed_time"":6126,""total_elevation_gain"":0,""elev_high"":0,""elev_low"":0,""average_speed"":0,""max_speed"":0}"
"2025-04-29 18:15:58",run,"Evening Run",2376,367,5.766,,,,strava,14325660888,"{""elapsed_time"":2443,""total_elevation_gain"":12.8,""elev_high"":172.5,""elev_low"":165.5,""average_speed"":2.427,""max_speed"":4.02,""polyline"":""}xcxHlhRGWIKQm@MUGWO_@Q}@M]Q{@So@Gc@]kA?IUq@kAmE[{@Ug@_C_Dc@_AQWIISc@MSMe@]gCCm@DgAJuAPkAJYl@w@l@SXCZ@HBNTTNTNTHjA\\`AT^ND?d@Ll@Hd@Cj@IZ@NE`AEB@j@G^?BCP@PE\\@NAZBjAPj@Nl@XdAZn@T^Lb@HT@b@Cx@DTCt@Df@CLGJ?XOJ?LGJAHBHHDNNbAXbAd@dC?LIZ?HNx@B\\HXd@rC@NGv@_@PGH]RYTQXMX]`BMd@{@vFKf@KVIJKFSRKBMLq@^uA~@IFS^Ol@ObA]fEKv@YdAo@rAMPIDGNYTQHy@R}@DUBWAUG{@g@c@g@Wo@Ok@mAuGg@_BKe@[_Ai@eBu@aDe@_B[uAGQCMmAqE_@_Aq@gAaAoAa@q@MOiAqBM_@YaBKyAJyBTeBHWFEZi@TUPCNIPEl@AHBHPF@b@d@F?XLH?LHF?dA\\ZFDDH@VJr@LZBp@Cj@GX?d@GN@VEx@ADA`@A\\Gz@?J@JFTBHDRBbBl@~Cz@dAD`A?D@NAr@Dd@Ah@K^SNEF@Rb@VvAh@nBN|@@FG^AZFLLjALb@XfBBTCJCp@IDMLG@SROFc@\\SV]pAC`@Op@C`@]jBQrAWbAKN[T_@b@i@VgBnAKHQ^Mz@C|@OrCGj@I\\API^_@z@Ub@e@j@q@\\_@LMJWHwAFYAWKYQYU@AII_@g@_@qAUsA@@Qo@a@_CU}@Si@DUA@B?""}"
"2025-05-01 18:38:15",workout,"Evening Squash",4323,,0,165,210,,strava,14348033206,"{""elapsed_time"":4323,""total_elevation_gain"":0,""elev_high"":0,""elev_low"":0,""average_speed"":0,""max_speed"":0}"
"2025-05-03 09:18:46",workout,"Morning Squash",6965,,0,136,189,,strava,14363354874,"{""elapsed_time"":6965,""total_elevation_gain"":0,""elev_high"":0,""elev_low"":0,""average_speed"":0,""max_speed"":0}"
"2025-05-04 09:03:38",workout,"Morning Tennis",3540,381,0,135,178,,strava,14452801051,"{""elapsed_time"":3540,""total_elevation_gain"":0,""elev_high"":0,""elev_low"":0,""average_speed"":0,""max_speed"":0}"
"2025-05-11 16:01:21",workout,"Afternoon Tennis",3573,444,0,147,180,,strava,14448964543,"{""elapsed_time"":3573,""total_elevation_gain"":0,""elev_high"":0,""elev_low"":0,""average_speed"":0,""max_speed"":0}"
"2025-05-12 06:05:02",weight-training,"Gym Session",3301,450,,,,,setgraph,,"{""sets"":[{""exercise"":""Wall Balls"",""reps"":25,""weight"":6},{""exercise"":""Wall Balls"",""reps"":25,""weight"":6},{""exercise"":""Wall Balls"",""reps"":25,""weight"":6},{""exercise"":""Wall Balls"",""reps"":25,""weight"":6},{""exercise"":""Farmer Walk"",""reps"":4,""weight"":20},{""exercise"":""Farmer Walk"",""reps"":4,""weight"":20},{""exercise"":""Farmer Walk"",""reps"":4,""weight"":20},{""exercise"":""Farmer Walk"",""reps"":4,""weight"":20},{""exercise"":""Dumbell Push Press"",""reps"":15,""weight"":10},{""exercise"":""Dumbell Push Press"",""reps"":15,""weight"":10},{""exercise"":""Dumbell Push Press"",""reps"":15,""weight"":10},{""exercise"":""Dumbell Push Press"",""reps"":15,""weight"":10},{""exercise"":""Walking sandbag lunges"",""reps"":2,""weight"":15},{""exercise"":""Walking sandbag lunges"",""reps"":2,""weight"":15},{""exercise"":""Walking sandbag lunges"",""reps"":2,""weight"":15},{""exercise"":""Walking sandbag lunges"",""reps"":2,""weight"":15}]}"
"2025-05-13 18:26:27",workout,"Evening Squash",3071,,0,145,179,,strava,14470639540,"{""elapsed_time"":3071,""total_elevation_gain"":0,""elev_high"":0,""elev_low"":0,""average_speed"":0,""max_speed"":0}"
"2025-05-13 20:07:12",run,"Night Run",1397,240,3.771,,,,strava,14471297768,"{""elapsed_time"":1430,""total_elevation_gain"":9,""elev_high"":65.3,""elev_low"":56.2,""average_speed"":2.699,""max_speed"":4.06,""polyline"":""wnlxHpnR?UHWFEXVLF\\Vp@r@`@RTRPJ^\\LRZVBHRPRBRJh@h@JJPHNTJH^NxChCh@Zz@x@lA|@b@b@XNp@n@RJ\\\\b@VX\\b@v@Xt@`@x@l@t@V~@^x@^bAVl@b@x@\\t@d@~@p@bBhAfCVr@zB`FVt@dAxBdAjC\\n@Pf@t@~Ab@pALNPf@Zp@Jh@^r@DRHPLJFRLN^|@NRt@lBT\\BNHDDRR`@b@l@h@rA^l@\\x@TVJXFCDG?KCKk@}@[_@o@gAk@s@Ke@EEOi@Ko@I[Wu@_@o@Wm@Yc@y@gBQAIGKKIQKMOa@MUk@_Ba@_AgBcE{@kBe@kA_@u@Ws@U_@]w@k@}Ai@gAIYi@gAGUSc@CK[g@eAgCu@uA_ByDe@q@[qAKOCMYa@ISWYIQW]a@]EIWSUWWOs@g@q@o@q@g@aByAmAu@g@k@c@Wa@[GAi@e@OIOSMGc@a@WMQUi@][]y@q@QISSKOUQYOs@i@CA?JC?""}"
"2025-05-14 16:36:19",workout,"Afternoon HIIT",3820,,0,164,197,,strava,14480423494,"{""elapsed_time"":3820,""total_elevation_gain"":0,""elev_high"":0,""elev_low"":0,""average_speed"":0}"
"2025-05-15 10:36:25",walk,"Lunch Walk",929,73,1.147,,,,strava,14487050506,"{""elapsed_time"":1012,""total_elevation_gain"":23.7,""elev_high"":119,""elev_low"":94.9,""average_speed"":1.235,""max_speed"":2.08,""polyline"":""ojjxHf_QA`@\\r@?FOd@E|@Wp@EFm@q@w@k@Ga@@MAk@BMLY?UJy@RWBMNg@HYDi@AWG_@IOECMYMGIA_@R]XYb@E@CH[\\IRIFw@~AGHIPA?KVMRs@hBKF{@`AQ`@K\\?LPZLLf@bARRZDJFLNXl@LN^?h@q@DAHIFMBs@FSTm@LK^e@Lo@B[BEHAHJl@b@b@d@@@@ATo@Lo@HWAg@Q[@GGECQDQJQAAA@@C""}"
"2025-05-16 07:40:16",walk,"Morning Walk",947,79,1.239,,,,strava,14495908559,"{""elapsed_time"":1018,""total_elevation_gain"":23.6,""elev_high"":119,""elev_low"":94.9,""average_speed"":1.308,""max_speed"":3.2,""polyline"":""ajjxHf_QCHMHAHJf@LR?GAACDC^KRDh@CPO\\CPC@G?KIMSOKGKQKCGECIOGACCAO@A@[AY?KTk@A[J{@JSCb@AQ\\eAL]DC@@Pg@?BDYD?USAESSECSMGACEYCUJEFUL}ApB_@bAk@bAa@n@c@dA?BEJONYJIRWX_@~@@NB@Zb@Rd@?JRNFNRRf@LHLD@Rd@DDB@BDNFTG\\a@TGHMDWBo@Vk@POFONOFUAGBKLW?YDKFB?FJJHALJHBRVHNJFDAXm@F?@i@N_@CEA]Wy@?OHQ?EB?GWC@@B""}"
"2025-05-18 08:01:57",workout,"Morning Squash",17288,,0,139,209,,strava,14518840475,"{""elapsed_time"":17288,""total_elevation_gain"":0,""elev_high"":0,""elev_low"":0,""average_speed"":0}"
"2025-05-20 09:33:31",walk,"Morning Walk",1058,68,1.073,,,,strava,14537400430,"{""elapsed_time"":1163,""total_elevation_gain"":25.9,""elev_high"":119,""elev_low"":94.9,""average_speed"":1.014,""max_speed"":2.22,""polyline"":""cmjxHbeQ[UAG?@ICCICYDcAL_@Dk@Hc@?@?ENWH[NYDOFGJ[?Cb@eAAQKMWMICI@OGSDKHUDOJ_@V?Bi@l@MXYZIVOVGVKRIHQ^]h@g@hAAHg@f@IJIDIPMFU^GRA\\FLHJBNRVJXV\\PLf@DL^l@t@BAV?BIFEFQd@i@BGBs@HWNQ?G@CB@@EHIFSTYLc@Fk@LE?HACn@f@h@n@B@@C^kAF_@HQ?@AUK[MYCO?OJQAEDGEE""}"
"2025-05-20 18:28:58",run,"1 run and 12 eaten flies later",1501,293,4.591,,,,strava,14543275203,"{""elapsed_time"":2401,""total_elevation_gain"":20.8,""elev_high"":62.7,""elev_low"":48.7,""average_speed"":3.058,""max_speed"":4.64,""polyline"":""_olxHdlR[QGIWQCGG?[YMGWGUUaAm@UEKIUCIGEGOEUQo@WE?SMQA]KE?]MYAk@K[CY@MC_@@QCM?OCe@Dk@?MB{@CSB}@GY@ADGEMBq@AMBQCE@i@CgA?KAE@]Cm@Dg@?c@Dk@AKEm@Dg@CKFi@@c@CSHu@BKBQC[BOAgALQ?YBKDQAg@JK?WDSCQDaCTOES?I@UPU@KC_@As@JIAMBS?_@DWEIBK?KFIBO?WFEBGL{@ZOJOAIIWEWHM@WJ_@FSAOFECGIGm@@KOkBOaAUaDGWCm@@IEMOiAEE[YsAf@YFc@BMJI?IFEAGGSIaAFIGYAOFGKE@GFOAWBa@?gAPGDK@[LWNYHCAAMCu@NsEAMBFCl@@LA?Av@@BCPBXIr@Ab@@`@DBRSHDp@]j@QhAMXA^GHGFNFBH?FDF?NGHBf@CJCRCb@MJ@HKJ?BEJARKJ?NIFBDJd@@JHNt@T~BDX\\tD@\\Dj@VrAB\\DLJDZOXEv@Ql@YH@VVLDl@SRU\\Cn@QDBFAh@MBBn@Ir@ET@FDJ@RC\\SJ@d@GdA?VE`@Ch@I`@AVIb@BZEv@E\\IjBID@tAIDD~@OPF\\Af@BDA\\BVALBRGHAbAAJBREhAFfCENB\\EVBb@CL@HCJB|@ATF^CN?HBRGH?t@FZ?dAFb@Dj@TNBLHRDHFNDHFN@DDD?VJTP`@Rx@XNNPFj@^HH^TTRD@v@l@LPABC?IV""}"
"2025-05-25 09:28:04",walk,"Morning Walk",1121,79,1.238,,,,strava,14588027510,"{""elapsed_time"":1358,""total_elevation_gain"":25.6,""elev_high"":119,""elev_low"":94.9,""average_speed"":1.104,""max_speed"":2.2,""polyline"":""ijjxHx`QPn@Q^A|@ENKNEVIBKOC?AIYWSWa@YA[B_A@IR[DS@QE[FSAA@@DIJKBE@D?IABD?~@uCFM@KC?@@@IGSGI[IEBMCMIE?GFCQKSKEGKIA[P[h@GR?\\CFEb@E@SVm@dAK\\OPSh@]j@GFYn@Od@ILk@d@?@[\\[x@CL@NLPJDLXHZNNHTJBFHHCF@LDHHBNTR?FFLFBBFTHBAPQBKJC^[?CDGA?DG@UAEF[N[?KHMNMJSHEL_@@QDGFS?MBGDA?BL@`@b@?AFDJRRTD@R[@SJWFa@JQGY@O[q@?KFOHGBEAG""}"
"2025-05-25 16:34:29",workout,"Afternoon Tennis",3861,493,0,146,179,,strava,14593650259,"{""elapsed_time"":3861,""total_elevation_gain"":0,""elev_high"":0,""elev_low"":0,""average_speed"":0,""max_speed"":0}"
"2025-05-26 09:29:34",workout,"Morning Tennis",3784,408,0,135,173,,strava,14598390479,"{""elapsed_time"":3784,""total_elevation_gain"":0,""elev_high"":0,""elev_low"":0,""average_speed"":0,""max_speed"":0}"
"2025-05-26 10:43:23",workout,"Lunch Squash",1301,,0,166,199,,strava,14598646008,"{""elapsed_time"":1301,""total_elevation_gain"":0,""elev_high"":0,""elev_low"":0,""average_speed"":0,""max_speed"":0}"
"2025-05-28 09:30:06",walk,"Morning Walk",1052,73,1.146,,,,strava,14619770569,"{""elapsed_time"":1072,""total_elevation_gain"":23.7,""elev_high"":119,""elev_low"":94.9,""average_speed"":1.09,""max_speed"":2.26,""polyline"":""_jjxH~aQ@LAB@TKR@ICHBn@U`@CNIBo@q@YSMSIAEOA{@@YR_@ACA??INeADIJEDEVm@?w@BWFMBUGQSGQS_@SE?MJKBQRQJSXSd@m@dAC?EJCNSb@SXQb@k@~@]|@UTWJM\\UTCJMRAXPZRPNd@^h@ND^DJRFFTh@HHRBLCFCNYZWJOH}@Pg@Xc@b@u@Hq@FOF?JNRLv@x@F?X{@BQNi@Ce@[u@He@BEFCCC?CAA?F""}"
"2025-05-29 05:34:21",workout,"Morning Tennis",3902,268,0,107,146,,strava,14627906427,"{""elapsed_time"":3902,""total_elevation_gain"":0,""elev_high"":0,""elev_low"":0,""average_speed"":0,""max_speed"":0}"
"2025-06-04 10:28:36",workout,"Lunch Workout",5158,,0,125,166,,strava,14853786571,"{""elapsed_time"":5158,""total_elevation_gain"":0,""elev_high"":0,""elev_low"":0,""average_speed"":0,""max_speed"":0}"
"2025-06-15 16:29:09",walk,"Afternoon Walk",876,67,1.048,,,,strava,14809522579,"{""elapsed_time"":876,""total_elevation_gain"":23.7,""elev_high"":119,""elev_low"":94.9,""average_speed"":1.196,""max_speed"":2.5,""polyline"":""ojjxHd~PLzAL`@CLO^Ap@Qn@IN]_@EIs@i@?EG?ECEMCeADSLYRcBQIU_@CAIKA?CEGCSWSOEIEAG@MH[d@i@rAa@r@IHm@pAKZ{@r@c@t@GX?JRb@HJVp@PVVRH@LALFP^JJHVLLN?NEHEX_@LMJSFk@Nk@JUJKFOV_@JSFo@DKHAABTHh@f@X\\D?N_@`@{AC_@]y@?IP[AM?DCKC?BEC?@FC@""}"
"2025-06-19 18:21:32",workout,"Evening Squash",7187,,0,164,210,,strava,14853786566,"{""elapsed_time"":7187,""total_elevation_gain"":0,""elev_high"":0,""elev_low"":0,""average_speed"":0,""max_speed"":0}"
"2025-06-21 14:30:30",workout,"Afternoon Squash",4591,,0,170,210,,strava,14871820180,"{""elapsed_time"":4591,""total_elevation_gain"":0,""elev_high"":0,""elev_low"":0,""average_speed"":0,""max_speed"":0}"
"2025-06-27 05:31:29",workout,"Morning Tennis",3658,297,0,120,158,,strava,14975018622,"{""elapsed_time"":3658,""total_elevation_gain"":0,""elev_high"":0,""elev_low"":0,""average_speed"":0,""max_speed"":0}"
"2025-06-28 11:18:04",workout,"Lunch Squash",2826,,0,177,210,,strava,14941316989,"{""elapsed_time"":2826,""total_elevation_gain"":0,""elev_high"":0,""elev_low"":0,""average_speed"":0,""max_speed"":0}"
"2025-07-02 20:13:37",walk,"Night Walk",994,71,1.112,,,,strava,14987798749,"{""elapsed_time"":1034,""total_elevation_gain"":23.7,""elev_high"":119,""elev_low"":94.9,""average_speed"":1.119,""max_speed"":2.2,""polyline"":""gjjxHr_QKLF`@HNB@@AHJSh@BTEJC`@]x@MWe@e@o@e@EMA_@@k@DSJQACHi@?MHk@H_@LQ?MEYA@?EIECIQGCEa@]OE_@DOJKPQ^i@bAIZMPIFMb@Y`@Q^IHCTILEPGJ?CQJEFYLGJg@z@CL@PGH@CBDb@^HT\\t@PHBDJ?XHLPJZHFFLFFJBN?NKd@k@BIJGDQBg@FYPa@XYHSHILq@BWFKF@RTd@ZX`@DBF?V}@RaAA]MUOa@@QFO""}"
"2025-07-03 19:51:01",walk,"Night Walk",1010,71,1.117,,,,strava,14998235070,"{""elapsed_time"":1025,""total_elevation_gain"":23.6,""elev_high"":119,""elev_low"":94.9,""average_speed"":1.106,""max_speed"":2.12,""gear"":""Vivobarefoot TRACKER TEXTILE AT Vivobarefoot"",""polyline"":""sjjxHj`QEDJ@DRPXSv@E~@GVC@EJCBMOQMQ[o@a@GOD_@ES@]?EJIAAC?HSDcAJUGgBLWUu@W[MKi@d@EL?CKLKRWVOTU`@Yt@Y`@Qd@MPIRIJ[t@MHGJIBGJE@ONCJ_@j@IV?LFXFNNNDRh@x@HDHHL@ZPJT^j@PHF?\\MBIDCB@JSJGJMDS@[D_@FQFIBMRWBABINSR_ABUDED?\\Zn@v@FBBAR_@^}A?_@Mc@Q[?GHO""}"
"2025-07-07 18:55:05",workout,"Evening Squash",4367,,0,156,210,,strava,15038808163,"{""elapsed_time"":4367,""total_elevation_gain"":0,""elev_high"":0,""elev_low"":0,""average_speed"":0,""max_speed"":0}"
"2025-07-09 09:36:04",walk,"Lunch Walk",993,76,1.189,,,,strava,15055051946,"{""elapsed_time"":1668,""total_elevation_gain"":23.8,""elev_high"":119,""elev_low"":94.9,""average_speed"":1.197,""max_speed"":2.38,""gear"":""Vivobarefoot TRACKER TEXTILE AT Vivobarefoot"",""polyline"":""mjjxHv`QFPNL@HUn@Av@Q\\CTEDy@}@_@]MGACAsADSLQHoACQLNJm@Pc@E{@EKGKKGSEEE]I[@YRm@v@GPMTJMFC?@MDGHGRk@z@Yp@QRCJKNCJYp@WTWPOVMLYv@?PBJJVTZHRBLPNDLPPZBLLDLVVFPFJJDJ?XG@EF?R]^YDQ?u@HINe@PQRYRw@Fi@DAj@^V^ZXP]H]VaACk@Y{@R]EWC??@?AGDCCA@E?L@ACBQA@""}"
"2025-07-11 19:18:03",walk,"Evening Walk",1133,75,1.188,109,136,,strava,15082159859,"{""elapsed_time"":1515,""total_elevation_gain"":25.2,""elev_high"":119,""elev_low"":95.2,""average_speed"":1.048,""max_speed"":1.92,""gear"":""Vivobarefoot TRACKER TEXTILE AT Vivobarefoot"",""polyline"":""ujjxHj_QLx@N\\@FMZ@^CJAPY`AE@a@e@o@g@Y[EQ@YC@CIDa@FULUAEFUBk@Nm@BIB?@I@@@ECBFS`@k@DMCE@B@A?GCCAL`@s@FYGGCICAEEUIUCG@CAAMI@S[ADQI]LOTKREr@KRK`@IRWRGHOb@OXGVW`@I\\C?KLUf@I?AB]|@ON?DGHQLk@t@M^?JNXJLRh@\\b@JFTFP?HXTXFRJHNBJCDBJWBANSHCFG@GJQ@m@DIF?BYRe@DCPYNGBKJ{@JOp@f@h@n@BBB?Vs@Jk@J[E]Uk@ES?MLU""}"
"2025-07-14 13:46:05",walk,"Afternoon Walk",3685,283,4.45,,,,strava,15111473753,"{""elapsed_time"":4073,""total_elevation_gain"":40.5,""elev_high"":15.9,""elev_low"":3.9,""average_speed"":1.208,""max_speed"":4.13,""gear"":""Vivobarefoot TRACKER TEXTILE AT Vivobarefoot"",""polyline"":""k}yoIze~g@C^@r@APBlAAlBCFm@p@CbB@dECx@Y`BGh@YzA_ArEOx@e@rBGn@@PJPPNLPJDHJBJZTNRP?PCJKDADIB?LUHDFPJQ@?RHFJDTFNBTBBb@AJDFDGGADFBGI?@Aa@Dc@EGAGAAI_@Bs@GoBLCZn@L@HHB?LKZGHJDAHLB?f@QH@JGZ]N?d@KXU`@IJ@PKb@BPGb@ALGLBd@ENOh@MDEXCZQTCRK|@UN@TPNT\\JXTFLDRTh@XdAJLPf@FD?JFVF@JQFCBDJpAHlB@bAEzBBXDDPHLTJK?CLEB@JPB@JKPHH?NEDKB]BCNGLJNXJEFBXx@FFJGD@b@MLFHNJHD?HAFA@EBDL@t@dAFNNPFTXb@HFDAFDL@BEFDDCN@RLLFFAXXnA~A^XhAPNHLAZBDBNA^FBCJQ@SHUTK@KD?HC?IGG@ACE@BCC?BAGIGGDDJ?CNHSUCKF?LGNZ?FCBBE?BC?@CA@@CBVKLe@DKr@ON{@K]GSAG@wAc@W[a@m@[_@WSg@UYGUBSEa@e@_@{@[g@YYMAY@_@a@_@FYHO@Gg@IUGGG@GBEKAI?@GKEEQBMHEt@O?IKEA]HIOGCUNGGGMCAOQAGAi@BO@gBGg@?o@EkA?KO{AWuAKa@q@sAq@_AQOOGOKSCSFEAg@R[DOH]@QJKBKJ[DKFCBQ?EDE?WLe@BA@U?OFQBQ?KFIAm@HKAq@RG?SFULC?u@n@[JMEGGGDIECDOFAFUMGQMKKMUAKL_@z@Uv@@AG^EFGB[b@OLOPKFQCKE{@aAUUEAMKCEAOBUCOPe@Jm@HSr@{DNc@VaBTs@H_AT{ADe@Co@@SAq@@cE@ETWLGHADK@aBC}@@oCCKIC?c@BE""}"
"2025-07-14 19:13:14",walk,"Night Walk",5182,397,6.252,,,,strava,15114967224,"{""elapsed_time"":5940,""total_elevation_gain"":60.6,""elev_high"":33.1,""elev_low"":1.4,""average_speed"":1.207,""max_speed"":5.707,""gear"":""Vivobarefoot TRACKER TEXTILE AT Vivobarefoot"",""polyline"":""i~koIxppg@d@fBHH?JT\\ABFBDLJJ@DFD@FRRDL^d@PHLRVPVj@AFMRSNOF}@~@Q\\W`@MZOVWp@[tA@n@BN`@x@LHJNRLHHPZd@h@Xd@JBXRD@DA`@N`@j@Ll@DFPdAB|BFNHFF?JCP@VFXNl@n@f@z@FFJ?Zq@d@mBN_@`@wAMOUq@MMIOCYFUB?AF@BCEIPB`@Xj@VZJ?DETq@HKRb@p@jA@BAFJ@hApBNRJVV`@Xv@XtBD~@DTH|AEz@Dh@?p@MxABn@GtBQ|AIdAId@Iv@Dt@A\\GRC\\AZKv@KV?FKFIPCHEd@Sd@Ih@?^Q\\Md@c@n@Yt@ALKHMZUz@AZCDKJQXIt@Sj@@DI`@M^Ed@GJIn@?d@OZCVOP?HKRWXU\\YVe@NGFWLMNGPOTGPe@d@Qd@_@xAEn@UfAAXSfAg@tAURU?]EUOMSGWEICAACUWIGU[E@ACOGW?GCS?IDOCIDK?UJCHOBID[CY@IDC?IBONO?KDm@^K?SNIBQLc@NGDGP@j@Dr@Ff@?t@L~@L~AAPCDWF?h@WAGC@?EDGAHA?B?C@B?AA?@CC@DAD@BFNA@e@HKLJDE@KEkAGs@Cq@IcAOmA?c@FMFG?B@?TIHKH?DGTCFGHAHINC@KVQLAJ@ZCFIN@DITAFELADCTGBEN?HINFJADCPBRHFAPKBEB?FGB?BELFP@P[F?JBFCJ?@KKKGM?MBMAMHI@_@FIIKBMK?CECe@VQTYLMp@{Ap@iAHEB@T?TKf@YVAb@c@FAN?RQHw@Ti@PUDSXu@Ni@RaBn@sALKNCLONc@RsAJYDCJQBUP{@^}BBeADQHkADiAAYBa@EcAMa@@_@@MLQNc@No@D_@FQDeAF]Ne@NaA@i@A]BD@a@LeAJSDQHcADs@?iA@_@BQ@g@Gc@IYIi@Qi@Ya@KW[i@O[MOCOW[MKO[AWMMh@eCD_@@o@DKBWBq@RwBL_CDM@i@Jy@BgAJyA?q@EQOIMQSGKWKGy@{@_@s@KGE?Sq@OOs@iCOSOo@CIGEGYGIa@oAeAwBUUs@eAk@m@_@W]KSMEMADIG]IF_AEIKEIi@GAQOD@@CBADHCIDJCIBHCGZKM\\ICALBTFJD?LREz@J@DHL@@DDAHHd@TPJFHBALFLPPLf@j@LRZ\\HNRd@J\\Zl@b@fAk@dAM\\E\\Wn@CNc@vAQVYn@KHO@INUNIAIGG[Ws@CSGG]FWNODOHMBST]XSBu@u@Am@BI@LCE@SCEDA@D""}"
"2025-07-16 16:43:37",walk,"Evening Walk",1096,98,1.538,,,,strava,15135429727,"{""elapsed_time"":1198,""total_elevation_gain"":3.6,""elev_high"":24.2,""elev_low"":19.5,""average_speed"":1.403,""max_speed"":3.338,""gear"":""Vivobarefoot TRACKER TEXTILE AT Vivobarefoot"",""polyline"":""a~koI`rpg@C\\LFPXJHB?HIH]d@c@j@QFBb@AFD@BNDNXVv@FJF?`@a@XOFG`@y@ZiAb@oALi@f@cAHW?KKU]o@w@gBq@_AcAgA[YeBs@EEFeACGKEGa@GGU_A@MDA@IHyBDABWBE?GKtGEGFM?LFRPZ?|@dBv@f@b@z@|@d@p@`@t@j@rAFHTr@c@bAC?EFOj@?LSb@I`@ILOj@Yv@Yf@YL[ZIBKCk@yAUIK?MDM@SAUH_@TSRGNEDa@WY]Au@@I@BHMBDII""}"
"2025-07-16 18:35:04",walk,"Evening Walk",2821,251,3.957,,,,strava,15137024180,"{""elapsed_time"":2821,""total_elevation_gain"":35,""elev_high"":26,""elev_low"":-1,""average_speed"":1.403,""max_speed"":2.34,""gear"":""Vivobarefoot TRACKER TEXTILE AT Vivobarefoot"",""polyline"":""_dvoIjb~h@GXA`@GR@^CXBFO`B?l@GnAGh@M`CGVEh@MhDQrCGfBSlDA|@GhAc@bFKnBIl@MhDEVC|@SvBQxCKv@Ax@QxB?^UtCGjA]xD]hHS~CCbAIl@EpAI`AIfB_@lF}@bJW|Di@xFFb@?lAABK?UDYVYp@[~@{AdK?LmAhIU~A?JH[LkAtAcJ^wCn@iE@O\\qB\\yCF_@ZuC@_@T{A`@yE`@_EAMPeBHu@nAcPNeCNuAHqBPsBF_@VaE^qEBw@NuB@gAN{AB}@VgDBwALgB@e@JgAf@aJH}@t@}K@u@NyB?WRyBHyBJoAJc@AGLu@Dy@J}B""}"
"2025-07-20 08:37:12",walk,"Morning Walk",2010,126,1.98,,,,strava,15173703230,"{""elapsed_time"":2328,""total_elevation_gain"":13.5,""elev_high"":141.8,""elev_low"":128,""average_speed"":0.985,""max_speed"":1.785,""gear"":""Vivobarefoot TRACKER TEXTILE AT Vivobarefoot"",""polyline"":""iugxHzqQA?DCVDFI?IBCBKDKPk@JO`@uANWBUh@uA@SNUb@wAx@oBXc@J]Va@Zo@La@P_@J]pA_DRa@Ro@bBaDPMR]NMFONKh@o@VUAEM@?A@?CB?CN?NMQJs@r@W^_AhA?Bc@n@q@nAm@`B_@n@Od@Wj@q@hBWf@IXc@x@Sf@QXINALQZK\\c@`AERWj@c@vAUd@G\\Yv@AJE@o@nBCBG?EEA@KAKPMl@KlAOhAO^m@vBYv@[fAs@lBAPGHQb@YjAED?B@@N[~@aDBCp@{BTo@z@uCL[VcCP}@AE""}"
"2025-07-20 18:41:01",walk,"Evening Walk",2077,134,2.114,,,,strava,15180359139,"{""elapsed_time"":2111,""total_elevation_gain"":44.2,""elev_high"":119,""elev_low"":95.2,""average_speed"":1.018,""max_speed"":2.26,""polyline"":""sjjxHn`QDDTx@EBCHKL@JAp@Ol@KHs@}@UQICEGIGEyACN?TCBDRAJ?CB@CB?JDa@Am@BMLY?WH}@BEAMdAoBDIC@?C^k@DIAQMYOGCEOCEDEGG@ICCKAAEBUY[KEHOFMRMZCl@ETc@|@OL]l@y@lBSXIVMJINIZKHAFMJMPIFG?GN]b@GNEFCb@HZRJ?BHJ?DJJ@FNRDJJFFFH?VDDDT`@JJFPNHNBJA\\a@FOPOFODm@Na@N]LIDQNMTg@@QAOBMCe@@[CMDc@P[Bu@D_@Pe@BCRy@\\_ACMISUICBOASDOLYJEDODM?UJIFW`@Yj@KHWr@GDS\\AJ[ZKPAAm@vAMJMD[\\Ql@KLIV?RBHLFPXJXXj@@FNJV@B@FADBHRDBDNNLBNJLR@PIHQn@q@DUBm@FIVm@POFQR[FWB]DMHCHNPJ\\Z\\b@F?Pk@Ha@Rg@Ag@GKAMQc@DMHO@K""}"
"2025-07-21 17:32:06",workout,"Evening Squash",9479,,0,166,210,,strava,15190625617,"{""elapsed_time"":9479,""total_elevation_gain"":0,""elev_high"":0,""elev_low"":0,""average_speed"":0,""max_speed"":0}"
"2025-07-23 06:37:12",workout,"Morning Tennis",3177,329,0,133,177,,strava,16013502775,"{""elapsed_time"":3177,""total_elevation_gain"":0,""elev_high"":0,""elev_low"":0,""average_speed"":0,""max_speed"":0}"
"2025-07-26 08:33:33",workout,"Morning Squash",8775,,0,109,191,,strava,15240494515,"{""elapsed_time"":8775,""total_elevation_gain"":0,""elev_high"":0,""elev_low"":0,""average_speed"":0,""max_speed"":0}"
"2025-07-28 06:36:38",workout,"Morning Tennis",3380,382,0,137,182,,strava,16013502695,"{""elapsed_time"":3380,""total_elevation_gain"":0,""elev_high"":0,""elev_low"":0,""average_speed"":0,""max_speed"":0}"
"2025-07-30 06:23:41",workout,"Morning Tennis",3887,476,0,143,176,,strava,16013502571,"{""elapsed_time"":3887,""total_elevation_gain"":0,""elev_high"":0,""elev_low"":0,""average_speed"":0,""max_speed"":0}"
"2025-07-31 18:27:05",workout,"Evening Squash",6927,,0,156,210,,strava,15301818786,"{""elapsed_time"":6927,""total_elevation_gain"":0,""elev_high"":0,""elev_low"":0,""average_speed"":0,""max_speed"":0}"
"2025-08-01 11:32:17",workout,"Lunch Tennis",7251,989,0,151,189,,strava,16013502418,"{""elapsed_time"":7251,""total_elevation_gain"":0,""elev_high"":0,""elev_low"":0,""average_speed"":0,""max_speed"":0}"
"2025-08-02 08:28:56",workout,"Morning Squash",10970,,0,145,198,,strava,15317831832,"{""elapsed_time"":10970,""total_elevation_gain"":0,""elev_high"":0,""elev_low"":0,""average_speed"":0,""max_speed"":0}"
"2025-08-03 09:24:38",workout,"Morning Squash",15280,,0,126,210,,strava,15330698242,"{""elapsed_time"":15280,""total_elevation_gain"":0,""elev_high"":0,""elev_low"":0,""average_speed"":0,""max_speed"":0}"
"2025-08-04 18:31:16",workout,"Evening Tennis",3722,505,0,147,180,,strava,16013502372,"{""elapsed_time"":3722,""total_elevation_gain"":0,""elev_high"":0,""elev_low"":0,""average_speed"":0,""max_speed"":0}"
"2025-08-06 10:32:43",walk,"Lunch Walk",994,73,1.152,,,,strava,15362979955,"{""elapsed_time"":1072,""total_elevation_gain"":23.2,""elev_high"":119,""elev_low"":95.2,""average_speed"":1.159,""max_speed"":2.26,""gear"":""Vivobarefoot TRACKER TEXTILE AT Vivobarefoot"",""polyline"":""mjjxHv`QXT?JGZMZ?x@OXM^SQGOIEQUg@a@GAEKB[CEAm@BKNWJsADEAAB@?D?IJ[FIZgAVg@Ua@OMYc@YEKBGDEF@EUP]b@KDSf@e@j@IRI^g@|@KXIJGBCHEBEPWh@?HS\\MHINSFMLQTOXI\\Fb@b@n@FXDDDNPN`@H?BJDJRLHFTJJH?DBHAJGDMB@LWVOJO@OH_@b@{@NQL[HAVuAF?h@^b@h@NNB?Rc@RcAFSAk@Mc@IKCMFSFG@@AOA@?E?@@A@@C?""}"
"2025-08-07 14:23:35",walk,"Afternoon Walk",1301,68,1.064,,,,strava,15377415438,"{""elapsed_time"":1563,""total_elevation_gain"":23.2,""elev_high"":119,""elev_low"":95.2,""average_speed"":0.818,""max_speed"":1.66,""polyline"":""uljxHbcQEH[TCFIKI?FSEWF{@FQA[Fm@FWDGLIGHITTa@A?DO?ODOKL?FAA@DAADIP]BYACFQFc@QSEM]SGAo@RI?QRA@AAEFODSPS\\EJOP?D@@A?ILWn@SRENKJEPU`@EBDNSJS^IXMROBKNQLCFGF_@r@Gb@FNDBTXTh@PTBHHJFFH?@DVADBRh@FND@A@BAAFBB`@RBEP??AB?DEDKDAJOPKJ_@Dg@T{@B?@INGBOFCR[F_@BEDa@BGACB@?@?EDHh@d@h@n@D?BEHUFIBWHS?MNa@AO@QK_@KQAYE??C@EJG@??M""}"
"2025-08-09 08:46:52",workout,"Morning Squash",9515,,0,149,206,,strava,15397666917,"{""elapsed_time"":9515,""total_elevation_gain"":0,""elev_high"":0,""elev_low"":0,""average_speed"":0,""max_speed"":0}"
"2025-08-14 11:34:07",walk,"Lunch Walk",984,73,1.147,,,,strava,15455399872,"{""elapsed_time"":1019,""total_elevation_gain"":23.2,""elev_high"":119,""elev_low"":95.2,""average_speed"":1.166,""max_speed"":2.06,""gear"":""Vivobarefoot TRACKER TEXTILE AT Vivobarefoot"",""polyline"":""yijxHjbQK`@@JEl@On@IJWSOOEIOOKGQQEAGMCUA_APg@NqA@CDABPAA?KHSh@yBIs@Ug@GIKCY@c@PKNQFKPMHOZMJALONIRKNo@xA]f@Sb@GF[n@KVQN[PKL]t@IJCN@LPb@NNJR@FNVLXJBNNCABADFZFDF@JHPNJVXT@JCFEHOLKLILOFSFaANWLWLMJUJKNu@Da@BGd@`@r@x@JBNg@BSZaAAg@GGAQIOGGAI?IDABI""}"
"2025-08-16 13:32:28",walk,"Afternoon Walk",1106,74,1.159,,,,strava,15478745657,"{""elapsed_time"":1127,""total_elevation_gain"":23.2,""elev_high"":119,""elev_low"":95.2,""average_speed"":1.048,""max_speed"":2.14,""gear"":""Vivobarefoot TRACKER TEXTILE AT Vivobarefoot"",""polyline"":""oijxHzbQCGEBKXAz@Yp@EDe@m@g@_@KMGCEICS@u@Fa@JSASFU?KD]JQTk@DUPi@Di@HS@HHDG@GEQUOEAGQOYKK@BCA?IJKD_@^S\\KF]f@BME@KXQPEXKRGVW^a@z@MNc@fAMFOLKDGPMJWd@KLK\\?TNZRT^`AXNRDFALDHLHTB@@ADHBNPPPDPGZi@NKJMDQ?YDYTk@Z_@NWNk@Jk@HAA@BH\\P^\\X^BCNc@^}A?KEM[w@BWLUA@@IAC""}"
"2025-08-18 06:06:45",weight-training,"Gym Session",2807,216,,,,,setgraph,,"{""sets"":[{""exercise"":""Dumbbell Bench Press"",""reps"":12,""weight"":12},{""exercise"":""Dumbbell Bench Press"",""reps"":12,""weight"":10},{""exercise"":""Dumbbell Bench Press"",""reps"":12,""weight"":12},{""exercise"":""Dumbbell Bench Press"",""reps"":12,""weight"":12},{""exercise"":""Dumbbell Bent-Over Row"",""reps"":12,""weight"":12},{""exercise"":""Dumbbell Bent-Over Row"",""reps"":12,""weight"":12},{""exercise"":""Dumbbell Bent-Over Row"",""reps"":12,""weight"":12},{""exercise"":""Dumbbell Shoulder Press"",""reps"":12,""weight"":12},{""exercise"":""Dumbbell Shoulder Press"",""reps"":12,""weight"":12},{""exercise"":""Dumbbell Shoulder Press"",""reps"":12,""weight"":12},{""exercise"":""Bicep Curls"",""reps"":12,""weight"":8},{""exercise"":""Bicep Curls"",""reps"":8,""weight"":8},{""exercise"":""Bicep Curls"",""reps"":10,""weight"":8}]}"
"2025-08-20 06:36:40",workout,"Morning Tennis",3262,378,0,140,176,,strava,16013502136,"{""elapsed_time"":3262,""total_elevation_gain"":0,""elev_high"":0,""elev_low"":0,""average_speed"":0,""max_speed"":0}"
"2025-08-23 09:05:34",workout,"Morning Squash",5666,,0,166,210,,strava,15556119677,"{""elapsed_time"":5666,""total_elevation_gain"":0,""elev_high"":0,""elev_low"":0,""average_speed"":0,""max_speed"":0}"
"2025-08-23 11:00:53",workout,"Lunch Padel",3471,,2.192,163,189,,strava,15557063021,"{""elapsed_time"":3604,""total_elevation_gain"":0,""elev_high"":63.4,""elev_low"":63.1,""average_speed"":0.632,""max_speed"":3.24}"
"2025-08-24 10:00:57",workout,"Lunch Squash",6404,,0,180,210,,strava,15568733686,"{""elapsed_time"":6404,""total_elevation_gain"":0,""elev_high"":0,""elev_low"":0,""average_speed"":0,""max_speed"":0}"
"2025-08-25 17:55:16",workout,"Evening Padel",526,,0,155,169,,strava,15583690448,"{""elapsed_time"":526,""total_elevation_gain"":0,""elev_high"":0,""elev_low"":0,""average_speed"":0,""max_speed"":0}"
"2025-08-27 08:33:43",workout,"Morning Padel",3977,,0,148,180,,strava,15602217056,"{""elapsed_time"":3977,""total_elevation_gain"":0,""elev_high"":0,""elev_low"":0,""average_speed"":0,""max_speed"":0}"
"2025-08-28 18:32:18",workout,"Evening Squash",5132,,0,167,210,,strava,15619880611,"{""elapsed_time"":5132,""total_elevation_gain"":0,""elev_high"":0,""elev_low"":0,""average_speed"":0,""max_speed"":0}"
"2025-08-31 11:52:56",workout,"Lunch Padel",4445,,0,130,176,,strava,15648595967,"{""elapsed_time"":4445,""total_elevation_gain"":0,""elev_high"":0,""elev_low"":0,""average_speed"":0,""max_speed"":0}"
"2025-08-31 16:47:53",walk,"Evening Walk",936,74,1.165,,,,strava,15651539547,"{""elapsed_time"":957,""total_elevation_gain"":23.1,""elev_high"":119,""elev_low"":95.2,""average_speed"":1.244,""max_speed"":2.127,""polyline"":""sjjxHp`QRVJTQh@C~@O^AJGJC?s@w@SKIM?EAA?BCEA@?BMIES?y@BSBGDAN_B\\s@HKN]J{@Cc@Qm@C@SOKCE@WBUHMLMFs@z@U^MPU`@M\\Y`@MTIVMNCJS^Sf@IJc@\\GLa@`@KROp@@XHHDLPNN^TXHPLF`@Fh@`ANLPFJ?JEd@c@T[FU@a@Nk@JSJI\\c@L[D{@DCB@HATNZ\\^^D@FULOFe@Ro@A]Q[KUAOBKJS""}"
"2025-09-01 17:00:43",workout,"Evening Padel",4026,,0,136,165,,strava,15662295002,"{""elapsed_time"":4026,""total_elevation_gain"":0,""elev_high"":0,""elev_low"":0,""average_speed"":0,""max_speed"":0}"
"2025-09-01 18:14:07",workout,"Evening Squash",6297,,0,159,205,,strava,15663617025,"{""elapsed_time"":6297,""total_elevation_gain"":0,""elev_high"":0,""elev_low"":0,""average_speed"":0,""max_speed"":0}"
"2025-09-02 09:50:21",walk,"Lunch Walk",984,68,1.072,,,,strava,15668694998,"{""elapsed_time"":1295,""total_elevation_gain"":23.2,""elev_high"":119,""elev_low"":95.2,""average_speed"":1.089,""max_speed"":2.26,""gear"":""Vivobarefoot TRACKER TEXTILE AT Vivobarefoot"",""polyline"":""{ijxHbbQCP@XM`@Ad@M\\KJiAgAQMIAAKCAByAP]HsADEB?LWMb@AGEACBCRMF]QKWICIMCIE?GBCQGCM[QOGAU\\Wr@Y\\IXMVg@t@]|@KJSJQL]j@O\\G`@NX^f@HXR\\VR^HT^^f@HFL@XGt@eADQASH_@P_@@IDGJEVc@DQDC@MN{@D??BRRTNVVTZD@@CTq@Lo@HUC[DSBAKASe@A]C@?ATUCKB?A??CED""}"
"2025-09-05 17:38:50",workout,"Evening Squash",3590,,0,165,191,,strava,15708730138,"{""elapsed_time"":3590,""total_elevation_gain"":0,""elev_high"":0,""elev_low"":0,""average_speed"":0,""max_speed"":0}"
"2025-09-06 07:00:33",workout,"Morning Padel",7520,,0,128,168,,strava,15713882457,"{""elapsed_time"":7520,""total_elevation_gain"":0,""elev_high"":0,""elev_low"":0,""average_speed"":0,""max_speed"":0}"
"2025-09-06 09:07:28",workout,"Morning Squash",6411,,0,140,191,,strava,15715182042,"{""elapsed_time"":6411,""total_elevation_gain"":0,""elev_high"":0,""elev_low"":0,""average_speed"":0,""max_speed"":0}"
"2025-09-06 11:02:54",workout,"Lunch Padel",3465,,0,140,170,,strava,15715957165,"{""elapsed_time"":3465,""total_elevation_gain"":0,""elev_high"":0,""elev_low"":0,""average_speed"":0,""max_speed"":0}"
"2025-09-08 16:45:00",weight-training,"Gym Session",3148,306,,,,,setgraph,,"{""sets"":[{""exercise"":""Wall Balls"",""reps"":25,""weight"":4},{""exercise"":""Wall Balls"",""reps"":25,""weight"":4},{""exercise"":""Wall Balls"",""reps"":25,""weight"":4},{""exercise"":""Wall Balls"",""reps"":25,""weight"":4},{""exercise"":""Farmer Walk"",""reps"":4,""weight"":20},{""exercise"":""Farmer Walk"",""reps"":4,""weight"":20},{""exercise"":""Farmer Walk"",""reps"":4,""weight"":20},{""exercise"":""Farmer Walk"",""reps"":4,""weight"":20},{""exercise"":""Walking sandbag lunges"",""reps"":2,""weight"":15},{""exercise"":""Walking sandbag lunges"",""reps"":2,""weight"":15},{""exercise"":""Walking sandbag lunges"",""reps"":2,""weight"":15},{""exercise"":""Walking sandbag lunges"",""reps"":2,""weight"":15},{""exercise"":""Dumbell Push Press"",""reps"":15,""weight"":8},{""exercise"":""Dumbell Push Press"",""reps"":15,""weight"":8},{""exercise"":""Dumbell Push Press"",""reps"":15,""weight"":8},{""exercise"":""Dumbell Push Press"",""reps"":15,""weight"":8}]}"
"2025-09-09 19:07:11",workout,"Evening Tennis",5316,656,0,150,196,,strava,16013501989,"{""elapsed_time"":5316,""total_elevation_gain"":0,""elev_high"":0,""elev_low"":0,""average_speed"":0,""max_speed"":0}"
"2025-09-11 17:48:39",workout,"Evening Squash",7673,,0,155,200,,strava,15779133545,"{""elapsed_time"":7673,""total_elevation_gain"":0,""elev_high"":0,""elev_low"":0,""average_speed"":0,""max_speed"":0}"
"2025-09-13 08:06:18",workout,"Morning Padel",3815,,0,107,128,,strava,15794134052,"{""elapsed_time"":3815,""total_elevation_gain"":0,""elev_high"":0,""elev_low"":0,""average_speed"":0,""max_speed"":0}"
"2025-09-13 09:20:15",workout,"Morning Squash",3760,,0,117,183,,strava,15794993094,"{""elapsed_time"":3760,""total_elevation_gain"":0,""elev_high"":0,""elev_low"":0,""average_speed"":0,""max_speed"":0}"
"2025-09-13 10:59:53",workout,"Lunch Padel",5283,,0,109,147,,strava,15796428639,"{""elapsed_time"":5283,""total_elevation_gain"":0,""elev_high"":0,""elev_low"":0,""average_speed"":0,""max_speed"":0}"
"2025-09-14 13:26:24",workout,"Afternoon Padel",3913,,0,137,168,,strava,15809838161,"{""elapsed_time"":3913,""total_elevation_gain"":0,""elev_high"":0,""elev_low"":0,""average_speed"":0,""max_speed"":0}"
"2025-09-14 14:36:03",workout,"Afternoon Squash",1777,,0,150,180,,strava,15810285048,"{""elapsed_time"":1777,""total_elevation_gain"":0,""elev_high"":0,""elev_low"":0,""average_speed"":0,""max_speed"":0}"
"2025-09-14 15:33:05",workout,"Afternoon Padel",7016,,0,146,180,,strava,15811996170,"{""elapsed_time"":7016,""total_elevation_gain"":0,""elev_high"":0,""elev_low"":0,""average_speed"":0,""max_speed"":0}"
"2025-09-14 18:31:23",workout,"Evening Tennis",1906,242,0,143,178,,strava,16013501858,"{""elapsed_time"":1906,""total_elevation_gain"":0,""elev_high"":0,""elev_low"":0,""average_speed"":0,""max_speed"":0}"
"2025-09-15 16:01:12",workout,"Afternoon Squash",3732,,0,129,161,,strava,15821308393,"{""elapsed_time"":3732,""total_elevation_gain"":0,""elev_high"":0,""elev_low"":0,""average_speed"":0,""max_speed"":0}"
"2025-09-15 17:08:07",workout,"Evening Squash",2280,,0,122,143,,strava,15821864335,"{""elapsed_time"":2280,""total_elevation_gain"":0,""elev_high"":0,""elev_low"":0,""average_speed"":0,""max_speed"":0}"
"2025-09-18 06:04:49",workout,"Morning Tennis",3739,246,0,111,166,,strava,16013501618,"{""elapsed_time"":3739,""total_elevation_gain"":0,""elev_high"":0,""elev_low"":0,""average_speed"":0,""max_speed"":0}"
"2025-09-18 09:08:04",workout,"Morning Squash",4429,,0,129,184,,strava,15851972778,"{""elapsed_time"":4429,""total_elevation_gain"":0,""elev_high"":0,""elev_low"":0,""average_speed"":0,""max_speed"":0}"
"2025-09-18 11:03:19",workout,"Lunch Squash",3874,,0,150,179,,strava,15853104142,"{""elapsed_time"":3874,""total_elevation_gain"":0,""elev_high"":0,""elev_low"":0,""average_speed"":0,""max_speed"":0}"
"2025-09-18 16:52:16",workout,"Afternoon Squash",4186,,0,111,144,,strava,15856856207,"{""elapsed_time"":4186,""total_elevation_gain"":0,""elev_high"":0,""elev_low"":0,""average_speed"":0,""max_speed"":0}"
"2025-09-18 18:11:02",workout,"Evening Squash",3757,,0,133,185,,strava,15857671404,"{""elapsed_time"":3757,""total_elevation_gain"":0,""elev_high"":0,""elev_low"":0,""average_speed"":0,""max_speed"":0}"
"2025-09-19 18:05:00",workout,"Evening Padel",3981,,0,115,150,,strava,15868303536,"{""elapsed_time"":3981,""total_elevation_gain"":0,""elev_high"":0,""elev_low"":0,""average_speed"":0,""max_speed"":0}"
"2025-09-20 08:05:19",workout,"Morning Padel",3358,,0,100,127,,strava,15873125957,"{""elapsed_time"":3358,""total_elevation_gain"":0,""elev_high"":0,""elev_low"":0,""average_speed"":0,""max_speed"":0}"
"2025-09-20 09:29:37",workout,"Morning Squash",4756,,0,121,188,,strava,15874427554,"{""elapsed_time"":4756,""total_elevation_gain"":0,""elev_high"":0,""elev_low"":0,""average_speed"":0,""max_speed"":0}"
"2025-09-20 12:27:42",workout,"Afternoon Squash",11101,,0,148,210,,strava,15877858982,"{""elapsed_time"":11101,""total_elevation_gain"":0,""elev_high"":0,""elev_low"":0,""average_speed"":0,""max_speed"":0}"
"2025-09-20 16:55:43",workout,"Afternoon Squash",2306,,0,127,158,,strava,15879265107,"{""elapsed_time"":2306,""total_elevation_gain"":0,""elev_high"":0,""elev_low"":0,""average_speed"":0,""max_speed"":0}"
"2025-09-21 08:06:44",workout,"Morning Squash",3420,,0,104,136,,strava,15884746621,"{""elapsed_time"":3420,""total_elevation_gain"":0,""elev_high"":0,""elev_low"":0,""average_speed"":0,""max_speed"":0}"
"2025-09-21 10:04:03",workout,"Lunch Tennis",3357,242,0,111,151,,strava,16013501435,"{""elapsed_time"":3357,""total_elevation_gain"":0,""elev_high"":0,""elev_low"":0,""average_speed"":0,""max_speed"":0}"
"2025-09-22 15:45:29",workout,"Afternoon Squash",1869,,0,143,187,,strava,15899852393,"{""elapsed_time"":1869,""total_elevation_gain"":0,""elev_high"":0,""elev_low"":0,""average_speed"":0,""max_speed"":0}"
"2025-09-22 17:31:44",weight-training,"Gym Session",3073,337,,,,,setgraph,,"{""sets"":[{""exercise"":""Farmer Walk"",""reps"":4,""weight"":20},{""exercise"":""Farmer Walk"",""reps"":4,""weight"":20},{""exercise"":""Farmer Walk"",""reps"":4,""weight"":20},{""exercise"":""Walking sandbag lunges"",""reps"":2,""weight"":20},{""exercise"":""Walking sandbag lunges"",""reps"":2,""weight"":20},{""exercise"":""Walking sandbag lunges"",""reps"":2,""weight"":20},{""exercise"":""Walking sandbag lunges"",""reps"":2,""weight"":20},{""exercise"":""Wall Balls"",""reps"":25,""weight"":4},{""exercise"":""Wall Balls"",""reps"":25,""weight"":4},{""exercise"":""Wall Balls"",""reps"":25,""weight"":4},{""exercise"":""Wall Balls"",""reps"":25,""weight"":4},{""exercise"":""Dumbell Push Press"",""reps"":15,""weight"":10},{""exercise"":""Dumbell Push Press"",""reps"":15,""weight"":10},{""exercise"":""Dumbell Push Press"",""reps"":15,""weight"":10},{""exercise"":""Dumbell Push Press"",""reps"":15,""weight"":10}]}"
"2025-09-22 18:19:47",workout,"Evening Squash",2362,,0,134,178,,strava,15913907008,"{""elapsed_time"":2362,""total_elevation_gain"":0,""elev_high"":0,""elev_low"":0,""average_speed"":0,""max_speed"":0}"
"2025-09-23 19:03:31",workout,"Evening Squash",3596,,0,110,146,,strava,15913906846,"{""elapsed_time"":3596,""total_elevation_gain"":0,""elev_high"":0,""elev_low"":0,""average_speed"":0,""max_speed"":0}"
"2025-09-24 15:57:23",weight-training,"Gym Session",2695,289,,,,,setgraph,,"{""sets"":[{""exercise"":""Box jump"",""reps"":15,""weight"":0},{""exercise"":""Box jump"",""reps"":15,""weight"":0},{""exercise"":""Box jump"",""reps"":15,""weight"":0},{""exercise"":""Box jump"",""reps"":15,""weight"":0},{""exercise"":""Sled Push"",""reps"":2,""weight"":60},{""exercise"":""Sled Push"",""reps"":2,""weight"":60},{""exercise"":""Sled Face Pull"",""reps"":2,""weight"":60},{""exercise"":""Sled Face Pull"",""reps"":2,""weight"":60},{""exercise"":""Burpe broad jump"",""reps"":20,""weight"":0},{""exercise"":""Burpe broad jump"",""reps"":20,""weight"":0},{""exercise"":""Burpe broad jump"",""reps"":20,""weight"":0}]}"
"2025-09-25 18:37:27",workout,"Evening Squash",6154,,0,144,201,,strava,15935978477,"{""elapsed_time"":6154,""total_elevation_gain"":0,""elev_high"":0,""elev_low"":0,""average_speed"":0,""max_speed"":0}"
"2025-09-26 21:33:03",walk,"Night Walk",2376,219,3.444,,,,strava,16013494939,"{""elapsed_time"":2496,""total_elevation_gain"":10.5,""elev_high"":18.6,""elev_low"":2.7,""average_speed"":1.449,""max_speed"":3.44,""polyline"":""ypkyHnrXNIJM?B?MJWPODKBFJSH@JJH?CM@@@ETXDSVIHUB?PWJITABGPIB?PCBFNWLEAI@GJ@DADQL@JHDCHFPf@F`@NXLbADJ@JDDBTNX?JHRDd@JKJAB?HJDH@PZt@J`AXl@HLBd@Ll@BDF\\V~@HLBXN\\F`@FJLd@BZRx@HVNRAH?G@?@BC@Hl@LRTfATp@J`@DJJl@Tp@Fd@LXJf@b@VBLFHh@fBLp@d@jADd@DHDXXl@Df@JLD\\?NLTDREROZJh@FJSZSJ{@p@SJWXAAa@TK@QJEFSFw@b@_@VG@W\\OJYPG?ILAVLb@JT@@JMLGF?fAMJE^E\\AlCc@H@?BL?DCN?ZEF@\\IJGf@D\\CJCR?JAVDBGBBDA@E@DJDFF`@BNBFALD`@FNFp@UX?DCj@w@fBeBH]~@k@f@RH?HDf@VN?BBVEDKBUPYL?^g@\\aAHMPm@F]DCJm@?OLs@Na@Hg@JYD_@J]B_@FWJs@FGBWHQ@ODACm@@GHMJAHMFCNMCa@H]JK??LKBGTGVQ?IBCF?@CB@BADQN]PEPBFG@@HEJ@BEBFB??LB?@BEZ@`@Xn@?FCNBd@EDHn@?H@?BJ?ZDBADFN@VDN@\\DN@VCBBHCLBBBVNP@HEV?b@BHCh@BF?NRv@?NEV@ZJf@Dv@Hh@?^FREZ@PJv@Pn@BT?HB@BdAPrAC^DBL@BNFFFP@f@NXJZH@BFZDTLL@LFj@ZVXFRAJJf@DLBr@L\\CEFHJFZCBDDCDZFH@^f@KUWJL@CDDDHCI""}"
"2025-09-28 09:06:14",workout,"Morning Squash",7636,,0,132,163,,strava,15963355268,"{""elapsed_time"":7636,""total_elevation_gain"":0,""elev_high"":0,""elev_low"":0,""average_speed"":0,""max_speed"":0}"
"2025-09-29 17:04:41",workout,"Evening Squash",3686,,0,119,152,,strava,15978286611,"{""elapsed_time"":3686,""total_elevation_gain"":0,""elev_high"":0,""elev_low"":0,""average_speed"":0,""max_speed"":0}"
"2025-09-29 18:24:53",workout,"Evening Squash",4006,,0,124,183,,strava,15979145558,"{""elapsed_time"":4006,""total_elevation_gain"":0,""elev_high"":0,""elev_low"":0,""average_speed"":0,""max_speed"":0}"
"2025-09-30 16:09:22",workout,"Afternoon Squash",3340,,0,121,148,,strava,15988954293,"{""elapsed_time"":3340,""total_elevation_gain"":0,""elev_high"":0,""elev_low"":0,""average_speed"":0,""max_speed"":0}"
"2025-09-30 19:03:19",workout,"Evening Tennis",5475,652,0,140,180,,strava,16013501377,"{""elapsed_time"":5475,""total_elevation_gain"":0,""elev_high"":0,""elev_low"":0,""average_speed"":0,""max_speed"":0}"
"2025-10-01 05:31:11",workout,"Morning Tennis",3230,312,0,124,146,,strava,16013501102,"{""elapsed_time"":3230,""total_elevation_gain"":0,""elev_high"":0,""elev_low"":0,""average_speed"":0,""max_speed"":0}"
"2025-10-01 07:31:29",weight-training,"Gym Session",2505,327,,,,,setgraph,,"{""sets"":[{""exercise"":""Dumbell Push Press"",""reps"":20,""weight"":6},{""exercise"":""Walking sandbag lunges"",""reps"":2,""weight"":20},{""exercise"":""Walking sandbag lunges"",""reps"":2,""weight"":20},{""exercise"":""Dumbell Push Press"",""reps"":20,""weight"":6},{""exercise"":""Dumbell Push Press"",""reps"":20,""weight"":6},{""exercise"":""Walking sandbag lunges"",""reps"":2,""weight"":20},{""exercise"":""Sled Push"",""reps"":1,""weight"":50},{""exercise"":""Sled Face Pull"",""reps"":1,""weight"":50},{""exercise"":""Sled Push"",""reps"":1,""weight"":50},{""exercise"":""Sled Face Pull"",""reps"":1,""weight"":50},{""exercise"":""Sled Face Pull"",""reps"":1,""weight"":50},{""exercise"":""Sled Push"",""reps"":1,""weight"":50},{""exercise"":""Broad jump"",""reps"":20,""weight"":0},{""exercise"":""Broad jump"",""reps"":20,""weight"":0},{""exercise"":""Broad jump"",""reps"":20,""weight"":0},{""exercise"":""Broad jump"",""reps"":20,""weight"":0}]}"
"2025-10-02 16:01:14",workout,"Afternoon Squash",4490,,0,134,197,,strava,16011865541,"{""elapsed_time"":4490,""total_elevation_gain"":0,""elev_high"":0,""elev_low"":0,""average_speed"":0,""max_speed"":0}"
"2025-10-02 17:33:53",workout,"Evening Tennis",3399,438,0,139,176,,strava,16013500697,"{""elapsed_time"":3399,""total_elevation_gain"":0,""elev_high"":0,""elev_low"":0,""average_speed"":0,""max_speed"":0}"
"2025-10-02 18:40:49",workout,"Evening Squash",3753,,0,168,205,,strava,16013384341,"{""elapsed_time"":3753,""total_elevation_gain"":0,""elev_high"":0,""elev_low"":0,""average_speed"":0,""max_speed"":0}"
"2025-10-03 17:02:14",workout,"Evening Squash",7253,,0,144,205,,strava,16023058801,"{""elapsed_time"":7253,""total_elevation_gain"":0,""elev_high"":0,""elev_low"":0,""average_speed"":0,""max_speed"":0}"
"2025-10-04 11:36:27",workout,"Lunch Squash",6797,,0,116,151,,strava,16030442463,"{""elapsed_time"":6797,""total_elevation_gain"":0,""elev_high"":0,""elev_low"":0,""average_speed"":0,""max_speed"":0}"
"2025-10-05 08:03:53",workout,"Morning Squash",10668,,0,115,152,,strava,16040022229,"{""elapsed_time"":10668,""total_elevation_gain"":0,""elev_high"":0,""elev_low"":0,""average_speed"":0,""max_speed"":0}"
"2025-10-06 16:01:12",workout,"Afternoon Squash",5562,,0,103,139,,strava,16054187121,"{""elapsed_time"":5562,""total_elevation_gain"":0,""elev_high"":0,""elev_low"":0,""average_speed"":0,""max_speed"":0}"
"2025-10-06 18:20:32",workout,"Evening Squash",2556,,0,117,156,,strava,16055192447,"{""elapsed_time"":2556,""total_elevation_gain"":0,""elev_high"":0,""elev_low"":0,""average_speed"":0,""max_speed"":0}"
"2025-10-07 19:04:58",workout,"Evening Squash",5408,,0,116,148,,strava,16067588989,"{""elapsed_time"":5408,""total_elevation_gain"":0,""elev_high"":0,""elev_low"":0,""average_speed"":0,""max_speed"":0}"
"2025-10-08 05:36:40",workout,"Morning Squash",2876,,0,110,140,,strava,16071153786,"{""elapsed_time"":2876,""total_elevation_gain"":0,""elev_high"":0,""elev_low"":0,""average_speed"":0,""max_speed"":0}"
"2025-10-09 16:45:00",workout,"Afternoon Table Tennis",5774,,0,145,170,,strava,16088361279,"{""elapsed_time"":5774,""total_elevation_gain"":0,""elev_high"":0,""elev_low"":0,""average_speed"":0,""max_speed"":0}"
"2025-10-10 07:05:53",workout,"Morning Squash",3559,,0,115,142,,strava,16093072873,"{""elapsed_time"":3559,""total_elevation_gain"":0,""elev_high"":0,""elev_low"":0,""average_speed"":0,""max_speed"":0}"
"2025-10-10 09:13:50",workout,"Morning Squash",5213,,0,139,197,,strava,16094080415,"{""elapsed_time"":5213,""total_elevation_gain"":0,""elev_high"":0,""elev_low"":0,""average_speed"":0,""max_speed"":0}"
"2025-10-10 17:08:30",workout,"Evening Squash",3099,,0,108,141,,strava,16098073387,"{""elapsed_time"":3099,""total_elevation_gain"":0,""elev_high"":0,""elev_low"":0,""average_speed"":0,""max_speed"":0}"
"2025-10-10 18:03:35",workout,"Evening Tennis",5268,601,0,133,181,,strava,16131631900,"{""elapsed_time"":5268,""total_elevation_gain"":0,""elev_high"":0,""elev_low"":0,""average_speed"":0,""max_speed"":0}"
"2025-10-11 10:05:35",workout,"Lunch Squash",5042,,0,146,178,,strava,16104643290,"{""elapsed_time"":5042,""total_elevation_gain"":0,""elev_high"":0,""elev_low"":0,""average_speed"":0,""max_speed"":0}"
"2025-10-12 11:47:30",workout,"Lunch Squash",7574,,0,119,138,,strava,16117684025,"{""elapsed_time"":7574,""total_elevation_gain"":0,""elev_high"":0,""elev_low"":0,""average_speed"":0,""max_speed"":0}"
"2025-10-15 05:37:23",workout,"Morning Tennis",2700,148,0,108,131,,strava,16291506540,"{""elapsed_time"":2700,""total_elevation_gain"":0,""elev_high"":0,""elev_low"":0,""average_speed"":0,""max_speed"":0}"
"2025-10-15 16:06:32",workout,"Afternoon Squash",3374,,0,106,128,,strava,16151058198,"{""elapsed_time"":3374,""total_elevation_gain"":0,""elev_high"":0,""elev_low"":0,""average_speed"":0,""max_speed"":0}"
"2025-10-16 11:08:35",walk,"Lunch Walk",921,64,1.013,,,,strava,16158523679,"{""elapsed_time"":939,""total_elevation_gain"":22.8,""elev_high"":119,""elev_low"":95.6,""average_speed"":1.1,""max_speed"":2.007,""polyline"":""kjjxH|~PDRAj@Pf@KX?@B?GLBAEx@S^CRCBG?KMSYu@m@?@IAEG@SCUBq@?GLSDS@]AIUIMAM]GAAGGCCIEAKBCOCGg@i@KFK\\KPEPYf@ENMLCJOJETU^K^INGJSLIJQFGJe@x@ER?PR^PFLd@P\\VTLDJAVNDRRPP`@B@DAN?HEHIBIHG`@g@DO?a@HYVk@X[BILSTgAD??C@Dj@Zn@r@DEDMJMFc@Ty@Ca@M]Q[BMPc@A??A""}"
"2025-10-18 12:58:05",workout,"Afternoon Squash",5445,,0,151,203,,strava,16181099462,"{""elapsed_time"":5445,""total_elevation_gain"":0,""elev_high"":0,""elev_low"":0,""average_speed"":0,""max_speed"":0}"
"2025-10-18 14:32:26",workout,"Afternoon Squash",5293,,0,142,169,,strava,16182260353,"{""elapsed_time"":5293,""total_elevation_gain"":0,""elev_high"":0,""elev_low"":0,""average_speed"":0,""max_speed"":0}"
"2025-10-18 17:36:15",workout,"Evening Tennis",2892,309,0,130,156,,strava,16291506470,"{""elapsed_time"":2892,""total_elevation_gain"":0,""elev_high"":0,""elev_low"":0,""average_speed"":0,""max_speed"":0}"
"2025-10-21 17:04:16",workout,"Evening Squash",3603,,0,117,142,,strava,16213988239,"{""elapsed_time"":3603,""total_elevation_gain"":0,""elev_high"":0,""elev_low"":0,""average_speed"":0,""max_speed"":0}"
"2025-10-21 18:07:00",workout,"Evening Squash",1541,,0,125,153,,strava,16214307879,"{""elapsed_time"":1541,""total_elevation_gain"":0,""elev_high"":0,""elev_low"":0,""average_speed"":0,""max_speed"":0}"
"2025-10-22 05:37:31",workout,"Morning Squash",3381,,0,124,155,,strava,16218727918,"{""elapsed_time"":3381,""total_elevation_gain"":0,""elev_high"":0,""elev_low"":0,""average_speed"":0,""max_speed"":0}"
"2025-10-22 08:06:55",walk,"Morning Walk",1152,75,1.187,,,,strava,16219323647,"{""elapsed_time"":1272,""total_elevation_gain"":22.9,""elev_high"":119,""elev_low"":95.6,""average_speed"":1.03,""max_speed"":2.3,""gear"":""Vivobarefoot TRACKER TEXTILE AT Vivobarefoot"",""polyline"":""ijjxH`_QIR@\\L^D@FJALM`@Av@CNWf@ECWYu@s@GECA?BGECKBW@cAH_@B]DS@[V_ALWHKPc@Fc@G[IG?BEC]a@QGMAQL[Pw@~@Yn@KJGL@EMPOd@U`@IVm@|@Uj@Oj@UJWZG@MVSRQZELFZFLLFJHRp@FDHPFHLFLBBAH?NFDXLJJXLHC@BFHEH@DCBIHCPMLQHGNUF}@^u@FENSBMLSRmAH?@Hf@\\n@r@D?N_@`@aBE[Yq@AULWA@B?BGA??KA?@?OK""}"
"2025-10-25 11:38:37",walk,"Afternoon Walk",2694,200,3.151,,,,strava,16251223678,"{""elapsed_time"":4639,""total_elevation_gain"":65.1,""elev_high"":119,""elev_low"":61.9,""average_speed"":1.17,""max_speed"":2.89,""gear"":""Vivobarefoot TRACKER TEXTILE AT Vivobarefoot"",""polyline"":""ejjxHt~P?n@GF?HF\\JVGLEBCd@?^K^EDITQMi@q@]QAEMGI@GAMJKBKG?CIBGCGWCEg@XSGIIQNMXEDCAAFAEEB]TYd@WTMBKHKBq@EK@IBGAIBS`@]nAG\\MtAICe@e@KAOBYAW@[EKISEMOS]WAIKu@kBCFKJIN]^IRUXe@bAIESACFUEi@QQKG?UUGAE@a@QsAs@]Y]KCS?IGQECGDORCCGDEAE@KRG@UZIB]\\KCGJKFWZ_@TCFADAMCLB?DD?OG@AZGODDHCAVAMLSELOAUH@BIBGLGDQXWLGLg@^IJK@WJWTMFSDu@l@E@ACG@MLMNOHIHE?EFAAEVGAMDBXDGDAB@LNh@`@d@RjBlAPPZPNRF@HJd@XLPTNPTVTFN\\^f@v@VPZ^b@Z`@p@\\`@PYBa@JERy@AUIWQU@KDCBOFIBOJKVg@F[HILWZw@H]^_ANUN]BOPc@Ni@Ta@@IP[DS@[Je@@OH_@DAFUR[Rg@V]R]RWP]HGfAjCDFJVRRPJJ@AATHLBDEDBXC`@BFAHDj@n@Ds@AMX}AFk@Ru@POPDXEZJJ?HCLINABEF@T[DQLMLGPQJCHOPOJEDDV@\\[DBBTLBJH\\CDCH@BEF?B@AAD@AAFHB?b@\\f@n@F?N]DWHMHi@JQCGCWISCUGM?SDI""}"
"2025-10-26 11:09:12",walk,"Lunch Walk",1941,153,2.405,,,,strava,16261090737,"{""elapsed_time"":2461,""total_elevation_gain"":8.1,""elev_high"":160,""elev_low"":154.5,""average_speed"":1.239,""max_speed"":5.54,""gear"":""Vivobarefoot TRACKER TEXTILE AT Vivobarefoot"",""polyline"":""crhxHbeNQd@g@V?ECBSR[ROPOFOPe@\\UVGDG@@BIQM{@Ws@UsAO_@Os@MUa@UQ_@KMIa@EKCCOEBIREPKFM?[BOCE?@C?@A@IALAQ@@@EANCEHNEG?SAEAD?IA@BDGU@H?GED?ABZBQ@^M}ANbA?HAMBXAEBFAAJCAICLCE@BACCB?E@CD@BNCAAD@K@HCGADBF?QCFLIET?EED@EA@CCBGDLSPNO?GAB@ECBBMALDNCKCB?KBBIHCAB@AVLk@CHACHP?DCE@BA?AEGB?IBRCRYROBEH@FVHNjBEP_A~@CFCPb@xCd@lC?XAHSb@AAkA`Au@ZGFCR?r@Jt@Nd@FLDTPbA?b@L`@HJDCTAFCT]n@wA^m@VoA`AuBPWTWBWMs@]iAMw@B{@Ci@U{AMUGa@Ug@SSGAK?YTINCCY\\UNEJGT@\\Nn@Hv@Ll@PtAJ\\?d@Qb@u@h@KL]PK@YLGPCPAj@BZPx@FHJ`@DZLd@?h@Px@FGTADCLKFKxAuCTgAN]r@{Ad@o@BM?O[}AVWGU@I`AaA~@s@X[XOf@g@FATJJJBC?C""}"
"2025-10-27 19:01:04",workout,"Evening Squash",3521,,0,134,162,,strava,16274716526,"{""elapsed_time"":3521,""total_elevation_gain"":0,""elev_high"":0,""elev_low"":0,""average_speed"":0,""max_speed"":0}"
"2025-10-30 19:13:01",workout,"Evening Squash",7287,,0,150,194,,strava,16306247848,"{""elapsed_time"":7287,""total_elevation_gain"":0,""elev_high"":0,""elev_low"":0,""average_speed"":0,""max_speed"":0}"
"2025-11-01 11:03:08",workout,"Lunch Squash",3420,,0,137,164,,strava,16320423307,"{""elapsed_time"":3420,""total_elevation_gain"":0,""elev_high"":0,""elev_low"":0,""average_speed"":0,""max_speed"":0}"
"2025-11-01 13:01:24",workout,"Afternoon Squash",9876,,0,132,199,,strava,16322879596,"{""elapsed_time"":9876,""total_elevation_gain"":0,""elev_high"":0,""elev_low"":0,""average_speed"":0,""max_speed"":0}"
"2025-11-02 11:17:38",walk,"Lunch Walk",1098,71,1.123,,,,strava,16330548542,"{""elapsed_time"":1098,""total_elevation_gain"":22.9,""elev_high"":119,""elev_low"":95.6,""average_speed"":1.023,""max_speed"":1.982,""polyline"":""cjjxH`aQFN?TAXGHCXBXQb@EBCPGDc@k@SKEIUOEIEA@BAACIAM@_A@MNW@e@Fq@FSLOPg@Lo@@[Ge@Qi@WOU?]Pk@f@A?IPIFGNIHCJACIJ]p@ANMZC?KHGP_@j@Wn@IHMVOb@CFQJADMBKHUd@IHQ\\GTDTRX@JFFP^b@j@HF`@HP`@FBHRXTJAB@NGt@{@PoADEN]l@{@Nm@B_@BGHAPTNHt@z@D?Ra@DUL_@Le@?MMg@Qe@@QFEBM""}"
"2025-11-03 05:01:02",workout,"Morning Tennis",10612,496,0,52,88,,strava,16882778512,"{""elapsed_time"":10612,""total_elevation_gain"":0,""elev_high"":0,""elev_low"":0,""average_speed"":0,""max_speed"":0}"
"2025-11-08 09:27:56",walk,"Morning Walk",2250,163,2.558,,,,strava,16391394323,"{""elapsed_time"":2250,""total_elevation_gain"":7.1,""elev_high"":172.3,""elev_low"":165.1,""average_speed"":1.137,""max_speed"":1.96,""polyline"":""s|cxHjaRFE?COu@EI?MYaAg@sBQm@a@eBQg@c@iBO]U]sBiC{@}AUk@OWYoAKm@KwABcAFq@?KEGE?AGMAKGGIu@a@a@YEK?_@G}@@Yl@XLJ\\PFFFBn@b@NFNMXg@`@]`@Ot@CLB~@r@PHbB`@dA`@z@PJAPFJ?FC|@Cd@GP@ZGV@RCP?ZEHBfAIR?x@F|@\\DBPDJFL@ZJPBh@Rz@PZPTDVBTAPCN@HA`@Fd@A|@FJEVBLGTCHE\\ID?DBNb@Lr@ZtABRLf@Jl@@PIP?ZLp@DH?J@ADb@@Pb@~B?b@C`@SHWXSLSPWREAAHMHMn@IbAMb@CZI\\U|AGTGl@YtAINm@f@wAx@GFKDILs@f@QXOl@M~A@f@DNPVRPJDVINKX?NDb@Xr@\\}"""
"2025-11-11 10:02:14",workout,"Morning Squash",4273,,0,126,163,,strava,16422988926,"{""elapsed_time"":4273,""total_elevation_gain"":0,""elev_high"":0,""elev_low"":0,""average_speed"":0,""max_speed"":0}"
"2025-11-11 11:22:18",workout,"Lunch Squash",1795,,0,137,183,,strava,16423419312,"{""elapsed_time"":1795,""total_elevation_gain"":0,""elev_high"":0,""elev_low"":0,""average_speed"":0,""max_speed"":0}"
"2025-11-14 18:03:56",workout,"Evening Squash",3747,,0,111,139,,strava,16457955581,"{""elapsed_time"":3747,""total_elevation_gain"":0,""elev_high"":0,""elev_low"":0,""average_speed"":0,""max_speed"":0}"
"2025-11-17 19:09:17",workout,"Evening Squash",3197,,0,123,178,,strava,16488026816,"{""elapsed_time"":3197,""total_elevation_gain"":0,""elev_high"":0,""elev_low"":0,""average_speed"":0,""max_speed"":0}"
"2025-11-18 10:04:02",workout,"Morning Squash",3604,,0,116,142,,strava,16493231043,"{""elapsed_time"":3604,""total_elevation_gain"":0,""elev_high"":0,""elev_low"":0,""average_speed"":0,""max_speed"":0}"
"2025-11-19 15:13:00",weight-training,"Gym Session",2761,279,,,,,setgraph,,"{""sets"":[{""exercise"":""Assist Pull Ups"",""reps"":12,""weight"":42.5},{""exercise"":""Assist Pull Ups"",""reps"":10,""weight"":40},{""exercise"":""Assist Pull Ups"",""reps"":8,""weight"":35},{""exercise"":""Assist Pull Ups"",""reps"":6,""weight"":27.5},{""exercise"":""Assist Pull Ups"",""reps"":8,""weight"":27.5},{""exercise"":""Lat Pulldown"",""reps"":8,""weight"":42.5},{""exercise"":""Lat Pulldown"",""reps"":8,""weight"":42.5},{""exercise"":""Lat Pulldown"",""reps"":8,""weight"":42.5},{""exercise"":""Standing Cable Rear Delt Fly"",""reps"":12,""weight"":3.8},{""exercise"":""Standing Cable Rear Delt Fly"",""reps"":12,""weight"":3.8},{""exercise"":""Standing Cable Rear Delt Fly"",""reps"":12,""weight"":3.8},{""exercise"":""Barbell Bicep Curl"",""reps"":10,""weight"":10},{""exercise"":""Barbell Upright Row"",""reps"":12,""weight"":10},{""exercise"":""Barbell Bicep Curl"",""reps"":12,""weight"":10},{""exercise"":""Barbell Bicep Curl"",""reps"":10,""weight"":10},{""exercise"":""Barbell Upright Row"",""reps"":10,""weight"":10},{""exercise"":""Barbell Upright Row"",""reps"":10,""weight"":10},{""exercise"":""Gorilla Rows"",""reps"":12,""weight"":16},{""exercise"":""Rope Bicep Curls"",""reps"":12,""weight"":11.3},{""exercise"":""Rope Bicep Curls"",""reps"":12,""weight"":6.3},{""exercise"":""Gorilla Rows"",""reps"":12,""weight"":16},{""exercise"":""Gorilla Rows"",""reps"":12,""weight"":16},{""exercise"":""Rope Bicep Curls"",""reps"":12,""weight"":11.3}]}"
"2025-11-21 18:10:18",workout,"Evening Squash",2268,,0,120,153,,strava,16526493274,"{""elapsed_time"":2268,""total_elevation_gain"":0,""elev_high"":0,""elev_low"":0,""average_speed"":0,""max_speed"":0}"
"2025-11-21 20:02:57",weight-training,"Gym Session",1909,145,,,,,setgraph,,"{""sets"":[{""exercise"":""Leg Press"",""reps"":12,""weight"":80},{""exercise"":""Leg Press"",""reps"":12,""weight"":80},{""exercise"":""Leg Press"",""reps"":12,""weight"":80},{""exercise"":""Leg Extension"",""reps"":12,""weight"":27.5},{""exercise"":""Leg Extension"",""reps"":12,""weight"":27.5},{""exercise"":""Leg Extension"",""reps"":12,""weight"":27.5},{""exercise"":""Leg Extension"",""reps"":12,""weight"":27.5},{""exercise"":""Hamstring Curl"",""reps"":10,""weight"":12.5},{""exercise"":""Hamstring Curl"",""reps"":10,""weight"":12.5},{""exercise"":""Hamstring Curl"",""reps"":10,""weight"":12.5},{""exercise"":""Landmine Lunges"",""reps"":20,""weight"":10},{""exercise"":""Wall Balls"",""reps"":20,""weight"":3},{""exercise"":""Wall Balls"",""reps"":20,""weight"":3},{""exercise"":""Landmine Lunges"",""reps"":20,""weight"":10},{""exercise"":""Landmine Lunges"",""reps"":20,""weight"":10},{""exercise"":""Wall Balls"",""reps"":20,""weight"":3}]}"
"2025-11-24 19:53:35",workout,"Evening Squash",3746,,0,147,209,,strava,16555962804,"{""elapsed_time"":3746,""total_elevation_gain"":0,""elev_high"":0,""elev_low"":0,""average_speed"":0,""max_speed"":0}"
"2025-11-24 21:03:36",weight-training,"Gym Session",2048,208,,,,,setgraph,,"{""sets"":[{""exercise"":""chest press"",""reps"":12,""weight"":5},{""exercise"":""chest press"",""reps"":12,""weight"":20},{""exercise"":""chest press"",""reps"":12,""weight"":20},{""exercise"":""chest press"",""reps"":12,""weight"":20},{""exercise"":""Seated Shoulder Press"",""reps"":12,""weight"":20},{""exercise"":""Seated Shoulder Press"",""reps"":12,""weight"":20},{""exercise"":""Seated Shoulder Press"",""reps"":12,""weight"":20},{""exercise"":""Rope Tricep extension"",""reps"":12,""weight"":11.3},{""exercise"":""Rope Tricep extension"",""reps"":12,""weight"":11.3},{""exercise"":""Rope Tricep extension"",""reps"":12,""weight"":11.3},{""exercise"":""Ring Tricep Extension"",""reps"":15,""weight"":0},{""exercise"":""Ring Tricep Extension"",""reps"":15,""weight"":0},{""exercise"":""Ring Tricep Extension"",""reps"":15,""weight"":0},{""exercise"":""Dumbbell Shoulder Press"",""reps"":12,""weight"":4},{""exercise"":""Dumbbell Shoulder Press"",""reps"":12,""weight"":4},{""exercise"":""Dumbbell Flys"",""reps"":12,""weight"":4},{""exercise"":""Dumbbell Flys"",""reps"":12,""weight"":4},{""exercise"":""Dumbbell Flys"",""reps"":12,""weight"":4},{""exercise"":""Dumbbell Bench Press"",""reps"":12,""weight"":12},{""exercise"":""Dumbbell Bench Press"",""reps"":12,""weight"":12},{""exercise"":""Dumbbell Bench Press"",""reps"":12,""weight"":12}]}"
"2025-11-25 10:00:32",workout,"Morning Squash",2514,,0,172,210,,strava,16560419324,"{""elapsed_time"":2514,""total_elevation_gain"":0,""elev_high"":0,""elev_low"":0,""average_speed"":0,""max_speed"":0}"
"2025-11-26 15:35:19",weight-training,"Gym Session",2321,164,,,,,setgraph,,"{""sets"":[{""exercise"":""Ring Face-Pulls"",""reps"":12,""weight"":0},{""exercise"":""Ring Face-Pulls"",""reps"":12,""weight"":0},{""exercise"":""Ring Face-Pulls"",""reps"":12,""weight"":0},{""exercise"":""Straight Arm Pull Down"",""reps"":15,""weight"":8.8},{""exercise"":""Straight Arm Pull Down"",""reps"":12,""weight"":5.1},{""exercise"":""Straight Arm Pull Down"",""reps"":10,""weight"":6.2},{""exercise"":""Single Arm Kettlebell Sumo Deadlift High Pull"",""reps"":8,""weight"":8},{""exercise"":""Single Arm Kettlebell Sumo Deadlift High Pull"",""reps"":8,""weight"":12},{""exercise"":""Single Arm Kettlebell Sumo Deadlift High Pull"",""reps"":8,""weight"":12},{""exercise"":""Single Arm Kettlebell Sumo Deadlift High Pull"",""reps"":8,""weight"":12},{""exercise"":""Dumbbell Bent-Over Row"",""reps"":15,""weight"":12},{""exercise"":""Dumbbell Bent-Over Row"",""reps"":15,""weight"":12},{""exercise"":""Dumbbell Bent-Over Row"",""reps"":15,""weight"":12},{""exercise"":""Chest Supported Reverse Fly"",""reps"":12,""weight"":4},{""exercise"":""Chest Supported Reverse Fly"",""reps"":12,""weight"":4}]}"
"2025-11-28 19:10:53",weight-training,"Gym Session",2893,,,,,,setgraph,,"{""sets"":[{""exercise"":""Leg Press"",""reps"":12,""weight"":40},{""exercise"":""Leg Press"",""reps"":12,""weight"":60},{""exercise"":""Leg Press"",""reps"":12,""weight"":60},{""exercise"":""Leg Press"",""reps"":12,""weight"":70},{""exercise"":""Sumo Deadlift"",""reps"":12,""weight"":12.5},{""exercise"":""Sumo Deadlift High Pull"",""reps"":12,""weight"":12.5},{""exercise"":""Sumo Deadlift High Pull"",""reps"":12,""weight"":12.5},{""exercise"":""Sumo Deadlift"",""reps"":12,""weight"":12.5},{""exercise"":""Dual Dumbbell Squat"",""reps"":12,""weight"":8},{""exercise"":""Dumbell Push Press"",""reps"":12,""weight"":8},{""exercise"":""Dumbell Push Press"",""reps"":12,""weight"":8},{""exercise"":""Dual Dumbbell Squat"",""reps"":12,""weight"":8},{""exercise"":""Dual Dumbbell Squat"",""reps"":12,""weight"":8},{""exercise"":""Lunges"",""reps"":10,""weight"":0},{""exercise"":""Lunges"",""reps"":10,""weight"":0},{""exercise"":""Lunges"",""reps"":10,""weight"":0}]}"
"2025-11-30 12:09:54",walk,"Lunch Walk",1638,108,1.707,,,,strava,16609713554,"{""elapsed_time"":1838,""total_elevation_gain"":61.6,""elev_high"":161.6,""elev_low"":108.8,""average_speed"":1.042,""max_speed"":1.94,""gear"":""Vivobarefoot TRACKER TEXTILE AT Vivobarefoot"",""polyline"":""}`bxHbfM?AAJc@h@ITY^ENBFU?_@p@OLKVY|AAhAFJHFLTPTLd@`@j@LX^f@JXHDVj@f@r@Tf@NLHNLJDLb@l@JRXXTX?BHTX`@Rd@FJFBFJNZABVb@Xt@Zd@HJL@JABC^gADEFQEBQf@QZ?FGHCLSEGMAEOM@VE@GKOC_@BOCCISOEGGECIWUWc@ECY]ESUi@OSm@iAa@k@m@cAWUUK][OGQ[Qi@]m@e@YOEQL]HKH]Tg@t@SRSLMBc@CGGIUA_@Fg@Pe@z@kBv@kB^e@f@cAn@i@@?FETWp@o@RUHQx@_Ab@y@@ELG@FAA@CCD""}"
"2025-12-01 20:07:00",workout,"Evening Squash",3470,,0,153,205,,strava,16622364705,"{""elapsed_time"":3470,""total_elevation_gain"":0,""elev_high"":0,""elev_low"":0,""average_speed"":0,""max_speed"":0}"
"2025-12-01 21:12:13",weight-training,"Gym Session",1831,200,,,,,setgraph,,"{""sets"":[{""exercise"":""Standing Cable Flies"",""reps"":12,""weight"":8.8},{""exercise"":""Standing Cable Flies"",""reps"":12,""weight"":8.8},{""exercise"":""Standing Cable Flies"",""reps"":12,""weight"":8.8},{""exercise"":""Dumbbell Flys"",""reps"":12,""weight"":5},{""exercise"":""Dumbbell Flys"",""reps"":12,""weight"":5},{""exercise"":""Dumbbell Flys"",""reps"":12,""weight"":5},{""exercise"":""Dumbbell Lateral Raise"",""reps"":12,""weight"":5},{""exercise"":""Dumbbell Lateral Raise"",""reps"":12,""weight"":5},{""exercise"":""Frontal raises"",""reps"":12,""weight"":5},{""exercise"":""Frontal raises"",""reps"":12,""weight"":5},{""exercise"":""Dumbbell Bench Press"",""reps"":12,""weight"":14},{""exercise"":""Dumbbell Bench Press"",""reps"":12,""weight"":14},{""exercise"":""Dumbbell Bench Press"",""reps"":12,""weight"":14},{""exercise"":""Dumbbell Bench Press"",""reps"":12,""weight"":14}]}"
"2025-12-03 06:37:41",workout,"Morning Tennis",2621,218,0,124,152,,strava,16882778773,"{""elapsed_time"":2621,""total_elevation_gain"":0,""elev_high"":0,""elev_low"":0,""average_speed"":0,""max_speed"":0}"
"2025-12-03 07:29:14",weight-training,"Gym Session",2098,177,,,,,setgraph,,"{""sets"":[{""exercise"":""Lat Pulldown"",""reps"":12,""weight"":35},{""exercise"":""Lat Pulldown"",""reps"":12,""weight"":35},{""exercise"":""Lat Pulldown"",""reps"":12,""weight"":35},{""exercise"":""Lat Pulldown"",""reps"":10,""weight"":35},{""exercise"":""Single arm bent over cable row"",""reps"":10,""weight"":8.8},{""exercise"":""Single arm bent over cable row"",""reps"":10,""weight"":8.8},{""exercise"":""Wide cable bent over row"",""reps"":12,""weight"":16.3},{""exercise"":""Wide cable bent over row"",""reps"":12,""weight"":18.8},{""exercise"":""Wide cable bent over row"",""reps"":12,""weight"":21.3},{""exercise"":""Single arm bent over cable reverse fly"",""reps"":10,""weight"":6.3},{""exercise"":""Single arm bent over cable reverse fly"",""reps"":10,""weight"":6.3},{""exercise"":""Single arm bent over cable reverse fly"",""reps"":10,""weight"":6.3},{""exercise"":""Seated rear delt raise"",""reps"":12,""weight"":4},{""exercise"":""Seated rear delt raise"",""reps"":12,""weight"":4},{""exercise"":""Seated rear delt raise"",""reps"":12,""weight"":4},{""exercise"":""Dumbbell Bent-Over Row"",""reps"":15,""weight"":12},{""exercise"":""Dumbbell Bent-Over Row"",""reps"":12,""weight"":14},{""exercise"":""Dumbbell Bent-Over Row"",""reps"":10,""weight"":16}]}"
"2025-12-04 05:00:35",workout,"Morning Tennis",12933,604,0,60,103,,strava,16882779081,"{""elapsed_time"":12933,""total_elevation_gain"":0,""elev_high"":0,""elev_low"":0,""average_speed"":0,""max_speed"":0}"
"2025-12-05 14:12:20",weight-training,"Gym Session",2254,149,,,,,setgraph,,"{""sets"":[{""exercise"":""Leg Press"",""reps"":12,""weight"":80},{""exercise"":""Leg Press"",""reps"":12,""weight"":80},{""exercise"":""Leg Press"",""reps"":12,""weight"":80},{""exercise"":""Leg Press"",""reps"":12,""weight"":80},{""exercise"":""Standing Calf Raise"",""reps"":12,""weight"":20},{""exercise"":""Standing Calf Raise"",""reps"":12,""weight"":20},{""exercise"":""Standing Calf Raise"",""reps"":12,""weight"":20},{""exercise"":""Box jump"",""reps"":12,""weight"":0},{""exercise"":""Heavy ball slams"",""reps"":10,""weight"":5},{""exercise"":""Heavy ball slams"",""reps"":10,""weight"":5},{""exercise"":""Box jump"",""reps"":12,""weight"":0},{""exercise"":""Box jump"",""reps"":12,""weight"":0},{""exercise"":""Heavy ball slams"",""reps"":10,""weight"":5},{""exercise"":""Leg Extension"",""reps"":10,""weight"":35},{""exercise"":""Leg Extension"",""reps"":10,""weight"":35},{""exercise"":""Leg Extension"",""reps"":10,""weight"":35},{""exercise"":""Kettlebell Lunge"",""reps"":16,""weight"":16},{""exercise"":""Kettlebell Lunge"",""reps"":15,""weight"":16},{""exercise"":""Kettlebell Lunge"",""reps"":16,""weight"":16}]}"
"2025-12-07 11:31:49",workout,"Lunch Badminton",2271,,5.657,150,180,,strava,16674907774,"{""elapsed_time"":2439,""total_elevation_gain"":8.8,""elev_high"":29.1,""elev_low"":24.7,""average_speed"":2.491,""max_speed"":14.428}"
"2025-12-08 20:03:23",workout,"Evening Squash",1940,,0,171,208,,strava,16687866216,"{""elapsed_time"":1940,""total_elevation_gain"":0,""elev_high"":0,""elev_low"":0,""average_speed"":0,""max_speed"":0}"
"2025-12-08 21:05:12",weight-training,"Gym Session",2182,273,,,,,setgraph,,"{""sets"":[{""exercise"":""Bench Press"",""reps"":12,""weight"":20},{""exercise"":""Bench Press"",""reps"":10,""weight"":40},{""exercise"":""Bench Press"",""reps"":10,""weight"":40},{""exercise"":""Dumbbell Bench Press"",""reps"":8,""weight"":16},{""exercise"":""Dumbbell Bench Press"",""reps"":8,""weight"":18},{""exercise"":""Dumbbell Bench Press"",""reps"":7,""weight"":18},{""exercise"":""Pec Dec Machine"",""reps"":10,""weight"":27.5},{""exercise"":""Pec Dec Machine"",""reps"":10,""weight"":27.5},{""exercise"":""Pec Dec Machine"",""reps"":8,""weight"":32.5},{""exercise"":""Pec Dec Machine"",""reps"":8,""weight"":37.5},{""exercise"":""Dumbbell Flys"",""reps"":12,""weight"":5},{""exercise"":""Press Ups"",""reps"":10,""weight"":0},{""exercise"":""Press Ups"",""reps"":12,""weight"":0},{""exercise"":""Press Ups"",""reps"":8,""weight"":0},{""exercise"":""Dumbbell Flys"",""reps"":10,""weight"":5},{""exercise"":""Dumbbell Flys"",""reps"":8,""weight"":5}]}"
"2025-12-10 06:46:24",workout,"Morning Tennis",2616,201,0,122,148,,strava,16882779290,"{""elapsed_time"":2616,""total_elevation_gain"":0,""elev_high"":0,""elev_low"":0,""average_speed"":0,""max_speed"":0}"
"2025-12-10 07:45:54",weight-training,"Gym Session",1167,100,,,,,setgraph,,"{""sets"":[{""exercise"":""Lat Pulldown"",""reps"":10,""weight"":27.5},{""exercise"":""Lat Pulldown"",""reps"":10,""weight"":27.5},{""exercise"":""Lat Pulldown"",""reps"":10,""weight"":35},{""exercise"":""Lat Pulldown"",""reps"":8,""weight"":35},{""exercise"":""Close Grip Lat Pulldowns"",""reps"":10,""weight"":35},{""exercise"":""Close Grip Lat Pulldowns"",""reps"":10,""weight"":35},{""exercise"":""Close Grip Lat Pulldowns"",""reps"":10,""weight"":35},{""exercise"":""Low Cable Row"",""reps"":10,""weight"":16.3},{""exercise"":""Low Cable Row"",""reps"":10,""weight"":18.8},{""exercise"":""Low Cable Row"",""reps"":10,""weight"":18.8},{""exercise"":""Cable Reverse Fly"",""reps"":8,""weight"":12.5},{""exercise"":""Cable Reverse Fly"",""reps"":8,""weight"":12.5},{""exercise"":""Cable Reverse Fly"",""reps"":8,""weight"":12.5},{""exercise"":""Bent Over Dual KB Row"",""reps"":10,""weight"":8},{""exercise"":""Bent Over Dual KB Row"",""reps"":10,""weight"":8},{""exercise"":""Bent Over Dual KB Row"",""reps"":10,""weight"":8},{""exercise"":""Renegade Row"",""reps"":12,""weight"":4},{""exercise"":""Renegade Row"",""reps"":12,""weight"":4},{""exercise"":""Renegade Row"",""reps"":12,""weight"":4}]}"
"2025-12-12 09:42:10",workout,"Morning Squash",9781,,0,148,209,,strava,16721442268,"{""elapsed_time"":9781,""total_elevation_gain"":0,""elev_high"":0,""elev_low"":0,""average_speed"":0,""max_speed"":0}"
"2025-12-12 15:50:28",workout,"Afternoon Table Tennis",1773,,0,134,147,,strava,16723251946,"{""elapsed_time"":1773,""total_elevation_gain"":0,""elev_high"":0,""elev_low"":0,""average_speed"":0,""max_speed"":0}"
"2025-12-12 19:05:51",weight-training,"Gym Session",1714,125,,,,,setgraph,,"{""sets"":[{""exercise"":""Leg Press"",""reps"":10,""weight"":80},{""exercise"":""Leg Press"",""reps"":10,""weight"":80},{""exercise"":""Leg Press"",""reps"":10,""weight"":80},{""exercise"":""Leg Press"",""reps"":10,""weight"":80},{""exercise"":""Leg Press"",""reps"":10,""weight"":80},{""exercise"":""Leg Extension"",""reps"":10,""weight"":35},{""exercise"":""Leg Extension"",""reps"":10,""weight"":35},{""exercise"":""Leg Extension"",""reps"":10,""weight"":35},{""exercise"":""Leg Extension"",""reps"":10,""weight"":35},{""exercise"":""Leg Extension"",""reps"":10,""weight"":35},{""exercise"":""Hamstring Curl"",""reps"":12,""weight"":12.5},{""exercise"":""Hamstring Curl"",""reps"":12,""weight"":12.5},{""exercise"":""Hamstring Curl"",""reps"":12,""weight"":12.5},{""exercise"":""Goblet Squat"",""reps"":10,""weight"":10},{""exercise"":""Goblet Squat"",""reps"":10,""weight"":10},{""exercise"":""Goblet Squat"",""reps"":10,""weight"":10},{""exercise"":""Walking sandbag lunges"",""reps"":3,""weight"":15}]}"
"2025-12-23 11:10:08",weight-training,"Gym Session",480,55,,,,,setgraph,,
"2025-12-23 13:09:30",workout,"Afternoon Squash",3202,,0,135,183,,strava,16820328158,"{""elapsed_time"":3202,""total_elevation_gain"":0,""elev_high"":0,""elev_low"":0,""average_speed"":0,""max_speed"":0}"
"2025-12-25 11:27:14",walk,"Lunch Walk",876,70,1.105,,,,strava,16864661832,"{""elapsed_time"":904,""total_elevation_gain"":23.2,""elev_high"":119,""elev_low"":95.2,""average_speed"":1.261,""max_speed"":2.16,""polyline"":""ajjxH``QAFPr@GXEHGTAt@OXGVGDg@o@m@g@KGEGAS@i@A[Ri@@UFY?]BCFF?QXw@Fc@A]E?QQOGE@EEE@GIC@QIO?MCYTUXQb@SV[v@]n@e@p@{@jBm@h@Y`@Wl@AJDPNTJHRd@Vd@PNZ@LHHTf@n@PFJEb@e@PIL[Bm@BKLQLc@Z_@BMLQJa@?IJYDAHJ`@TVVRXFBP_@Nw@FKFYEg@Ug@AQ?GDEBOHCAECC""}"
"2025-12-28 13:52:10",walk,"Afternoon Walk",986,64,1.011,,,,strava,16864880922,"{""elapsed_time"":1150,""total_elevation_gain"":3.3,""elev_high"":144,""elev_low"":140.6,""average_speed"":1.025,""max_speed"":2.26,""polyline"":""iugxHbhQBC?GHt@?PWx@MRAJGVSd@F\\?LNf@@JHJ?BAE?HGVARELEd@?D@ACD?VIh@?C@BGXm@`Bu@dCYx@A@AA?HYx@@DCAENw@jCKPAJFD@ECIVs@jAaErA{D\\qATm@HONi@Tk@ZkA?EEE]K@B?AMIGSGICUEGAMZ{@DSRa@BKHWF]M[KMSMAEIGMUq@e@?JCDBKD@RNHB?E@BWA""}"
"2025-12-30 10:35:49",workout,"Morning Squash",3980,,0,116,146,,strava,16882631742,"{""elapsed_time"":3980,""total_elevation_gain"":0,""elev_high"":0,""elev_low"":0,""average_speed"":0,""max_speed"":0}"
"2026-01-01 13:00:04",workout,"Afternoon Squash",3892,,0,152,197,,strava,16903128955,"{""elapsed_time"":3892,""total_elevation_gain"":0,""elev_high"":0,""elev_low"":0,""average_speed"":0,""max_speed"":0}"
"2026-01-05 19:53:43",workout,"Evening Squash",3005,,0,129,158,,strava,16949016793,"{""elapsed_time"":3005,""total_elevation_gain"":0,""elev_high"":0,""elev_low"":0,""average_speed"":0,""max_speed"":0}"
"2026-01-05 20:54:14",weight-training,"Gym Session",2292,254,,,,,setgraph,,"{""sets"":[{""exercise"":""Dumbbell Bench Press"",""reps"":10,""weight"":12},{""exercise"":""Dumbbell Bench Press"",""reps"":10,""weight"":12},{""exercise"":""Dumbbell Bench Press"",""reps"":10,""weight"":12},{""exercise"":""Incline Dumbbell Press"",""reps"":10,""weight"":12},{""exercise"":""Incline Dumbbell Press"",""reps"":10,""weight"":12},{""exercise"":""Incline Dumbbell Press"",""reps"":10,""weight"":12},{""exercise"":""Pec Dec Machine"",""reps"":10,""weight"":27.5},{""exercise"":""Pec Dec Machine"",""reps"":10,""weight"":27.5},{""exercise"":""Pec Dec Machine"",""reps"":10,""weight"":27.5},{""exercise"":""Ring Tricep Extension"",""reps"":15,""weight"":0},{""exercise"":""Ring Tricep Extension"",""reps"":15,""weight"":0},{""exercise"":""Ring Tricep Extension"",""reps"":15,""weight"":0},{""exercise"":""Cable Tricep Pushdown"",""reps"":12,""weight"":11.3},{""exercise"":""Cable Tricep Pushdown"",""reps"":12,""weight"":11.3},{""exercise"":""Cable Tricep Pushdown"",""reps"":12,""weight"":11.3},{""exercise"":""Press Ups"",""reps"":10,""weight"":0},{""exercise"":""Press Ups"",""reps"":10,""weight"":0},{""exercise"":""Press Ups"",""reps"":10,""weight"":0}]}"
"2026-01-07 06:38:04",workout,"Morning Tennis",2864,229,0,124,162,,strava,16964893931,"{""elapsed_time"":2864,""total_elevation_gain"":0,""elev_high"":0,""elev_low"":0,""average_speed"":0,""max_speed"":0}"
"2026-01-07 07:30:55",weight-training,"Gym Session",2204,208,,,,,setgraph,,"{""sets"":[{""exercise"":""Lat Pulldown"",""reps"":12,""weight"":35},{""exercise"":""Lat Pulldown"",""reps"":12,""weight"":35},{""exercise"":""Lat Pulldown"",""reps"":12,""weight"":35},{""exercise"":""Seated Row"",""reps"":10,""weight"":35},{""exercise"":""Seated Row"",""reps"":10,""weight"":35},{""exercise"":""Seated Row"",""reps"":10,""weight"":35},{""exercise"":""Assist Pull Ups"",""reps"":10,""weight"":27.5},{""exercise"":""Assist Pull Ups"",""reps"":10,""weight"":35},{""exercise"":""Assist Pull Ups"",""reps"":10,""weight"":35},{""exercise"":""Dumbbell Bicep Curl"",""reps"":12,""weight"":7},{""exercise"":""Dumbbell Bicep Curl"",""reps"":12,""weight"":7},{""exercise"":""Dumbbell Bicep Curl"",""reps"":12,""weight"":7},{""exercise"":""Dumbbell Hammer Curl"",""reps"":12,""weight"":7},{""exercise"":""Dumbbell Hammer Curl"",""reps"":12,""weight"":7},{""exercise"":""Dumbbell Hammer Curl"",""reps"":12,""weight"":7},{""exercise"":""Single arm bicep curl to press"",""reps"":10,""weight"":7},{""exercise"":""Single arm bicep curl to press"",""reps"":10,""weight"":7},{""exercise"":""Single arm bicep curl to press"",""reps"":10,""weight"":7}]}"
"2026-01-09 06:35:46",workout,"Morning Tennis",3751,434,0,147,186,,strava,17309982834,"{""elapsed_time"":3751,""total_elevation_gain"":0,""elev_high"":0,""elev_low"":0,""average_speed"":0,""max_speed"":0}"
"2026-01-09 07:58:10",weight-training,"Gym Session",2484,243,,,,,setgraph,,"{""sets"":[{""exercise"":""Leg Press"",""reps"":10,""weight"":40},{""exercise"":""Leg Press"",""reps"":10,""weight"":40},{""exercise"":""Leg Press"",""reps"":10,""weight"":40},{""exercise"":""Single Leg Press"",""reps"":10,""weight"":20},{""exercise"":""Single Leg Press"",""reps"":10,""weight"":20},{""exercise"":""Single Leg Press"",""reps"":10,""weight"":20},{""exercise"":""Seated Shoulder Press"",""reps"":12,""weight"":12.5},{""exercise"":""Seated Shoulder Press"",""reps"":12,""weight"":12.5},{""exercise"":""Seated Shoulder Press"",""reps"":12,""weight"":12.5},{""exercise"":""Barbell thruster"",""reps"":10,""weight"":7.5},{""exercise"":""Barbell thruster"",""reps"":10,""weight"":7.5},{""exercise"":""Barbell thruster"",""reps"":10,""weight"":7.5},{""exercise"":""Dumbbell Thrusters"",""reps"":10,""weight"":6},{""exercise"":""Dumbbell Thrusters"",""reps"":10,""weight"":6},{""exercise"":""Dumbbell Thrusters"",""reps"":10,""weight"":6},{""exercise"":""Standing Cable Rear Delt Fly"",""reps"":12,""weight"":3.8},{""exercise"":""Standing Cable Rear Delt Fly"",""reps"":12,""weight"":3.8},{""exercise"":""Standing Cable Rear Delt Fly"",""reps"":12,""weight"":3.8}]}"
"2026-01-13 11:22:43",workout,"Lunch Squash",1621,,0,147,186,,strava,17033360656,"{""elapsed_time"":1621,""total_elevation_gain"":0,""elev_high"":0,""elev_low"":0,""average_speed"":0,""max_speed"":0}"
"2026-01-16 06:36:24",workout,"Morning Tennis",3838,414,0,144,168,,strava,17309982970,"{""elapsed_time"":3838,""total_elevation_gain"":0,""elev_high"":0,""elev_low"":0,""average_speed"":0,""max_speed"":0}"
"2026-01-21 06:40:06",workout,"Morning Tennis",2983,177,0,112,135,,strava,17309983149,"{""elapsed_time"":2983,""total_elevation_gain"":0,""elev_high"":0,""elev_low"":0,""average_speed"":0,""max_speed"":0}"
"2026-01-23 06:34:54",workout,"Morning Tennis",3305,424,0,152,173,,strava,17309983256,"{""elapsed_time"":3305,""total_elevation_gain"":0,""elev_high"":0,""elev_low"":0,""average_speed"":0,""max_speed"":0}"
"2026-01-23 19:01:50",workout,"Evening Squash",3432,,0,,,,strava,17153123375,"{""elapsed_time"":3432,""total_elevation_gain"":0,""elev_high"":0,""elev_low"":0,""average_speed"":0,""max_speed"":0}"
"2026-01-30 06:38:02",workout,"Morning Tennis",3161,369,0,151,180,,strava,17309983398,"{""elapsed_time"":3161,""total_elevation_gain"":0,""elev_high"":0,""elev_low"":0,""average_speed"":0,""max_speed"":0}"
"2026-01-31 15:35:04",walk,"Afternoon Walk",424,28,0.447,,,,strava,17309976204,"{""elapsed_time"":454,""total_elevation_gain"":0,""elev_high"":102.7,""elev_low"":100.6,""average_speed"":1.055,""max_speed"":2.9,""polyline"":""__cxHjnMWBIEKLQ?EIDBCADJe@f@CRIBGEKLGBEDAAQ`@GEKBKPAHQJW\\C?MHCTCCDHJp@FABKRANMB?NG^SLNNFLCJ@HG@CUmANF@DH?DBN\\BJDBFC@GFA@EAYCK\\YPUE[@GKY@OBFC@""}"
"2026-02-04 06:40:35",workout,"Morning Tennis",2981,279,0,135,166,,strava,17309983661,"{""elapsed_time"":2981,""total_elevation_gain"":0,""elev_high"":0,""elev_low"":0,""average_speed"":0,""max_speed"":0}"
"2026-02-05 19:35:33",workout,"Evening Squash",6263,,0,157,206,,strava,17299719948,"{""elapsed_time"":6263,""total_elevation_gain"":0,""elev_high"":0,""elev_low"":0,""average_speed"":0,""max_speed"":0}"
"2026-02-06 06:31:24",workout,"Morning Tennis",3583,400,0,146,187,,strava,17309983746,"{""elapsed_time"":3583,""total_elevation_gain"":0,""elev_high"":0,""elev_low"":0,""average_speed"":0,""max_speed"":0}"
"2026-02-06 19:02:51",workout,"Evening Squash",3693,,0,151,179,,strava,17309459594,"{""elapsed_time"":3693,""total_elevation_gain"":0,""elev_high"":0,""elev_low"":0,""average_speed"":0,""max_speed"":0}"
"2026-02-08 18:03:25",workout,"Evening Tennis",5198,620,0,148,187,,strava,17333940081,"{""elapsed_time"":5198,""total_elevation_gain"":0,""elev_high"":0,""elev_low"":0,""average_speed"":0,""max_speed"":0}"
"2026-02-09 20:14:00",weight-training,"Gym Session",660,38,,,,,setgraph,,"{""sets"":[{""exercise"":""Dumbbell Bench Press"",""reps"":12,""weight"":12},{""exercise"":""Dumbbell Bench Press"",""reps"":12,""weight"":12},{""exercise"":""Dumbbell Shoulder Press"",""reps"":12,""weight"":12},{""exercise"":""Dumbbell Shoulder Press"",""reps"":12,""weight"":12},{""exercise"":""Dumbbell Shoulder Press"",""reps"":8,""weight"":12},{""exercise"":""Standing Cable Flies"",""reps"":12,""weight"":7.5},{""exercise"":""Standing Cable Flies"",""reps"":12,""weight"":7.5},{""exercise"":""Standing Cable Flies"",""reps"":12,""weight"":7.5},{""exercise"":""Cable Tricep Pushdown"",""reps"":12,""weight"":12.5},{""exercise"":""Cable Tricep Pushdown"",""reps"":12,""weight"":12.5},{""exercise"":""Cable Tricep Pushdown"",""reps"":12,""weight"":12.5},{""exercise"":""Trx push up"",""reps"":10,""weight"":0},{""exercise"":""Trx push up"",""reps"":10,""weight"":0},{""exercise"":""Trx push up"",""reps"":10,""weight"":0}]}"
"2026-02-10 14:57:14",walk,"Afternoon Walk",305,22,0.339,,,,strava,17351507559,"{""elapsed_time"":372,""total_elevation_gain"":4.9,""elev_high"":106.7,""elev_low"":101.7,""average_speed"":1.111,""max_speed"":1.67,""gear"":""Vivobarefoot TRACKER TEXTILE AT Vivobarefoot"",""polyline"":""mudxHv~MMCC@SAqDNED?CETHU|AIjBEPARIDKECa@y@OQQEAMDAB@""}"
"2026-02-11 06:43:45",workout,"Morning Tennis",2949,230,0,125,153,,strava,17406976773,"{""elapsed_time"":2949,""total_elevation_gain"":0,""elev_high"":0,""elev_low"":0,""average_speed"":0,""max_speed"":0}"
"2026-02-11 07:36:36",weight-training,"Gym Session",1335,121,,,,,setgraph,,"{""sets"":[{""exercise"":""Air Squats"",""reps"":12,""weight"":0},{""exercise"":""Air Squats"",""reps"":12,""weight"":0},{""exercise"":""Single Glute Bridge"",""reps"":12,""weight"":0},{""exercise"":""Single Glute Bridge"",""reps"":12,""weight"":0},{""exercise"":""Goblet Squat"",""reps"":15,""weight"":12},{""exercise"":""Goblet Squat"",""reps"":15,""weight"":12},{""exercise"":""Goblet Squat"",""reps"":15,""weight"":12},{""exercise"":""Leg Press"",""reps"":12,""weight"":40},{""exercise"":""Leg Press"",""reps"":10,""weight"":40},{""exercise"":""Leg Press"",""reps"":8,""weight"":40},{""exercise"":""Leg Press"",""reps"":10,""weight"":40},{""exercise"":""Leg Press"",""reps"":12,""weight"":40},{""exercise"":""Leg Curl"",""reps"":12,""weight"":20},{""exercise"":""Leg Curl"",""reps"":10,""weight"":25},{""exercise"":""Leg Curl"",""reps"":15,""weight"":5}]}"
"2026-02-13 06:36:24",workout,"Morning Tennis",3338,402,0,147,182,,strava,17406976983,"{""elapsed_time"":3338,""total_elevation_gain"":0,""elev_high"":0,""elev_low"":0,""average_speed"":0,""max_speed"":0}"
"2026-02-13 07:35:34",weight-training,"Gym Session",1795,173,,,,,setgraph,,"{""sets"":[{""exercise"":""TRX Row"",""reps"":10,""weight"":0},{""exercise"":""TRX Row"",""reps"":10,""weight"":0},{""exercise"":""TRX Row"",""reps"":10,""weight"":0},{""exercise"":""TRX Bicep Curl"",""reps"":10,""weight"":0},{""exercise"":""TRX Bicep Curl"",""reps"":10,""weight"":0},{""exercise"":""TRX Bicep Curl"",""reps"":10,""weight"":0},{""exercise"":""Seated Row"",""reps"":12,""weight"":35},{""exercise"":""Seated Row"",""reps"":12,""weight"":35},{""exercise"":""Seated Row"",""reps"":12,""weight"":35},{""exercise"":""Lat Pulldown"",""reps"":12,""weight"":20},{""exercise"":""Lat Pulldown"",""reps"":10,""weight"":27.5},{""exercise"":""Lat Pulldown"",""reps"":8,""weight"":35},{""exercise"":""Lat Pulldown"",""reps"":10,""weight"":27.5},{""exercise"":""Lat Pulldown"",""reps"":8,""weight"":35},{""exercise"":""Single arm incline bench dumbbell preacher curl"",""reps"":10,""weight"":6},{""exercise"":""Single arm incline bench dumbbell preacher curl"",""reps"":10,""weight"":6},{""exercise"":""Single arm incline bench dumbbell preacher curl"",""reps"":10,""weight"":8},{""exercise"":""Single arm incline bench dumbbell preacher curl"",""reps"":10,""weight"":8},{""exercise"":""Single arm incline bench dumbbell preacher curl"",""reps"":10,""weight"":8},{""exercise"":""Single arm incline bench dumbbell preacher curl"",""reps"":10,""weight"":8}]}"
"2026-02-15 08:09:37",workout,"Morning Tennis",2937,329,0,144,177,,strava,17406977111,"{""elapsed_time"":2937,""total_elevation_gain"":0,""elev_high"":0,""elev_low"":0,""average_speed"":0,""max_speed"":0}"
"2026-02-16 19:52:40",workout,"Evening Squash",2331,,0,151,192,,strava,17420199898,"{""elapsed_time"":2331,""total_elevation_gain"":0,""elev_high"":0,""elev_low"":0,""average_speed"":0,""max_speed"":0}"
"2026-02-18 06:51:47",weight-training,"Gym Session",1603,115,,,,,setgraph,,"{""sets"":[{""exercise"":""Air Squats"",""reps"":8,""weight"":0},{""exercise"":""Air Squats"",""reps"":8,""weight"":0},{""exercise"":""Air Squats"",""reps"":8,""weight"":0},{""exercise"":""Inchworm to standup"",""reps"":8,""weight"":0},{""exercise"":""Inchworm to standup"",""reps"":8,""weight"":0},{""exercise"":""Squat Jump"",""reps"":6,""weight"":0},{""exercise"":""Squat Jump"",""reps"":6,""weight"":0},{""exercise"":""Squat Jump"",""reps"":6,""weight"":0},{""exercise"":""Squat"",""reps"":10,""weight"":7.5},{""exercise"":""Squat"",""reps"":10,""weight"":7.5},{""exercise"":""Squat"",""reps"":10,""weight"":7.5}]}"
"2026-02-18 07:33:18",workout,"Morning Tennis",3524,296,0,125,164,,strava,17439532929,"{""elapsed_time"":3524,""total_elevation_gain"":0,""elev_high"":0,""elev_low"":0,""average_speed"":0,""max_speed"":0}"
"2026-02-20 06:35:20",workout,"Morning Tennis",3353,309,0,127,157,,strava,17514721753,"{""elapsed_time"":3353,""total_elevation_gain"":0,""elev_high"":0,""elev_low"":0,""average_speed"":0,""max_speed"":0}"
"2026-02-20 07:39:40",weight-training,"Gym Session",1281,111,,,,,setgraph,,"{""sets"":[{""exercise"":""Wide Grip Cable Row"",""reps"":12,""weight"":27.5},{""exercise"":""Wide Grip Cable Row"",""reps"":12,""weight"":27.5},{""exercise"":""Wide Grip Cable Row"",""reps"":12,""weight"":27.5},{""exercise"":""Standing Rope Bicep Curl on Cable Machine"",""reps"":12,""weight"":8.8},{""exercise"":""Standing Rope Bicep Curl on Cable Machine"",""reps"":12,""weight"":8.8},{""exercise"":""Standing Rope Bicep Curl on Cable Machine"",""reps"":12,""weight"":8.8},{""exercise"":""Gorilla Rows"",""reps"":16,""weight"":12},{""exercise"":""Gorilla Rows"",""reps"":16,""weight"":12},{""exercise"":""Gorilla Rows"",""reps"":16,""weight"":12},{""exercise"":""Barbell Bicep Curl"",""reps"":10,""weight"":12.5},{""exercise"":""Barbell Bicep Curl"",""reps"":10,""weight"":12.5},{""exercise"":""Barbell Bicep Curl"",""reps"":10,""weight"":12.5}]}"
"2026-02-21 09:06:47",workout,"Morning Squash",6361,,0,157,197,,strava,17470036432,"{""elapsed_time"":6361,""total_elevation_gain"":0,""elev_high"":0,""elev_low"":0,""average_speed"":0,""max_speed"":0}"
"2026-02-21 11:44:39",workout,"Lunch Squash",2213,,0,156,192,,strava,17471245642,"{""elapsed_time"":2213,""total_elevation_gain"":0,""elev_high"":0,""elev_low"":0,""average_speed"":0,""max_speed"":0}"
"2026-02-22 14:33:57",workout,"Afternoon Tennis",4548,604,0,155,195,,strava,17514721883,"{""elapsed_time"":4548,""total_elevation_gain"":0,""elev_high"":0,""elev_low"":0,""average_speed"":0,""max_speed"":0}"
"2026-02-23 09:15:57",walk,"Morning Walk",1992,137,2.159,,,,strava,17492259983,"{""elapsed_time"":3939,""total_elevation_gain"":34.1,""elev_high"":131.6,""elev_low"":100.9,""average_speed"":1.084,""max_speed"":2.04,""polyline"":""m_cxHhsMICKFLb@?FCDOJKYGH?r@Hh@GR_@\\B^EVWP[LCF@Jt@pCPVNLLAb@k@LKJSn@o@X[JONQ?BDOH?^c@@EAC?EHKF?NMNW^{@l@gBbAiALETQPWTOLA^QF?FDPDJPFAj@DJFL@Zd@^Jd@Qd@Ih@@LSJC^AVVBAd@h@f@v@`@x@ZRRCPKJQf@q@d@y@Za@DQAKSSWc@y@kBQe@UaAIQG[?ED?@CCa@BIAGBKJK?Ga@yAIm@IWAAa@BI@EBK?MCSKMFo@p@i@t@BF?D@?G@DkABGCFBr@QX?BOBOXC@[ZE@?HIDQRGBAFe@RGN?Ai@f@?DGLWXKFILc@b@KLi@b@QJiA~@UV_@T_@d@Q\\QHi@d@a@P_@\\GJ]TkAbASu@OYCOMYBEBADD@JRKBKIc@d@]NGG]?QEM?CCA@?AC@BBC@@@?CA?CI@BEAM@@?C""}"
"2026-02-25 07:30:02",weight-training,"Gym Session",1352,,,,,,setgraph,,"{""sets"":[{""exercise"":""Air Squats"",""reps"":10,""weight"":0},{""exercise"":""Air Squats"",""reps"":10,""weight"":0},{""exercise"":""Single Glute Bridge"",""reps"":10,""weight"":0},{""exercise"":""Single Glute Bridge"",""reps"":10,""weight"":0},{""exercise"":""Poor mans leg extension"",""reps"":6,""weight"":0},{""exercise"":""Poor mans leg extension"",""reps"":6,""weight"":0},{""exercise"":""Goblet Squat"",""reps"":15,""weight"":10},{""exercise"":""Goblet Squat"",""reps"":15,""weight"":10},{""exercise"":""Goblet Squat"",""reps"":15,""weight"":10},{""exercise"":""Leg Curl"",""reps"":12,""weight"":20},{""exercise"":""Leg Curl"",""reps"":12,""weight"":20},{""exercise"":""Leg Curl"",""reps"":12,""weight"":20},{""exercise"":""Leg Press"",""reps"":12,""weight"":40},{""exercise"":""Leg Press"",""reps"":12,""weight"":40},{""exercise"":""Leg Press"",""reps"":12,""weight"":40}]}"
"2026-02-26 20:30:47",workout,"Evening Tennis",2153,94,0,90,115,,strava,17951979256,"{""elapsed_time"":2153,""total_elevation_gain"":0,""elev_high"":0,""elev_low"":0,""average_speed"":0,""max_speed"":0}"
"2026-02-27 06:38:54",workout,"Morning Tennis",3074,354,0,139,168,,strava,17951979449,"{""elapsed_time"":3074,""total_elevation_gain"":0,""elev_high"":0,""elev_low"":0,""average_speed"":0,""max_speed"":0}"
"2026-02-27 07:47:19",weight-training,"Gym Session",1051,107,,,,,setgraph,,"{""sets"":[{""exercise"":""Ring Row"",""reps"":12,""weight"":0},{""exercise"":""Ring Row"",""reps"":12,""weight"":0},{""exercise"":""Ring Row"",""reps"":12,""weight"":0},{""exercise"":""Kneeling single arm cable row"",""reps"":12,""weight"":11.3},{""exercise"":""Kneeling single arm cable row"",""reps"":12,""weight"":11.3},{""exercise"":""Kneeling single arm cable row"",""reps"":12,""weight"":11.3},{""exercise"":""Lat Pulldown"",""reps"":12,""weight"":27.5},{""exercise"":""Lat Pulldown"",""reps"":12,""weight"":35},{""exercise"":""Lat Pulldown"",""reps"":12,""weight"":35},{""exercise"":""TRX Bicep Curl"",""reps"":12,""weight"":0},{""exercise"":""TRX Bicep Curl"",""reps"":12,""weight"":0},{""exercise"":""TRX Bicep Curl"",""reps"":12,""weight"":0},{""exercise"":""Single arm incline bench dumbbell preacher curl"",""reps"":10,""weight"":6},{""exercise"":""Single arm incline bench dumbbell preacher curl"",""reps"":10,""weight"":6},{""exercise"":""Single arm incline bench dumbbell preacher curl"",""reps"":10,""weight"":7},{""exercise"":""Single arm incline bench dumbbell preacher curl"",""reps"":10,""weight"":7},{""exercise"":""Single arm incline bench dumbbell preacher curl"",""reps"":10,""weight"":7},{""exercise"":""Single arm incline bench dumbbell preacher curl"",""reps"":10,""weight"":7}]}"
"2026-02-28 09:07:52",workout,"Morning Squash",6475,,0,147,176,,strava,17550634442,"{""elapsed_time"":6475,""total_elevation_gain"":0,""elev_high"":0,""elev_low"":0,""average_speed"":0,""max_speed"":0}"
"2026-02-28 13:25:08",workout,"Afternoon Squash",8865,,0,163,210,,strava,17554502755,"{""elapsed_time"":8865,""total_elevation_gain"":0,""elev_high"":0,""elev_low"":0,""average_speed"":0,""max_speed"":0}"
"2026-03-02 20:20:08",weight-training,"Gym Session",2011,193,,,,,setgraph,,"{""sets"":[{""exercise"":""Incline Dumbbell Press"",""reps"":12,""weight"":16},{""exercise"":""Incline Dumbbell Press"",""reps"":12,""weight"":16},{""exercise"":""Incline Dumbbell Press"",""reps"":12,""weight"":16},{""exercise"":""Dumbbell Bench Press"",""reps"":10,""weight"":16},{""exercise"":""Dumbbell Bench Press"",""reps"":10,""weight"":16},{""exercise"":""Dumbbell Bench Press"",""reps"":10,""weight"":16},{""exercise"":""Frontal raises"",""reps"":10,""weight"":6},{""exercise"":""Frontal raises"",""reps"":10,""weight"":6},{""exercise"":""Frontal raises"",""reps"":10,""weight"":6},{""exercise"":""chest press"",""reps"":12,""weight"":10},{""exercise"":""chest press"",""reps"":12,""weight"":10},{""exercise"":""chest press"",""reps"":12,""weight"":10}]}"
"2026-03-03 19:36:08",walk,"Evening Walk",1210,99,1.561,,,,strava,17592639405,"{""elapsed_time"":1331,""total_elevation_gain"":25.3,""elev_high"":119.8,""elev_low"":98.4,""average_speed"":1.29,""max_speed"":5.94,""gear"":""Vivobarefoot TRACKER TEXTILE AT Vivobarefoot"",""polyline"":""a}bxHvqM_@`@i@AOPI@?EBD@R?RCLKHIUGDAF?j@H`@AXeAz@ENCf@OTYDKDMJK@]HWLG?MFc@JGDCv@KT?l@GRLBAcACI@D?Q?L@FAKH@Wb@AQEOIk@EAIHe@POJMDOJKBKJSHOJOPw@f@SVYPCCMSC@CCAIMc@C]Ke@A[Kc@Ku@ISDUR[@IRk@@OJ_@Bc@Gw@Dl@Gn@GPCJCDI`@INOf@?j@AB@FCJXv@@VL\\Hd@Ht@FFH@LGDKd@a@RGROLEZ[\\OFE?CZSA@DUHCFEVENMJATOPA?ADCDGHE`@IDCNCh@SDED?LKJCHIR?BCBI@?HC@@LIBGTKPQDITOBE@]GYE}@Ga@GS@IMe@?MBKHAJIP[^OD@Dh@""}"
"2026-03-04 06:48:39",workout,"Morning Tennis",2412,197,0,122,153,,strava,17951979453,"{""elapsed_time"":2412,""total_elevation_gain"":0,""elev_high"":0,""elev_low"":0,""average_speed"":0,""max_speed"":0}"
"2026-03-04 07:38:34",weight-training,"Gym Session",1251,132,,,,,setgraph,,"{""sets"":[{""exercise"":""Air Squats"",""reps"":10,""weight"":0},{""exercise"":""Air Squats"",""reps"":6,""weight"":0},{""exercise"":""Air Squats"",""reps"":6,""weight"":0},{""exercise"":""Squat Jump"",""reps"":6,""weight"":0},{""exercise"":""Squat Jump"",""reps"":6,""weight"":0},{""exercise"":""Squat Jump"",""reps"":6,""weight"":0},{""exercise"":""Inchworm to standup"",""reps"":6,""weight"":0},{""exercise"":""Inchworm to standup"",""reps"":6,""weight"":0},{""exercise"":""Squat"",""reps"":10,""weight"":12},{""exercise"":""Squat"",""reps"":10,""weight"":12},{""exercise"":""Squat"",""reps"":10,""weight"":12},{""exercise"":""Poor mans leg extension"",""reps"":10,""weight"":0},{""exercise"":""Poor mans leg extension"",""reps"":10,""weight"":0},{""exercise"":""Poor mans leg extension"",""reps"":10,""weight"":0}]}"
"2026-03-05 09:54:30",walk,"Morning Walk",2201,147,2.321,110,137,,strava,17611096480,"{""elapsed_time"":2381,""total_elevation_gain"":17.1,""elev_high"":111.4,""elev_low"":101.2,""average_speed"":1.055,""max_speed"":3.933,""gear"":""Vivobarefoot TRACKER TEXTILE AT Vivobarefoot"",""polyline"":""k_cxHxpMHIF@L`@@LUZA@?EEDWPHb@UVKYC@?r@Hl@CRCFUPDMY^@VABKFCZ[PEPNb@ARF^LVFTT^@J@?XANKhAyA\\]LQr@w@lA{AXs@NSRmA^]GV]n@Mx@e@~@sAbBWR{@fAa@\\GNID]j@WNI@QQs@kBAMEO?_@EOBKz@k@lB_BjAgAbAy@NGd@]b@k@VUrAgAnBgB|@_A^e@LKj@m@XINUv@{@Ve@h@k@?@IIKEM@QXoAtAq@n@IL_C`C[TMPwApAiB|Am@d@g@f@MFSXg@ZuAlAIDEAIK[y@?KDQDFDTVOG[AOX[B??@JAHMAGEEGe@CCEj@MDDUN@""}"
"2026-03-06 06:34:02",workout,"Morning Tennis",3415,396,0,149,180,,strava,17951979711,"{""elapsed_time"":3415,""total_elevation_gain"":0,""elev_high"":0,""elev_low"":0,""average_speed"":0,""max_speed"":0}"
"2026-03-06 07:38:20",weight-training,"Gym Session",1840,204,,,,,setgraph,,"{""sets"":[{""exercise"":""Assist Pull Ups"",""reps"":10,""weight"":27.5},{""exercise"":""Assist Pull Ups"",""reps"":10,""weight"":35},{""exercise"":""Assist Pull Ups"",""reps"":10,""weight"":35},{""exercise"":""Wide Grip Cable Row"",""reps"":10,""weight"":27.5},{""exercise"":""Wide Grip Cable Row"",""reps"":10,""weight"":27.5},{""exercise"":""Wide Grip Cable Row"",""reps"":10,""weight"":27.5},{""exercise"":""Rope Bicep Curls"",""reps"":12,""weight"":11.3},{""exercise"":""Rope Bicep Curls"",""reps"":12,""weight"":11.3},{""exercise"":""Rope Bicep Curls"",""reps"":12,""weight"":11.3},{""exercise"":""Gorilla Rows"",""reps"":16,""weight"":16},{""exercise"":""Gorilla Rows"",""reps"":16,""weight"":16},{""exercise"":""Gorilla Rows"",""reps"":16,""weight"":16},{""exercise"":""Barbell Bicep Curl"",""reps"":10,""weight"":12.5},{""exercise"":""Barbell Bicep Curl"",""reps"":10,""weight"":12.5},{""exercise"":""Barbell Bicep Curl"",""reps"":10,""weight"":12.5}]}"
"2026-03-07 09:36:12",workout,"Morning Squash",5314,,0,151,180,,strava,17634034537,"{""elapsed_time"":5314,""total_elevation_gain"":0,""elev_high"":0,""elev_low"":0,""average_speed"":0,""max_speed"":0}"
"2026-03-07 11:29:05",workout,"Lunch Squash",3450,,0,158,204,,strava,17635143847,"{""elapsed_time"":3450,""total_elevation_gain"":0,""elev_high"":0,""elev_low"":0,""average_speed"":0,""max_speed"":0}"
"2026-03-08 16:05:11",workout,"Afternoon Tennis",5540,628,0,143,178,,strava,17951979716,"{""elapsed_time"":5540,""total_elevation_gain"":0,""elev_high"":0,""elev_low"":0,""average_speed"":0,""max_speed"":0}"
"2026-03-16 18:07:01",workout,"Evening Tennis",3390,336,0,137,176,,strava,17951979936,"{""elapsed_time"":3390,""total_elevation_gain"":0,""elev_high"":0,""elev_low"":0,""average_speed"":0,""max_speed"":0}"
"2026-03-16 19:20:04",workout,"Evening Squash",2911,,0,141,198,,strava,17746314142,"{""elapsed_time"":2911,""total_elevation_gain"":0,""elev_high"":0,""elev_low"":0,""average_speed"":0,""max_speed"":0}"
"2026-03-16 20:16:38",weight-training,"Gym Session",2097,218,,,,,setgraph,,"{""sets"":[{""exercise"":""Seated Shoulder Press"",""reps"":12,""weight"":20},{""exercise"":""Seated Shoulder Press"",""reps"":12,""weight"":20},{""exercise"":""Seated Shoulder Press"",""reps"":12,""weight"":20},{""exercise"":""Incline Dumbbell Press"",""reps"":7,""weight"":18},{""exercise"":""Incline Dumbbell Press"",""reps"":10,""weight"":18},{""exercise"":""Incline Dumbbell Press"",""reps"":9,""weight"":18},{""exercise"":""Dumbbell Bench Press"",""reps"":8,""weight"":18},{""exercise"":""Dumbbell Bench Press"",""reps"":6,""weight"":18},{""exercise"":""Dumbbell Bench Press"",""reps"":10,""weight"":18},{""exercise"":""Frontal raises"",""reps"":10,""weight"":6},{""exercise"":""Frontal raises"",""reps"":10,""weight"":6},{""exercise"":""Frontal raises"",""reps"":10,""weight"":6}]}"
"2026-03-19 19:45:59",workout,"Evening Squash",3727,,0,160,208,,strava,17784025810,"{""elapsed_time"":3727,""total_elevation_gain"":0,""elev_high"":0,""elev_low"":0,""average_speed"":0,""max_speed"":0}"
"2026-03-19 21:04:56",weight-training,"Gym Session",1499,178,,,,,setgraph,,"{""sets"":[{""exercise"":""Air Squats"",""reps"":10,""weight"":0},{""exercise"":""Air Squats"",""reps"":10,""weight"":0},{""exercise"":""Air Squats"",""reps"":10,""weight"":0},{""exercise"":""Inchworm to standup"",""reps"":10,""weight"":0},{""exercise"":""Inchworm to standup"",""reps"":6,""weight"":0},{""exercise"":""Squat Jump"",""reps"":6,""weight"":0},{""exercise"":""Squat Jump"",""reps"":6,""weight"":0},{""exercise"":""Squat Jump"",""reps"":6,""weight"":0},{""exercise"":""Squat"",""reps"":12,""weight"":24},{""exercise"":""Squat"",""reps"":10,""weight"":39},{""exercise"":""Squat"",""reps"":6,""weight"":59},{""exercise"":""Squat"",""reps"":2,""weight"":49}]}"
"2026-03-20 06:35:28",workout,"Morning Tennis",3385,258,0,123,157,,strava,17951979853,"{""elapsed_time"":3385,""total_elevation_gain"":0,""elev_high"":0,""elev_low"":0,""average_speed"":0,""max_speed"":0}"
"2026-03-20 18:08:16",workout,"Evening Squash",2881,,0,157,190,,strava,17794534730,"{""elapsed_time"":2881,""total_elevation_gain"":0,""elev_high"":0,""elev_low"":0,""average_speed"":0,""max_speed"":0}"
"2026-03-20 19:04:00",workout,"Evening Squash",3331,,0,139,161,,strava,17795057878,"{""elapsed_time"":3331,""total_elevation_gain"":0,""elev_high"":0,""elev_low"":0,""average_speed"":0,""max_speed"":0}"
"2026-03-22 09:23:04",walk,"Morning Walk",867,65,1.026,,,,strava,17812161095,"{""elapsed_time"":890,""total_elevation_gain"":4.1,""elev_high"":25.6,""elev_low"":21.3,""average_speed"":1.183,""max_speed"":1.993,""polyline"":""qcduHdhVDoADUAIBIT_BNyADIP_BLg@B{@Jm@@YT{A`@aETkBJe@@a@N_A@[f@kDFSFe@F{@l@oDDg@Ja@f@eENaA@IGIASEMAOJ_@@OHc@Fa@@i@ESKOKAKI[KKAu@i@SCKIUKEGKAGQMOEQSMWKG@KMSGAEBEBBCA@A""}"
"2026-03-23 17:37:00",workout,"Afternoon Tennis",3575,411,0,138,175,,strava,17831126297,"{""elapsed_time"":3575,""total_elevation_gain"":0,""elev_high"":0,""elev_low"":0,""average_speed"":0,""max_speed"":0}"
"2026-03-23 19:09:00",workout,"Evening Squash",3506,,0,125,175,,strava,17832158574,"{""elapsed_time"":3506,""total_elevation_gain"":0,""elev_high"":0,""elev_low"":0,""average_speed"":0,""max_speed"":0}"
"2026-03-23 20:07:41",weight-training,"Gym Session",1243,128,,,,,setgraph,,"{""sets"":[{""exercise"":""Dumbbell Shoulder Press"",""reps"":12,""weight"":12},{""exercise"":""Dumbbell Shoulder Press"",""reps"":12,""weight"":12},{""exercise"":""Dumbbell Shoulder Press"",""reps"":12,""weight"":12},{""exercise"":""Lateral Raises"",""reps"":12,""weight"":4},{""exercise"":""Lateral Raises"",""reps"":12,""weight"":4},{""exercise"":""Lateral Raises"",""reps"":12,""weight"":4},{""exercise"":""Cable Tricep Pushdown"",""reps"":12,""weight"":13.3},{""exercise"":""Cable Tricep Pushdown"",""reps"":12,""weight"":13.3},{""exercise"":""Cable Tricep Pushdown"",""reps"":12,""weight"":13.3},{""exercise"":""Trx push up"",""reps"":10,""weight"":0},{""exercise"":""Trx push up"",""reps"":10,""weight"":0},{""exercise"":""Trx push up"",""reps"":10,""weight"":0}]}"
"2026-03-30 19:18:40",weight-training,"Gym Session",1747,113,,,,,setgraph,,"{""sets"":[{""exercise"":""chest press"",""reps"":12,""weight"":20},{""exercise"":""chest press"",""reps"":12,""weight"":20},{""exercise"":""chest press"",""reps"":12,""weight"":20},{""exercise"":""Incline Dumbbell Press"",""reps"":12,""weight"":12},{""exercise"":""Incline Dumbbell Press"",""reps"":12,""weight"":12},{""exercise"":""Incline Dumbbell Press"",""reps"":12,""weight"":12},{""exercise"":""Dumbbell Bench Press"",""reps"":12,""weight"":12},{""exercise"":""Dumbbell Bench Press"",""reps"":12,""weight"":12},{""exercise"":""Dumbbell Bench Press"",""reps"":12,""weight"":12},{""exercise"":""Frontal raises"",""reps"":12,""weight"":6},{""exercise"":""Frontal raises"",""reps"":12,""weight"":6},{""exercise"":""Frontal raises"",""reps"":12,""weight"":6}]}"
"2026-04-06 14:13:18",walk,"Afternoon Walk",2419,175,2.75,,,,strava,18001145467,"{""elapsed_time"":2738,""total_elevation_gain"":3,""elev_high"":18.7,""elev_low"":2.6,""max_speed"":7.24,""average_speed"":1.137,""sport_type"":""Walk"",""polyline"":""ewkyH~yV?A@DCNBFDIVCFIDABEAAJAJKDKDWNKH[AD@CA@HLFNC??D?BBAALDBF?BDAJDNFDH?@BBJA@@DDFBLAJEDRJADRNZh@?NFR?LDP?JDXLN?HHLNf@BVFDRb@NNFR?NBLPZH\\DB?FHN@HPb@DPHDNRDXFFBLDD?F@@DANTJPDPJXFHLDX`BHLDAF\\BBD@JTBh@F^JN@JXXIQAGC?FPLTDX?`@FL^PDRHFD@@?DSRBFCd@b@JBHLABNPK`@N@?LFNBPAJFFB@@BABJLBTJVNH\\ZLTD@L^LRRf@FXHN@HNb@Zf@BJN^PNFBFE`@d@Pj@HF@LJVLFBJTRHPJXX^LXFDRXRNDPHFDNLFHRj@t@@FFFD@f@x@@FV^R`@FD@JLRD?FX@RLT@FHH?DDDBPFFCE@APf@HL?HNb@HHLAHMHCBED@@E?@JE@CRIJADBJn@?LBVDJZ~ADHHb@X|@?LBLFFZdABTLZHLJb@LRJb@DBDRLLFPJJNZLPVRDANBA@LAFCFl@BbADZCJBZFj@DjA@DBh@DPDX?X@EJd@@^Jf@?FN\\?HDRTb@FZHLH\\FLLl@HPF^Nb@TVVLLRD?JJHD@DD@TPRHL?DF`@N?APNVHTNACFHJ@LHL?XTNFHCDHNHVf@F@DAL@TFBFDAPTBJZJHH?CNDPTPJJNXLLNFGL@BELEHI@OAEJG@EECD??C?B`@XBX@G\\n@DEDQ@MEOLL""}"
"2026-04-06 17:28:43",weight-training,"Evening Weight Training",1408,,,144.6,179,,strava,18003364371,"{""elapsed_time"":1408,""sport_type"":""WeightTraining"",""sets"":[{""exercise"":""Assist Pull Ups"",""reps"":6,""weight"":0},{""exercise"":""Assist Pull Ups"",""reps"":10,""weight"":27.5},{""exercise"":""Assist Pull Ups"",""reps"":10,""weight"":27.5},{""exercise"":""Wide Grip Cable Row"",""reps"":12,""weight"":27.5},{""exercise"":""Wide Grip Cable Row"",""reps"":12,""weight"":35},{""exercise"":""Wide Grip Cable Row"",""reps"":12,""weight"":35},{""exercise"":""Rope Bicep Curls"",""reps"":12,""weight"":12.5},{""exercise"":""Rope Bicep Curls"",""reps"":12,""weight"":12.5},{""exercise"":""Rope Bicep Curls"",""reps"":12,""weight"":12.5},{""exercise"":""Barbell Upright Row"",""reps"":12,""weight"":12},{""exercise"":""Barbell Upright Row"",""reps"":12,""weight"":12},{""exercise"":""Barbell Upright Row"",""reps"":12,""weight"":12}]}"
"2026-04-07 18:14:46",run,"My First Run",2060,114,3.274,128.5,154,,strava,18017404885,"{""elapsed_time"":2103,""total_elevation_gain"":14.6,""elev_high"":160,""elev_low"":154.6,""max_speed"":3.78,""average_speed"":1.589,""average_cadence"":62.9,""sport_type"":""Run"",""polyline"":""}qhxHzfNKQGAYL?HG?OJ[V_@`@]Ro@l@SNI@EEQgAQUCKIm@Os@M_@Gc@_@m@UEOHAC]d@o@n@EL?PNf@Df@H\\Dl@b@|BA^Qf@e@b@k@d@w@TEJCZ?f@D`@v@zC?h@N`@DDN@NCJIJY`@s@J[^i@FQNy@nAqC\\_@@SCQg@oBIa@Ci@Be@A_@]oBEEKg@Wk@WMI@EFMFcAdAGVBXJ\\@Nd@tDDFJd@C`@IRMPm@j@LbBUUYe@OMEFI@OJIJCL@~@t@`DDXARBRHTHHTBNGx@cBNSFOP_@Hk@Pi@DEFQn@uAX_@JSBMQ_A]mAIo@?_@BWCW]mBIQGa@O]QWWCSLg@j@YVIPAL?HFNHj@J`@JfABDRnAHX@VGVKR_A|@a@RYHOHELCL?z@Ln@Pl@VjABP?b@Tf@HBLAHENOt@aB`@o@Ny@Ts@p@qAf@q@DWAM]}AKYMw@?g@BUCa@]eBEGE[Um@QWMEMBKHGLYZe@b@GJCRZtBB?T`BFLB\\Jj@BDJCRc@X_@TIh@]f@BHBHAJEd@m@NIVY""}"
"2026-04-10 17:07:36",workout,"Evening Squash",3295,,,165.3,197,,strava,18056693263,"{""elapsed_time"":3295,""sport_type"":""Squash""}"
"2026-04-10 19:14:20",workout,"Evening Squash",1841,,,178.3,210,,strava,18057557986,"{""elapsed_time"":1841,""sport_type"":""Squash""}"
"2026-04-12 11:09:03",run,"3 On, 2 Off",2312,208,4.675,172.7,196,,strava,18078508356,"{""elapsed_time"":2360,""total_elevation_gain"":54.9,""elev_high"":126.3,""elev_low"":90.2,""max_speed"":3.96,""average_speed"":2.022,""average_cadence"":71.3,""sport_type"":""Run"",""polyline"":""u`cxH`uMAG?ZJ\\LXB@PSZS`@e@r@k@LM@GNGVSXa@ZYd@Ur@k@TW^WTWdB{Al@o@t@_AHG\\_@Xc@RKt@mA^MDDCP@BBA@JCXMPOZk@p@OJWXWPUVg@^i@j@UXg@d@cBvA_A|@e@\\[`@QP}@p@g@d@i@`@a@f@WJuAlAaAt@o@VM?a@TcBr@EAQBWPQBCD[Lw@l@IBUNODwAdAi@XSTKFY\\YLMTKDUPUXs@n@IB]XiAp@g@d@KB[LUVe@TYD[PEAYB_@P]AOHOAMGCEIACEc@G_@IOIa@MEGQKACIDM@C@CLa@RCACMMKQCIJI@o@b@k@d@MBMLa@PwA`Am@VCDG?WRGHm@^[ZSL_@`@I@OTKJi@bASTOXOTUTO@KNq@f@MN{@PYX]DaAZMB{@`@SDM?QNWB]VI?CCE@m@LQHE?Bs@NATIb@Gf@KPI\\EPKv@WXGLIt@a@h@Ob@QJCh@YDGNI`A{@@EZSlAsBDQv@u@XS\\Qb@[h@UPQ`@Sj@g@VIPMp@m@FANIDGLKBAHFv@q@TGFO@]Fc@?m@Dm@Fe@@]BE?S@UCy@CQEmAOcAK[K?AAGBq@GGAG@q@CGDIAGBUB]AK@]?[FIEa@BY?QDCBATq@fCy@fDAPGJOl@GH]}@[c@Wo@C@IMQKDCA@FFPHH?@XVh@VZTv@FA`@kBl@}B\\}A^wAFCJBXG`CEREL@b@IBICIGEM_@IMSQAED_@CCQ?GNDPHBJA?O""}"
"2026-04-13 18:54:55",weight-training,"Evening Weight Training",1486,,,134.2,166,,strava,18095444118,"{""elapsed_time"":1486,""sport_type"":""WeightTraining"",""sets"":[{""exercise"":""Barbell Bent Over Row"",""reps"":12,""weight"":26.5},{""exercise"":""Barbell Bent Over Row"",""reps"":12,""weight"":26.5},{""exercise"":""Barbell Bent Over Row"",""reps"":12,""weight"":26.5},{""exercise"":""Barbell Upright Row"",""reps"":10,""weight"":26.5},{""exercise"":""Barbell Upright Row"",""reps"":10,""weight"":26.5},{""exercise"":""Barbell Upright Row"",""reps"":10,""weight"":26.5},{""exercise"":""Seated Row"",""reps"":12,""weight"":42.5},{""exercise"":""Seated Row"",""reps"":12,""weight"":42.5},{""exercise"":""Seated Row"",""reps"":12,""weight"":42.5},{""exercise"":""Rope Bicep Curls"",""reps"":12,""weight"":12.5},{""exercise"":""Rope Bicep Curls"",""reps"":12,""weight"":12.5},{""exercise"":""Rope Bicep Curls"",""reps"":12,""weight"":12.5},{""exercise"":""Cable Tricep Pushdown"",""reps"":12,""weight"":12.5},{""exercise"":""Cable Tricep Pushdown"",""reps"":12,""weight"":12.5},{""exercise"":""Cable Tricep Pushdown"",""reps"":12,""weight"":12.5}]}"
"2026-04-17 13:46:26",walk,"Afternoon Walk",653,62,0.983,,,,strava,18145306733,"{""elapsed_time"":653,""total_elevation_gain"":13.9,""elev_high"":113,""elev_low"":98.8,""max_speed"":2.64,""average_speed"":1.506,""sport_type"":""Walk"",""polyline"":""i~bxHbqMBDAZYR_@NBPFZCDOHMOABCJ?f@Hh@IRIFCDSL[Zs@`@_Bn@[JULu@TUL_A^MT_@ROPk@Z[VQHQRYLKNOBQRCHIHEHURaA`AWTG@EFMDIJ{AfA_@P_@Xc@XEFC?EDULC?GFWNIHa@NCACKMcAEcBGe@?m@Ig@?]DQHC@AEECMB_@AJEE""}"
"2026-04-17 15:18:15",walk,"Afternoon Walk",1402,117,1.849,,,,strava,18146811263,"{""elapsed_time"":2938,""elev_high"":24.6,""elev_low"":19,""max_speed"":5.34,""average_speed"":1.318,""sport_type"":""Walk"",""polyline"":""ojlyHjsWV?d@^B@APFJH@FJ@HEX?RCj@GZB@BABFN~AFPHt@?NDTD`ABDBVB@PXHBJHFID@?GBC@THFEKICGAAA?IDF?R?CFR?ZBCA_@BA?B@@AOKFCA@DCEOLHFFYA@AQAAAFAKAP?A@D?CKAH]GR?ET?Y@JLHOABOUIC@EPh@Wc@HZL@ZdAJJATDJCNDBK\\BBFCPF?JH?DGBJF@@B?vB@LB@JGNEJHFLD@LT?AAFFJCnA@HDFLCHBDFNZDX@NAf@@j@D@DDVANLHLLf@F`@FR?JFJ\\VFVJVNJDLFBHJNBRRBDAJFJVVL@DHBABHTZ@HHJ@DL?RJF?BDJKLDDHR@XHRV@XL@Rx@B\\FJ@LPj@Dd@Lh@?HHNAFBVLV?BJLADB@@PRb@Lf@^~BJTFb@FHHn@L\\Fp@?LFH?DHNBA?RDRB^JLFR@NXp@@JAFFXN\\ZfAHLB@DDBJ?JCABB@\\HJFVDDBXXd@FzAFF?DDFDBFH?PA@DBLn@NLLDLN@VP?Rb@""}"
"2026-04-17 16:57:43",walk,"Afternoon Walk",688,66,1.041,,,,strava,18147610502,"{""elapsed_time"":763,""total_elevation_gain"":4.1,""elev_high"":114.7,""elev_low"":98.8,""max_speed"":3.992,""average_speed"":1.514,""sport_type"":""Walk"",""polyline"":""eddxHndNGCE@D~@]d@J~BJrAAPHpABFF@JABEXIRA\\WLCT_@JIHGLABIDCB@FEF?LKLEHKRIPO\\Q^_@DKNEHGP[`@UHKDADKf@_@PUPKJQTQLEJKJEPQNENOH@BEDAPU\\SLSRMHGB?DEH?JIRGDGF?FGNAf@UJCDETKPCTQB?TGDIRCTOLALMPENS\\YDI@YGcAFK@HB?FGDCDGIi@\\YVMOq@CIE??GSXEa@Zx@I@""}"
"2026-04-18 07:03:51",workout,"Morning Racquetball",3503,,,124.8,150,,strava,18153856519,"{""elapsed_time"":3503,""sport_type"":""Racquetball""}"
"2026-04-19 12:35:02",workout,"Afternoon Tennis",3401,439,,146.3,186,,strava,18173779188,"{""elapsed_time"":3401,""sport_type"":""Tennis""}"
"2026-04-20 19:23:56",weight-training,"Evening Weight Training",2461,,,119.9,161,,strava,18188916169,"{""elapsed_time"":2461,""sport_type"":""WeightTraining"",""sets"":[{""exercise"":""Ring Push Ups"",""reps"":12,""weight"":0},{""exercise"":""Ring Push Ups"",""reps"":12,""weight"":0},{""exercise"":""Ring Push Ups"",""reps"":12,""weight"":0},{""exercise"":""TRX Row"",""reps"":12,""weight"":0},{""exercise"":""TRX Row"",""reps"":10,""weight"":0},{""exercise"":""TRX Row"",""reps"":12,""weight"":0},{""exercise"":""Assist Dips"",""reps"":8,""weight"":27.5},{""exercise"":""Assist Dips"",""reps"":10,""weight"":25},{""exercise"":""Assist Dips"",""reps"":8,""weight"":25},{""exercise"":""Assist Dips"",""reps"":10,""weight"":25},{""exercise"":""chest press"",""reps"":12,""weight"":20},{""exercise"":""chest press"",""reps"":12,""weight"":27.5},{""exercise"":""chest press"",""reps"":12,""weight"":27.5},{""exercise"":""Dumbbell Bench Press"",""reps"":10,""weight"":18},{""exercise"":""Dumbbell Bench Press"",""reps"":8,""weight"":18},{""exercise"":""Dumbbell Bench Press"",""reps"":6,""weight"":18},{""exercise"":""Dumbbell Bench Press"",""reps"":6,""weight"":18},{""exercise"":""Dumbbell Bench Press"",""reps"":8,""weight"":18},{""exercise"":""Ring Tricep Extension"",""reps"":10,""weight"":0},{""exercise"":""Ring Tricep Extension"",""reps"":10,""weight"":0},{""exercise"":""Ring Tricep Extension"",""reps"":10,""weight"":0}]}"
"2026-04-21 16:59:54",run,"Accidently ran up succumbs hill… mistakes were made",2368,303,4.476,142.7,179,,strava,18201126119,"{""elapsed_time"":2376,""total_elevation_gain"":94.8,""elev_high"":187.4,""elev_low"":98.1,""max_speed"":3.35,""average_speed"":1.89,""sport_type"":""Run"",""polyline"":""e`cxH|vMB?DNRMNQd@]dAaABMGq@S_@Gq@a@{@COQe@EM?OEMKm@K]@QF[LSPIn@m@\\Uh@q@R_@d@q@LYLQ^aAD[PYBOb@g@JUHiBEa@]oAUe@[aAI]]o@@c@B]Bq@AODoDCa@H]@o@LcADM?QEMIAg@Z_@CQHUCQH]SYYGMIDQKOWo@i@MSo@a@UE}@EUKQEQM[q@m@sBa@mAIi@C_@Ow@q@kEOWy@iCWe@QSGMc@[QQSi@[]MWI_@}@gBGIGDGCe@iAOUQSI?QTKFs@r@SFUBaAr@[NMTIXGl@D`BF\\H|@J\\BLd@nAJd@FJt@rC^z@NTBNb@h@DJVjAFbA?~@Gn@M|@K^_@|@u@lACJ[p@QPMXuAtBi@rAc@z@CNIF]t@c@dAaA`Bs@fBMVIJWj@eBfDq@dBs@hAQ^_@n@_@\\I?IJUfBO|BGxAFnALfAJ\\TxANj@F`@jAjEJp@JZJj@Fd@FbBEp@?RELBdAIxA@^HBTb@\\Tf@FZTRHJ@FFHBF?JJHCZF^?\\D^EH?HAFERAHEJ@hAo@PSj@]ROPIJIPKHA~AyApAaA`@g@b@c@t@k@FIFGJANQv@e@FIZSRGT]ROh@OzBaATGd@UTERQPGH?HERMFIt@q@D[""}"
"2026-04-23 18:41:05",workout,"Evening Squash",5475,,,162.9,210,,strava,18230813674,"{""elapsed_time"":5475,""sport_type"":""Squash""}"
"2026-04-23 20:23:27",weight-training,"Night Weight Training",2474,,,130.3,170,,strava,18249781475,"{""elapsed_time"":2474,""sport_type"":""WeightTraining"",""sets"":[{""exercise"":""Hip flexor triangle"",""reps"":8,""weight"":0},{""exercise"":""Hip flexor triangle"",""reps"":8,""weight"":0},{""exercise"":""Hip flexor triangle"",""reps"":8,""weight"":0},{""exercise"":""Hip flexor triangle"",""reps"":8,""weight"":0},{""exercise"":""Poor mans leg extension"",""reps"":8,""weight"":0},{""exercise"":""Poor mans leg extension"",""reps"":8,""weight"":0},{""exercise"":""Poor mans leg extension"",""reps"":8,""weight"":0},{""exercise"":""Inchworm to standup"",""reps"":6,""weight"":0},{""exercise"":""Inchworm to standup"",""reps"":6,""weight"":0},{""exercise"":""Inchworm to standup"",""reps"":6,""weight"":0},{""exercise"":""Hamstring walkout"",""reps"":6,""weight"":0},{""exercise"":""Hamstring walkout"",""reps"":6,""weight"":0},{""exercise"":""Cossack Squat"",""reps"":12,""weight"":0},{""exercise"":""Cossack Squat"",""reps"":12,""weight"":0},{""exercise"":""Cossack Squat"",""reps"":12,""weight"":0},{""exercise"":""Standing Calf Raise"",""reps"":20,""weight"":40},{""exercise"":""Standing Calf Raise"",""reps"":20,""weight"":40},{""exercise"":""Standing Calf Raise"",""reps"":20,""weight"":40},{""exercise"":""Leg Press"",""reps"":12,""weight"":40},{""exercise"":""Leg Press"",""reps"":12,""weight"":40},{""exercise"":""Leg Press"",""reps"":12,""weight"":40},{""exercise"":""Leg Press"",""reps"":12,""weight"":40}]}"
"2026-04-25 10:36:48",padel,"Lunch Padel",7860,,4.771,136.2,166,,strava,18251860826,"{""elapsed_time"":8847,""elev_high"":63.5,""elev_low"":62.4,""max_speed"":6.26,""average_speed"":0.607,""sport_type"":""Padel"",""polyline"":""somxH|xVOBBECDF?ESBH?FBEBDGQD@?ACD?LI]@B@C?@BJJBC@?BAG?HAO@N@@AC?BAIBH@IAFACCDBKCB@GGC?e@DFAF?EB@BE?CADB@GFBL?GEO@BCPNIIAAIFDEFAHCS@ADB@IABBBI@?A@@@CBB@HCK@A@CIVDEEEAK?DBECA?B@E?B@ACB?CBPCA?GBGABBNGB?@D@BA?NCDAKHCA@ACCF@B@L?KC?DCACCLAEB?HD?BCECA?EBHA@CA?E@FA??AB@AICH@@@E@@CA@C?D@AE@@c@DD@F?TCBEC@UG?@BBGB?EKC?BK?BD?BPCM@D@E?JADGK?GFF?MEF?CDD?HC?CD?[@FCG?BB??@CC@DAB?E?ABLCHB@@JCB@I?JAAEOBH@HA?BEAA@@?G?FBDD@A@AGEB@S?R@B?E?BADAEBBAA?@AEB@A@AA?@?GCEAQCO@DBIBBBE?DAAB?GD?C@BDE@F@ECA@BC@B?G@AGH?A@?CCD@A?PEQDC?FE@@E@DAJ?QBFAIABAEA?BB?C@?BTGC?SDFARCBBFC@AEABBBBG@FCBACBG?H?IAFBE?B?ACBC?BFAI?BBIAFBCCC@LEM@A?H@A@BAIB@AE?ND@EE@JAA@A?B@?EC?DAGB?@@E@?EDA@B?AABCAES@?BU@D?GA@?BFGCB@F?@?IA@AC@@?CDXCGED?QBE@DBCCA?FA?@EFPEAAA?@BCGF?KBD@AEB@G@@BA?B?@AGGP?IAHB@?CA?BVE??DAEBCCD?EF?EFDMAF?A@DE??A?@?EBBBE@@EBEC@DFEABAC?BAKCC?BAIBE@OA@HI?B@AEH?@AGFCCD?EAL?ABH@EIF@EDD?GA@AABDAK@GIH@FBA@B@EAA@DACELBQBA@@ENCE?GDA@D@CCACF?HBDCD?FCBAA@@DKEB@B???BC?@@@AA@C[FPEDBC@BECB??GEC?IEAD??BEADA@AE@BB?E@BEAB@?AABAC@BDf@?JGDYDQHa@FGQ?OM?GFBE@FC?HB@K?DLWSVAGBCDBHXF?@CF?h@QP?FAAWCQBMBFB@AC?FAG@CGD@G?GDIBA?B@AAE@JFDCF?CABCC?BCM@EB@?CAFCEDA@@?C?@?JAEE??CDDAFADG@NPAHAE@DACABDCAG?LG@BI?S?DBE?RCB?Q@RC?BCAB?AA@BE@GAAEDDGAFC??EAFFI?DE@FOENCA@B?EDCCHCKEGFAAABD?SAECBHCE@@??DBC?A@D@?IKBH@C?B@JCK@G?H?EA@AA?B@GBAGFB??@AE@?@F?G@DE?AC?BAADCB??VKSD@@AAJDMAA?PEI@E?@F?C?@AEDC?BG?BB?@JBDC??DA?@C@@ACIFAENLEJCI@JA?B?@EA@B?ABA?CGBF@GABC?DA@BCB@GEKBHAF?G?DEM?BFCA?@@AECHA?@CABJDCIA@?BBAA@ACC@BGAL@?EKAK?@?AA@?ODA@C?BAEBN?QA@AAAD@A@B@G@@C@AAADBC?VCUBECDDE?B?CABD?AD@EI@H?AE@?A@@A?BEA?BAEB@A@?CBB@ICD?PEBCADDFH?FCBCABBA@?@BE@?AG?F?BAA?C@FAC?BC?BGA@?BGIDH?E?DBCA@@?AC?@B?M[@LEBDC?DCQ?A@B@CE?FFDH@K@PGHDECF?C@B@GCBD@IWAWDCBBDCCBAGABBAABBA?@G?HA?DC@CG@A@DBG@NAKAABAAL@KCB?A?BACB?@NGKC?DCD@CEBJAB?JEU?AB??@@AAPEBGCJLAB?AABA??C@BDG?FGL?Q@B?CBCAFAC@@BC@@CBCJ@G@D@CA@AECD?QAGABAK?JFBBDAJA?AD@A?@?SDGC?CE@U@BBA@H@CGREYDB?R?Q@C?B@A?DCC@ACD@IBBANAQ@JDOCFBC@VCGED@?AQBCBBALEDGCBB@?FJE@CE@L?GBE?C?LCA?B@KCD@?A?BMBH?EIBCc@?DBB@PGE?AHL@CAE?DAA@GAQ@B?AD@?G?DA@?BAE?B@EB?AD@NEEAG@C@@?E@?A?BBAAADAJCO@CBABBAA?BCB?EFLAXBFCCADE@DCAC@B@AE@B@C?DAABCKBFCB?QBHEACKBRBKAI@HAF?GG?BFDQ@FEB@O?FEFBFBK?AAFCEEa@BB@GB@AFBIAFAI?NAQAJ@EC@DA@@?A?@BA@DECAN@QC?@?@C@HG?DEBF?@AK?HEA@LAD@?C?LLAB@GELAA@A?BAAA@@WA@@BBPA??Y@KB?@LCDKDBLBUCCCDEI?E?BC@?A@@@G?BEAFb@""}"
"2026-04-25 14:30:30",table-tennis,"Afternoon Table Tennis",1978,,,152.4,172,,strava,18253599016,"{""elapsed_time"":1978,""sport_type"":""TableTennis""}"
"2026-04-25 15:39:14",workout,"Afternoon Tennis",6821,855,,150.4,197,,strava,18255629671,"{""elapsed_time"":6821,""sport_type"":""Tennis""}"
"2026-04-25 18:16:27",weight-training,"Evening Weight Training",1938,,,137.1,178,,strava,18256358188,"{""elapsed_time"":1938,""sport_type"":""WeightTraining"",""sets"":[{""exercise"":""Lat Pulldown"",""reps"":12,""weight"":27.5},{""exercise"":""Lat Pulldown"",""reps"":12,""weight"":35},{""exercise"":""Lat Pulldown"",""reps"":12,""weight"":35},{""exercise"":""Lat Pulldown"",""reps"":12,""weight"":35},{""exercise"":""Wide Grip Cable Row"",""reps"":12,""weight"":35},{""exercise"":""Wide Grip Cable Row"",""reps"":12,""weight"":35},{""exercise"":""Wide Grip Cable Row"",""reps"":12,""weight"":35},{""exercise"":""Standing single arm bicep curl"",""reps"":8,""weight"":7.5},{""exercise"":""Standing single arm bicep curl"",""reps"":8,""weight"":7.5},{""exercise"":""Standing single arm bicep curl"",""reps"":8,""weight"":7.5},{""exercise"":""Standing single arm bicep curl"",""reps"":8,""weight"":7.5},{""exercise"":""Standing single arm bicep curl"",""reps"":8,""weight"":7.5},{""exercise"":""Standing single arm bicep curl"",""reps"":8,""weight"":7.5},{""exercise"":""Kettlebell Shrug"",""reps"":15,""weight"":12},{""exercise"":""Kettlebell Shrug"",""reps"":15,""weight"":12},{""exercise"":""Kettlebell Shrug"",""reps"":15,""weight"":12},{""exercise"":""Barbell Bicep Curl"",""reps"":10,""weight"":10},{""exercise"":""Barbell Bicep Curl"",""reps"":10,""weight"":10},{""exercise"":""Barbell Bicep Curl"",""reps"":10,""weight"":10}]}"
"2026-04-26 07:00:57",padel,"Morning Padel",3752,,2.379,121,154,,strava,18261208190,"{""elapsed_time"":3932,""elev_high"":63.4,""elev_low"":63.4,""max_speed"":3.8,""average_speed"":0.634,""sport_type"":""Padel"",""polyline"":""yomxHnxVEJBAAFAEBGAHAKB?@KBHBGGIAEBEAEAB@?@DAFE?BQACFLGD@C@@?S@PEJ@YC@DFAA?A?HBB?I?DADCAAEB??@AABK?LBB@G?JIOFCCV@W?JCGDC?C?NDJGDBH?A?BCDACADAC?BBC?@A??C@DBGEFEU@BFABJC??DDCID?CABDG?C?HE@?@@ECDAA@@@G@@A@?ABWBDD??EKA@C@@EUBVC?@KD?E?AD@CCC@CBB@LES@A@@@C?H?EC??ED?ABAABDC??D?I@BA@@G@B@AC?AJ@G@A?CA@?E@Z?EDB@HACATEACFACBGAO@T?@AE?HAGD??@BACBBCID?KBJCK?IFJCF?CDBGB@CB@AC?DCABEABD?ABBCG??CA@BC?DB?C?CK?JB??@IQ@B@GFGBH@ACG?B@CBHAC?@A?@ADF?O?LEAB?BSBBBHAG@F?E@PKEFIEKBFD@A@AC?DED?HAEDQAIAB@BDHBAEC?G@@GNBCAEB?AADA@DAD?ICDCIA@DACC?D@CCD@EADBCBNACA@AQ@@EA?D?B@KBLD@@DIEAIBACJ@@@BA@EE?BACAFBF@CHAAFBN@A?IALA?@BCABGC?AHC??ED@BA?BACEJ?IAD?CHCCBCMAIBCAFBNA@?CAGFBBHCCEF@WBHC??@BDI@F@AE@E@HBAEBFAEG?FAE@@C@@?AD@@@KCBD@A@?C?@BO?@ECBFA@GCCEAGBAAKDBAGHDEMBP?GEB?B@EA?@AGIA@DDBFBA@BAIIb@?OFMAC?@GC@D@CDC@BCA?B?EBFGDAIBADBECALAGDIAJ@GCGB@EA@BBEAFAEE@B@DCED@C?BBCAB@G@ZGDHB?J@@CAEHCSAGHBDNGD?SBNE?@DAIABFKDDCD?B?SCB?J?AA@AAB?BC?FCEBAGAFA?EEHEGDM?NDH@AC@AD?A@C?DBCA@?G?F@E?BCC?D?EDBEACIECA]B?AC@DBE@BCCA@@CC?@DBCC?BAAB?CBZC@HNGJ?GDA?BEBACA?FE?FEBBGBAB??DAIAHA@BA?CABCA@?A?BI?D?A?K?P@AA@AA?D@EGKEACG?E@??FAC""}"
"2026-04-26 10:53:51",padel,"Lunch Padel",3771,,2.247,125.7,156,,strava,18265038280,"{""elapsed_time"":4221,""elev_high"":63.4,""elev_low"":63.4,""max_speed"":3,""average_speed"":0.596,""sport_type"":""Padel"",""polyline"":""_pmxHpxVA@@DBE?H@EDFEAAGAD@??EB@?BEBBE?@B?ABCQALFBE@@GABB?CBBCC?@A?@AAB@DACACBADBM?DAC?@B?EB@BCABGC@HGGFBBDE?EAHCACB@@@AA?@E?F?B@A?UABBFCJ@@?A@CCD@SAN?CBAEB?B?K?FB@AG@@AA?BEB?GF??B@?A@?CB@I??E?HB[BPABAG?DCD?CES?CB@AG?B?CAB@E?B?MCB@C@@@AABBGC@?AA@D@?CDRGQ@B?GC?@?BBADAE@L?MCAAB@A@N@E@BB@?MCBA??JBEAS?FCR?QB?DJACGPEAD@HJCF@ECA@J@?@EC@AC@@?UF`@?YCHED@EAE?JDAE?BBC?@CCCFE?BGF?I?DAADCBBEFBACA?ECIBFB@@DA?AE@BBKC??A?H?ACD?MEBCUDI@A@BAC?J?MABC@@EHBBL?WAFBJIF@AAS@JB@AEGJ@ED?BHAKEF@L@K?N@AA?ABDBEB?E@DCB@EA?@B@AC@@EABB?EBBAB@CCAB@UDNAA?@@AEFCE?GDL?C?@CEA@@B?M@JAADDAE?BEAAI@H@EGEDLDGADAA@BCAA@@@ASHLA?ABEU@QCE@@@EABDD?BAMBGB?EHAPAK?E@?@NCOAC@BC?B?@@?CC??B?CFL?K@LBDAEG??B?CF?C@?CE@?BBGCK?BDDACAPCDGC@?DB@H?L?E?BAE?DBEE@?C?HBGCB@CHBIGAFBKCIDBBF?FEB@IAF?A@@ACFCGH?C?@DCEBCMEC@G@??KDIDBBCCBCE@AAJ@G@FEJ@@?GBA?JCOBDAKDCODB?@JEGD?@AA@DB?A@J@CI@DG@BAGEHBGCIHHEC@B?C?NCD@BB??JEB@BAAA@ACBCC@CABAABDC?FBGC@BA?BCG?BAA@D@C?BDECBCCB@?@GKCI?UBCHTEIBMCD?C@B@E@@C@@BBGE?BB?ACBFACBAAGBBAAHAG@EFCEFAC@@?EFBAC?FG@DI?B?C?HDLCHQ?LH?FAGDEAEATAAB@@AA@CC@@AC?D?CA@@A?BB?ACCB@ACE?@@G?@@?@@?CCF?EBFAWCPD@A@AI@A@@ELFI?BAAAM@JAB?S?PEICCA@?CB@?CCJ@E?B""}"
"2026-04-26 14:09:10",workout,"Afternoon Tennis",6699,814,,140.7,192,,strava,18268572789,"{""elapsed_time"":6699,""sport_type"":""Tennis""}"
"2026-04-26 21:16:38",walk,"Night Walk",1885,168,2.644,,,,strava,18272079378,"{""elapsed_time"":2083,""total_elevation_gain"":22.6,""elev_high"":105,""elev_low"":92.5,""max_speed"":4.7,""average_speed"":1.402,""sport_type"":""Walk"",""polyline"":""g`cxHnsMJNFXKLCJIDCACIC@AKAFBBEf@B@DL?TQ\\c@d@KBI?]Z[HEFM?SLUFMLI?WHI@IFWF_@TG@QJa@JUNE?MXWLy@n@SFYVUJQPGLSHk@j@QDMVMBMRUNA?m@j@WLU\\IBQZ[FILE?UTMDa@ZMBG?EBECAFE@EHQLMJSDOPMFABKHGECBU@GDO@C@CRILWBKAIBSASIG?GGE?GEKAw@_@MBKGQCACGBGCO?CJSFMJSUYAQBm@ZIJMFIJQJG@KHe@TABc@\\i@Tc@^_@PKLC?GFER?BH@AAABARCU?C@@@A?FEO@HAI@DCFHSPMCFDILEPMBANQ\\Yv@Yf@a@JALKXOVWRGl@a@BEDAJALDJJDLNIP[f@BHHj@NHHJ?THJ@JJPFR?LDDENCJ?HFPCLGf@ARQLAHCD?HKf@UnAcATGNSJC@?h@_@NET]DCLCPYf@_@NS^UDIh@g@FAPQNIX[LGLMd@UDIr@a@FKB?NM\\QJAVINQl@Wp@SJADCD@XMLCLMt@YVQJALKZMHILeALS@o@Ee@BKFIDHNSEMAS\\[RK?MESDOGUBWE?MP?RKV@DBAHFFA""}"
"2026-04-28 17:02:39",run,"Broken 3kms",2077,273,4.277,,,,strava,18295325575,"{""elapsed_time"":2118,""total_elevation_gain"":30.3,""elev_high"":134.1,""elev_low"":101.4,""max_speed"":5.92,""average_speed"":2.059,""sport_type"":""Run"",""polyline"":""_~bxHzuMpAiAPWRKTe@JCHINGPKDGJCz@s@LOXS`@c@LI^_@f@a@JKHUJAb@i@NMX]`@_@RYhAiAJQ?KLENMF?BKLK\\k@LOPKBGTyDDCJ?JJR\\LJb@?HCNCVKTb@RLNNXF\\AL?BDLCh@Jz@TL@FDNCPDf@@FFPDV?HD\\BDAXP^HPJh@LJHF?HJXHHHND\\XD@PTd@`@FJJHDHJDTV@FJNJBZZh@\\PTLFTRZR^b@LD^\\VL\\\\JRTRDHLLNVHFd@`A\\ZBNJXDHPJHLPf@RXHDPVTPPTj@XFHd@VDDRF`@PPNJ@XTn@^RTNJB@HCHNPDf@b@HBb@`@NFh@j@XRX\\XTFBZ^r@`@JBHANNPFf@XTFb@PH@BBi@MKGQGi@U]EKKMGy@m@GAiBgBaAu@QIYWIEKKe@]MGE?_@[OEMAQIY[c@Ye@OYQa@_@aAe@MMEMIGAIY[KUcA_Bk@aAQSg@y@m@s@GCEKGCc@e@s@c@MQa@]uA{@u@aAQKEKOOGKGEE?UW[YUMQUC@s@a@]Wa@GOGI?GE[EKISGQEy@Ci@OGEYAWB]GMB{@WQJG@ABc@Hy@@WH_@F]TICYFu@d@uA`BKRORGNOH{@bAKHMDQJMP_@ZGLi@b@GLKFYZ_@Vg@j@_CnBUN]h@SLYXUJ[ZgA~@G?EGGAE@GMEAKLGBSPC@KCW{@?EJGBGALLQFCESGOTS""}"
"2026-04-29 05:34:10",workout,"Morning Tennis",3480,248,,112.1,142,,strava,18302265551,"{""elapsed_time"":3480,""sport_type"":""Tennis""}"
"2026-04-29 06:39:40",weight-training,"Morning Weight Training",1910,,,109.8,158,,strava,18324317079,"{""elapsed_time"":1910,""sport_type"":""WeightTraining"",""sets"":[{""exercise"":""Hip flexor triangle"",""reps"":8,""weight"":0},{""exercise"":""Hip flexor triangle"",""reps"":8,""weight"":0},{""exercise"":""Hip flexor triangle"",""reps"":8,""weight"":0},{""exercise"":""Hip flexor triangle"",""reps"":8,""weight"":0},{""exercise"":""Poor mans leg extension"",""reps"":8,""weight"":0},{""exercise"":""Poor mans leg extension"",""reps"":8,""weight"":0},{""exercise"":""Poor mans leg extension"",""reps"":8,""weight"":0},{""exercise"":""Inchworm to standup"",""reps"":6,""weight"":0},{""exercise"":""Inchworm to standup"",""reps"":6,""weight"":0},{""exercise"":""Inchworm to standup"",""reps"":6,""weight"":0},{""exercise"":""Hamstring walkout"",""reps"":6,""weight"":0},{""exercise"":""Hamstring walkout"",""reps"":6,""weight"":0},{""exercise"":""Cossack Squat"",""reps"":12,""weight"":0},{""exercise"":""Cossack Squat"",""reps"":12,""weight"":0},{""exercise"":""Leg Press"",""reps"":12,""weight"":80},{""exercise"":""Leg Press"",""reps"":12,""weight"":80},{""exercise"":""Leg Press"",""reps"":12,""weight"":80},{""exercise"":""Leg Press"",""reps"":12,""weight"":100},{""exercise"":""Leg Press"",""reps"":12,""weight"":100},{""exercise"":""Leg Press"",""reps"":12,""weight"":100}]}"
"2026-04-30 18:25:18",walk,"Evening Walk",665,57,0.901,,,,strava,18322799601,"{""elapsed_time"":1179,""total_elevation_gain"":4.5,""elev_high"":103.5,""elev_low"":98.4,""max_speed"":4.88,""average_speed"":1.355,""sport_type"":""Walk"",""polyline"":""q~bxH|pMFR?LMTEVCEGAKHCAG@GFL`@M?IL?GGSEJ?FBHAj@F^ETm@l@{@l@UFgAd@MBGLBZEFy@b@APBRGJETFz@EBDNCZFoACC@SBECKBAABCADCCGBQ?MBOHKRIZQ^IVOJCPKB@?CTAr@c@Cc@FWv@m@DM?EA?ACGg@Fi@AEFPVMG]EIRWb@YCa@KYBIIIMn@IFAA?HKc@KCDEZMDr@B@MH@@@C""}"
"2026-05-01 05:32:13",workout,"Morning Tennis",3514,497,,150.1,176,,strava,18327708079,"{""elapsed_time"":3514,""sport_type"":""Tennis""}"
"2026-05-01 06:37:11",weight-training,"Morning Weight Training",1869,,,137.5,166,,strava,18327941174,"{""elapsed_time"":1869,""sport_type"":""WeightTraining"",""sets"":[{""exercise"":""Wide Grip Cable Row"",""reps"":12,""weight"":35},{""exercise"":""Wide Grip Cable Row"",""reps"":12,""weight"":35},{""exercise"":""Wide Grip Cable Row"",""reps"":12,""weight"":35},{""exercise"":""Lat Pulldown"",""reps"":12,""weight"":35},{""exercise"":""Lat Pulldown"",""reps"":12,""weight"":35},{""exercise"":""Lat Pulldown"",""reps"":12,""weight"":35},{""exercise"":""Standing single arm bicep curl"",""reps"":10,""weight"":7.5},{""exercise"":""Standing single arm bicep curl"",""reps"":10,""weight"":7.5},{""exercise"":""Standing single arm bicep curl"",""reps"":8,""weight"":7.5},{""exercise"":""Standing single arm bicep curl"",""reps"":8,""weight"":7.5},{""exercise"":""Standing single arm bicep curl"",""reps"":8,""weight"":7.5},{""exercise"":""Standing single arm bicep curl"",""reps"":8,""weight"":7.5},{""exercise"":""Kettlebell Shrug"",""reps"":15,""weight"":12},{""exercise"":""Kettlebell Shrug"",""reps"":15,""weight"":12},{""exercise"":""Kettlebell Shrug"",""reps"":15,""weight"":12},{""exercise"":""Barbell Curl"",""reps"":10,""weight"":15},{""exercise"":""Barbell Curl"",""reps"":10,""weight"":15},{""exercise"":""Barbell Curl"",""reps"":10,""weight"":15}]}"
"2026-05-01 20:37:25",walk,"Night Walk",1196,105,1.656,,,,strava,18338069882,"{""elapsed_time"":1994,""total_elevation_gain"":14,""elev_high"":105,""elev_low"":98.8,""max_speed"":3.88,""average_speed"":1.384,""sport_type"":""Walk"",""polyline"":""cacxHjuMGHDDFACD@XHd@?JCFG@QNIJQLYJQLODcAf@UHIFUBOL]HKFM@ADWNc@LK@]PMVa@PgA|@SNI@IJQJc@`@CEA@MVo@d@EH]VQVKDORe@ZGJi@b@UL[Vw@b@_@Z]PKJG@SJIHG?QNOAWNMCi@HICMDQGQ?KREBOAG@BJCJBQADACALF_@BDA?AH?IDMABAA?@??tJyBPQPGRO`@Sh@c@LQHEh@i@r@i@\\a@JC`@a@NGb@a@n@a@FIFA\\QDIROjB_AZGJINCh@U`@KLKVIJIPEF?d@UB[Je@JMf@a@DM?[@g@CQFKHFFMBA@IG_@VUZMI}@GGGDC^GCANBWL[MP?d@[k@?CZn@Ym@?BA?@I?H?AXj@""}"
"2026-05-03 10:24:25",walk,"Lunch Walk",1424,110,1.735,,,,strava,18358306115,"{""elapsed_time"":4251,""total_elevation_gain"":12.4,""elev_high"":105,""elev_low"":98.8,""max_speed"":3.82,""average_speed"":1.218,""sport_type"":""Walk"",""polyline"":""g_cxHvpMh@IFPCJIDONCCAFAAEFAA?DIROFAb@BFCBCAEDI?@DA?AMG?ABAHBBCP?PFT@TEPEB?@KLKFc@^SFCFa@PCDe@Lc@RKBIF?Ag@RMBUJOD[NI?EDk@XIPWRKBQRg@T_@\\o@`@UTMDEHI@AHIHGDI?IFQTQNU\\MFUZE?GHSHUXGD@HCFU^SNe@RGH[V[TWLMJ_@PYRK@KDBJAHBB@CCR?OLA@EEHAC?F?CCAGDCAHWPDFUh@]DGFCNQTA@EDATWD?AAJGp@]VUFATMLOTOLUj@_@JOHGJMRGJQFGDADIRM`@a@D?DGCMAMFKXUFAPQFA@CPOJCFKLCLMNGTQFUNAXOHEB@BCHC@CLEPOLAZOJAf@OJGHAb@Y`@MFKH?^U^[B?VWJK@SE_@?WES?IDCBJFBHEFME_@@G`@[@EJIIu@Ba@OF?LCNEAGF""}"
"2026-05-04 06:11:27",workout,"Morning Tennis",8312,912,,136.9,185,,strava,18370684903,"{""elapsed_time"":8312,""sport_type"":""Tennis""}"
"2026-05-04 09:10:35",weight-training,"Morning Weight Training",2563,,,135.2,162,,strava,18369550016,"{""elapsed_time"":2563,""sport_type"":""WeightTraining"",""sets"":[{""exercise"":""Tricep Dips"",""reps"":12,""weight"":35},{""exercise"":""Tricep Dips"",""reps"":12,""weight"":30},{""exercise"":""Tricep Dips"",""reps"":12,""weight"":30},{""exercise"":""Dumbbell Bench Press"",""reps"":10,""weight"":20},{""exercise"":""Dumbbell Bench Press"",""reps"":10,""weight"":20},{""exercise"":""Dumbbell Bench Press"",""reps"":10,""weight"":20},{""exercise"":""Dumbbell Shoulder Press"",""reps"":10,""weight"":18},{""exercise"":""Dumbbell Shoulder Press"",""reps"":10,""weight"":18},{""exercise"":""Dumbbell Shoulder Press"",""reps"":10,""weight"":18},{""exercise"":""Standing Cable Flies"",""reps"":10,""weight"":11.25},{""exercise"":""Standing Cable Flies"",""reps"":10,""weight"":11.25},{""exercise"":""Standing Cable Flies"",""reps"":10,""weight"":8.75}]}"
"2026-05-04 10:06:56",padel,"Lunch Padel",3299,,2.185,133.1,168,,strava,18370237357,"{""elapsed_time"":3423,""elev_high"":63.4,""elev_low"":63.4,""max_speed"":3.9,""average_speed"":0.662,""sport_type"":""Padel"",""polyline"":""yomxHdxVBEOJ?RE_@@FFQ@A?BBA?HBICCH?G@EEF@A@?C?@@AGFAAHIAFA@ACBBCA?CBA?L@I@BCACE@??@C@@CBBAA@V?UCCB@EDE?JE@CCJ?ADTCWA?@FMCH??G@NEBDSABDAC@?CBB@EAD@A?RC[?D?AAB@C@FAHAI@A@F?AAG@CA\\CICBCFBDGG@QB?@MBB?AAB?A@?AD?EABB@AKCH@C@@?CABBACA@FDCA@ACCBBACC?DBA?HCJ?AFNBBCHAW?JEF@@FG?FAA@B?CEDAIDA?B?AC@?C@D?AB@@CAB?CEB@BAYBT?C@@C@?CBBA@CI@HB?AM?JEKDSDDC??EC?CGFD?AEF?ABEA?EHBKD??D@ACCENBECE?BBCAB?GB?@DGEAI?@@ACADD?GADCC?DBA@??DC??E?B?CDAAHAIADAA@CDLAME@D@CEDBEVD@ADB?BH@AIH?A@?@EA@AH?GFCCDEMBLAO?FBF@?CA@QCD@LB@CA@CADBAEG?B@@BQCACBAADLBACHBCGD?GCCBOFNADCCAI@TAI@F?CBCCKCC?FEI?WDA?BBGA@BB@CC?BNEK@CABAADTGO@GB@ANFRCW@HBECG@FCACB?QFFGHAO?BH??BCJ?CEC@C?@DC?N?C@@?IGB?BBMBDCDBA?CGDCH@CBB@R@C@BAAABFCEB@K?J?CC@@AB@E@@EABBC?BAA@A?@@GCACGBNEHDI@@AE?F@AE?F@IOBABJCB@@AA?Q@DCF@@CA?@B?CE?EFJ?CGD?A?@@O@BAF@WAB?QEAFEBBGBACBBCB?I@?CB@CB?BPBAAC?BIB?E@CB@@G?HCF?I@F?GB?GF?BA]@R@CA@?AHH?GADEA?ECTG@BAAA@BAA@EDLHH?A?@A?@CADAA?B@E?@CEDBAAAQ?TAAB?@C@BA@AC?FBGCD@EAB?C?@EAAG@??H?CA@D@CA?@B??CBBEA?BAMHFIBABAC@G?F@@@A?GEEDECDC??EB@BFBAAJ?E?DAEADBB@AA@AY?HBB@BCBBBA@ACBCC@@QALDHCEA@DGCDBACD@GA?AK?RBGE?BIAD?GEHAE?@EA""}"
"2026-05-06 05:48:33",weight-training,"Morning Weight Training",1851,,,107,145,,strava,18395007993,"{""elapsed_time"":1851,""sport_type"":""WeightTraining"",""sets"":[{""exercise"":""Hip flexor triangle"",""reps"":8,""weight"":0},{""exercise"":""Hip flexor triangle"",""reps"":8,""weight"":0},{""exercise"":""Hip flexor triangle"",""reps"":8,""weight"":0},{""exercise"":""Hip flexor triangle"",""reps"":8,""weight"":0},{""exercise"":""Poor mans leg extension"",""reps"":8,""weight"":0},{""exercise"":""Poor mans leg extension"",""reps"":8,""weight"":0},{""exercise"":""Poor mans leg extension"",""reps"":8,""weight"":0},{""exercise"":""Inchworm to standup"",""reps"":6,""weight"":0},{""exercise"":""Inchworm to standup"",""reps"":6,""weight"":0},{""exercise"":""Inchworm to standup"",""reps"":6,""weight"":0},{""exercise"":""Hamstring walkout"",""reps"":6,""weight"":0},{""exercise"":""Hamstring walkout"",""reps"":6,""weight"":0},{""exercise"":""Cossack Squat"",""reps"":12,""weight"":0},{""exercise"":""Cossack Squat"",""reps"":12,""weight"":0},{""exercise"":""Standing Calf Raise"",""reps"":15,""weight"":80},{""exercise"":""Standing Calf Raise"",""reps"":15,""weight"":80},{""exercise"":""Hack Squat"",""reps"":10,""weight"":80},{""exercise"":""Hack Squat"",""reps"":10,""weight"":80},{""exercise"":""Hack Squat"",""reps"":10,""weight"":80}]}"
"2026-05-07 08:33:48",walk,"Morning Walk",391,36,0.57,,,,strava,18409164097,"{""elapsed_time"":411,""elev_high"":104.9,""elev_low"":101.1,""max_speed"":2.4,""average_speed"":1.458,""sport_type"":""Walk"",""polyline"":""sibxHzdMc@h@IBI?GDWZCHGFMT}@l@KRSPg@j@MDEFKFILYPQNMHq@t@E?UPa@h@k@b@MBIDCHQPI@QVSLC?OK?EIMe@\\KP]RGGKYMUHQFB?DRS@CMk@POHADILE@EGS""}"
"2026-05-07 17:01:10",workout,"Evening Tennis",3478,413,,137.2,174,,strava,18415608966,"{""elapsed_time"":3478,""sport_type"":""Tennis""}"
"2026-05-07 18:05:48",workout,"Evening Squash",3568,,,160.5,210,,strava,18416508377,"{""elapsed_time"":3568,""sport_type"":""Squash""}"
"2026-05-08 05:33:09",workout,"Morning Tennis",3604,517,,153.5,189,,strava,18421398330,"{""elapsed_time"":3604,""sport_type"":""Tennis""}"
"2026-05-08 19:17:42",walk,"Evening Walk",1201,64,1.007,,,,strava,18429664337,"{""elapsed_time"":2249,""total_elevation_gain"":4.9,""elev_high"":70.1,""elev_low"":65,""max_speed"":2.06,""average_speed"":0.839,""sport_type"":""Walk"",""polyline"":""sooaIbfdGIj@DNNFD?BDJF?ABBF@FGHQL_ANk@BWDGRqA?k@Ie@Mc@Ac@E[?uADe@Bo@TqCFyAD]L[HqAFc@CO?C@?AIDE?Q@B?CAB@a@De@CYC?DA?MAA?CC@EQ@@CAAGCHACCD?C?B?AC??CBBCAABHGHMABB@IBEDABBFACEDAFB@DVFLAP@@?RA@@CABFb@@RIh@@`@CFAf@GT@AGB@BELOlA@ZI^Ch@Gh@BZKlBEhA@\\`@|BA`@q@tDQr@GFOGSSGAAGFQ@IGK""}"
"2026-05-09 09:40:13",walk,"Morning Walk",2986,195,3.072,,,,strava,18436614018,"{""elapsed_time"":4467,""total_elevation_gain"":34,""elev_high"":70.1,""elev_low"":42,""max_speed"":4.62,""average_speed"":1.029,""sport_type"":""Walk"",""polyline"":""yooaIpgdGBX?KAAQPEXSd@@DENGFUj@OL?DE@IPOHENEEC@AUISCDEGMGOY?E?@CACB?CCF@DE@@B@AADB@EAD?E?B@ACAB?CA@@@?WA@FPKAIHFCCAHIEGDH@C@@C@J?Ge@Yg@GWMUAGIGQi@OUAIU[GUKQAB?EKKGO?MCGI@MTc@VCFE?GDICCDIAMH@HGJBT@E@JE@BB?FAB?E?@?JGLAPIXCGBHC@FBRZDCHZFHDLB@@FDFB@N^HHBLp@v@HPTRLNRh@VTBLJLBABHNNDRHLLLBHFDDAFBDRDDHBPZNL@CD?NTBFDFF@AADFFAH@BLDK?D@@@KEWAmAIYCWDWEQ@EGKI_@CAEK?BAGBGAG?RECE_@GE@KCKC?CCK[C??NA?@ACG?D@C@B?C?BA?@EABDC@KPENc@DAFKTq@HIN_@DCDQAOLK@I@@DA@BFEFBHELDNEF_@HMBWFU@a@LWBYHUF[?OCe@Gm@GE?SCOEq@AIDg@Cq@Do@FUHgBLeAFYCM@[Nk@@[DQHqAAQB[AEMIAEEBQGE??SGU@KDA?G@@?BCB@EA@CF?@@C@BAGCF?IB@ACFd@BABSCEEF?A?@BWARKFDADK@@?A?[?LSf@ETDOEY?ECE@EAABTEIEYDVBBBGCKACAHKFGEC@HB?EHO@LFHDEEEGFAILB@P?EGCDEES?AIDABDDFI?AAL@DBOCAEFCJ?DB?HSFBAHCKFBBAGE?G@H?GB@PQPADF@HA@EG@@C?MNEEMBAD@@?ACBGCIDKA@JFCFKDN?BAMBM?GACA@?AHFCEAMC?@NCZDIGCBA?A@@@SDQAHAv@@OCIAB@B@IAE?@@CAGCAAHB?DFEL@FCNAB?WCR?K@AJh@B@DC?M@KFE?FFBEEA?CFCNDGCE@GACCBAAHQD\\CN?FGWCC@@@E@AA?BE?EEI?BC??NCKFA@JD?EVBDHALGBEWOGTBMECEB?H@HB?AQBFGE@@DG@MADI@AI@??@@CABEA?EBE@??@BC?ECXK\\AO@@AC?OEAA@N@FGJ??DACMHC@CDJHHPD?EJH@PHHF@L?n@G\\@DK\\@FIZB?E?EDG@GDSMS@UEOIQEEGUBWGu@NGLEV?RFj@JNHPTjA@TAd@BJK~@?FCFA`@HTB?NNFANJb@JVNDDJ?FHNH\\xBCZE`@Qn@C\\GTUpAGJALKJG@MUOG""}"
"2026-05-11 19:41:08",weight-training,"Evening Weight Training",2519,,,,,,strava,18468622893,"{""elapsed_time"":2519,""sport_type"":""WeightTraining"",""sets"":[{""exercise"":""Tricep Dips"",""reps"":12,""weight"":30},{""exercise"":""Tricep Dips"",""reps"":12,""weight"":27.5},{""exercise"":""Tricep Dips"",""reps"":12,""weight"":27.5},{""exercise"":""Dumbbell Bench Press"",""reps"":10,""weight"":20},{""exercise"":""Dumbbell Bench Press"",""reps"":10,""weight"":20},{""exercise"":""Dumbbell Bench Press"",""reps"":10,""weight"":20},{""exercise"":""Dumbbell Shoulder Press"",""reps"":10,""weight"":20},{""exercise"":""Dumbbell Shoulder Press"",""reps"":10,""weight"":20},{""exercise"":""Dumbbell Shoulder Press"",""reps"":10,""weight"":20}]}"
"2026-05-13 05:36:33",workout,"Morning Tennis",3049,271,,125.5,155,,strava,18486868744,"{""elapsed_time"":3049,""sport_type"":""Tennis""}"
"2026-05-13 06:44:44",weight-training,"Morning Weight Training",1710,,,105.7,154,,strava,18487172341,"{""elapsed_time"":1710,""sport_type"":""WeightTraining"",""sets"":[{""exercise"":""Hip flexor triangle"",""reps"":8,""weight"":0},{""exercise"":""Hip flexor triangle"",""reps"":8,""weight"":0},{""exercise"":""Hip flexor triangle"",""reps"":8,""weight"":0},{""exercise"":""Hip flexor triangle"",""reps"":8,""weight"":0},{""exercise"":""Poor mans leg extension"",""reps"":8,""weight"":0},{""exercise"":""Poor mans leg extension"",""reps"":8,""weight"":0},{""exercise"":""Poor mans leg extension"",""reps"":8,""weight"":0},{""exercise"":""Inchworm to standup"",""reps"":6,""weight"":0},{""exercise"":""Inchworm to standup"",""reps"":6,""weight"":0},{""exercise"":""Inchworm to standup"",""reps"":6,""weight"":0},{""exercise"":""Hamstring walkout"",""reps"":8,""weight"":0},{""exercise"":""Hamstring walkout"",""reps"":8,""weight"":0},{""exercise"":""Standing Calf Raise"",""reps"":15,""weight"":80},{""exercise"":""Standing Calf Raise"",""reps"":15,""weight"":80},{""exercise"":""Standing Calf Raise"",""reps"":15,""weight"":80},{""exercise"":""Leg Press"",""reps"":12,""weight"":80},{""exercise"":""Leg Press"",""reps"":12,""weight"":80},{""exercise"":""Leg Press"",""reps"":12,""weight"":80}]}"
"2026-05-14 18:26:00",workout,"Evening Squash",5585,,,162.1,208,,strava,18508677918,"{""elapsed_time"":5585,""sport_type"":""Squash""}"
"2026-05-15 05:34:06",workout,"Morning Tennis",3465,359,,132.2,162,,strava,18513710546,"{""elapsed_time"":3465,""sport_type"":""Tennis""}"
"2026-05-15 06:42:59",weight-training,"Morning Weight Training",1342,,,120.1,149,,strava,18513067926,"{""elapsed_time"":1342,""sport_type"":""WeightTraining"",""sets"":[{""exercise"":""Seated Row"",""reps"":12,""weight"":42.5},{""exercise"":""Seated Row"",""reps"":12,""weight"":42.5},{""exercise"":""Seated Row"",""reps"":12,""weight"":42.5},{""exercise"":""Standing single arm bicep curl"",""reps"":6,""weight"":7.5},{""exercise"":""Standing single arm bicep curl"",""reps"":6,""weight"":7.5},{""exercise"":""Standing single arm bicep curl"",""reps"":6,""weight"":7.5},{""exercise"":""Lat Pulldown"",""reps"":12,""weight"":35},{""exercise"":""Lat Pulldown"",""reps"":12,""weight"":35},{""exercise"":""Lat Pulldown"",""reps"":12,""weight"":35},{""exercise"":""Kettlebell Shrug"",""reps"":12,""weight"":16},{""exercise"":""Kettlebell Shrug"",""reps"":12,""weight"":16},{""exercise"":""Kettlebell Shrug"",""reps"":12,""weight"":16}]}"
"2026-05-16 09:03:35",padel,"Morning Padel",3607,,2.639,149.5,175,,strava,18526748528,"{""elapsed_time"":3678,""elev_high"":63.6,""elev_low"":63.3,""max_speed"":4.2,""average_speed"":0.732,""sport_type"":""Padel"",""polyline"":""spmxHryVCED@?CCDBB@CAJ@IA@@@BCABAI?JCMBF?D@CABG?F?CG@D@CB?CDBAGBB?@ACA?@?E@BFMACEAED@H@BBACD@CAA@CADBA?EALBMCJ@EA?EQ?AD?@NA?CEA?FK?JE?@HBGC@@F@G?@ADCA@?ABJGCD?AC??IALDECDAAB@@OALCB?C@C?H?G@B@C?BC??GAH?C?@BADGGJBQ@U@?@@@CAACNATA?BE?@CBACAFDCC@@C?BC?DC?B?CCBCSBKAb@CW@FCJBGCGLFABAABBAKCHA@?AAB@G?BAOFFCNC??IBDCCCSADACBKAGBA@@@CABDGAB@G@FEB?C@CB@C?@AC@B@@DAH?U@JA@CG?E?BBA?NAK@C?F@K?L?CA@GCCD@BAKFCBBBNAGIH@OBB?AEJ?EAJIS@CB^BOH?@ECEAT?AAKAJFF@BEJAE?DCBBG@BC??B@G@BAM?NCC?Q@P@ACO?FFFCB@IAL?EC@@@?CFA@BACAB?CADCG?FBWFTCCBDAE@BACA@EDCCB?CC@E?DBE@FBC@@GBAEDD@E?B?CA@?BCAAB@C?D?GBAC??B?EIM?KCc@DSDAAZCDHCB@BV@AAJIODGAB@C@@AC?DE?BB@G@B@ZAQCHAG@U@DC@?@???C?@@?BD?HID?CD@@IGF@G?@II?EFDBABB?N@GC@AHE?AGFGB@?B?CGL@QBHB?@DIZAE?BAE?C?J?I?D?CBA?KANCAF@?@AICN@CAA@C@BCB?C?B?MDD@FC@BGA@C@AAH@CC?DAMAF?@BIAWDBADBIDFE?GKDC?EEDBB?IABBABB@JEACE?EDC?AABAC@P@OCD@A?HB@EA@B@ECC@BEF?ODD?F?GEFCA@?BH?OD@AADJAXMB?M@L@??ECHBGAB?Y@VA??DHKCF?AE@?K?HDG@DAA?@@A?BAEADAACS?N@B@E@@@CCJDGGF@IGLBE@OBGB??KBA@B?C?D?BEM?GAD@C@@?EAD?C?@CBB@C?BIAD?CD@ELBHCABUANB@CQEH@D?ECGBF?GDFADBE@FCCCJE@BA?O@ABBCI@JGDBGACCDFBBEAH@?AAGHFHEFAO@HAH@IAFASDPEBDWCGAHD@DNACEBBW@R?BE@DECDDCCBEC@Q@G@@A?EE@IBE@B@GAF?ED@?AEB@??BBGB?EH@N@IAB?ADBGGB@?FG??GBC?CBDIA?C@FCBBB?BACBKCE@A@@AEAB?FDIA@B?ERAQD?@FC?@GALBD?O@CCFCC@EC?@FDGCC@@A@?C?DAGBT?KCIBZDCCM?D@A""}"
"2026-05-16 10:40:18",padel,"Lunch Padel",6428,,4.109,136.6,169,,strava,18528831398,"{""elapsed_time"":6911,""elev_high"":63.4,""elev_low"":63.4,""max_speed"":3.28,""average_speed"":0.639,""sport_type"":""Padel"",""polyline"":""somxHhxVDHH?CPDCEC?DB@@AADAA@D?CA@FACA@?D@GA?E?HCAB?DEGDAAGFBGD@?E@HAYADDLBAED?G?FAADAE??@A]@P?@?OBRAFAIBDA??AC@AABCCIDPCOGE@A?@?CCE?@BABOFNCF?MFAEBABDQANA@?AAAAD@EAKDFED@@AA@K?NBBCI?B@G?DCS?B@J?KCA@F?EA@ACDZCEC@HDBHAJE?D??EAD?EEB?D?IFUACB^?AE@?E@HAEA@?KBL@CAAEDB??ICC@AAE@OACD??BBCCDBCED?AB?AQ@J?C@@?AAIAV@GA@B@EAABBGAAA??K@DAEABB?A@@C@D?CC@@@@C@NBFEK?QA@BJCIA@DA@TEU@NAC@G@F?@AM@ZABMK?FHDCAAB@JFFA?BE?@AAADCC?M@FB??DC@BEAK@P@CA@HCIC@EGN?CHC?FAC?@?ECE?N?EAB?ABCCB@?AI@F@C@F?CA@@C?@?@AEAF@ACCCQDDDL?BACC@?@B??KAHC@@C?B?AB@GS@D?CBABJCDBCCIAJCBBEB?ABKWBSBL?H@E?M@GBHCE?K@DB?EL?C?ADDECAKFJACCB?AANGGAD?C@FLR@ACD?G@?BBIO@E?BFNEHAI@FCEDDCA?K@F@AA@@@G@?EBADDA@A??@CACWC@?AHO?EEC@B?E@B?CB@?HAMDL?LGCCK@G@@BCC?@ABRC@CC?DBAACBK@LAG?FB@?DAMEFBEDBAA??A@?C?BACGLAAFK?K?TKAADBA?BFBFF?DIHJCCA@CAD?E?@AAAD@AB?ACCBB@@CEQBT?G@@IHBI?BDE?DCA?BAGB@?DCA@ACD?MCCAKADACLEAEAD@CAO@@BCAAABDCAC?H?AC@?C?A@F?CECDB?CAD?C?BDACVAID?A@?CGF?DBK?BEDFQ?D?MBB@DCCA@CF@GDBAD?MCB?NC?AE?DD@HNCFCAAB?@B?C?@M?HD@UDLM@?CF@AA?@EDDA@CCBK?LB?AB?GCDD?EB?EB@G@DC?ACD?GDDCI?BB?CB@EA@BA?DAA?B?CABEA?B@CFAEDCC?C@@AEDBAC@DBECB@BEDAc@FLEBEGEO@B?C?B?A@@@NCQBL?EA@@?DF?HCC@P@KCB@DAE@B@AACAD@I?F?A?@CMBRACFCC@AO@?CRBGA?B?C?D?CDIk@@PD@ANBFGSAM?D?E@F?I@BA?B@CJ?EC?DS@FBCABB?CI@G?DBEABG@?CBC?DDIIT?OCLBC?GFE?JCG@BCA?@@A@BBGAJ?CBCIHBDAOBAADCC?B@C@HAB?KAVCCC?@DFCHPA@@BG@?EDDC?AECSDVA@AWFVAAC?@CBDAGCFBAA??C?D?K?DAGADCKAFAC?CDC?Z?IBE?@AG@FAC?BAMCABBAJ?O?NAA?@DGAJ?CC?@A@F?H?MESHN@@?G@@AFCB@B?CD?AB@GIK@@AH@?ACD@?GEI@CA@ACA@?ED@?BCODICLCAFA?@CCABBE?@AC@N@M?FCKB@G@B@@AC?BA@B@PES@BAEFD@AEE@DC?@?@B?JEO@C?JAG@A@B?FBDEM@CA@AA@A@DCG?D?C@D@C?VG??A@FJP?BACEBFEED@K@JCA?BCC@@BACM@JABDKCFBAABACABBAAGBH?EA@AICG@BAD?A@?BGAF?B@?AGAF@AACABAA?DD?AI?NCMDTBIB@CMG?EA?K?F@GEBDCDAEQ?@@A?BD@?BAI?BCC?B?ABNCM@EB?E@A?BACA@BBA?AAXAA@SDBEA?@?CDAAA@L?@AI?HC@AE@ICXGk@BIBC@DEV@^?EABFGAIBHES@B@CA@BBCGBBCH?I?@@C@B?C?BC?ABDC@PCS?D@E@?ABAC@ABJAKAB@??A@REACK@GBDBC?ECL?E?DDECA@BCBAEBAAFACDC?DE?AG@BC@@GBB?RCC@MCA@HBKBF@L?EIKDNC@AA?MDEG?D?CC@B@CAH@CFJAAEBABBID@?@AKACAXABA?EQ?PFM@DEA?E@BBAAMFHAHEE@ABBGDBGAACRATEFBGAM@MAA?B@CE?""}"
"2026-05-18 18:27:03",workout,"Evening Squash",2774,,,165.2,204,,strava,18559076058,"{""elapsed_time"":2774,""sport_type"":""Squash""}"
"2026-05-18 19:41:34",weight-training,"Evening Weight Training",2400,,,148.4,175,,strava,18559757569,"{""elapsed_time"":2400,""sport_type"":""WeightTraining"",""sets"":[{""exercise"":""Dumbbell Bench Press"",""reps"":12,""weight"":20},{""exercise"":""Dumbbell Bench Press"",""reps"":12,""weight"":20},{""exercise"":""Dumbbell Bench Press"",""reps"":12,""weight"":20},{""exercise"":""Incline Dumbbell Press"",""reps"":7,""weight"":20},{""exercise"":""Incline Dumbbell Press"",""reps"":8,""weight"":20},{""exercise"":""Incline Dumbbell Press"",""reps"":9,""weight"":20},{""exercise"":""Rope Tricep extension"",""reps"":12,""weight"":12.5},{""exercise"":""Rope Tricep extension"",""reps"":12,""weight"":12.5},{""exercise"":""Rope Tricep extension"",""reps"":12,""weight"":12.5},{""exercise"":""Seated Shoulder cable press"",""reps"":10,""weight"":20},{""exercise"":""Seated Shoulder cable press"",""reps"":10,""weight"":25},{""exercise"":""Seated Shoulder cable press"",""reps"":8,""weight"":27.5}]}"
"2026-05-20 05:37:15",workout,"Morning Tennis",2925,337,,134,162,,strava,18578270772,"{""elapsed_time"":2925,""sport_type"":""Tennis""}"
"2026-05-21 17:10:19",workout,"Evening Squash",9585,,,152,202,,strava,18600123580,"{""elapsed_time"":9585,""sport_type"":""Squash""}"
"2026-05-23 08:08:15",run,"Roundshaw Parkrun",1844,317,4.904,,,,strava,18617742346,"{""elapsed_time"":1844,""total_elevation_gain"":61.3,""elev_high"":92.9,""elev_low"":70.9,""max_speed"":5.46,""average_speed"":2.659,""sport_type"":""Run"",""polyline"":""wulxHfiVN|@^|EDN@ZTtBFdBLxA@zAFX?ZBLFdC@hCQ|E?pABh@Vp@TVLJtDnA`ARXBNAPKZaAHQX[p@c@Zc@~@_CJs@BkAIkB?aAGgAOwG?wADsBAe@@_Aa@eCIYYk@OUQIMA]U{@_@c@UIKMWGW?OBOHUj@WDIH[FKLGXAJEXYFONQ^OZG\\KH?PKLOGO@GNM`@IPIjAOBE?IIKGUa@aB]kBQ_@e@m@a@QUAe@Bo@FuCp@iEv@k@Ps@Za@T[\\i@n@g@x@_@`@OVSTAFFPT|ARl@Jx@DJHFAPLnAHhABdAf@~D^pD@jALbBPdEAv@@V@hBMxDCX@h@Ch@Bv@J^RXPN`@NFHF?VHTRd@F`AZVBPFJ?ND^BLGFI^kA\\]JIPQHEX[Vk@t@wBFg@?oAIkBGuEIqBA_B@oCB]Ci@BkAQy@OiAY{@MIGMIGIE[GMMaAe@YKMIGGQc@?c@HYl@]FYV_@PAN@HCXWN_@fAa@^GNEPSCWDIJE|Bc@DGAEWq@y@aESc@e@i@YKe@CgAJS@EBICMHSDgA\\}@PS@a@J]BSHm@JGAeBt@QP[PiAfBkAvASJKN""}"
"2026-05-23 10:18:39",workout,"Lunch Squash",2113,,,160.3,189,,strava,18619597069,"{""elapsed_time"":2113,""sport_type"":""Squash""}"
"2026-05-23 11:01:54",padel,"Lunch Padel",3431,,2.26,143,174,,strava,18620493181,"{""elapsed_time"":3558,""elev_high"":63.4,""elev_low"":63.1,""max_speed"":3.702,""average_speed"":0.659,""sport_type"":""Padel"",""polyline"":""kpmxHfxVC@AE@?C?D??B?CADCCBA@NFLC_@?BE?@CAFDAA@EA@E?@B@?C?D@EAF?G?DC@DGB@CEALBLBC@JILCIBHBC?GCBE?@B@E?DEB?K@DBCBB?AADGC?K@VDCGF@CB?E@@@AG@@@C?K@D?CCN@A?BC@@GEW?SD??CA@DAEFDI?F@CAFAGAFAA@@@EBA?BCA?C?BE@HE?DABIADAABAEFC?B?A@@AL@?@BCGEBCOB@DAGBB?DB@NAOCCDCCBCCBAADBEEB@BDG?@AAAD?HBD@E@DAJC?EBAR?CD?@C?EAAE@?CFC?AABE@@CBL?A?DCCAFAEBA?B@C?D?I@B?CCDCAD@?A?@E@@@@E?IDSD@GCIOHJAFCAAOA?@?CD?E@A@B@EDDADEEE?JC@XBAIU?@?C@BA?BEAC?BBB@??DACEACC@DB?BC@BE@E??A?BBM?FBNCEBCE??RDJ?DDBE?B??M?N@C?BEAD?GM@?@F?YCK?GBJCDC?@AAGBCDL?ACBAGC@?H@GAAB?@E@FGI@ECB?AB@?CAB@CBBE@?E?BC?@C?BBE@XAD?SEJANLE?EKQDICD?F?IBJAG@C@@C@?HBCCGAB?EJN@@AA@C@B@?@FCD@NEG?FADAADECD@@?CABEA@AAA?B@C?BCB@CFCABEADCH@CAAFAA?AABDOC@CEC@AE?D@AB@FHAD?CCDA?@CB?ABEQDPBA@GAACJ?C@?E??DACF?EBAC@G?OBEDAA?@B?BI@?UAFBD@GAAEB?E@R?MB?C?FMCB?@@CCD?HCCB@AIF@?BAAABCAEK@?ABBCCAF@KLFA@GCBB@@EIC@B?EB?CB?FBJ?W?BCEADHCBB@L?C@BBAE^@?AA?DC?EBBGE??MCA@?FB@LB?AB?EFAAGGDCKADBJ?EFDGBDE@DCC?@AA?B@GCF@C@BAG?GFNCBCEB@A?AC@C?BAA?B?CCDBE?BD?ESBO???FEEB??A?DG??GF@@SG\\AKBB@FAEBEA@AGE?@EAD@G?DB@?BCL?O@E?BEGBR?JJB@FADCCEB?IABF??FACC@BG?M?@DA?GB?A?""}"
"2026-05-25 17:59:52",padel,"Evening Padel",3775,,2.726,145.1,177,,strava,18652276986,"{""elapsed_time"":4113,""elev_high"":63.6,""elev_low"":62.2,""max_speed"":4.5,""average_speed"":0.722,""sport_type"":""Padel"",""polyline"":""yomxHjxVCLBK?BDCDLDXDGIBCg@?BIY?EAF?I@DAE@B@C?D?CC@?B@CA@BLCSADBA?C?B?CADDCAXCWB?@BAE?@@A?HEIB@AB?E@P@AGBBODB?HAGGJ?GEAJAA@BA@PAEDA@Q?TGG?MCF@h@AA@CAB@?AA?DCIDH@CC??K?DB@CD@G?F@AACA@@G?FE?@B?CA?B??D?C@?ADG?DECA@C?D?ABC@@CFB?G@@A?C@BAEFACB@D?G@BEE?DBECBAADWIK@G@C@B?E?DCB@JCSBA?D@EA@BA?JEM@BB@?AA@AC??@F?IABDHBAC??@?CCBAFDM@D?AEHAC@EDD?C?DA?AB?GAFD@@C@BAD@PCBCC@BAGB@CDGB@WH@DF@CEFCE?LCE@E?H@??AGJCCBA@K@A?L@C?@@ACBBG?@AEGJBC@@AIBDB@@KGJAC?BC?DC@BAI@PAGDEEHAEDA@C@FCKAJD??BC?AEC@@CA@@C?DB?CCBA@SCEAJCUDEB@AFCI?@?@BG?RAF?QAE@@@E?H@EA@AE@B?C@L@GEE?BB?AAA??HDB@FCRE?ACABBJCE@B@??EAFDUALCEA@?B@E@LFQE??CADBF?G@L?CE@AG?B?GDI?N?CEA?HBA@ICFAN?OAEA@DGEH?JDDADAAF?A??G@BI??IEB?TG??ECDDCCD?I?H?Q?RAUJK?@E??EBKC??@?G@@EL?IDBA?@IEH@ABB?H@I@?EC?KBBCB?GBBAA?@CDBNCK?IB??H?E@FA@?E@GC@?NGFLTAAEFCQBL@@@G?D@?GDHGABACEBHIAACDCF@@@GDCEHACA@?EABBEAHAQBLADEs@D?BD?BCICF@A?EA@FHBEACAHED@K@@@C@?A@?CCDB?@C@JBCAIAPK?@KDICCA@B??DAKBJBECA?@?C?FDEAAAH?IAPINHDBLACBBCA@IGL?E?DC??QFN?CCFA?DG@BEBAA@WF?BHD?@D?GLE?i@D??@BCE@?A@@@AAEAFBA@B?@EEBAAD@C@@AB?C@NCHDF?B?GED@BAM?BF@ALCIAB@B?O?BA?CEB??H?I?@HAENAEE@@A@B?GDABC?@AFE@AJEEFBJ[AGEBFJCP@UIIAIBGDBANACE@@OC?B?@N?OD?C@@CEFAAFEBVGCCMA@AC?AB?@D?GABCCB??@@A@B?C?JCG@@@@CEA?D@E?@A@TCK?FDMCABCCBE?@CBF@CCADJ?J@CCD?EEFBb@K?EGAB@@A??CDDCDG?IFo@LWJCCGe@CCIBAAB?G??HBEYP""}"
"2026-05-25 19:14:48",weight-training,"Evening Weight Training",1745,,,123.2,147,,strava,18652694615,"{""elapsed_time"":1745,""sport_type"":""WeightTraining"",""sets"":[{""exercise"":""Bench Press"",""reps"":8,""weight"":29},{""exercise"":""Bench Press"",""reps"":8,""weight"":39},{""exercise"":""Bench Press"",""reps"":8,""weight"":44},{""exercise"":""Bench Press"",""reps"":8,""weight"":49},{""exercise"":""chest press"",""reps"":8,""weight"":20},{""exercise"":""chest press"",""reps"":12,""weight"":25},{""exercise"":""chest press"",""reps"":12,""weight"":25},{""exercise"":""chest press"",""reps"":8,""weight"":20},{""exercise"":""Seated Shoulder Press"",""reps"":8,""weight"":20},{""exercise"":""Seated Shoulder Press"",""reps"":8,""weight"":20},{""exercise"":""Seated Shoulder Press"",""reps"":8,""weight"":20},{""exercise"":""Rope Tricep extension"",""reps"":12,""weight"":12.5},{""exercise"":""Rope Tricep extension"",""reps"":12,""weight"":12.5},{""exercise"":""Rope Tricep extension"",""reps"":12,""weight"":15}]}"
"2026-05-26 20:43:49",walk,"Night Walk",3087,223,3.515,,,,strava,18667096697,"{""elapsed_time"":3422,""total_elevation_gain"":24.5,""elev_high"":105,""elev_low"":90.6,""max_speed"":2.4,""average_speed"":1.139,""sport_type"":""Walk"",""polyline"":""g_cxHhrMHCPn@AFI?OUICOL?DFBDVYVKSFAI\\?b@DNATERqAbAMBIFG?oAl@wA`@u@^i@LIJ[LKRSPODQNIBMPMDUP]Te@b@MDKPIFEH[JGJSL]j@I?IPKBWRQHCFOPAFUJ?FG?ADKBCDOFIHE@CBa@TKLEAKHODs@j@YLCDIFODOPU@KDY?WAGCQBK?MCK@SC]MGMMKGBGVQIUAYSKDIAGFAJUVMBEEIOOISC_@RYPMDMTo@Vk@\\SPMDkAz@G@QPYPCHH^O]G?EFQDSPMNMHEHe@`@KRC?GJIFWh@MLO\\cAjAg@R]RONQFIJO@e@XGAUHKJODEDK?_@Ns@\\OFKCGBYW?DTCNKbBi@ZSr@ULKHAXMJAnAq@FIVSVc@\\[FMDAZq@X]H]LOb@[RUzCcBx@q@PGd@_@VYTGPONGHIHCLMPKb@IJMD[BCXEHLPN|@^JJH@LFL@NHVHF?XLPAPBNEh@BHCVAXKP?JGJCl@e@HCZUb@WRQr@_@PQNCLQRKlAkALIh@o@PKFKLETYDAHGPULE|@o@HKz@g@ROR]j@SH?BGJG^Kn@[^IDEXIDETG^UL?JMTKDGTKJOd@a@DS?MGO@k@CCA]@GMcAEMHSCWFMPID?RUNLHf@AHIJE?CHAGBC@HAGA?@@DOE`@""}"
"2026-05-27 05:40:31",workout,"Morning Tennis",3165,262,,120.4,157,,strava,18671052210,"{""elapsed_time"":3165,""sport_type"":""Tennis""}"
"2026-05-27 06:45:49",weight-training,"Morning Weight Training",1641,,,121.7,177,,strava,18671359825,"{""elapsed_time"":1641,""sport_type"":""WeightTraining"",""sets"":[{""exercise"":""Leg Press"",""reps"":12,""weight"":40},{""exercise"":""Leg Press"",""reps"":12,""weight"":40},{""exercise"":""Leg Press"",""reps"":12,""weight"":40},{""exercise"":""Standing Calf Raise"",""reps"":12,""weight"":40},{""exercise"":""Standing Calf Raise"",""reps"":12,""weight"":40},{""exercise"":""Standing Calf Raise"",""reps"":12,""weight"":40},{""exercise"":""Bulgarian Split Squat"",""reps"":24,""weight"":8},{""exercise"":""Bulgarian Split Squat"",""reps"":24,""weight"":8},{""exercise"":""Bulgarian Split Squat"",""reps"":24,""weight"":8},{""exercise"":""Cossack Squat"",""reps"":16,""weight"":0},{""exercise"":""Cossack Squat"",""reps"":16,""weight"":0},{""exercise"":""Cossack Squat"",""reps"":16,""weight"":0},{""exercise"":""Dumbbell Lunges"",""reps"":20,""weight"":8},{""exercise"":""Dumbbell Lunges"",""reps"":20,""weight"":8},{""exercise"":""Dumbbell Lunges"",""reps"":20,""weight"":8}]}"
"2026-05-27 09:25:07",walk,"Morning Walk",648,51,0.801,103.1,111,,strava,18672504032,"{""elapsed_time"":956,""total_elevation_gain"":6.1,""elev_high"":105,""elev_low"":98.8,""max_speed"":1.98,""average_speed"":1.235,""sport_type"":""Walk"",""polyline"":""_`cxHxtMKHCHECCQC@?FDHCJ?PDd@?PGNg@^KLQJCFOFMB{@\\g@XOBYLEFs@POHG?SHOHG?UNKJGNcAn@_Ar@a@TYX]Tq@x@GLGTYJi@ZoBzAYNSPWJYXc@VOPUJGZQJSDWLIk@?BAC@HLBLRBLAC?BB?AEC@@A?H@CEH@F?Q?D""}"
"2026-05-27 13:54:53",run,"Afternoon Run",566,50,0.784,,,,strava,18675546946,"{""elapsed_time"":591,""total_elevation_gain"":4.2,""elev_high"":105,""elev_low"":98.9,""max_speed"":2.28,""average_speed"":1.385,""sport_type"":""Run"",""polyline"":""}_dxHdoNBk@MhADD?H?GRSx@g@XWTKLMPENKh@i@n@c@JQ\\UHEFMNMDGPSHC^]h@[XWPINMFADGHEZY`@QJKh@Sb@YTIF@DCHAb@Qb@Md@Yp@SROF@HKZQVmANMDQB_@E_@K[@IPBFPPI@IGSESTUZU@IKc@CKEE?F""}"
"2026-05-31 15:35:46",workout,"Afternoon Tennis",7484,1021,,150.2,189,,strava,18733021194,"{""elapsed_time"":7484,""sport_type"":""Tennis""}"
"2026-05-31 18:54:00",weight-training,"Evening Weight Training",1664,,,129.9,168,,strava,18733918202,"{""elapsed_time"":1664,""sport_type"":""WeightTraining"",""sets"":[{""exercise"":""Barbell Bent Over Row"",""reps"":12,""weight"":30},{""exercise"":""Barbell Bent Over Row"",""reps"":12,""weight"":40},{""exercise"":""Barbell Bent Over Row"",""reps"":12,""weight"":40},{""exercise"":""Seated Row"",""reps"":12,""weight"":42.5},{""exercise"":""Seated Row"",""reps"":12,""weight"":42.5},{""exercise"":""Seated Row"",""reps"":12,""weight"":42.5},{""exercise"":""Single Arm Rows"",""reps"":10,""weight"":16},{""exercise"":""Single Arm Rows"",""reps"":10,""weight"":16},{""exercise"":""Single Arm Rows"",""reps"":10,""weight"":16},{""exercise"":""Single Arm Rows"",""reps"":10,""weight"":16},{""exercise"":""Single Arm Rows"",""reps"":10,""weight"":16},{""exercise"":""Single Arm Rows"",""reps"":10,""weight"":16},{""exercise"":""Barbell Bicep Curl"",""reps"":10,""weight"":12},{""exercise"":""Barbell Bicep Curl"",""reps"":10,""weight"":12},{""exercise"":""Barbell Bicep Curl"",""reps"":10,""weight"":12}]}"
"2026-06-01 18:25:09",workout,"Evening Squash",3612,,,160.3,205,,strava,18746399862,"{""elapsed_time"":3612,""sport_type"":""Squash""}"
"2026-06-01 19:37:39",weight-training,"Evening Weight Training",2180,,,136.4,163,,strava,18746926846,"{""elapsed_time"":2180,""sport_type"":""WeightTraining"",""sets"":[{""exercise"":""Incline Dumbbell Press"",""reps"":12,""weight"":16},{""exercise"":""Incline Dumbbell Press"",""reps"":12,""weight"":16},{""exercise"":""Incline Dumbbell Press"",""reps"":12,""weight"":16},{""exercise"":""Dumbbell Shoulder Press"",""reps"":10,""weight"":16},{""exercise"":""Dumbbell Shoulder Press"",""reps"":10,""weight"":16},{""exercise"":""Dumbbell Shoulder Press"",""reps"":10,""weight"":16},{""exercise"":""Lateral Raises"",""reps"":12,""weight"":5},{""exercise"":""Frontal raises"",""reps"":12,""weight"":5},{""exercise"":""Frontal raises"",""reps"":12,""weight"":5},{""exercise"":""Lateral Raises"",""reps"":12,""weight"":5},{""exercise"":""Lateral Raises"",""reps"":12,""weight"":5},{""exercise"":""Frontal raises"",""reps"":12,""weight"":5},{""exercise"":""Decline Sit Up"",""reps"":10,""weight"":0}]}"
"2026-06-04 18:33:27",walk,"Evening Walk",1145,102,1.606,,,,strava,18787985458,"{""elapsed_time"":1334,""total_elevation_gain"":4.6,""elev_high"":208.4,""elev_low"":203.4,""max_speed"":3.386,""average_speed"":1.403,""sport_type"":""Walk"",""polyline"":""q{npHynsxBBp@OBCC@OHZEYa@cAZGIDHA?DLFDGNKFAXYD?TUNITQ\\QBO^Qr@m@NCFKHCNOFAPQJE\\YDKZYZc@ZWJQ\\[T]JCTWZSHKJEl@m@DICu@@OIw@_@_Bg@}B@GW{@i@iCGOMCY[MIO[Co@@YI_@Ei@E_@Cm@?i@[wDE[ASQkB@_@E{@CO?_@SwA?]EIAYAEMIKSBKV_@N]`@YLAB@HKJCJSPILCBGF?@CCQKSC]OOE[MQC_@KM?KGK?KIK@MFYUWCWIQ@IGCEIAQEAEMEQGEAQIS@SEAO]Cc@Oi@IK?IEME_@BKDCBO?C?A@@BGIa@DUGM?EGS?IEQB?I@@@EC@B?A""}"
"2026-06-07 10:40:58",walk,"Lunch Walk",1232,105,1.65,109.9,131,,strava,18822076686,"{""elapsed_time"":1347,""total_elevation_gain"":10.1,""elev_high"":215.3,""elev_low"":205,""max_speed"":2.847,""average_speed"":1.34,""sport_type"":""Walk"",""polyline"":""egopHcesxBSNIBw@l@IBW[_@SIIi@cAGQKKa@o@e@k@K]g@IOUe@c@_A]Qa@MEEGOEIOKIIQKKMi@MM?EGMIEIK]uAIKGEWm@QWEQ]g@Ik@CE@c@IBCIIk@Wg@G_@GQWUIOAMDCFUA]{@aCKOI]GIOs@GOOcAEaBKaAM]E[Be@FIBSVe@NELYHIFS`@YJQ@c@WgABMRKL?XGJ?x@WHD@KJIEo@EWCA@g@IqABa@?YBMEEOBMAI@QEI?SGIKKE_@GCGCY@c@E_@Di@Ac@J_AFMNIDSAOWe@KGEMKEEIUe@EQW[GU@MBM?KBGCQBUf@oA@IK[BOFI?A\\VBJFBBDVDHT[k@D@SEJAC@@?Qe@B?IK""}"
"2026-06-07 15:16:11",walk,Auschwitz-Birkenau,1367,99,1.557,104.5,119,,strava,18826377237,"{""elapsed_time"":1888,""elev_high"":236,""elev_low"":233,""max_speed"":2.4,""average_speed"":1.139,""sport_type"":""Walk"",""polyline"":""clkpHea`tBCJ?r@@PBB@f@C~K@V@DF@?FCZCxC@vBB`AA`BFXCP?j@FEDMJOBQDGDe@`@[FCb@aAFSTc@p@m@HQFW@a@Po@BQR_ADY?m@BAA_AAyBBcGBi@A}@FcBAoADEEyA@QC_ABa@Ao@B_BAKDmADsCDu@DCH?F@^CDK@y@FEJCDDHYKA@KCf@B\\AWIEC@CJ@`@EPKBU?[CECCi@DcDBG?gAC{AGO""}"
"2026-06-10 05:38:33",workout,"Morning Tennis",3019,164,,96.4,136,,strava,18860684121,"{""elapsed_time"":3019,""sport_type"":""Tennis""}"
"2026-06-11 18:49:44",workout,"Evening Squash",4401,,,173.9,210,,strava,18882715825,"{""elapsed_time"":4401,""sport_type"":""Squash""}"
"2026-06-12 07:00:53",workout,"Morning Squash",3613,,,121.2,142,,strava,18887472492,"{""elapsed_time"":3613,""sport_type"":""Squash""}"
"2026-06-12 10:13:58",workout,"Lunch Squash",1588,,,141.2,176,,strava,18888723168,"{""elapsed_time"":1588,""sport_type"":""Squash""}"
"2026-06-13 13:02:54",padel,"Afternoon Padel",3399,,2.226,150.6,202,,strava,18904171326,"{""elapsed_time"":3576,""elev_high"":63.4,""elev_low"":63.4,""max_speed"":4.24,""average_speed"":0.655,""sport_type"":""Padel"",""polyline"":""{omxHhxV@@AH?BC?@G?FFBC@?CCFDMAJ?CA?@ACB?I?DB?CBCGBA@C@DB@C?@QGC?IA@?EBE?DCB@??GADBH@O@AEB?EAB?AFEAFE??@?E?D@GDB?A@FC?ACB@CB?C@BA?AIA@B@?AB@ICB@@AAD@CC@@EC@D@A@DNEQ@AC??@?A?@BCAHB@?KAAHTG`@EKFACB@DGC@?AG@CDDCBDF?C?FAE?DBCCIBNECBGA?@FBEABAC@GCC@NASBEABIWDED@GB?C@@DC@DG@?CC@@ED@?LIEDCBRISD??NCS?BDCDRADC@?D@?C@?D?EC?F@?CEB?C@FCF@JAUBCAABHAXA?BQGIC?@C@B?EF@?G@DCFCCFA@MARB@EB?GHHABCCAGCFBEC@@EAFHA?AABE?DA?@A??AA@@@ACEDFICH@EB??BCE?FC??GCGC?CM@IBG@@?IB@A?EFFAECA@BC?JFI?BACEB@ADC@FACE@@B?CDA@HAFIHE?AC@ABF?CCBBE@T@?@GBJ?C@@C@BECDCC@@BCAB?SCT?EFAEDAC@E@DBAAD?C@@CD?C@B@AAK@FE@DEAA@F?A@@ACC@?U@NBBEDAAB@?E?D@CC?@EAC?FC@B@@C?@?@CA@ECC@ACA?BD@AC@??F?EA?AGAL@A?BBIAF@A@JA[@BAHBFADACBC?B?AEBBC?@@@CG@Q?VAE?@B@C@@G?F?AG@@KA@F??DC@B?AEBFA@AG?FB??EE@@B@E?@BAGF@G?@CG?BBIBA?B?BAEAL@EGAFIAJC??C?BBSDZE??@?C?BEGBD?AC@BI?DAADCABB@EBAADC@BAA?@E@BED?A??BACCDA??AA@@@?EAFFOCD@@EDFCAC?B@A@@K@FQ?NC@?CFACBES@IB@@L?JAAEFBCD?E@AKDH@E?DKBBC?B@CB@?AC@AA@BAADEE@F@G?B@BI?EA??L@AABE?@CF?O?JAB@C@@AG??BACB@AB@A@GCF@GB@AB?MD@AADHIA@D?ICJBGQJNGC?@DAAAB?CB@HIGDDACB@?GACBBC?BDEC?ACBGDHE@?EAFE@BI@CDHA@AA?BGD?D@QDCAC?N@I?F?CABCADCK@BCD@BC?BBAIFDCCB?GF@CBBEG@BEAFC@F??CGFBIBBC@BEA?BHCDFMEAABCUADEGE?DDCG""}"
"2026-06-14 07:55:56",workout,"Morning Squash",18269,,,131.3,210,,strava,18917033998,"{""elapsed_time"":18269,""sport_type"":""Squash""}"
"2026-06-16 13:50:42",walk,"Afternoon Walk",1921,145,2.281,108.4,128,,strava,18944047020,"{""elapsed_time"":2234,""total_elevation_gain"":30.2,""elev_high"":120.1,""elev_low"":101.1,""max_speed"":2.373,""average_speed"":1.187,""sport_type"":""Walk"",""polyline"":""{`cxHroMLFBJJBEF@JL\\HH?LKPIFDf@URGS@NGZFf@ENGDC@AAIZGJ@BIHBXOJ?C?RCH[PEDPt@EPJd@V\\Vn@HDLELMD?BGFCPYJIBIZ]LUXYFCPOXa@NMJUd@g@ADHM@IR[?KRWDe@Tm@T[@G\\]NEHQHIHCB?DIHIBMXURGPAJKPCJBHRN@LFFAr@LFBFNDBDLr@Qp@F~@Op@E`@Dv@DTDCIHq@B}@Ly@\\oA@c@OeAFe@CEYAQFm@Jo@RYBc@PILOBONe@To@j@OH[??BUVIDWZMJKPYZQZK^KBIFK@[NQPSLKNQDKHKRMHW^e@`AEXITq@rAMPWN[f@WVEHu@t@eBtBQCOIq@}AAKBSWTKDGJaA~@AOEM@Gx@q@ESDOd@_@BQf@U?CA@CK?GNKJe@VWFO@KIk@?UBIAWLXNODACSEO?ELQVKNQIe@GO?KADKH""}"
"2026-06-17 05:36:46",workout,"Morning Tennis",3043,193,,113.3,137,,strava,18953666429,"{""elapsed_time"":3043,""sport_type"":""Tennis""}"
"2026-06-20 08:26:42",workout,"Morning Squash",5804,,,160.2,193,,strava,18994498664,"{""elapsed_time"":5804,""sport_type"":""Squash""}"
"2026-06-21 08:23:48",walk,"Morning Walk",1175,76,1.194,,,,strava,19006667475,"{""elapsed_time"":1401,""total_elevation_gain"":8.5,""elev_high"":119,""elev_low"":75,""max_speed"":2.047,""average_speed"":1.016,""sport_type"":""Walk"",""polyline"":""ajjxHlaQFL@HCPDRSn@Qv@ILG@UYGOWMCKE?KOC?CCEAMIEDEAEBO?GDEGMA?AEAIFBOAKOAIDAAGBIJKD?EIA?CC@CCI@YVITM?EHSHAFSRGPMJOJG?MLO@_@IAAQ@KFGAMBGHK\\[jBIXCRBJCVICMSGE@CCCKESAIAI?EBGCYDGCQCAAC@GEICKIEIMEMU?GIM]}@IIIU?GGECI?OMEUZKHOVMXIFq@bAKRY\\QCIEI?SKKACCK@QOc@QUQMACG]QKAAGUISSMCILG@EEK@CGYGCGE??BKMMFI@k@j@SHKAQ`@MJWJON@@ADMUBGHVCNDGA?""}"
"2026-06-21 09:33:10",walk,"Morning Walk",1983,131,2.066,,,,strava,19007827834,"{""elapsed_time"":2168,""total_elevation_gain"":57,""elev_high"":119,""elev_low"":61.9,""max_speed"":3.78,""average_speed"":1.042,""sport_type"":""Walk"",""polyline"":""k~kxHhnQIF@BCJI?AEC@@CKLCJ_@R[XSFOPAAGDECEFCAY\\YJEAMHIBYXIBCAABWPGHI@OFCDCNEF?TMHEL@Y?DCFAFJGH?v@t@F?`@T^XLDXRb@\\@DF@|@f@RZB@?@D?JJLBXb@d@^~@vAHJD?Zb@dA|@Rb@V\\D?DGBSBC@DHYAA@K?BCED??MD?N[DUEQY]KCEC@AEDCLGCAABECDLFG@CD@KRYBAB@BA?CGH@MC?@IJKAFEBDEIZ?LBCBORc@L_@FG?GNW@KHKFQJS\\_AF[HGPc@R_@b@wADCPg@N[@IP]DW?MF[?OBC?KHYBC@@DKDOPa@Zc@FOFG@GNWNQDKNMBIDA@EJEBEN`@JPh@vA`@h@n@TPAJBFALIR@PHLA\\d@@D@CB@DKDs@?GBKAGJ[He@DGVs@JIH@PI@BDAd@FBAJBRSH?D@BAh@cAHABEHADGJDLc@FEHMFAPLL?PMNQDBBXBBFCJ@FLFBFCBFB??GJC@ETA?ACHBDBCACFHNFb@^Zb@DCZ{@N}@DGA_@GOAMMIIOBQLQGA?AB@EE?CBD""}"
"2026-06-22 19:37:20",weight-training,"Evening Weight Training",1704,,,125.6,154,,strava,19026751283,"{""elapsed_time"":1704,""sport_type"":""WeightTraining"",""sets"":[{""exercise"":""Lat Pulldown"",""reps"":10,""weight"":35},{""exercise"":""Lat Pulldown"",""reps"":10,""weight"":35},{""exercise"":""Lat Pulldown"",""reps"":10,""weight"":35},{""exercise"":""Dumbbell Bench Press"",""reps"":20,""weight"":12},{""exercise"":""Dumbbell Bench Press"",""reps"":20,""weight"":12},{""exercise"":""Dumbbell Bench Press"",""reps"":20,""weight"":12},{""exercise"":""Dumbbell Bicep Curl"",""reps"":8,""weight"":12},{""exercise"":""Dumbbell Bicep Curl"",""reps"":8,""weight"":12},{""exercise"":""Dumbbell Bicep Curl"",""reps"":8,""weight"":12},{""exercise"":""Cable Tricep Pushdown With Straight Bar"",""reps"":12,""weight"":17.5},{""exercise"":""Cable Tricep Pushdown With Straight Bar"",""reps"":12,""weight"":17.5},{""exercise"":""Cable Tricep Pushdown With Straight Bar"",""reps"":12,""weight"":17.5}]}"
"2026-06-27 12:51:17",workout,"Afternoon Squash",5578,,,159.2,208,,strava,19086790466,"{""elapsed_time"":5578,""sport_type"":""Squash""}"
"2026-06-27 14:37:45",padel,"Afternoon Padel",4857,,2.787,154.1,185,,strava,19087872539,"{""elapsed_time"":5449,""elev_high"":63.5,""elev_low"":63.3,""max_speed"":3.02,""average_speed"":0.574,""sport_type"":""Padel"",""polyline"":""_pmxHhwVADA??ADB@CE?@?@G?BB?KFHC?C@D?CA?@AAB?ABAC@?VAUBE?D@AA@?E?BDEGF@@?A??EFDG?BACABGAHE@@A@@ADLCFAUCC@B?A@@?N@QA@?@BCCVBA@ECK@@C@BDAACD?CA@?CBDCMA@BA@@BEEHAGC?@@FEC@DTAS?BCA@AC@DEAHBL@ECC@JCEC@@S?@BAADC@?@AA?H@OB??ACFFG?DA?CR@GB??CGFAM@@?IB@ABDHAMAJEI@A?FBE?E@?@FCDAEBE?B@ACHBHAIGF@@AMFGCB@HEC@KC@@@AB@@BG@FAEBF?ICC?B@??DGCHF?B?AB@I@DHEG?D@IAC@EAADAABG@FEAF@IDBATABG?AN?JDBABB?E@EOC@GEAG?FCB@E?OB??@B?@H?AE@?B?OBAAA?DC?AABAA?BAAAEFFG?P@K@@?C?AEF?CBBAC?BBACC@BEACB?CB@C@DF?EBIAFBHC?GMJEAFCAB?@C?DCE?@BN?C?@E?C@@??ABA?B@KEA@@BCABACB@?BE?AC@B@CC@DA?TESBEDJCAAK?J?ECBBAAH@KA?BC?HED@IBAADC?AG?@D?AED@ADBFCCCFBIAC@C@@CR@GCEDEABAC?HD@ABACBJ?CBA@JH@BB@A?DBBA?CC?E?@DCAKHA@CBDAJC@?KD??@?C?DELDGBB?GDD?DECEB@G?B@?AGCF@SEA@J@E?G@H@A?@AD?IAH@FC@@?@GDDE@?EB??AEFAW@VBM?D?@AE?I@HC??E?FLFACGDI@FC?EDBCDB@AAE@@M@FCDAADE?BAG?G@HAIA@BGAHCEBP?IBBAAAD?I@HACDCA@BA?@GF?C@ACQ@R?EAF@ECI@L@C@D@ICCBHAA@BED@EAADBEBBGCCAKDJAH@GAB?A?@AA@GDJAA?D@GAFCO@CECG\\K@ESBDAGGACBGSACDCAC@B?CDLAHEEAMA??B@GBAAH@H?C?B@CBDACGB?@BIAGC@?@BA@C?@AAB@@D?NCY@XAG?Q@DACD@@JKF?Q@F@CAE@F@?GG@CBF?E?BAC@??FFCCCBDACIA?DDCCCBF@C@@?J?ECBEAB@@GEG?BBC?L?CBNAKEGDEDDG@AC@?@FAGA?B@BJCE@JCGCF@ICO@??BB?AA@LAHDQAA@@?CB?IB?CBB@NBEBB@JLBABBH?ECDACC@EUID?BBFEHEMBI@@?DCE@RA@@GF@E?AB@CDBE?CB@EA@AC?O@DDCAPC??B@EBAAB@CC??D@CCG@C@HCF@MC??CD?AA@D@?@ECF?HAAA@A?BECAD?CFFMAAABF@ADAA?@G@@D?KCGBDC@HAEHAG@LAW?DBC?F?FE@@EF?@KANEECM@R@KBFA??DCEBGD@AEED?ED@CDCCDF?AGB@WBDDEBHB@HA@CABB@AA@F?CA@?B@?AA?EA?@D?CA@@??DAC""}"
"2026-04-27 20:03:05",weight-training,"Gym Session",2387,,,,,,setgraph,,"{""sets"":[{""exercise"":""Press Ups"",""reps"":12,""weight"":0},{""exercise"":""Press Ups"",""reps"":12,""weight"":0},{""exercise"":""Press Ups"",""reps"":12,""weight"":0},{""exercise"":""chest press"",""reps"":12,""weight"":27.5},{""exercise"":""chest press"",""reps"":12,""weight"":27.5},{""exercise"":""chest press"",""reps"":12,""weight"":27.5},{""exercise"":""Cable Tricep Pushdown"",""reps"":12,""weight"":15},{""exercise"":""Cable Tricep Pushdown"",""reps"":12,""weight"":15},{""exercise"":""Cable Tricep Pushdown"",""reps"":12,""weight"":15},{""exercise"":""Dumbbell Bench Press"",""reps"":8,""weight"":20},{""exercise"":""Dumbbell Bench Press"",""reps"":8,""weight"":20},{""exercise"":""Dumbbell Bench Press"",""reps"":8,""weight"":20},{""exercise"":""Dumbbell Shoulder Press"",""reps"":10,""weight"":18},{""exercise"":""Dumbbell Shoulder Press"",""reps"":7,""weight"":18}]}"
"2026-05-08 07:47:45",weight-training,"Gym Session",1635,,,,,,setgraph,,"{""sets"":[{""exercise"":""Lat Pulldown"",""reps"":12,""weight"":35},{""exercise"":""Lat Pulldown"",""reps"":12,""weight"":35},{""exercise"":""Lat Pulldown"",""reps"":12,""weight"":35},{""exercise"":""Seated Row"",""reps"":12,""weight"":42.5},{""exercise"":""Seated Row"",""reps"":12,""weight"":42.5},{""exercise"":""Seated Row"",""reps"":12,""weight"":42.5},{""exercise"":""Standing single arm bicep curl"",""reps"":12,""weight"":7.5},{""exercise"":""Standing single arm bicep curl"",""reps"":12,""weight"":7.5},{""exercise"":""Standing single arm bicep curl"",""reps"":12,""weight"":7.5},{""exercise"":""Standing single arm bicep curl"",""reps"":12,""weight"":7.5},{""exercise"":""Standing single arm bicep curl"",""reps"":12,""weight"":7.5},{""exercise"":""Standing single arm bicep curl"",""reps"":12,""weight"":7.5},{""exercise"":""Kettlebell Shrug"",""reps"":12,""weight"":16},{""exercise"":""Kettlebell Shrug"",""reps"":12,""weight"":16},{""exercise"":""Kettlebell Shrug"",""reps"":12,""weight"":16}]}"
