occurred_at,venue_name,category,address,city,county,country,latitude,longitude,description,platform_type,platform_id
"2010-09-10 14:53:54","Drayson Design",Office,,,,"United Kingdom",51.340028882662,-0.092047667110407,,swarm,4c8a4682a92fa09324aa8fbf
"2010-09-10 14:58:10","Drayson Design",Office,,,,"United Kingdom",51.340028882662,-0.092047667110407,,swarm,4c8a4782a92fa093d1b38fbf
"2010-09-10 14:58:58","Maywater Close",Road,,,,"United Kingdom",51.339817608015,-0.093088105554595,,swarm,4c8a47b29ef0224bfb46597b
"2010-09-10 14:59:35","Maywater Close",Road,,,,"United Kingdom",51.339817608015,-0.093088105554595,,swarm,4c8a47d7770fb60c22ffd0c3
"2010-09-10 14:59:51","Drayson Design",Office,,,,"United Kingdom",51.340028882662,-0.092047667110407,,swarm,4c8a47e7a92fa093dcb78fbf
"2010-09-10 15:00:25","Purley Oaks Road","Home (private)",,,,"United Kingdom",51.341731218462,-0.099191599153894,,swarm,4c8a4809a92fa0932db98fbf
"2010-09-10 15:00:36","Purley Oaks Road","Home (private)",,,,"United Kingdom",51.341731218462,-0.099191599153894,,swarm,4c8a48141eafb1f7b1b37835
"2010-09-10 19:19:59","Purley Beeches",Park,,,,"United Kingdom",51.340565479506,-0.091184377670288,,swarm,4c8a84df2e3337045269c441
"2010-09-10 19:20:38",Home,"Home (private)",,Purley,"Greater London","United Kingdom",51.341740501542,-0.08751134586735,,swarm,4c8a850652a98cfa815f2de9
"2010-09-10 19:25:11","Drayson Design",Office,,,,"United Kingdom",51.340028882662,-0.092047667110407,,swarm,4c8a8617e51e6dcb9bc669de
"2010-09-10 19:25:26","Maywater Close",Road,,,,"United Kingdom",51.339817608015,-0.093088105554595,,swarm,4c8a8626e51e6dcb19c769de
"2010-09-11 06:14:17","Drayson Design",Office,,,,"United Kingdom",51.340028882662,-0.092047667110407,,swarm,4c8b1e39a92fa093382798bf
"2010-09-11 06:14:48",Home,"Home (private)",,Purley,"Greater London","United Kingdom",51.341740501542,-0.08751134586735,,swarm,4c8b1e581797236ad37d6888
"2010-09-11 06:15:52","Toby Carvery South Croydon","English Restaurant","415 Brighton Rd",London,"Greater London","United Kingdom",51.349458958985,-0.10002670914363,,swarm,4c8b1e98770fb60c406cd9c3
"2010-09-11 06:16:40","Purley Oaks Road","Home (private)",,,,"United Kingdom",51.341731218462,-0.099191599153894,,swarm,4c8b1ec8a92fa093cf2b98bf
"2010-09-11 06:17:00","Riddlesdown Railway Station (RDD)","Rail Station","Lower Barn Road",London,"Greater London","United Kingdom",51.332974391925,-0.099238220414764,,swarm,4c8b1edc2e333704fb7bca41
"2010-09-11 06:18:06","Purley Beeches",Park,,,,"United Kingdom",51.340565479506,-0.091184377670288,,swarm,4c8b1f1e9ef0224b0dbb617b
"2010-09-11 06:18:18","Drayson Design",Office,,,,"United Kingdom",51.340028882662,-0.092047667110407,,swarm,4c8b1f2a3dc2a1cd15c2b332
"2010-09-11 06:18:49","Drayson Design",Office,,,,"United Kingdom",51.340028882662,-0.092047667110407,,swarm,4c8b1f499ef0224b97bc617b
"2010-09-11 06:53:33","Drayson Design",Office,,,,"United Kingdom",51.340028882662,-0.092047667110407,,swarm,4c8b276d770fb60c5db3d9c3
"2010-09-11 06:55:14","Big Slick Poker Club",Casino,,Croydon,"Greater London","United Kingdom",51.344507258032,-0.10512383253909,,swarm,4c8b27d22e333704cac3ca41
"2010-09-11 06:56:03","Riddlesdown Railway Station (RDD)","Rail Station","Lower Barn Road",London,"Greater London","United Kingdom",51.332974391925,-0.099238220414764,,swarm,4c8b28032e33370439c5ca41
"2010-09-11 06:56:25","Purley Oaks Railway Station (PUO)","Rail Station","Brantwood Road","South Croydon","Greater London","United Kingdom",51.34691357283,-0.098642662731793,,swarm,4c8b28193dc2a1cdb20ab432
"2011-08-03 20:01:55",Home,"Home (private)",,Purley,"Greater London","United Kingdom",51.341740501542,-0.08751134586735,,swarm,4e39a93314959f8577abb1f7
"2011-08-03 20:06:46","Sampsons Farm Country Hotel",Hotel,Preston,"Newton Abbot",Devon,"United Kingdom",50.559748,-3.615961,,swarm,4e39aa56483b6aaecd657a62
"2011-08-03 20:34:58","Abbrook Park","Soccer Field","Strap Lane","Newton Abbot",Devon,"United Kingdom",50.558871450904,-3.6028800920767,,swarm,4e39b0f214959f8577ac1028
"2011-08-03 20:35:46",Teigngrace,Field,"Exeter Rd","Newton Abbot",Devon,"United Kingdom",50.551912060143,-3.6154837004883,,swarm,4e39b122e4cd799aaef409fd
"2011-08-03 20:36:26","Newton Abbot Hospital",Hospital,"Jetty Marsh Rd","Newton Abbot",Devon,"United Kingdom",50.53940174432,-3.6125438930883,,swarm,4e39b14ac65bab738fd30371
"2011-08-03 20:36:54","Newton Abbot Market","Flea Market","Courtenay St","Newton Abbot",Devon,"United Kingdom",50.531002653974,-3.6116793510785,,swarm,4e39b166d4c046ee86bd174b
"2011-08-05 08:08:16","Sampsons Farm Country Hotel",Hotel,Preston,"Newton Abbot",Devon,"United Kingdom",50.559748,-3.615961,,swarm,4e3ba4f0b61cb577be5ea95a
"2011-08-05 08:10:16","Abbrook Park","Soccer Field","Strap Lane","Newton Abbot",Devon,"United Kingdom",50.558871450904,-3.6028800920767,,swarm,4e3ba568c65b4ec275c9fc4d
"2011-08-05 08:10:38","Newton Abbot Hospital",Hospital,"Jetty Marsh Rd","Newton Abbot",Devon,"United Kingdom",50.53940174432,-3.6125438930883,,swarm,4e3ba57e8877b00cfc2ebce0
"2011-08-05 08:10:53","Newton Abbot Leisure Centre","Recreation Center","Highweek Rd","Newton Abbot",Devon,"United Kingdom",50.533340542985,-3.6177981233302,,swarm,4e3ba58d7d8b0e9610512fcf
"2011-08-05 08:11:28","Newton Abbot Leisure Centre","Recreation Center","Highweek Rd","Newton Abbot",Devon,"United Kingdom",50.533340542985,-3.6177981233302,,swarm,4e3ba5b01838cb1b82d72f12
"2011-08-06 17:37:42","Serendipity Bar & Bistro",Café,"25-26 Mill Street",Bideford,Devon,"United Kingdom",51.019415625147,-4.2045083020497,,swarm,4e3d7be662e19d61096ec5a6
"2011-08-06 17:38:45",Bideford,Town,,Devon,Devon,"United Kingdom",51.018776291154,-4.2056608200073,,swarm,4e3d7c25e4cdab9b93438bc6
"2011-08-07 22:13:47","Carbis Bay Beach",Beach,"Beach Rd",Hayle,Cornwall,"United Kingdom",50.197944132427,-5.4658047760373,"Having a great time day 2",swarm,4e3f0e1b1495bf24a5f0973c
"2011-08-07 22:15:32","Carbis Bay Railway Station (CBB)","Rail Station","Porthrepta Rd","Carbis Bay",Cornwall,"United Kingdom",50.197086348077,-5.4639787350826,,swarm,4e3f0e841f6e844231fb3f99
"2011-08-07 22:16:24","Porthminster Beach",Beach,Warren,"St Ives",Cornwall,"United Kingdom",50.209264879581,-5.477129061699,,swarm,4e3f0eb8a809ba757c201656
"2011-08-07 22:18:53","St Ives Railway Station (SIV)","Rail Station","Station Rd","St Ives",Cornwall,"United Kingdom",50.209101670109,-5.4778855479275,,swarm,4e3f0f4d8877b00cfc5d3f55
"2011-08-07 22:19:38",PizzaExpress,Pizzeria,"The Wharf Road Elevation, 35/37 Fore Street","St Ives",Cornwall,"United Kingdom",50.213603713847,-5.4801431834871,,swarm,4e3f0f7ad22d102e8557c836
"2011-08-07 22:22:38","Pedn-Olva Hotel",Hotel,"West Porthminster Beach","St Ives",Cornwall,"United Kingdom",50.210943268303,-5.477463295745,,swarm,4e3f102eb0fb875af8784090
"2011-08-08 08:06:49","Carbis Bay Beach",Beach,"Beach Rd",Hayle,Cornwall,"United Kingdom",50.197944132427,-5.4658047760373,,swarm,4e3f9919b0fb875af87e0fb7
"2011-08-08 08:15:53","Carbis Bay Railway Station (CBB)","Rail Station","Porthrepta Rd","Carbis Bay",Cornwall,"United Kingdom",50.197086348077,-5.4639787350826,,swarm,4e3f9b39a809ba757c260aca
"2011-08-08 08:16:48","Porthminster Beach",Beach,Warren,"St Ives",Cornwall,"United Kingdom",50.209264879581,-5.477129061699,,swarm,4e3f9b7018a83d5b2860ea2e
"2011-08-08 08:17:33","Pedn-Olva Hotel",Hotel,"West Porthminster Beach","St Ives",Cornwall,"United Kingdom",50.210943268303,-5.477463295745,,swarm,4e3f9b9d8877b00cfc632c85
"2011-08-08 08:22:44",PizzaExpress,Pizzeria,"The Wharf Road Elevation, 35/37 Fore Street","St Ives",Cornwall,"United Kingdom",50.213603713847,-5.4801431834871,,swarm,4e3f9cd4fa76455375d3e9eb
"2011-08-08 17:13:26","Porthminster Beach",Beach,Warren,"St Ives",Cornwall,"United Kingdom",50.209264879581,-5.477129061699,,swarm,4e401936b0fb875af8840ef4
"2011-08-08 17:14:09","St Ives Railway Station (SIV)","Rail Station","Station Rd","St Ives",Cornwall,"United Kingdom",50.209101670109,-5.4778855479275,,swarm,4e40196152b1a04aff39cd51
"2011-08-08 17:15:44","The Magic Circle","Performing Arts Venue","12 Stephenson Way",London,"Greater London","United Kingdom",51.52655118634,-0.13521749462899,,swarm,4e4019c052b1a04aff39d2e6
"2011-08-08 17:15:58",Vue,"Movie Theater","Lakeside Shopping Centre",Essex,Essex,"United Kingdom",51.487907,0.28109014,,swarm,4e4019ce1838cb1b83137e63
"2011-08-08 17:16:21","Drayson Design",Office,,,,"United Kingdom",51.340028882662,-0.092047667110407,,swarm,4e4019e5d164b52911ceb51e
"2011-08-08 17:16:45","Blackpool Magicians Convention",,,,,"United Kingdom",53.81753,-3.051076,,swarm,4e4019fda809ba757c2c07ae
"2011-08-08 17:17:04","Purley Beeches",Park,,,,"United Kingdom",51.340565479506,-0.091184377670288,,swarm,4e401a101495bf24a5fc7a78
"2011-08-08 17:17:11","Roke School","College and University",,,,"United Kingdom",51.326111956503,-0.10490233830233,,swarm,4e401a171838cb1b831382be
"2011-08-08 17:17:19","Purley Beeches",Park,,,,"United Kingdom",51.340565479506,-0.091184377670288,,swarm,4e401a1faeb73139a19b123d
"2011-08-08 17:17:26","Maywater Close",Road,,,,"United Kingdom",51.339817608015,-0.093088105554595,,swarm,4e401a26b0fb875af8841d41
"2011-08-08 17:17:42","Southern Railway & Kenley Cricket Cricket (SKRCC)","Cricket Ground","Little Roke Rd.",Surrey,Surrey,"United Kingdom",51.326857768018,-0.10604169085003,,swarm,4e401a3618a83d5b28671e8c
"2011-08-08 17:18:18","Thorpe Park","Amusement Park","Staines Rd",Chertsey,Surrey,"United Kingdom",51.403623228196,-0.51485538482666,,swarm,4e401a5a1495bf24a5fc7f1c
"2011-08-08 17:21:46","My Home / Bed","Home (private)",,,,"United Kingdom",51.720292793274,-0.088706531284732,,swarm,4e401b2a1f6e844232074337
"2011-08-08 17:21:55","My Big Brothers House","Home (private)",,Penrith,Cumbria,"United Kingdom",54.660468215498,-2.7577068770264,,swarm,4e401b33ae6045423687479b
"2011-08-09 08:40:39","Carbis Bay Railway Station (CBB)","Rail Station","Porthrepta Rd","Carbis Bay",Cornwall,"United Kingdom",50.197086348077,-5.4639787350826,,swarm,4e40f287d4c0b124a8e882d2
"2011-08-09 08:40:59","Carbis Bay Beach",Beach,"Beach Rd",Hayle,Cornwall,"United Kingdom",50.197944132427,-5.4658047760373,,swarm,4e40f29bc65b4f2fdeb0a564
"2011-08-09 08:41:37","Porthminster Beach",Beach,Warren,"St Ives",Cornwall,"United Kingdom",50.209264879581,-5.477129061699,,swarm,4e40f2c11495c3b702443a0c
"2011-08-09 08:41:51","Pedn-Olva Hotel",Hotel,"West Porthminster Beach","St Ives",Cornwall,"United Kingdom",50.210943268303,-5.477463295745,,swarm,4e40f2cf52b17005f5c46670
"2011-08-09 08:42:12","St Ives Railway Station (SIV)","Rail Station","Station Rd","St Ives",Cornwall,"United Kingdom",50.209101670109,-5.4778855479275,,swarm,4e40f2e4e4cd43246431ac33
"2011-08-09 08:42:45","Blackpool Magicians Convention",,,,,"United Kingdom",53.81753,-3.051076,,swarm,4e40f305d4c0b124a8e88657
"2011-08-09 08:42:54","Drayson Design",Office,,,,"United Kingdom",51.340028882662,-0.092047667110407,,swarm,4e40f30ea8099680852ff828
"2011-08-09 08:43:04","Southern Railway & Kenley Cricket Cricket (SKRCC)","Cricket Ground","Little Roke Rd.",Surrey,Surrey,"United Kingdom",51.326857768018,-0.10604169085003,,swarm,4e40f318aeb798c6bf3a2a74
"2011-08-09 08:43:12","Purley Beeches",Park,,,,"United Kingdom",51.340565479506,-0.091184377670288,,swarm,4e40f3202271a89dd088146f
"2011-08-09 08:43:19","Roke School","College and University",,,,"United Kingdom",51.326111956503,-0.10490233830233,,swarm,4e40f32762e17b948c222089
"2011-08-09 08:43:46","Lakeside Karting","Go Kart Track","Arterial Rd.",Purfleet,Essex,"United Kingdom",51.492903761253,0.28628982897232,,swarm,4e40f34262e17b948c222160
"2011-08-09 08:43:58","My Big Brothers House","Home (private)",,Penrith,Cumbria,"United Kingdom",54.660468215498,-2.7577068770264,,swarm,4e40f34eae60920b01739ce7
"2011-08-09 08:44:09","My Home / Bed","Home (private)",,,,"United Kingdom",51.720292793274,-0.088706531284732,,swarm,4e40f359d4c0b124a8e888f9
"2011-08-09 08:44:39","Thorpe Park","Amusement Park","Staines Rd",Chertsey,Surrey,"United Kingdom",51.403623228196,-0.51485538482666,,swarm,4e40f377c65b4f2fdeb0ab53
"2011-08-09 08:45:04","My Home / Bed","Home (private)",,,,"United Kingdom",51.720292793274,-0.088706531284732,,swarm,4e40f390fa7697d3df8172be
"2011-08-09 17:35:33","Carbis Bay Beach",Beach,"Beach Rd",Hayle,Cornwall,"United Kingdom",50.197944132427,-5.4658047760373,,swarm,4e416fe5d164f2d277c2f46e
"2011-08-10 17:08:09","Carbis Bay Railway Station (CBB)","Rail Station","Porthrepta Rd","Carbis Bay",Cornwall,"United Kingdom",50.197086348077,-5.4639787350826,,swarm,4e42baf9d22d8ff16cd11b83
"2011-08-10 17:08:25","Carbis Bay Beach",Beach,"Beach Rd",Hayle,Cornwall,"United Kingdom",50.197944132427,-5.4658047760373,,swarm,4e42bb09d1648d78742e8425
"2011-08-10 17:08:46","Carbis Bay Holidays","Travel Agency","St Ives Rd","Carbis Bay",,"United Kingdom",50.194803190474,-5.4694638306386,,swarm,4e42bb1e483bcb5c2da6c3ed
"2011-08-10 17:09:05","Porthminster Beach",Beach,Warren,"St Ives",Cornwall,"United Kingdom",50.209264879581,-5.477129061699,,swarm,4e42bb31d22d8ff16cd11ebb
"2011-08-10 17:10:04","Porthminster Beach",Beach,Warren,"St Ives",Cornwall,"United Kingdom",50.209264879581,-5.477129061699,,swarm,4e42bb6cd22d8ff16cd12215
"2011-08-13 09:59:34","Carbis Bay Holidays","Travel Agency","St Ives Rd","Carbis Bay",,"United Kingdom",50.194803190474,-5.4694638306386,,swarm,4e464b06d4c065cb6b9d1d44
"2011-08-13 10:00:38","Carbis Bay Beach",Beach,"Beach Rd",Hayle,Cornwall,"United Kingdom",50.197944132427,-5.4658047760373,,swarm,4e464b46183849317e740573
"2011-08-13 10:02:37","Porthminster Beach",Beach,Warren,"St Ives",Cornwall,"United Kingdom",50.209264879581,-5.477129061699,,swarm,4e464bbdae60fa7232f15727
"2011-08-13 10:03:12","Porthminster Beach",Beach,Warren,"St Ives",Cornwall,"United Kingdom",50.209264879581,-5.477129061699,,swarm,4e464be014959d51c160db7f
"2011-08-13 10:03:40","St Ives Railway Station (SIV)","Rail Station","Station Rd","St Ives",Cornwall,"United Kingdom",50.209101670109,-5.4778855479275,,swarm,4e464bfcd22d12b08bbf321a
"2011-08-13 10:04:12","My Big Brothers House","Home (private)",,Penrith,Cumbria,"United Kingdom",54.660468215498,-2.7577068770264,,swarm,4e464c1cae60fa7232f15ac6
"2011-08-13 10:04:31","My Home / Bed","Home (private)",,,,"United Kingdom",51.720292793274,-0.088706531284732,,swarm,4e464c2f62e148603b703845
"2011-09-01 09:15:02","Purley Beeches",Park,,,,"United Kingdom",51.340565479506,-0.091184377670288,,swarm,4e5f4d161838f7255281992a
"2011-09-01 09:15:19","Drayson Design",Office,,,,"United Kingdom",51.340028882662,-0.092047667110407,,swarm,4e5f4d27483bfbee51d691dc
"2011-10-27 11:01:22",PizzaExpress,Pizzeria,"960 Brighton Rd",London,"Greater London","United Kingdom",51.338756913107,-0.11681735072691,,swarm,4ea93a028b8178e107f63a42
"2011-10-27 11:03:30","Skaterham Skatepark",Stadium,,Caterham,Surrey,"United Kingdom",51.291249707392,-0.1017168531982,,swarm,4ea93a82d3e30cbc43dd726e
"2011-10-27 20:39:36","Drayson Design",Office,,,,"United Kingdom",51.340028882662,-0.092047667110407,,swarm,4ea9c1889adfbd5e5cd275b8
"2011-10-27 20:39:52","Maywater Close",Road,,,,"United Kingdom",51.339817608015,-0.093088105554595,,swarm,4ea9c1984690ef1f6b965d60
"2011-10-27 20:40:19","Purley Beeches",Park,,,,"United Kingdom",51.340565479506,-0.091184377670288,,swarm,4ea9c1b3722efacf270e70f7
"2011-10-27 20:40:43","Sanderstead Railway Station (SNR)","Rail Station","Station Approach","Greater London","Greater London","United Kingdom",51.348359353708,-0.093648288193846,,swarm,4ea9c1cb99116a424996203b
"2011-10-27 20:40:57","Sanderstead United Reformed Church",Church,,Croydon,"Greater London","United Kingdom",51.340461507503,-0.085124393723267,,swarm,4ea9c1d9722efacf270e8185
"2011-10-27 20:41:38","Hardy's Fish & Chips","Fish and Chips Shop",,Croydon,"Greater London","United Kingdom",51.333071,-0.076483,,swarm,4ea9c2026da1cafdada1b638
"2011-11-01 07:21:44","Drayson Design",Office,,,,"United Kingdom",51.340028882662,-0.092047667110407,,swarm,4eaf9e08b8035841e388539d
"2012-08-01 13:08:42","Queen's Park",Park,"Kingswood Ave",London,"Greater London","United Kingdom",51.535128445791,-0.20893083834584,"Watching the Magic Show at 3pm",swarm,50192a5ae4b0c1aab7ed0809
"2012-08-02 07:03:04","Sampsons Farm Country Hotel",Hotel,Preston,"Newton Abbot",Devon,"United Kingdom",50.559748,-3.615961,"Going to breakfast",swarm,501a2628e4b089ae391c65a9
"2012-08-03 09:21:14","Sampsons Farm Country Hotel",Hotel,Preston,"Newton Abbot",Devon,"United Kingdom",50.559748,-3.615961,,swarm,501b980ae4b06599d29bf79c
"2012-08-03 09:22:09","Stover Country Park",,,"Newton Abbot",Devon,"United Kingdom",50.562588414082,-3.6170447870897,,swarm,501b9841e4b06ba2e8d92832
"2012-08-03 09:22:34","Abbrook Park","Soccer Field","Strap Lane","Newton Abbot",Devon,"United Kingdom",50.558871450904,-3.6028800920767,,swarm,501b985ae4b03a120ea8db99
"2012-08-03 09:22:57","Ten Tors Inn",Pub,"Exeter Rd",Kingsteignton,Devon,"United Kingdom",50.560561144174,-3.5970738000547,,swarm,501b9871e4b0d836e4e5987a
"2012-08-03 09:23:27",Tesco,Supermarket,"Newton Rd, Kingsteignton",Kingsteignton,Devon,"United Kingdom",50.540570585011,-3.601875680293,,swarm,501b988fe4b09a5606dc0377
"2012-08-03 09:23:59","Winners 2000","Gym and Studio",,,,"United Kingdom",50.541075144917,-3.5942475489661,,swarm,501b98afe4b09a5606dc0f48
"2012-08-03 09:24:24",Halfords,"Automotive Repair Shop","Newton Rd",Kingsteignton,Devon,"United Kingdom",50.542324455796,-3.5980365449779,,swarm,501b98c8e4b070201340e105
"2012-08-03 21:26:12","Drayson Design",Office,,,,"United Kingdom",51.340028882662,-0.092047667110407,,swarm,501c41f4e4b035a21fb2a889
"2012-08-04 05:44:34","Drayson Design",Office,,,,"United Kingdom",51.340028882662,-0.092047667110407,,swarm,501cb6c2e4b02330f5de1fb2
"2012-08-04 23:05:16","Drayson Design",Office,,,,"United Kingdom",51.340028882662,-0.092047667110407,,swarm,501daaace4b0944fae262712
"2012-08-05 07:29:01","Drayson Design",Office,,,,"United Kingdom",51.340028882662,-0.092047667110407,,swarm,501e20bde4b0125d276e9f6e
"2012-08-24 21:04:48","La Bahia",Restaurant,"Avenida ARCHIPIELAGO, 11","Playa Blanca","Canary Islands",Spain,28.858452843247,-13.842655426922,"Just having a cocktail.",swarm,5037ec70e4b0282c9e920b8b
"2012-08-29 07:46:42","Drayson Design",Office,,,,"United Kingdom",51.340028882662,-0.092047667110407,,swarm,503dc8e2e4b0957094ca58e2
"2013-08-19 08:27:40","Drayson Design",Office,,,,"United Kingdom",51.340028882662,-0.092047667110407,"with Gordon",swarm,5211d6fc498e53d44815d082
"2013-08-19 08:28:39","Purley Beeches",Park,,,,"United Kingdom",51.340565479506,-0.091184377670288,,swarm,5211d73711d22017012f890e
"2013-08-19 08:28:56","Purley Downs Road",Road,,,,"United Kingdom",51.340028882662,-0.092047667110407,,swarm,5211d74811d25305b8b8bd00
"2013-08-19 08:32:04","Taylors Gaming Setup","Art Gallery",,,,"United Kingdom",51.340102841403,-0.09205784752541,,swarm,5211d80411d27b983e120a6d
"2013-08-19 08:34:36","Drayson Design",Office,,,,"United Kingdom",51.340028882662,-0.092047667110407,,swarm,5211d89c498e3ca2d26712e8
"2013-08-19 08:36:52","Taylors Gaming Setup","Art Gallery",,,,"United Kingdom",51.340102841403,-0.09205784752541,,swarm,5211d92411d248a78c734c04
"2013-08-19 10:18:35","Bens Gaming Setup","Art Gallery",,,,"United Kingdom",51.328881044058,-0.096424004426125,,swarm,5211f0fb11d2dca52d5c3283
"2013-08-19 18:48:19","Taylors Gaming Setup","Art Gallery",,,,"United Kingdom",51.340102841403,-0.09205784752541,,swarm,5212687311d2ed7fc8c6770c
"2013-08-20 07:59:05","Taylors Gaming Setup","Art Gallery",,,,"United Kingdom",51.340102841403,-0.09205784752541,,swarm,521321c911d2caa82e119fad
"2013-08-20 19:03:44","Taylors Gaming Setup","Art Gallery",,,,"United Kingdom",51.340102841403,-0.09205784752541,,swarm,5213bd9011d2a460bf4760a2
"2013-08-21 16:52:00","Taylors Gaming Setup","Art Gallery",,,,"United Kingdom",51.340102841403,-0.09205784752541,,swarm,5214f03011d2363b68645a2b
"2013-09-21 08:48:26","Hastings (HGS) to London Victoria (VIC) Train",Train,,,,"United Kingdom",50.858155955415,0.57673266810635,,swarm,523d5d5a498e6bfb1c1a3dbd
"2013-09-21 08:49:30","East Croydon Railway Station (ECR)","Rail Station","George St",Croydon,"Greater London","United Kingdom",51.37614758063,-0.092609076685877,,swarm,523d5d9a11d26f7b072150a5
"2013-09-21 08:52:50","East Croydon Railway Station (ECR)","Rail Station","George St",Croydon,"Greater London","United Kingdom",51.37614758063,-0.092609076685877,,swarm,523d5e6211d26854ded37c3a
"2013-12-06 06:55:03","Taylors Gaming Setup","Art Gallery",,,,"United Kingdom",51.340102841403,-0.09205784752541,,swarm,52a174c7498e0139cd42d254
"2013-12-27 18:09:18","The Highwayman",Pub,"London Rd",Dunstable,,"United Kingdom",51.876143727556,-0.50586051728873,,swarm,52bdc24e498e50f0e69b411a
"2014-02-20 18:53:06","The Shazron",Hotel,"4 Havelock St",Blackpool,,"United Kingdom",53.813175,-3.05115,,swarm,53064f12498e2832b77d47f3
"2014-02-24 20:14:10","Taylors Gaming Setup","Art Gallery",,,,"United Kingdom",51.340102841403,-0.09205784752541,,swarm,530ba812498ea8063f5fd8bf
"2014-06-14 08:31:47","Cobham Services (Extra)","Rest Area","M25, Junction 9/10",Cobham,Surrey,"United Kingdom",51.304602321061,-0.40560789144728,,swarm,539c087311d290bd7698ab8e
"2014-08-02 11:31:17","Taylors Gaming Setup","Art Gallery",,,,"United Kingdom",51.340102841403,-0.09205784752541,"Playing fifa",swarm,53dccc05498e2b3b1bb409f1
"2014-08-02 11:33:54","Drayson Design",Office,,,,"United Kingdom",51.340028882662,-0.092047667110407,"Teaching Gordon how to use photoshop",swarm,53dccca2498e4bfb262a74b2
"2014-08-02 15:32:11","Wandle Park London Tramlink Stop","Tram Station","Vicarage Rd.",Croydon,"Greater London","United Kingdom",51.373474661844,-0.11341854940139,"At skatepark",swarm,53dd047b498e76a86ac6c0d1
"2014-08-05 17:41:15","Tesco Express","Grocery Store","Grampian Rd",Aviemore,Highland,"United Kingdom",57.189441413808,-3.8299665571349,,swarm,53e1173b498e9e394de003e9
"2014-08-05 17:41:35","Smiffy's Fish Bar","Fish and Chips Shop","Aviemore Shopping Centre",Aviemore,,"United Kingdom",57.189321822244,-3.8292104438902,,swarm,53e1174f11d2f183abbda6dc
"2014-08-07 10:51:14","Loch Ness Centre & Exhibition Experience","Science Museum",A82,Drumnadrochit,,"United Kingdom",57.337429163083,-4.4775213402053,"Checking out the myth Amby Gordon",swarm,53e35a2211d2360ff1b415db
"2014-08-07 20:12:44","La Taverna","Italian Restaurant","High Range",Aviemore,Highland,"United Kingdom",57.18260855299,-3.8334683425825,"Eating pizza and pasta Gordon",swarm,53e3ddbc498e75bcf402b22c
"2014-08-07 21:05:40","miekle house","Home (private)",,,,"United Kingdom",57.24126887711,-3.8059177913347,"Sitting in the lounge chilling with Gordon",swarm,53e3ea24498eab552445d0fe
"2014-08-08 09:23:24","miekle house","Home (private)",,,,"United Kingdom",57.24126887711,-3.8059177913347,"Listening to music Gordon",swarm,53e4970c498e3d425f3c4170
"2014-08-08 10:50:07","Cairngorm Mountain Railway (Base Station)","Light Rail Station","Cairngorm Mountain",,,"United Kingdom",57.133511033954,-3.6704404593614,,swarm,53e4ab5f498efb502e9695b4
"2014-08-08 18:45:33","Papa Rock","American Restaurant","111 Grampian Rd",Aviemore,Highland,"United Kingdom",57.191432094958,-3.8294024050939,"Having a cheese burger Gordon Amby",swarm,53e51acd498e9232e60fef2e
"2014-08-09 08:26:00","miekle house","Home (private)",,,,"United Kingdom",57.24126887711,-3.8059177913347,"Last day at the house Gordon",swarm,53e5db18498e81626167bd61
"2014-08-09 08:45:25","Zip Trek","Hiking Trail","Alive Estate",,,"United Kingdom",57.144483585145,-3.9169852397312,,swarm,53e5dfa5498e5006dd1d8952
"2014-08-09 14:13:29","Little Chef",Diner,"Inns of Balhaldie",Dunblane,,"United Kingdom",56.225746085754,-3.9146757167473,"Having cheese and ham toastie 👍 Gordon",swarm,53e62c89498e6d6245110887
"2014-08-10 09:32:13","The Derwent Pencil Museum",Museum,"Southey Works",Keswick,Cumbria,"United Kingdom",54.603947187825,-3.1421049710557,"Looking at the first pencil in the world Gordon",swarm,53e73c1d498e87cc5f432368
"2014-08-16 22:23:06","Drayson Design",Office,,,,"United Kingdom",51.340028882662,-0.092047667110407,,swarm,53efd9ca498e8492593960a6
"2014-08-16 22:23:35","Taylors Gaming Setup","Art Gallery",,,,"United Kingdom",51.340102841403,-0.09205784752541,,swarm,53efd9e7498ec3a2c0d68022
"2014-08-16 22:23:50","Drayson Design",Office,,,,"United Kingdom",51.340028882662,-0.092047667110407,,swarm,53efd9f6498e0f0efb509bb7
"2014-08-16 22:23:59","Taylors Gaming Setup","Art Gallery",,,,"United Kingdom",51.340102841403,-0.09205784752541,,swarm,53efd9ff498e0c86977e3fdd
"2014-08-17 10:08:31","Taylors Gaming Setup","Art Gallery",,,,"United Kingdom",51.340102841403,-0.09205784752541,,swarm,53f07f1f498eab235091c95c
"2014-08-17 10:08:51","Drayson Design",Office,,,,"United Kingdom",51.340028882662,-0.092047667110407,,swarm,53f07f33498e61b7afdec486
"2014-08-17 17:01:03",Odeon,"Movie Theater","Bedford Rd",Guildford,Surrey,"United Kingdom",51.238100995822,-0.5791162046158,"Watching planet of the apes",swarm,53f0dfcf498ef1f8b9e2fbf0
"2014-08-18 12:01:16",Subway,"Sandwich Spot","80 Frith Road",London,,"United Kingdom",51.373719584379,-0.10240337400311,Mmmm,swarm,53f1eb0c498e25aae8f25677
"2014-08-28 12:51:02","Wandle Skatepark","Skate Park",,,,"United Kingdom",51.374494290652,-0.11372635468198,"Riding with jude",swarm,53ff25b6498e99eda3dd991d
"2014-08-29 12:33:55","Tuk Tuk Turmoil Dodgems",Attraction,"Chessington World of Adventures",Chessington,"Greater London","United Kingdom",51.347376051839,-0.3205759060749,"Bump bump with Jude lewin",swarm,54007333498e2e1378c8eb67
"2014-08-29 13:48:14","Hocus Pocus Hall",Attraction,"Chessington World of Adventures",Chessington,"Greater London","United Kingdom",51.348939117144,-0.31587139155873,"With jude",swarm,5400849e498e74ef2a4092c9
"2014-08-30 11:42:07","Imperial War Museum","History Museum","Lambeth Rd",London,"Greater London","United Kingdom",51.495984742043,-0.10864157985065,"Looking at world war 1 & 2",swarm,5401b88f498e30161cb9d55b
"2014-08-30 13:53:12",PizzaExpress,Pizzeria,"24 New Globe Walk",London,"Greater London","United Kingdom",51.508190528599,-0.095837022871024,Mmmmmmmmmm,swarm,5401d748498e1e94abcd4683
"2014-08-31 15:04:21",Sainsbury's,Supermarket,"Trafalgar Way",Croydon,"Greater London","United Kingdom",51.375802249308,-0.11779475210865,"Buying sweets",swarm,54033975498ee163f5aa3a4c
"2014-09-16 07:44:00","Riddlesdown Collegiate","High School","Dunmail Drive",Purley,"Greater London","United Kingdom",51.325759258532,-0.087913590813059,"Going to school",swarm,5417ea40498ee6cc3442f9e9
"2014-09-20 16:18:52","The Magic Circle","Performing Arts Venue","12 Stephenson Way",London,"Greater London","United Kingdom",51.52655118634,-0.13521749462899,"Watching close up and stage – with Gordon",swarm,541da8ec498eea8e349ff952
"2014-10-24 10:52:08","Taylors Gaming Setup","Art Gallery",,,,"United Kingdom",51.340102841403,-0.09205784752541,,swarm,544a2f58498eb8aa815d94be
"2014-10-30 10:34:38","The Swarm",Attraction,"Thorpe Park",Chertsey,Surrey,"United Kingdom",51.405575590806,-0.51545767664654,,swarm,5452143e498ee8a07a31952b
"2014-10-30 10:34:56",Stealth,Attraction,"Thorpe Park",Chertsey,Surrey,"United Kingdom",51.404995431324,-0.51560754260796,,swarm,54521450498e5784c8571332
"2014-10-30 10:59:49","Rumba Rapids",Attraction,"Thorpe Park",Chertsey,Surrey,"United Kingdom",51.403849768481,-0.5169905220331,,swarm,54521a25498ecdf5e059adfc
"2014-10-30 11:00:12","Nemesis Inferno",Attraction,"Thorpe Park",Chertsey,Surrey,"United Kingdom",51.403548271895,-0.51607166632447,,swarm,54521a3c498ed1fadd43469e
"2014-11-08 14:34:26","St. Andrew's Stadium","Soccer Stadium","Cattell Rd",Birmingham,"West Midlands","United Kingdom",52.475581824803,-1.8685306836616,"Playing Cardiff – with Gordon",swarm,545e29f2498e1d119a735211
"2014-11-29 21:18:17","AirHop Trampoline Park","Indoor Play Area","12 Midleton Ind Est Road",Guildford,Surrey,"United Kingdom",51.245293499651,-0.58499313952702,,swarm,547a3819498e929c9847cc5c
"2014-12-31 23:22:15","Croydon Park Hotel",Hotel,"7 Altyre Road",Croydon,,"United Kingdom",51.373015758662,-0.090866666268994,,swarm,54a48527498e78fcccbe9fe2
"2015-04-14 12:27:21","Riddlesdown Collegiate","High School","Dunmail Drive",Purley,"Greater London","United Kingdom",51.325759258532,-0.087913590813059,"In tutor time",swarm,552d07a9498e2055e02e5790
"2015-05-16 08:54:41","Costa Coffee","Coffee Shop","Brighton Road",Purley,"Greater London","United Kingdom",51.338988812282,-0.11649452644416,"Hot chocolate",swarm,555705d1498eeaf36558d594
"2015-05-18 07:23:55","Riddlesdown Collegiate","High School","Dunmail Drive",Purley,"Greater London","United Kingdom",51.325759258532,-0.087913590813059,"Canteen antics",swarm,5559938b498ef3c2f8f2c89d
"2015-06-21 09:30:18","Trafalgar Square",Plaza,"Trafalgar Sq",London,"Greater London","United Kingdom",51.507987,-0.128048,,swarm,5586842a498e82a1d8ec9265
"2015-07-21 19:08:52",Vue,"Movie Theater","Lakeside Shopping Centre",Essex,Essex,"United Kingdom",51.487907,0.28109014,,swarm,55ae98c4498e163f6fd592a2
"2015-08-06 11:50:57","Taylors Gaming Setup","Art Gallery",,,,"United Kingdom",51.340102841403,-0.09205784752541,,swarm,55c34a21498e426eb7e1c85b
"2015-08-06 11:51:23","Drayson Design",Office,,,,"United Kingdom",51.340028882662,-0.092047667110407,,swarm,55c34a3b498eeee66d143963
"2015-08-08 09:43:10","Taylors Gaming Setup","Art Gallery",,,,"United Kingdom",51.340102841403,-0.09205784752541,,swarm,55c5cf2e498eea88936116cf
"2015-08-08 09:44:26","Drayson Design",Office,,,,"United Kingdom",51.340028882662,-0.092047667110407,,swarm,55c5cf7a498e1b61fbc0ea42
"2015-08-09 16:52:06","Taylors Gaming Setup","Art Gallery",,,,"United Kingdom",51.340102841403,-0.09205784752541,,swarm,55c78536498e40f796c1ad40
"2015-08-09 16:52:41","Drayson Design",Office,,,,"United Kingdom",51.340028882662,-0.092047667110407,,swarm,55c78559498e3b42629b600c
"2015-08-09 17:55:41","The Horseshoe",Pub,"Farleigh Road",Warlingham,Surrey,"United Kingdom",51.309287945498,-0.05210326532478,,swarm,55c7941d498ed37c4ff1057f
"2015-08-10 09:42:50","I'm A Celebrity...Get Me Out of Here! Maze",Attraction,"Thorpe Park",Chertsey,Surrey,"United Kingdom",51.402923108132,-0.51487069514531,,swarm,55c8721a498e879facb2376d
"2015-08-11 15:43:54","London Victoria Railway Station (VIC)","Rail Station","Buckingham Palace Rd",London,"Greater London","United Kingdom",51.495090297497,-0.14485399055221,,swarm,55ca183a498e6b49cf2d7e04
"2015-08-11 16:54:22","YO! Sushi","Sushi Restaurant","St Albans House, 57 Haymarket","City of Westminster","Greater London","United Kingdom",51.509053435362,-0.13221087452167,,swarm,55ca28be498e0885dc4e1893
"2015-08-11 17:15:34","M&M's World","Candy Store","1 Swiss Ct",London,"Greater London","United Kingdom",51.510598787177,-0.13114929199219,,swarm,55ca2db6498ecfb39a50b01a
"2015-08-11 17:56:51",Chinatown,Neighborhood,,London,"Greater London","United Kingdom",51.511752212079,-0.1312598043989,,swarm,55ca3763498e855334bce93a
"2015-08-11 17:57:39","Gielgud Theatre",Theater,"Shaftesbury Ave",London,"Greater London","United Kingdom",51.511844036478,-0.13313716297367,,swarm,55ca3793498e50d937ffda28
"2015-08-13 14:35:07","Jurys Inn",Hotel,"Watling Street",Hinckley,Leicestershire,"United Kingdom",52.513204338007,-1.3547639888735,,swarm,55ccab1b498e789af26aa159
"2015-08-14 08:08:21","Jurys Inn",Hotel,"Watling Street",Hinckley,Leicestershire,"United Kingdom",52.513204338007,-1.3547639888735,,swarm,55cda1f5498e375a274b28e8
"2015-08-14 14:56:20","National Space Centre","Science Museum","Exploration Dr",Leicestershire,Leicestershire,"United Kingdom",52.653801289323,-1.1316975115588,,swarm,55ce0194498e1629a7613299
"2015-08-16 14:51:56","Taylors Gaming Setup","Art Gallery",,,,"United Kingdom",51.340102841403,-0.09205784752541,,swarm,55d0a38c498e415d894a5b38
"2015-08-16 14:52:14","Drayson Design",Office,,,,"United Kingdom",51.340028882662,-0.092047667110407,,swarm,55d0a39e498e58cfa19b7fbc
"2015-08-16 14:54:16","Purley Downs Road",Road,,,,"United Kingdom",51.340028882662,-0.092047667110407,,swarm,55d0a418498eceafd4be0365
"2015-08-30 14:18:57",Vue,"Movie Theater","Valley Park Leisure Complex","Greater London","Greater London","United Kingdom",51.378332189671,-0.12484941318285,"Watching pixels",swarm,55e310d1498eda7f6127a45e
"2015-09-29 20:38:31","Drayson Design",Office,,,,"United Kingdom",51.340028882662,-0.092047667110407,,swarm,560af6c7498e6b1d964b5e68
"2015-09-29 20:38:48","Taylors Gaming Setup","Art Gallery",,,,"United Kingdom",51.340102841403,-0.09205784752541,,swarm,560af6d8498ecd74e43a9175
"2015-10-17 18:35:08",Odeon,"Movie Theater","Bugsby's Way",Greenwich,"Greater London","United Kingdom",51.490592238381,0.012792501753211,,swarm,562294dc498ede5490e21d92
"2015-10-27 19:53:24",Vue,"Movie Theater","Valley Park Leisure Complex","Greater London","Greater London","United Kingdom",51.378332189671,-0.12484941318285,,swarm,562fd634498e5c626717ed68
"2015-10-28 11:03:36","Thorpe Park","Amusement Park","Staines Rd",Chertsey,Surrey,"United Kingdom",51.403623228196,-0.51485538482666,,swarm,5630ab88498e041e5a737e35
"2015-10-28 11:04:13",Colossus,Attraction,"Thorpe Park",Chertsey,Surrey,"United Kingdom",51.403209447109,-0.51293520656358,,swarm,5630abad498eefe9eb54e542
"2015-10-28 11:43:35","Nemesis Inferno",Attraction,"Thorpe Park",Chertsey,Surrey,"United Kingdom",51.403548271895,-0.51607166632447,"With Ben",swarm,5630b4e7498e4cefb5d5d3b0
"2015-10-28 13:20:28",Stealth,Attraction,"Thorpe Park",Chertsey,Surrey,"United Kingdom",51.404995431324,-0.51560754260796,,swarm,5630cb9c498e2259631348c1
"2015-10-28 14:44:15","The Swarm",Attraction,"Thorpe Park",Chertsey,Surrey,"United Kingdom",51.405575590806,-0.51545767664654,,swarm,5630df3f498e22a47294eb24
"2015-10-28 15:30:11",Rush,Attraction,"Thorpe Park",Chertsey,Surrey,"United Kingdom",51.404320201566,-0.51248322300167,,swarm,5630ea03498e590c2165e461
"2015-10-30 18:51:37","Pizza Hut",Pizzeria,"The Colonnades, Purley Way",Croydon,"Greater London","United Kingdom",51.3560531,-0.1144847,,swarm,5633bc39cd1003ccf4619f4f
"2015-11-07 18:05:28",Hammersmith,Neighborhood,,Hammersmith,"Greater London","United Kingdom",51.492465497631,-0.22363657888491,,swarm,563e3d68cd10f3a3a9168478
"2015-11-07 18:07:31","Eventim Apollo","Concert Hall","45 Queen Caroline St",London,"Greater London","United Kingdom",51.490729476131,-0.22442579269409,"Watching Dynamo with Gordon",swarm,563e3de3cd104acd3b5c2211
"2015-11-07 18:43:27",wagamama,"Asian Restaurant","244 Shepherds Bush Rd",London,"Greater London","United Kingdom",51.4938867,-0.224121,,swarm,563e464fcd10deafdf4517b3
"2015-11-10 17:32:57","Alton Towers",,,,,"United Kingdom",51.665245400533,-0.061367754569258,,swarm,56422a49498eeb4c76f164eb
"2015-11-10 17:33:14","Purley Oaks Railway Station (PUO)","Rail Station","Brantwood Road","South Croydon","Greater London","United Kingdom",51.34691357283,-0.098642662731793,,swarm,56422a5a498e0091b435eb5e
"2015-11-10 17:34:45","Brands Hatch","Race Track",Fawkham,Longfield,Kent,"United Kingdom",51.359956650591,0.2607593878798,,swarm,56422ab5498e38639a2d0db0
"2015-11-10 17:35:08","Purley Oaks Railway Station (PUO)","Rail Station","Brantwood Road","South Croydon","Greater London","United Kingdom",51.34691357283,-0.098642662731793,,swarm,56422acc498ee0ed9d5e1005
"2015-11-10 17:35:53","London Victoria (VIC) to Bognor Regis (BOG) Train",Train,,"North Horsham","West Sussex","United Kingdom",51.086017412943,-0.2862163336525,,swarm,56422af9498e5e7d04f73516
"2015-11-10 17:36:35","brighton Pier",,,,,"United Kingdom",51.347248569181,-0.098478085061857,,swarm,56422b23498ec35929f029a7
"2015-11-10 17:36:48","South Croydon Orthodontist",Dentist,"25 Croham Rd",Croydon,"Greater London","United Kingdom",51.362144777416,-0.093986006676415,,swarm,56422b30498e624f441e1bbf
"2015-11-10 17:43:05",Blackpool,,,Broxbourne,Hertfordshire,"United Kingdom",51.689598815982,-0.034690423697449,,swarm,56422ca9498e9c2ae8b26efd
"2015-11-10 17:43:18","Windmill Bridge Junction","Rail Station",,Croydon,Cambridgeshire,"United Kingdom",51.387998504904,-0.085345569026579,,swarm,56422cb6498ed7fe329faaca
"2015-11-10 17:43:35",Fibreclean,Office,Don,"Greater London","Greater London","United Kingdom",51.38327754663,-0.090217620790548,,swarm,56422cc7498e9b6822e33f28
"2015-11-10 17:44:04",Londis,"Convenience Store","22 Selhurst Rd",Croydon,"Greater London","United Kingdom",51.389061864345,-0.089960433481691,"Getting some stuff for the cupboards",swarm,56422ce4498e0015b4aa6035
"2015-11-10 17:44:34","Bedford Tavern",Pub,"16 Sydenham Rd",Croydon,"Greater London","United Kingdom",51.378825851197,-0.095108149934943,"Nice old drink before a gig",swarm,56422d02498e82136793452a
"2015-11-10 17:45:05",easyGym,"Gym and Studio","99-101 London Rd",Croydon,"Greater London","United Kingdom",51.382533005517,-0.096383284078172,"Getting them biceps going. Who needs to run outside",swarm,56422d21498e67686c81efe3
"2015-11-10 17:45:35","brampton road bus stop","Bus Stop",,,,"United Kingdom",51.386960855605,-0.082047471019981,"Nice old chit chat with the old man next to me",swarm,56422d3f498e36ea1210694f
"2015-11-10 17:46:00","Miami Fried Chicken","Fried Chicken Joint","130 Cherry Orchard Road",Croydon,"Greater London","United Kingdom",51.379484627916,-0.08795092172437,"Not quite chicken cottage",swarm,56422d58498ed09b6bc6fde9
"2015-11-10 17:46:28","Whitgift Hire","Bus Line","22 Lansdowne Rd",Croydon,"Greater London","United Kingdom",51.379651164328,-0.092507433486216,"Hiring all the shops out",swarm,56422d74498e82136795d76b
"2015-11-10 17:47:30","Heavenly Nails","Cosmetics Store","Cherry Orchard Road",Croydon,"Greater London","United Kingdom",51.379604834691,-0.087695398689096,"Some good nails",swarm,56422db2498e44f101f036fe
"2015-11-10 18:08:41","YO! Sushi","Sushi Restaurant","Main Concourse, Victoria Station",London,"Greater London","United Kingdom",51.4951944,-0.1442384,,swarm,564232a9498ef415c0beaf0e
"2015-11-10 22:24:04","Oxford Street",Road,"Oxford St",London,"Greater London","United Kingdom",51.514979,-0.144306,,swarm,56426e84498e334b54403213
"2015-11-10 22:24:53","Apple Regent Street","Electronics Store","235 Regent St",London,"Greater London","United Kingdom",51.5142284,-0.1419788,,swarm,56426eb5498e3a5e7b05e327
"2015-11-10 22:25:14",McDonald's,"Fast Food Restaurant","185-187 Oxford St",London,"Greater London","United Kingdom",51.515512113638,-0.13881358567656,,swarm,56426eca498e6ebcdc48139d
"2015-11-10 22:25:39","Great Titchfield Street Oxford Circus Station (Stop OP)","Bus Stop","Oxford Street",London,"Greater London","United Kingdom",51.515604647012,-0.13991580854092,,swarm,56426ee3498ef7f961919ed2
"2015-11-10 22:26:25","The West End",Neighborhood,,London,"Greater London","United Kingdom",51.516058705278,-0.14194169090739,,swarm,56426f11498ea575cb7e0350
"2015-11-10 22:27:01","Nike Town","Sporting Goods Retail","236 Oxford St",London,"Greater London","United Kingdom",51.5154882,-0.1418238,,swarm,56426f35498edda02b32842d
"2015-11-10 22:28:22",Bubbleology,"Bubble Tea Shop","214 Oxford St",London,"Greater London","United Kingdom",51.515443234754,-0.14129511641162,,swarm,56426f86498ef3888387e28c
"2016-01-07 17:46:47","London Victoria Railway Station (VIC)","Rail Station","Buckingham Palace Rd",London,"Greater London","United Kingdom",51.495090297497,-0.14485399055221,,swarm,568ea487498efe2aa19b2822
"2016-01-07 17:47:02","YO! Sushi","Sushi Restaurant","Main Concourse, Victoria Station",London,"Greater London","United Kingdom",51.4951944,-0.1442384,,swarm,568ea496498ef290792e8a85
"2016-03-13 08:47:41",Sanderstead,Village,,,,"United Kingdom",51.333614775203,-0.078792572021484,,swarm,56e5292d498ef04f01ead0c4
"2016-03-13 08:47:55","Drayson Design",Office,,,,"United Kingdom",51.340028882662,-0.092047667110407,,swarm,56e5293b498ef8b5964898af
"2016-03-13 08:48:25","Taylors Gaming Setup","Art Gallery",,,,"United Kingdom",51.340102841403,-0.09205784752541,,swarm,56e52959498e558b1841da6c
"2016-03-13 08:48:38","Purley Beeches",Park,,,,"United Kingdom",51.340565479506,-0.091184377670288,,swarm,56e52966498e60182279d2e4
"2016-03-13 08:48:54","Purley Downs Road",Road,,,,"United Kingdom",51.340028882662,-0.092047667110407,,swarm,56e52976cd10dbd0cf890a11
"2016-03-13 08:50:16",Croydon,Town,,"Greater London","Greater London","United Kingdom",51.376827,-0.09604052,,swarm,56e529c8498e600e7c068e8d
"2016-03-13 12:00:24",London,City,,"Greater London","Greater London","United Kingdom",51.507674034079,-0.12788772583008,,swarm,56e55658498effb997de8daf
"2016-03-13 12:00:28",Banstead,Village,,Surrey,Surrey,"United Kingdom",51.323049171871,-0.20451331368097,,swarm,56e5565c498e25e64e0c82b2
"2016-05-30 14:37:14",Sanderstead,Village,,,,"United Kingdom",51.333614775203,-0.078792572021484,,swarm,574c501a498ee6fb372f03ec
"2016-06-02 09:38:11","Drayson Design",Office,,,,"United Kingdom",51.340028882662,-0.092047667110407,,swarm,574ffe8338fa92d168850dc5
"2016-06-06 14:29:27","Riddlesdown Collegiate","High School","Dunmail Drive",Purley,"Greater London","United Kingdom",51.325759258532,-0.087913590813059,,swarm,575588c7498e8b240a0733ff
"2016-07-02 19:10:57",Subway,"Sandwich Spot","Valley Leisure Park",Croydon,"Greater London","United Kingdom",51.378120071412,-0.1255224487505,,swarm,577811c1498e4847c33bf28c
"2016-07-16 12:10:26","Southbank Centre","Performing Arts Venue","Belvedere Rd",London,"Greater London","United Kingdom",51.505842608429,-0.1169850116085,,swarm,578a2432498e27794943d049
"2016-07-16 12:10:41","South Bank",Neighborhood,,London,"Greater London","United Kingdom",51.50735475386,-0.10960578918457,,swarm,578a2441498e927a81fdf440
"2016-07-16 12:11:03","The London Eye",Attraction,"The Queen's Walk",London,"Greater London","United Kingdom",51.503286552386,-0.11959433555603,,swarm,578a2457498e7bdd0adfcf62
"2016-08-11 10:07:22","Black Buccaneer",Attraction,"Chessington World of Adventures",Chessington,"Greater London","United Kingdom",51.347571243665,-0.31686636925843,,swarm,57ac4e5a498e81fc1a32b9ee
"2016-08-11 10:42:49","Market Square Pizza & Pasta",Pizzeria,"Chessington World of Adventures","Greater London","Greater London","United Kingdom",51.348824789383,-0.31667590834765,,swarm,57ac56a9498e96d59c3f1978
"2016-08-11 11:21:43","Tomb Blaster",Attraction,"Chessington World of Adventures","Greater London","Greater London","United Kingdom",51.348961006801,-0.31915761131974,,swarm,57ac5fc7498eecdcf8b235d9
"2016-08-15 11:03:46","Turnham Green Station Bus Stop (LL)","Bus Stop","Turnham Green Terrace",London,"Greater London","United Kingdom",51.495172527223,-0.25456854448864,,swarm,57b1a192498e2cf606ae5da2
"2016-08-15 11:54:26","Richmond Hill","Scenic Lookout","Richmond Hill",Richmond,"Greater London","United Kingdom",51.452883716209,-0.29924869537354,,swarm,57b1ad72498ecbeaa9b1e3e4
"2016-08-15 11:55:28","Richmond Park",Park,"Sawyer's Hill",Richmond,"Greater London","United Kingdom",51.44304121678,-0.27809143066406,,swarm,57b1adb0498e48d222c7d41b
"2016-08-15 12:15:51","Richmond upon Thames",Town,,"Greater London","Greater London","United Kingdom",51.461746835725,-0.30335440824274,,swarm,57b1b277498e150ab1befc15
"2016-08-15 14:03:00",Streatham,Neighborhood,,Streatham,"Greater London","United Kingdom",51.429942564678,-0.13046862663344,,swarm,57b1cb94498ebc3cc6c006c8
"2016-08-17 19:57:13","Gate 23","Airport Gate","South Terminal",Crawley,"West Sussex","United Kingdom",51.155218159642,-0.17037928336535,,swarm,57b4c199498ec83465b1eeb8
"2016-08-17 19:57:57","United Kingdom",Country,,,,"United Kingdom",51.50104,-0.14234316,,swarm,57b4c1c5498ec33781bf4207
"2016-08-17 19:58:13","London Gatwick Airport (LGW)","International Airport","A23 Airport Way",Crawley,"West Sussex","United Kingdom",51.158703779449,-0.17425775527954,,swarm,57b4c1d5498e523678007617
"2016-08-17 19:59:09","South Terminal","Airport Terminal","LGW Airport",Crawley,"West Sussex","United Kingdom",51.156367370622,-0.16286373138428,,swarm,57b4c20d38fae098eefd17ee
"2016-08-20 09:17:27","Rodos Palace",Resort,"Λεωφ. Τριαντών",Rhodes,,Greece,36.423578278529,28.195708418183,,swarm,57b82027498e9c6200a4f1c3
"2016-08-20 09:17:51",McDonald's,"Fast Food Restaurant","Γρηγορίου Λαμπράκη 50",Rhodes,,Greece,36.44935,28.221739,,swarm,57b8203f498ec05276afdd27
"2016-08-20 09:17:55","Rhodes Town (Ρόδος (πόλη))",City,,,,Greece,36.439651737166,28.223190307617,"with Gordon",swarm,57b82043498ecf760e35f243
"2016-08-20 09:18:47",Therapy,"Yoga Studio",,Rhodes,,Greece,36.449321,28.22201,"Gordon has a bad neck problem — with Gordon",swarm,57b82077498e4e3493648a74
"2016-08-26 16:05:57","Rodos Palace",Resort,"Λεωφ. Τριαντών",Rhodes,,Greece,36.423578278529,28.195708418183,,swarm,57c068e5498e17e78aee717a
"2016-08-29 08:44:03",Mitsos,"Greek Restaurant",Dimilia,Διμυλιά,,Greece,36.281679,28.008539,,swarm,57c3f5d3cd101813be7803cb
"2016-08-29 08:44:19","Greece (Ελλάδα)",Country,,,,Greece,38.999575616453,22.00080871582,,swarm,57c3f5e3cd1031d0e21f21d7
"2016-09-02 11:19:49","Thorpe Park","Amusement Park","Staines Rd",Chertsey,Surrey,"United Kingdom",51.403623228196,-0.51485538482666,,swarm,57c96055498e84120004a5ec
"2016-09-02 11:20:03",X,Attraction,"Thorpe Park",Chertsey,Surrey,"United Kingdom",51.403702052018,-0.51316505369769,,swarm,57c96063498e8bf4046a6283
"2016-09-02 11:46:22",Stealth,Attraction,"Thorpe Park",Chertsey,Surrey,"United Kingdom",51.404995431324,-0.51560754260796,,swarm,57c9668e498e4162b69f4bc3
"2016-09-02 12:17:14","Inferno's Pizza & Pasta Buffet",Pizzeria,"Thorpe Park",Chertsey,Surrey,"United Kingdom",51.403722332376,-0.51609054863311,,swarm,57c96dca498ed5ef9e5b5eb7
"2016-09-02 13:10:36",Zodiac,Attraction,"Thorpe Park",Chertsey,Surrey,"United Kingdom",51.404538405967,-0.51196097522652,,swarm,57c97a4ccd10834feb573748
"2016-09-02 21:43:34","Drayson Design",Office,,,,"United Kingdom",51.340028882662,-0.092047667110407,,swarm,57c9f286498e8f84a2236091
"2016-09-10 18:18:50","Bluewater Shopping Centre","Shopping Mall",Bluewater,Greenhithe,Kent,"United Kingdom",51.438894963787,0.27092456817627,,swarm,57d44e8a498e06d803ace37a
"2016-09-10 18:18:59","YO! Sushi","Sushi Restaurant","KL10 Lower Guild Mall, House of Fraser, Bluewater",Kent,Kent,"United Kingdom",51.438785533933,0.2688102040579,,swarm,57d44e93498e8477398d339f
"2016-09-17 21:06:03","Drayson Design",Office,,,,"United Kingdom",51.340028882662,-0.092047667110407,,swarm,57ddb03b498ee3d4b8bf6614
"2016-10-25 14:27:16","Escape Rooms","Escape Room","R/O 134 Tooley Street",London,"Greater London","United Kingdom",51.503943242327,-0.081564134369881,,swarm,580f6bc438fadc7df588160f
"2016-11-29 19:29:34","Pizza Hut",Pizzeria,"The Colonnades, Purley Way",Croydon,"Greater London","United Kingdom",51.3560531,-0.1144847,,swarm,583dd71e80e1af2ef728f032
"2017-02-05 10:26:40","Drayson Design",Office,,,,"United Kingdom",51.340028882662,-0.092047667110407,,swarm,5896fde081907929d77df570
"2017-02-05 10:26:55",Sanderstead,Village,,,,"United Kingdom",51.333614775203,-0.078792572021484,,swarm,5896fdefd25ded58507a0933
"2017-02-05 10:27:31","Drayson Design",Office,,,,"United Kingdom",51.340028882662,-0.092047667110407,,swarm,5896fe13d702821a4151987f
"2017-02-05 20:54:09","Spectrum Ice Rink","Skating Rink","Park Way",Guildford,Surrey,"United Kingdom",51.249102063536,-0.56276062016268,,swarm,589790f1a913300cfe08b2e4
"2017-02-08 19:15:19","Streatham Ice and Leisure Centre","Skating Rink","390 Streatham High Rd",London,"Greater London","United Kingdom",51.424003587622,-0.13058357562745,"Great skate session with Roland 👍🏻⛸",swarm,589b6e478cb34e6da1d56ef6
"2017-02-08 19:15:30",Tesco,Supermarket,"384 Streatham High Rd",London,"Greater London","United Kingdom",51.4248285,-0.1312145,,swarm,589b6e52abc6d6547c874099
"2017-02-11 14:40:32","Streatham Ice and Leisure Centre","Skating Rink","390 Streatham High Rd",London,"Greater London","United Kingdom",51.424003587622,-0.13058357562745,,swarm,589f2260f7f8dd3cecb6bac4
"2017-02-13 11:27:50","Streatham Ice and Leisure Centre","Skating Rink","390 Streatham High Rd",London,"Greater London","United Kingdom",51.424003587622,-0.13058357562745,"With Aaron",swarm,58a19836ca107076a0ab978e
"2017-02-13 13:07:00",Subway,"Sandwich Spot","95 Streatham High Rd",London,,"United Kingdom",51.430608786366,-0.12941258691108,,swarm,58a1af74953839406a9110fb
"2017-02-14 11:02:56","Up at the O2","Scenic Lookout","O2 Arena",London,"Greater London","United Kingdom",51.501376322282,0.0042175814744607,"Climbing the O2 — with Gordon",swarm,58a2e3e00037eb2015151ff5
"2017-02-14 13:31:03","Five Guys","Burger Joint","The O2 Entertainment Centre",London,"Greater London","United Kingdom",51.502948458355,0.0049996376037598,"Enjoying a bacon cheeseburger and Oreo milkshake — with Gordon",swarm,58a3069725911e6130f323e9
"2017-02-15 13:18:37","Streatham Ice and Leisure Centre","Skating Rink","390 Streatham High Rd",London,"Greater London","United Kingdom",51.424003587622,-0.13058357562745,,swarm,58a4552d2c55ec6a3f1b865d
"2017-02-16 13:04:53","Streatham Ice and Leisure Centre","Skating Rink","390 Streatham High Rd",London,"Greater London","United Kingdom",51.424003587622,-0.13058357562745,"With robyn",swarm,58a5a375b792076aab8c2cb8
"2017-02-16 13:05:13",Tesco,Supermarket,"384 Streatham High Rd",London,"Greater London","United Kingdom",51.4248285,-0.1312145,"Getting some lunch",swarm,58a5a38904f4d75408d2e393
"2017-02-16 14:09:04","Norbury Railway Station (NRB)","Rail Station","Norbury Avenue",Norbury,"Greater London","United Kingdom",51.411465656972,-0.12190106801815,,swarm,58a5b280d60c8b34cbf6c095
"2017-02-16 14:12:37","Thornton Heath Railway Station (TTH)","Rail Station","Brigstock Rd",Surrey,Surrey,"United Kingdom",51.398858325274,-0.10029758398088,,swarm,58a5b355e03e57409f22f4a1
"2017-02-17 13:50:45",wagamama,"Asian Restaurant","4 Park Lane",London,"Greater London","United Kingdom",51.373911333145,-0.097123355349595,,swarm,58a6ffb589151d569478eeda
"2017-02-17 18:40:35","Drayson Design",Office,,,,"United Kingdom",51.340028882662,-0.092047667110407,,swarm,58a743a32b04f86c4cd5dd70
"2017-02-18 10:50:28","Croydon University Hospital",Hospital,"530 London Rd","Thornton Heath","Greater London","United Kingdom",51.389446064181,-0.11048569951554,"Waiting for my MRI - but first I have to have some orange squash solution 😂",swarm,58a826f4876ade23347259a9
"2017-02-19 15:22:07","Streatham Ice and Leisure Centre","Skating Rink","390 Streatham High Rd",London,"Greater London","United Kingdom",51.424003587622,-0.13058357562745,,swarm,58a9b81ff697e07148a065fd
"2017-02-20 08:45:26","Riddlesdown Field","Other Great Outdoors",,Croydon,"Greater London","United Kingdom",51.324274077193,-0.093008807589457,,swarm,58aaaca6c45ee36932fbd869
"2017-02-20 08:45:37","Riddlesdown Collegiate","High School","Dunmail Drive",Purley,"Greater London","United Kingdom",51.325759258532,-0.087913590813059,,swarm,58aaacb1ce66aa291bc67e07
"2017-02-22 19:37:34","Streatham Ice and Leisure Centre","Skating Rink","390 Streatham High Rd",London,"Greater London","United Kingdom",51.424003587622,-0.13058357562745,,swarm,58ade87ea913303a907f7851
"2017-02-22 19:37:59",Tesco,Supermarket,"384 Streatham High Rd",London,"Greater London","United Kingdom",51.4248285,-0.1312145,,swarm,58ade8976cda1c4c91c09176
"2017-02-23 09:46:30","Riddlesdown Collegiate","High School","Dunmail Drive",Purley,"Greater London","United Kingdom",51.325759258532,-0.087913590813059,,swarm,58aeaf769c95480f3de64018
"2017-02-23 09:46:41","Riddlesdown Field","Other Great Outdoors",,Croydon,"Greater London","United Kingdom",51.324274077193,-0.093008807589457,,swarm,58aeaf819435a97d3982f3c5
"2017-02-23 09:46:51",Croydon,Town,,"Greater London","Greater London","United Kingdom",51.376827,-0.09604052,,swarm,58aeaf8b0b5656195a1b0826
"2017-02-25 10:16:46","East Croydon Railway Station (ECR)","Rail Station","George St",Croydon,"Greater London","United Kingdom",51.37614758063,-0.092609076685877,,swarm,58b1598e072d6b2a793edcab
"2017-02-25 10:30:16","Streatham Common Railway Station (SRC)","Rail Station","East Streatham Rd",Streatham,"Greater London","United Kingdom",51.418637004705,-0.13585143474382,,swarm,58b15cb81470b058c5557e48
"2017-02-25 11:30:58","Streatham Ice and Leisure Centre","Skating Rink","390 Streatham High Rd",London,"Greater London","United Kingdom",51.424003587622,-0.13058357562745,,swarm,58b16af26cea3f4151dbb0c6
"2017-03-05 16:01:25","Streatham Ice and Leisure Centre","Skating Rink","390 Streatham High Rd",London,"Greater London","United Kingdom",51.424003587622,-0.13058357562745,,swarm,58bc36550b56566c2ddc998a
"2017-03-08 12:22:01","Riddlesdown Collegiate","High School","Dunmail Drive",Purley,"Greater London","United Kingdom",51.325759258532,-0.087913590813059,,swarm,58bff769ea29b862aab2972b
"2017-03-08 12:23:09","Riddlesdown Field","Other Great Outdoors",,Croydon,"Greater London","United Kingdom",51.324274077193,-0.093008807589457,,swarm,58bff7add702825aa86b738f
"2017-03-12 13:02:21","Streatham Ice and Leisure Centre","Skating Rink","390 Streatham High Rd",London,"Greater London","United Kingdom",51.424003587622,-0.13058357562745,,swarm,58c546dd0393cc3772488a4c
"2017-03-12 13:03:00",Tesco,Supermarket,"384 Streatham High Rd",London,"Greater London","United Kingdom",51.4248285,-0.1312145,,swarm,58c547046c682b06404656d8
"2017-03-18 13:55:58","Streatham Ice and Leisure Centre","Skating Rink","390 Streatham High Rd",London,"Greater London","United Kingdom",51.424003587622,-0.13058357562745,,swarm,58cd3c6e6cda1c473240811b
"2017-03-18 13:56:18",Tesco,Supermarket,"384 Streatham High Rd",London,"Greater London","United Kingdom",51.4248285,-0.1312145,,swarm,58cd3c82d4ab734f96df31ca
"2017-03-18 13:56:38","Streatham Common",Park,"Streatham High Rd",Streatham,"Greater London","United Kingdom",51.422551095144,-0.12792789580513,,swarm,58cd3c960e0a1e53e3c7fd14
"2017-03-19 09:44:45","bp pulse LIVE","Music Venue","Resorts World, Perimetre Rd",Birmingham,"West Midlands","United Kingdom",52.448373,-1.720498,,swarm,58ce530dd4390771a3e3c6e6
"2017-03-19 09:53:51","NEC Hall 5","Convention Center","National Exhibition Centre",Birmingham,"West Midlands","United Kingdom",52.451879652679,-1.7195815238016,,swarm,58ce552fa36ecd769e4983b1
"2017-03-24 22:01:36","Drayson Design",Office,,,,"United Kingdom",51.340028882662,-0.092047667110407,,swarm,58d597403493554da8c2c9b1
"2017-03-25 15:35:55","Streatham Ice and Leisure Centre","Skating Rink","390 Streatham High Rd",London,"Greater London","United Kingdom",51.424003587622,-0.13058357562745,"with Gordon, Lyn",swarm,58d68e5bd8f3e962c505ac12
"2017-03-31 15:46:48","Streatham Ice and Leisure Centre","Skating Rink","390 Streatham High Rd",London,"Greater London","United Kingdom",51.424003587622,-0.13058357562745,,swarm,58de79e8a55db047692674f8
"2017-04-05 11:32:16","Riddlesdown Collegiate","High School","Dunmail Drive",Purley,"Greater London","United Kingdom",51.325759258532,-0.087913590813059,,swarm,58e4d5c045c3ed3c82f07b30
"2017-04-05 11:32:24","Riddlesdown Field","Other Great Outdoors",,Croydon,"Greater London","United Kingdom",51.324274077193,-0.093008807589457,,swarm,58e4d5c8d25ded33df10a176
"2017-04-05 11:32:36",Purley,Town,,,,"United Kingdom",51.33761,-0.11551201,,swarm,58e4d5d49398ab71ade8730e
"2017-04-05 17:58:52",Tesco,Supermarket,"384 Streatham High Rd",London,"Greater London","United Kingdom",51.4248285,-0.1312145,,swarm,58e5305c1b36d412f4812288
"2017-04-17 18:46:45","Gomshall Mill Inn",Pub,"Station Rd",Gomshall,Surrey,"United Kingdom",51.219506679478,-0.44722771699666,,swarm,58f50d952c55ec35a0a9c1a0
"2017-04-30 19:47:03","Escape game","Escape Room",,Brighton,"East Sussex","United Kingdom",50.823322,-0.150967,,swarm,59063f370a464d744c321e9f
"2017-04-30 19:47:16",Brighton,City,,"East Sussex","East Sussex","United Kingdom",50.82372226296,-0.14041900634766,,swarm,59063f44b0405601fc76c3dd
"2017-12-08 20:57:00","Pizza Hut",Pizzeria,"The Colonnades, Purley Way",Croydon,"Greater London","United Kingdom",51.3560531,-0.1144847,,swarm,5a2afc9c23a2e673b82bc30f
"2017-12-28 12:22:27","YO! Sushi","Sushi Restaurant","Unit MK9, Grand Central, Stephensons Place",Birmingham,"West Midlands","United Kingdom",52.478273161595,-1.8982205925903,,swarm,5a44e203c3658813072a96df
"2017-12-28 19:41:41",Cineworld,"Movie Theater","Sixfields Leisure",Northampton,Northamptonshire,"United Kingdom",52.236646734048,-0.93634110346276,,swarm,5a4548f52c7eb97978db79dc
"2018-04-14 18:52:40","Matthews Yard","Coffee Shop","166 North End",London,"Greater London","United Kingdom",51.378204750835,-0.10260782963817,,swarm,5ad24df851950e002c589fad
"2018-04-18 13:52:16","Croydon University Hospital",Hospital,"530 London Rd","Thornton Heath","Greater London","United Kingdom",51.389446064181,-0.11048569951554,,swarm,5ad74d905bf1b30024d162af
"2018-04-24 18:18:26",Nando's,"Portuguese Restaurant","Crawley Leisure Park",Crawley,"West Sussex","United Kingdom",51.12027941,-0.18943939,,swarm,5adf74f267a9fe002c462001
"2018-04-24 18:19:28",Cineworld,"Movie Theater","Crawley Leisure Park",Crawley,"West Sussex","United Kingdom",51.120552477041,-0.18990119754983,,swarm,5adf7530f1936e002cd45386
"2018-04-24 18:23:06",Nando's,"Portuguese Restaurant","Crawley Leisure Park",Crawley,"West Sussex","United Kingdom",51.12027941,-0.18943939,"Chicken Burger — with Gordon",swarm,5adf760a4a7aae002c78b199
"2018-04-24 19:05:26",Cineworld,"Movie Theater","Crawley Leisure Park",Crawley,"West Sussex","United Kingdom",51.120552477041,-0.18990119754983,"Watching Ready player one — with Gordon",swarm,5adf7ff63fcee8002c5d8b0c
"2018-04-24 19:06:45","Crawley Leisure Park","Arts and Entertainment","London Rd.",Crawley,"West Sussex","United Kingdom",51.120019712395,-0.18913870321266,,swarm,5adf8045f62e090039a35030
"2018-04-24 22:56:15","Purley Downs Road",Road,,,,"United Kingdom",51.340028882662,-0.092047667110407,"Just got home from the film",swarm,5adfb60f97cf5a002c1f3e46
"2018-04-24 22:56:26","Taylors Gaming Setup","Art Gallery",,,,"United Kingdom",51.340102841403,-0.09205784752541,,swarm,5adfb61aa92d98002c7e08eb
"2018-04-24 22:56:43",Sanderstead,Village,,,,"United Kingdom",51.333614775203,-0.078792572021484,,swarm,5adfb62b2a7ab6002cfe117f
"2018-04-24 22:57:00","Drayson Design",Office,,,,"United Kingdom",51.340028882662,-0.092047667110407,,swarm,5adfb63c5ba046002cce3199
"2018-04-25 06:07:57","Drayson Design",Office,,,,"United Kingdom",51.340028882662,-0.092047667110407,,swarm,5ae01b3da30619003a4ebdf8
"2018-04-25 06:09:15","Taylors Gaming Setup","Art Gallery",,,,"United Kingdom",51.340102841403,-0.09205784752541,,swarm,5ae01b8b2a7ab6002cd24060
"2018-04-25 06:10:11","Purley Downs Road",Road,,,,"United Kingdom",51.340028882662,-0.092047667110407,,swarm,5ae01bc325fb7b002c769536
"2018-04-25 06:28:09","Purley Beeches",Park,,,,"United Kingdom",51.340565479506,-0.091184377670288,"It’s a chilly morning",swarm,5ae01ff96fa81f002c6b696d
"2018-04-25 06:30:36","Wettern Tree Garden",Park,,"South Croydon","Greater London","United Kingdom",51.343577251329,-0.09280830514212,,swarm,5ae0208cc4df1d002ca969b5
"2018-04-25 06:39:45","Purley Oaks Railway Station (PUO)","Rail Station","Brantwood Road","South Croydon","Greater London","United Kingdom",51.34691357283,-0.098642662731793,"Waiting for the Caterham train",swarm,5ae022b1a795bd002c79a8f2
"2018-04-25 06:40:28","Platform 4",Platform,"Purley Oaks Railway Station",Purley,"Greater London","United Kingdom",51.346751296495,-0.098756872087858,,swarm,5ae022dc3731ee002cb24943
"2018-04-25 06:47:16","Purley Railway Station (PUR)","Rail Station","Station Approach",Purley,"Greater London","United Kingdom",51.337301392194,-0.11392966835929,"Tonbridge train to redhill",swarm,5ae02474610f04002c52d966
"2018-04-25 06:49:24","Platform 4",Platform,"Purley Railway Station",Purley,"Greater London","United Kingdom",51.337434816003,-0.11400380978836,,swarm,5ae024f42a7ab6002c14c7ca
"2018-04-25 06:53:07","Platform 6",Platform,"Purley Station",Purley,"Greater London","United Kingdom",51.337269166095,-0.11389756505862,,swarm,5ae025d39ba3e50039649819
"2018-04-25 06:56:57","Coulsdon South Railway Station (CDS)","Rail Station","Brighton Rd",Coulsdon,"Greater London","United Kingdom",51.315726366972,-0.13788273027522,,swarm,5ae026b9acc5f5002c79128d
"2018-04-25 07:01:19","Merstham Railway Station (MHM)","Rail Station","Station Road",Merstham,Surrey,"United Kingdom",51.26422630453,-0.1500611350009,,swarm,5ae027bf356b49002cb40c84
"2018-04-25 07:07:10","Redhill Railway Station (RDH)","Rail Station","Redstone Hill",Redhill,Surrey,"United Kingdom",51.240417681383,-0.16543102751023,"8:08 reading train",swarm,5ae0291e5a2c91002c474323
"2018-04-25 07:07:48","Platform 1",Platform,"Redhill Railway Station (RDH)",Redhill,Surrey,"United Kingdom",51.240834315277,-0.16521330389856,,swarm,5ae02944356b49002cb4c003
"2018-04-25 07:08:06","Platform 3",Platform,"Redhill Railway Station",Redhill,Surrey,"United Kingdom",51.24006073436,-0.16559649066118,,swarm,5ae0295622d490002cfcd822
"2018-04-25 07:08:21",Redhill,Town,,,,"United Kingdom",51.239779024296,-0.16549269831219,,swarm,5ae02965491be7002cc3b1dc
"2018-04-25 07:22:35",Reigate,Town,,Reigate,,"United Kingdom",51.237255571308,-0.20659446716309,,swarm,5ae02cbbc8b2fb002cde3f7c
"2018-04-25 07:23:34","Reigate College",Education,"Castlefield Rd",Reigate,Surrey,"United Kingdom",51.239924689456,-0.20216757647284,"Photography exam this morning",swarm,5ae02cf69ba3e50039062b9b
"2018-04-25 07:24:05","Reigate Railway Station (REI)","Rail Station","Station Approach",Reigate,Surrey,"United Kingdom",51.241947240487,-0.20410417671744,,swarm,5ae02d15c9f907002cf9047d
"2018-04-25 08:48:47","Platform 2",Platform,"Reigate Railway Station",Reigate,Surrey,"United Kingdom",51.24188874578,-0.20417383135074,"Finished my exam - to home I go!!",swarm,5ae040efc36588002c1073b3
"2018-04-25 08:48:55","Reigate Railway Station (REI)","Rail Station","Station Approach",Reigate,Surrey,"United Kingdom",51.241947240487,-0.20410417671744,,swarm,5ae040f79ba3e5002cc0bc5b
"2018-04-25 09:23:08","Redhill Bus Station","Bus Station","Princess Way",Redhill,Surrey,"United Kingdom",51.240643593607,-0.16671090589548,,swarm,5ae048fce0c0c90032f094a4
"2018-04-25 09:23:25","Redhill Railway Station (RDH)","Rail Station","Redstone Hill",Redhill,Surrey,"United Kingdom",51.240417681383,-0.16543102751023,,swarm,5ae0490d7269fe002c7e16bc
"2018-04-25 09:59:43",Purley,Town,,,,"United Kingdom",51.33761,-0.11551201,,swarm,5ae0518f9fca56002c3cc7d2
"2018-04-25 09:59:57","Purley High Street",Road,"913-947 Brighton Rd",Croydon,"Greater London","United Kingdom",51.33910886,-0.11588559,,swarm,5ae0519d5c6838002c2a2102
"2018-04-25 11:57:47",Sanderstead,Village,,,,"United Kingdom",51.333614775203,-0.078792572021484,,swarm,5ae06d3b5455b2002c2a07d7
"2018-04-25 11:57:58","Purley Downs Road",Road,,,,"United Kingdom",51.340028882662,-0.092047667110407,,swarm,5ae06d4625fb7b002ca12cca
"2018-04-25 15:54:06",Croydon,Town,,"Greater London","Greater London","United Kingdom",51.376827,-0.09604052,,swarm,5ae0a49eda5ede002c6470e7
"2018-04-25 16:21:48","Star Barbers",Barbershop,"47 Limpsfield Road","South Croydon","Greater London","United Kingdom",51.333373,-0.076256,,swarm,5ae0ab1c037be1002c5c7ee0
"2018-04-26 08:41:07","Purley Downs Road",Road,,,,"United Kingdom",51.340028882662,-0.092047667110407,,swarm,5ae190a3b9a5a8002c96d57e
"2018-04-26 08:41:13","Drayson Design",Office,,,,"United Kingdom",51.340028882662,-0.092047667110407,,swarm,5ae190a932b61d002cac3888
"2018-04-26 08:41:22","Taylors Gaming Setup","Art Gallery",,,,"United Kingdom",51.340102841403,-0.09205784752541,,swarm,5ae190b2c9f907002c34109b
"2018-04-26 08:41:32",Sanderstead,Village,,,,"United Kingdom",51.333614775203,-0.078792572021484,,swarm,5ae190bca2c00b002cd1f9e1
"2018-04-26 18:43:57","Croydon University Hospital",Hospital,"530 London Rd","Thornton Heath","Greater London","United Kingdom",51.389446064181,-0.11048569951554,"Biopsy on my mouth",swarm,5ae21ded1fa763002c4fa00b
"2018-04-27 07:57:31","Purley Downs Road",Road,,,,"United Kingdom",51.340028882662,-0.092047667110407,,swarm,5ae2d7eba4ba7c002c86ba6e
"2018-04-27 07:57:52",Sanderstead,Village,,,,"United Kingdom",51.333614775203,-0.078792572021484,,swarm,5ae2d8009411f20039ebd129
"2018-04-27 07:58:32","Taylors Gaming Setup","Art Gallery",,,,"United Kingdom",51.340102841403,-0.09205784752541,,swarm,5ae2d828eaf49a002cddd20e
"2018-04-27 07:58:47","Drayson Design",Office,,,,"United Kingdom",51.340028882662,-0.092047667110407,,swarm,5ae2d8371953f3002c9d1afe
"2018-04-27 07:59:07","Purley Beeches",Park,,,,"United Kingdom",51.340565479506,-0.091184377670288,,swarm,5ae2d84b121384002cb04928
"2018-04-27 13:31:59","Reigate College",Education,"Castlefield Rd",Reigate,Surrey,"United Kingdom",51.239924689456,-0.20216757647284,,swarm,5ae3264f0ff4f9002cd7b25b
"2018-04-27 13:32:11",Reigate,Town,,Reigate,,"United Kingdom",51.237255571308,-0.20659446716309,,swarm,5ae3265b67a9fe002cb845fc
"2018-04-27 13:32:24","Reigate Railway Station (REI)","Rail Station","Station Approach",Reigate,Surrey,"United Kingdom",51.241947240487,-0.20410417671744,,swarm,5ae326682a7ab6002ce14bff
"2018-04-27 13:32:39","Platform 2",Platform,"Reigate Railway Station",Reigate,Surrey,"United Kingdom",51.24188874578,-0.20417383135074,,swarm,5ae326772be425002c68077d
"2018-04-27 16:30:24","St. John's CoE Primary School","Elementary School","Markfield Road",Caterham,Surrey,"United Kingdom",51.274311193219,-0.070859673567797,"At the circus — with Gordon",swarm,5ae35020ca18ea002c9e05d2
"2018-04-27 19:58:20","Drayson Design",Office,,,,"United Kingdom",51.340028882662,-0.092047667110407,,swarm,5ae380dcacc5f5002c68b134
"2018-04-28 09:34:10","Sanderstead United Reformed Church",Church,,Croydon,"Greater London","United Kingdom",51.340461507503,-0.085124393723267,"Waiting for 403 to croydon",swarm,5ae4401235811b002c192fb1
"2018-04-28 09:34:19",Sanderstead,Village,,,,"United Kingdom",51.333614775203,-0.078792572021484,,swarm,5ae4401b2a7ab6002c0fa24d
"2018-04-28 09:50:32",Croydon,Town,,"Greater London","Greater London","United Kingdom",51.376827,-0.09604052,,swarm,5ae443e8916bc1002c5b7623
"2018-04-28 09:50:43","Whitgift Centre","Shopping Mall","Wellesley Rd",Croydon,"Greater London","United Kingdom",51.376049493995,-0.10035499504118,,swarm,5ae443f34940bc002cc67b6f
"2018-04-28 11:06:37","Purley Beeches",Park,,,,"United Kingdom",51.340565479506,-0.091184377670288,,swarm,5ae455bdfc9e94002c2b1a62
"2018-04-28 13:41:42","Sanderstead Recreation Ground",Park,,Croydon,"Greater London","United Kingdom",51.333022166743,-0.077073608437305,,swarm,5ae47a16237dee002c5e2122
"2018-04-29 09:17:05",Sanderstead,Village,,,,"United Kingdom",51.333614775203,-0.078792572021484,,swarm,5ae58d91b2958f002c95522a
"2018-04-29 09:17:30","Purley Downs Road",Road,,,,"United Kingdom",51.340028882662,-0.092047667110407,,swarm,5ae58daaf0ca9500398f58c7
"2018-04-29 09:17:42","Drayson Design",Office,,,,"United Kingdom",51.340028882662,-0.092047667110407,,swarm,5ae58db6c876c8003967c488
"2018-04-29 09:17:49","Taylors Gaming Setup","Art Gallery",,,,"United Kingdom",51.340102841403,-0.09205784752541,,swarm,5ae58dbd916bc1002c13350e
"2018-04-29 12:20:48","Star Barbers",Barbershop,"47 Limpsfield Road","South Croydon","Greater London","United Kingdom",51.333373,-0.076256,"Waiting to get my haircut",swarm,5ae5b8a0b6b04b002c08fd64
"2018-04-30 09:56:47",Starbucks,"Coffee Shop","119 London Rd N",Surrey,Surrey,"United Kingdom",51.287179,-0.154956,,swarm,5ae6e85fb6b04b002c552eba
"2018-04-30 10:57:07",Reigate,Town,,Reigate,,"United Kingdom",51.237255571308,-0.20659446716309,,swarm,5ae6f6831cf2e1002c49ff4c
"2018-04-30 10:57:17","Reigate College",Education,"Castlefield Rd",Reigate,Surrey,"United Kingdom",51.239924689456,-0.20216757647284,,swarm,5ae6f68d23a2e6002c24e11f
"2018-04-30 10:57:29","Reigate Railway Station (REI)","Rail Station","Station Approach",Reigate,Surrey,"United Kingdom",51.241947240487,-0.20410417671744,,swarm,5ae6f699b9a5a8002c6cbcd3
"2018-04-30 17:13:18",Sanderstead,Village,,,,"United Kingdom",51.333614775203,-0.078792572021484,,swarm,5ae74eaea4ba7c002cfd8574
"2018-04-30 17:13:31","Drayson Design",Office,,,,"United Kingdom",51.340028882662,-0.092047667110407,,swarm,5ae74ebb598e64002cff4366
"2018-04-30 17:13:42","Taylors Gaming Setup","Art Gallery",,,,"United Kingdom",51.340102841403,-0.09205784752541,,swarm,5ae74ec68a6f17002c520c7f
"2018-04-30 17:13:52","Purley Downs Road",Road,,,,"United Kingdom",51.340028882662,-0.092047667110407,,swarm,5ae74ed06f706a002ce284fc
"2018-05-01 07:14:19",Redhill,Town,,,,"United Kingdom",51.239779024296,-0.16549269831219,,swarm,5ae813cbda7080002c5e54e0
"2018-05-01 09:35:25","Reigate College",Education,"Castlefield Rd",Reigate,Surrey,"United Kingdom",51.239924689456,-0.20216757647284,,swarm,5ae834ddb2958f002c44bde7
"2018-05-01 09:35:37",Reigate,Town,,Reigate,,"United Kingdom",51.237255571308,-0.20659446716309,,swarm,5ae834e967e5f2002c466a83
"2018-05-01 09:35:52","Reigate Railway Station (REI)","Rail Station","Station Approach",Reigate,Surrey,"United Kingdom",51.241947240487,-0.20410417671744,,swarm,5ae834f8bfc6d0002cc6ed69
"2018-05-01 12:13:35","Platform 2",Platform,"Reigate Railway Station",Reigate,Surrey,"United Kingdom",51.24188874578,-0.20417383135074,"Waiting to leave",swarm,5ae859efb2958f002c5c4297
"2018-05-01 15:30:57","Sanderstead United Reformed Church",Church,,Croydon,"Greater London","United Kingdom",51.340461507503,-0.085124393723267,,swarm,5ae888318194fc002cfa0840
"2018-05-01 17:21:17","BOXPARK Croydon","Food Court","99 George St",Croydon,"Greater London","United Kingdom",51.374933238518,-0.093814732770976,"Having bao bao",swarm,5ae8a20da4ba7c002cf3a34e
"2018-05-01 17:53:05",Croydon,Town,,"Greater London","Greater London","United Kingdom",51.376827,-0.09604052,,swarm,5ae8a9818cdedf00242fd6b6
"2018-05-01 17:53:41","Thai Express","Thai Restaurant","Unit 32-33 Boxpark",Croydon,"Greater London","United Kingdom",51.375029184356,-0.093637946580496,,swarm,5ae8a9a53ba767002c4f319f
"2018-05-01 17:54:01",Croydon,Town,,"Greater London","Greater London","United Kingdom",51.376827,-0.09604052,,swarm,5ae8a9b9419a9e002c61f850
"2018-05-01 17:54:31","East Croydon London Tramlink Stop","Tram Station","George St",Croydon,"Greater London","United Kingdom",51.374935859095,-0.092722183465834,,swarm,5ae8a9d7c97f280039d95e46
"2018-05-01 19:32:02",Sanderstead,Village,,,,"United Kingdom",51.333614775203,-0.078792572021484,,swarm,5ae8c0b25bf1b300241bce98
"2018-05-01 19:32:10","Drayson Design",Office,,,,"United Kingdom",51.340028882662,-0.092047667110407,,swarm,5ae8c0ba336273002c789254
"2018-05-01 19:32:22","Purley Downs Road",Road,,,,"United Kingdom",51.340028882662,-0.092047667110407,,swarm,5ae8c0c6b6b04b0039b4edf1
"2018-05-01 19:32:30","Taylors Gaming Setup","Art Gallery",,,,"United Kingdom",51.340102841403,-0.09205784752541,,swarm,5ae8c0ce037be1002c60eade
"2018-05-01 19:32:41","Purley Beeches",Park,,,,"United Kingdom",51.340565479506,-0.091184377670288,,swarm,5ae8c0d9d552c700392137ee
"2018-05-02 06:07:32","Purley Downs Road",Road,,,,"United Kingdom",51.340028882662,-0.092047667110407,,swarm,5ae955a42d2fd9002c55c54e
"2018-05-02 06:07:52",Sanderstead,Village,,,,"United Kingdom",51.333614775203,-0.078792572021484,,swarm,5ae955b8d0a149002cbf9593
"2018-05-02 06:08:04","Drayson Design",Office,,,,"United Kingdom",51.340028882662,-0.092047667110407,,swarm,5ae955c49de23b002ce852be
"2018-05-02 06:08:18","Taylors Gaming Setup","Art Gallery",,,,"United Kingdom",51.340102841403,-0.09205784752541,,swarm,5ae955d20868a2002c47bb9c
"2018-05-02 06:29:00","Purley Beeches",Park,,,,"United Kingdom",51.340565479506,-0.091184377670288,"Cold and raining this morning to college",swarm,5ae95aac59c423002cfe81d2
"2018-05-02 06:39:55","Platform 4",Platform,"Purley Oaks Railway Station",Purley,"Greater London","United Kingdom",51.346751296495,-0.098756872087858,,swarm,5ae95d3b67f62b002cd6312e
"2018-05-02 06:40:08","Purley Oaks Railway Station (PUO)","Rail Station","Brantwood Road","South Croydon","Greater London","United Kingdom",51.34691357283,-0.098642662731793,,swarm,5ae95d4889e490002c4102e0
"2018-05-02 07:06:25","Redhill Railway Station (RDH)","Rail Station","Redstone Hill",Redhill,Surrey,"United Kingdom",51.240417681383,-0.16543102751023,,swarm,5ae963718c812a002ce1136d
"2018-05-02 07:06:44",Redhill,Town,,,,"United Kingdom",51.239779024296,-0.16549269831219,,swarm,5ae9638467f62b002cd8df1f
"2018-05-02 07:07:02","Platform 1",Platform,"Redhill Railway Station (RDH)",Redhill,Surrey,"United Kingdom",51.240834315277,-0.16521330389856,"8:08 to reading",swarm,5ae963963fcee8002caeb63a
"2018-05-02 10:55:07","Redhill Bus Station","Bus Station","Princess Way",Redhill,Surrey,"United Kingdom",51.240643593607,-0.16671090589548,"Train was delayed today",swarm,5ae9990b123a19002cac4ff8
"2018-05-02 10:55:41","Redhill Railway Station (RDH)","Rail Station","Redstone Hill",Redhill,Surrey,"United Kingdom",51.240417681383,-0.16543102751023,,swarm,5ae9992de0c0c9002c39b9bd
"2018-05-02 10:56:05","Platform 0",Platform,"Redhill Railway Station",Redhill,Surrey,"United Kingdom",51.240097,-0.16624264,,swarm,5ae99945947c05002c347f49
"2018-05-02 10:56:33",Redhill,Town,,,,"United Kingdom",51.239779024296,-0.16549269831219,,swarm,5ae99961e55d8b002c0f2b86
"2018-05-02 11:27:23","Purley High Street",Road,"913-947 Brighton Rd",Croydon,"Greater London","United Kingdom",51.33910886,-0.11588559,,swarm,5ae9a09b237dee002c54076d
"2018-05-03 11:52:58",Purley,Town,,,,"United Kingdom",51.33761,-0.11551201,,swarm,5aeaf81a3e70ff0024025f24
"2018-05-03 11:53:27","Purley High Street",Road,"913-947 Brighton Rd",Croydon,"Greater London","United Kingdom",51.33910886,-0.11588559,,swarm,5aeaf837db2aeb002cbbffa2
"2018-05-03 11:54:28","Domino's Pizza",Pizzeria,"203 High St",Surrey,Surrey,"United Kingdom",51.337756,-0.113888,,swarm,5aeaf874419a9e002c353bed
"2018-05-03 12:04:08","Purley War Memorial Hospital",Hospital,"856 Brighton Road",Purley,"Greater London","United Kingdom",51.339896002736,-0.11439881174691,"Blood tests done",swarm,5aeafab831fd14002cd1a368
"2018-05-03 12:53:28","Redhill Bus Station","Bus Station","Princess Way",Redhill,Surrey,"United Kingdom",51.240643593607,-0.16671090589548,,swarm,5aeb06482496230039e2201a
"2018-05-03 12:53:40",Redhill,Town,,,,"United Kingdom",51.239779024296,-0.16549269831219,,swarm,5aeb0654826444002c357bfe
"2018-05-03 12:54:25","Redhill Railway Station (RDH)","Rail Station","Redstone Hill",Redhill,Surrey,"United Kingdom",51.240417681383,-0.16543102751023,"Got to wait 20 minutes for the next train to reigate",swarm,5aeb0681d0a149002c8c6901
"2018-05-03 13:06:51","Platform 1",Platform,"Redhill Railway Station (RDH)",Redhill,Surrey,"United Kingdom",51.240834315277,-0.16521330389856,,swarm,5aeb096b1b0ea50039c56548
"2018-05-03 13:07:14","Platform 1b",Platform,"Redhill Railway Station",,,"United Kingdom",51.24093535366,-0.1650994381205,,swarm,5aeb098215173e002c345d79
"2018-05-03 13:35:27",Reigate,Town,,Reigate,,"United Kingdom",51.237255571308,-0.20659446716309,,swarm,5aeb101f89e490002cf02d5a
"2018-05-03 13:36:15","Reigate College",Education,"Castlefield Rd",Reigate,Surrey,"United Kingdom",51.239924689456,-0.20216757647284,"Decided to get 7up instead of coke today!!",swarm,5aeb104fa4b51b002c06dc41
"2018-05-03 16:06:14","Purley Beeches",Park,,,,"United Kingdom",51.340565479506,-0.091184377670288,,swarm,5aeb3376f427de002cf46648
"2018-05-03 16:06:28","Taylors Gaming Setup","Art Gallery",,,,"United Kingdom",51.340102841403,-0.09205784752541,,swarm,5aeb3384d7627e002c7dfe5c
"2018-05-03 16:06:39","Purley Downs Road",Road,,,,"United Kingdom",51.340028882662,-0.092047667110407,,swarm,5aeb338f840fc2002cd24815
"2018-05-03 16:06:48","Drayson Design",Office,,,,"United Kingdom",51.340028882662,-0.092047667110407,,swarm,5aeb3398ccad6b002c5be802
"2018-05-03 16:07:26","Wettern Tree Garden",Park,,"South Croydon","Greater London","United Kingdom",51.343577251329,-0.09280830514212,,swarm,5aeb33be66f3cd002cc03545
"2018-05-04 08:27:22","Purley Downs Road",Road,,,,"United Kingdom",51.340028882662,-0.092047667110407,Gordon,swarm,5aec196a14994600391ada60
"2018-05-04 08:27:41",Sanderstead,Village,,,,"United Kingdom",51.333614775203,-0.078792572021484,Gordon,swarm,5aec197d135b39002c8fbc53
"2018-05-04 08:27:55","Taylors Gaming Setup","Art Gallery",,,,"United Kingdom",51.340102841403,-0.09205784752541,Gordon,swarm,5aec198b5c6838002c7a49df
"2018-05-04 08:28:35","Drayson Design",Office,,,,"United Kingdom",51.340028882662,-0.092047667110407,Gordon,swarm,5aec19b39de23b002cb1178c
"2018-05-04 08:29:08","Purley Beeches",Park,,,,"United Kingdom",51.340565479506,-0.091184377670288,,swarm,5aec19d4c62b49002cd8917c
"2018-05-04 08:29:34","Wettern Tree Garden",Park,,"South Croydon","Greater London","United Kingdom",51.343577251329,-0.09280830514212,,swarm,5aec19eef1936e002c6730cf
"2018-05-04 08:30:12","Purley Downs Golf Club","Golf Course","106 Purley Downs Rd","South Croydon","Greater London","United Kingdom",51.340307884006,-0.0960800687468,Gordon,swarm,5aec1a14d552c7002da60ceb
"2018-05-04 13:03:49",Redhill,Town,,,,"United Kingdom",51.239779024296,-0.16549269831219,"Nearly at the bus station",swarm,5aec5a355d891b002c88ac96
"2018-05-04 13:04:22","Redhill Bus Station","Bus Station","Princess Way",Redhill,Surrey,"United Kingdom",51.240643593607,-0.16671090589548,,swarm,5aec5a5666fc65002c7cdc00
"2018-05-04 13:04:39","Redhill Railway Station (RDH)","Rail Station","Redstone Hill",Redhill,Surrey,"United Kingdom",51.240417681383,-0.16543102751023,,swarm,5aec5a6795a722002cc37d6d
"2018-05-04 13:05:22","Platform 1b",Platform,"Redhill Railway Station",,,"United Kingdom",51.24093535366,-0.1650994381205,,swarm,5aec5a922be42500398a6bda
"2018-05-04 13:05:39","Platform 1",Platform,"Redhill Railway Station (RDH)",Redhill,Surrey,"United Kingdom",51.240834315277,-0.16521330389856,,swarm,5aec5aa33fcee8002c0db899
"2018-05-04 13:08:35",Puccino's,"Coffee Shop","Redhill Railway Station",Redhill,Surrey,"United Kingdom",51.240439046157,-0.16518704075208,,swarm,5aec5b53d1a402002c54560c
"2018-05-04 14:35:45","Reigate College",Education,"Castlefield Rd",Reigate,Surrey,"United Kingdom",51.239924689456,-0.20216757647284,,swarm,5aec6fc12aff31002c6ed188
"2018-05-04 14:35:53",Reigate,Town,,Reigate,,"United Kingdom",51.237255571308,-0.20659446716309,,swarm,5aec6fc9f1936e002c97235f
"2018-05-04 14:37:50","Reigate Railway Station (REI)","Rail Station","Station Approach",Reigate,Surrey,"United Kingdom",51.241947240487,-0.20410417671744,,swarm,5aec703e6f706a0039a04fe5
"2018-05-04 14:57:44","Reigate Grammar School","High School","Reigate Road",Reigate,Surrey,"United Kingdom",51.236716369381,-0.19334880901752,,swarm,5aec74e84ac28a002cfda9a4
"2018-05-04 15:00:40","Reigate & Banstead Police Station","Police Station","79 Reigate Rd",Reigate,Surrey,"United Kingdom",51.236600109917,-0.18775188365855,"saying hi to George George",swarm,5aec7598826444002ce9e0f5
"2018-05-04 15:29:14","Redhill Bus Station","Bus Station","Princess Way",Redhill,Surrey,"United Kingdom",51.240643593607,-0.16671090589548,,swarm,5aec7c4a1cf2e1002c525be6
"2018-05-04 15:29:52",Poundland,"Discount Store","Unit 11a-11b, Warwick Quadrant",Surrey,Surrey,"United Kingdom",51.240536,-0.168044,"Chocolate milk",swarm,5aec7c70237dee002c13a83f
"2018-05-04 15:30:02",Redhill,Town,,,,"United Kingdom",51.239779024296,-0.16549269831219,,swarm,5aec7c7a898bdc002cb8bbcc
"2018-05-04 15:43:53","Merstham Railway Station (MHM)","Rail Station","Station Road",Merstham,Surrey,"United Kingdom",51.26422630453,-0.1500611350009,,swarm,5aec7fb9d0a149002c471b35
"2018-05-04 16:34:10","Queens Park",Park,"Queen's Park Road",Caterham,Surrey,"United Kingdom",51.283320149662,-0.087053371074143,,swarm,5aec8b8295a722002c400baf
"2018-05-04 19:58:42","Sanderstead United Reformed Church",Church,,Croydon,"Greater London","United Kingdom",51.340461507503,-0.085124393723267,,swarm,5aecbb72b77c77002cb14f50
"2018-05-04 20:26:56",Croydon,Town,,"Greater London","Greater London","United Kingdom",51.376827,-0.09604052,,swarm,5aecc2103fcee8002c7e2d7c
"2018-05-04 21:12:51",KFC,"Fast Food Restaurant","11-17 Church St",London,"Greater London","United Kingdom",51.373529434011,-0.10139933151662,"Tower burger before the cinema",swarm,5aecccd347f876002c8352f9
"2018-05-04 21:26:48",Vue,"Movie Theater","14 High St",Croydon,"Greater London","United Kingdom",51.372826472282,-0.10113059006546,"Seeing truth or dare with Robyn",swarm,5aecd0188194fc002cfd0446
"2018-05-04 23:33:32","KA Bus Stop","Bus Stop",,,,"United Kingdom",51.37253,-0.096602,"Waiting for 403",swarm,5aecedccfe3740002d0e4e09
"2018-05-04 23:34:01","Croydon College","College and University","College Rd",Croydon,"Greater London","United Kingdom",51.373815433189,-0.09612457716477,,swarm,5aecede916ef67002c32fa5f
"2018-05-05 10:16:49",Croydon,Town,,"Greater London","Greater London","United Kingdom",51.376827,-0.09604052,,swarm,5aed84911f7440002cad543b
"2018-05-05 10:17:07","Whitgift Centre","Shopping Mall","Wellesley Rd",Croydon,"Greater London","United Kingdom",51.376049493995,-0.10035499504118,,swarm,5aed84a316ef67002cbb0ca1
"2018-05-05 10:18:38","The Lansdowne Building",Office,"2 Lansdowne road",London,"Greater London","United Kingdom",51.376452466538,-0.097069660821351,"Spinal care this morning",swarm,5aed84fe25ecca002c11401d
"2018-05-05 12:43:41","Tilgate Park",Park,,Crawley,"West Sussex","United Kingdom",51.096056965961,-0.17857074737549,,swarm,5aeda6fd6eda02002c634f54
"2018-05-05 13:07:47","Tilgate Park Nature Centre",Farm,"Tilgate Park",,,"United Kingdom",51.093213147569,-0.18303818737214,,swarm,5aedaca3a795bd002c4e3584
"2018-05-05 15:38:21","Smith & Western","American Restaurant","Tilgate Dr",Crawley,"West Sussex","United Kingdom",51.095362514378,-0.17875176000266,,swarm,5aedcfeddec1d6002c261d0f
"2018-05-05 15:38:57","Tilgate Park Playground",Playground,,Crawley,"West Sussex","United Kingdom",51.095599558378,-0.17771125734489,"Total wipeout",swarm,5aedd01186f4cc002c1cccac
"2018-05-05 15:39:17","Go Ape Crawley","Other Great Outdoors","Tilgate Park",Crawley,"West Sussex","United Kingdom",51.09564,-0.178199,,swarm,5aedd02548b04e002c2ee050
"2018-05-05 15:39:51","Tilgate Park",Park,,Crawley,"West Sussex","United Kingdom",51.096056965961,-0.17857074737549,"Walking back to the car",swarm,5aedd0476adbf5002c0b8c2b
"2018-05-05 15:40:03","Tilgate parkrun","Running Club","Tilgate Park",Crawley,"West Sussex","United Kingdom",51.09570588773,-0.17664831057965,,swarm,5aedd053840fc200394de836
"2018-05-05 15:40:22","United Kingdom",Country,,,,"United Kingdom",51.50104,-0.14234316,,swarm,5aedd066eaf49a002c1066c5
"2018-05-05 15:40:58","Tilgate Lake",Lake,"Tilgate Drive",Crawley,"West Sussex","United Kingdom",51.09536969635,-0.17463326454163,,swarm,5aedd08a8c812a002c837ae0
"2018-05-05 16:53:06",Sanderstead,Village,,,,"United Kingdom",51.333614775203,-0.078792572021484,,swarm,5aede1724a7aae002bdbe083
"2018-05-05 16:53:13","Taylors Gaming Setup","Art Gallery",,,,"United Kingdom",51.340102841403,-0.09205784752541,,swarm,5aede179ba57b4002c792f10
"2018-05-05 16:53:20","Purley Downs Road",Road,,,,"United Kingdom",51.340028882662,-0.092047667110407,,swarm,5aede180b2958f002c93aff4
"2018-05-05 16:53:27","Drayson Design",Office,,,,"United Kingdom",51.340028882662,-0.092047667110407,,swarm,5aede187a6031c002cf33603
"2018-05-05 16:53:34","Purley Beeches",Park,,,,"United Kingdom",51.340565479506,-0.091184377670288,,swarm,5aede18ed41bb7002cb1d71f
"2018-05-06 09:42:43",Sanderstead,Village,,,,"United Kingdom",51.333614775203,-0.078792572021484,,swarm,5aeece13bcbf7a003975b014
"2018-05-06 09:42:50","Purley Downs Road",Road,,,,"United Kingdom",51.340028882662,-0.092047667110407,,swarm,5aeece1a9ba3e5002c867ecd
"2018-05-06 09:42:58","Taylors Gaming Setup","Art Gallery",,,,"United Kingdom",51.340102841403,-0.09205784752541,,swarm,5aeece22b9a5a8002c530657
"2018-05-06 09:43:23","Drayson Design",Office,,,,"United Kingdom",51.340028882662,-0.092047667110407,,swarm,5aeece3bda5e560039f852ee
"2018-05-06 09:43:34","Purley Beeches",Park,,,,"United Kingdom",51.340565479506,-0.091184377670288,,swarm,5aeece461f8ed6002cbd9561
"2018-05-06 09:43:45","Wettern Tree Garden",Park,,"South Croydon","Greater London","United Kingdom",51.343577251329,-0.09280830514212,,swarm,5aeece510ee92a002cbbb2e4
"2018-05-06 09:43:58","Purley Downs Golf Club","Golf Course","106 Purley Downs Rd","South Croydon","Greater London","United Kingdom",51.340307884006,-0.0960800687468,,swarm,5aeece5e2d2fd9002cea69d5
"2018-05-07 11:14:50","Purley Downs Road",Road,,,,"United Kingdom",51.340028882662,-0.092047667110407,,swarm,5af0352ae55d8b002b2e7d3a
"2018-05-07 11:15:02",Sanderstead,Village,,,,"United Kingdom",51.333614775203,-0.078792572021484,,swarm,5af0353661f070002ce554f6
"2018-05-07 11:15:14","Drayson Design",Office,,,,"United Kingdom",51.340028882662,-0.092047667110407,,swarm,5af0354246e1b6002b959fce
"2018-05-07 11:15:21","Taylors Gaming Setup","Art Gallery",,,,"United Kingdom",51.340102841403,-0.09205784752541,,swarm,5af03549f193c0002c716882
"2018-05-07 11:15:32","Wettern Tree Garden",Park,,"South Croydon","Greater London","United Kingdom",51.343577251329,-0.09280830514212,,swarm,5af03554b6b04b002cf5a283
"2018-05-07 11:15:59","Purley Beeches",Park,,,,"United Kingdom",51.340565479506,-0.091184377670288,,swarm,5af0356fbcbf7a00392cf4cc
"2018-05-07 11:16:56","Purley Downs Golf Club","Golf Course","106 Purley Downs Rd","South Croydon","Greater London","United Kingdom",51.340307884006,-0.0960800687468,,swarm,5af035a8b9b37b002c38c008
"2018-05-08 06:03:23",Sanderstead,Village,,,,"United Kingdom",51.333614775203,-0.078792572021484,,swarm,5af13dab67af3a002b95e9cf
"2018-05-08 06:03:31","Purley Beeches",Park,,,,"United Kingdom",51.340565479506,-0.091184377670288,,swarm,5af13db398fbfc002cca3250
"2018-05-08 06:03:49","Taylors Gaming Setup","Art Gallery",,,,"United Kingdom",51.340102841403,-0.09205784752541,,swarm,5af13dc551950e002cec43c3
"2018-05-08 06:04:07","Drayson Design",Office,,,,"United Kingdom",51.340028882662,-0.092047667110407,,swarm,5af13dd75d891b002c82d1d4
"2018-05-08 06:04:15","Purley Downs Road",Road,,,,"United Kingdom",51.340028882662,-0.092047667110407,,swarm,5af13ddff4b525002c484f30
"2018-05-08 06:04:21","Drayson Design",Office,,,,"United Kingdom",51.340028882662,-0.092047667110407,,swarm,5af13de54b78c50038120199
"2018-05-08 06:04:23","Taylors Gaming Setup","Art Gallery",,,,"United Kingdom",51.340102841403,-0.09205784752541,,swarm,5af13de767f62b002c93453a
"2018-05-08 06:04:27","Wettern Tree Garden",Park,,"South Croydon","Greater London","United Kingdom",51.343577251329,-0.09280830514212,,swarm,5af13deb598e64002ce4b52c
"2018-05-08 06:04:35","Purley Downs Golf Club","Golf Course","106 Purley Downs Rd","South Croydon","Greater London","United Kingdom",51.340307884006,-0.0960800687468,,swarm,5af13df31c062d0024d04e28
"2018-05-08 06:53:53","Purley Railway Station (PUR)","Rail Station","Station Approach",Purley,"Greater London","United Kingdom",51.337301392194,-0.11392966835929,,swarm,5af14981c62b49002c822d32
"2018-05-08 06:54:13",Kenley,Neighborhood,,Kenley,"Greater London","United Kingdom",51.321712911362,-0.10148770026643,,swarm,5af149954c9be6002c5d41d3
"2018-05-08 06:54:23","Coulsdon Town Railway Station (CDN)","Rail Station","Station Approach Road",Coulsdon,"Greater London","United Kingdom",51.322012309056,-0.13446314915227,,swarm,5af1499fb77c77002ce2bd90
"2018-05-08 06:54:39",Croydon,Town,,"Greater London","Greater London","United Kingdom",51.376827,-0.09604052,,swarm,5af149af0868a2002c60c065
"2018-05-08 06:55:15","Coulsdon South Railway Station (CDS)","Rail Station","Brighton Rd",Coulsdon,"Greater London","United Kingdom",51.315726366972,-0.13788273027522,,swarm,5af149d3446ea6002cdae9fa
"2018-05-08 06:55:29",Coulsdon,Neighborhood,,Coulsdon,"Greater London","United Kingdom",51.319348678943,-0.13858719656662,,swarm,5af149e16fd626002c9908aa
"2018-05-08 07:00:41","Merstham Railway Station (MHM)","Rail Station","Station Road",Merstham,Surrey,"United Kingdom",51.26422630453,-0.1500611350009,,swarm,5af14b19f870fd00397a2145
"2018-05-08 07:06:16",Redhill,Town,,,,"United Kingdom",51.239779024296,-0.16549269831219,"8:08 today",swarm,5af14c68037be1002cf0676b
"2018-05-08 07:06:33","Redhill Railway Station (RDH)","Rail Station","Redstone Hill",Redhill,Surrey,"United Kingdom",51.240417681383,-0.16543102751023,,swarm,5af14c7995a722002cfcad1d
"2018-05-08 07:06:39","Platform 1b",Platform,"Redhill Railway Station",,,"United Kingdom",51.24093535366,-0.1650994381205,,swarm,5af14c7fc84d18002588c3bd
"2018-05-08 07:06:49","Platform 1",Platform,"Redhill Railway Station (RDH)",Redhill,Surrey,"United Kingdom",51.240834315277,-0.16521330389856,,swarm,5af14c89628c83002c73c86c
"2018-05-08 07:06:59","Platform 2",Platform,"Redhill Railway Station","Greater London","Greater London","United Kingdom",51.24075934515,-0.16519418555729,,swarm,5af14c93dec1d6002c57e995
"2018-05-08 07:09:40",Puccino's,"Coffee Shop","Redhill Railway Station",Redhill,Surrey,"United Kingdom",51.240439046157,-0.16518704075208,,swarm,5af14d3415173e002cb24331
"2018-05-08 07:47:28","Reigate College",Education,"Castlefield Rd",Reigate,Surrey,"United Kingdom",51.239924689456,-0.20216757647284,,swarm,5af15610c53093002c4069c3
"2018-05-08 07:47:55","Reigate Railway Station (REI)","Rail Station","Station Approach",Reigate,Surrey,"United Kingdom",51.241947240487,-0.20410417671744,"Quite busy this morning on the train",swarm,5af1562bb2958f002cad3a39
"2018-05-08 07:48:05",Reigate,Town,,Reigate,,"United Kingdom",51.237255571308,-0.20659446716309,,swarm,5af15635dec1d6002c583dcc
"2018-05-08 07:48:13","Platform 2",Platform,"Reigate Railway Station",Reigate,Surrey,"United Kingdom",51.24188874578,-0.20417383135074,,swarm,5af1563dc53093002c3a744a
"2018-05-08 07:48:28",Homebase,"Hardware Store","London Road, Rushworth Road",Reigate,Surrey,"United Kingdom",51.241208049606,-0.20367287352986,,swarm,5af1564ca42362002b1378ca
"2018-05-08 12:29:52","Redhill Bus Station","Bus Station","Princess Way",Redhill,Surrey,"United Kingdom",51.240643593607,-0.16671090589548,,swarm,5af198404f0e58002b854463
"2018-05-08 15:45:12","Sanderstead United Reformed Church",Church,,Croydon,"Greater London","United Kingdom",51.340461507503,-0.085124393723267,,swarm,5af1c60861e53b002c856b95
"2018-05-08 15:45:30","Sanderstead Library",Library,"Farm Fields","South Croydon","Greater London","United Kingdom",51.341147,-0.085634,,swarm,5af1c61a121384002c7d2799
"2018-05-08 15:45:44","Sanderstead Church Hall","Spiritual Center",,"Greater London","Greater London","United Kingdom",51.340357512018,-0.084835973136988,,swarm,5af1c6286bdee6002c59490e
"2018-05-08 15:49:03","Sanderstead Railway Station (SNR)","Rail Station","Station Approach","Greater London","Greater London","United Kingdom",51.348359353708,-0.093648288193846,,swarm,5af1c6efa2c00b002be13cd7
"2018-05-08 16:14:51","The Lansdowne Building",Office,"2 Lansdowne road",London,"Greater London","United Kingdom",51.376452466538,-0.097069660821351,,swarm,5af1ccfba4b51b002c0cf133
"2018-05-09 06:24:34",Sanderstead,Village,,,,"United Kingdom",51.333614775203,-0.078792572021484,,swarm,5af294225d891b002c23bc5e
"2018-05-09 06:24:49","Purley Downs Road",Road,,,,"United Kingdom",51.340028882662,-0.092047667110407,,swarm,5af294318c35dc002c489e20
"2018-05-09 06:24:56","Drayson Design",Office,,,,"United Kingdom",51.340028882662,-0.092047667110407,,swarm,5af29438ccad6b002c695d02
"2018-05-09 06:25:03","Purley Beeches",Park,,,,"United Kingdom",51.340565479506,-0.091184377670288,,swarm,5af2943f6eda02002c1f9d4d
"2018-05-09 06:25:13","Taylors Gaming Setup","Art Gallery",,,,"United Kingdom",51.340102841403,-0.09205784752541,,swarm,5af29449f96b2c002cf1c3fd
"2018-05-09 06:25:22","Wettern Tree Garden",Park,,"South Croydon","Greater London","United Kingdom",51.343577251329,-0.09280830514212,,swarm,5af2945295a722002ce7dc0a
"2018-05-09 06:25:29","Purley Downs Golf Club","Golf Course","106 Purley Downs Rd","South Croydon","Greater London","United Kingdom",51.340307884006,-0.0960800687468,,swarm,5af29459b6b04b002ce406df
"2018-05-09 06:43:15","Platform 4",Platform,"Purley Oaks Railway Station",Purley,"Greater London","United Kingdom",51.346751296495,-0.098756872087858,,swarm,5af298837564f7002cc2ea18
"2018-05-09 06:43:22","Purley Oaks Railway Station (PUO)","Rail Station","Brantwood Road","South Croydon","Greater London","United Kingdom",51.34691357283,-0.098642662731793,,swarm,5af2988accad6b002c6b03d9
"2018-05-09 06:43:34",Croydon,Town,,"Greater London","Greater London","United Kingdom",51.376827,-0.09604052,,swarm,5af2989669e77b002c1982fd
"2018-05-09 06:43:49",Purley,Town,,,,"United Kingdom",51.33761,-0.11551201,,swarm,5af298a53c858d003909e688
"2018-05-09 06:49:54","Platform 5",Platform,"Purley Railway Station",Purley,"Greater London","United Kingdom",51.33723731477,-0.11390982571625,,swarm,5af29a12a6ec98002cb3f95e
"2018-05-09 06:51:09","Purley Railway Station (PUR)","Rail Station","Station Approach",Purley,"Greater London","United Kingdom",51.337301392194,-0.11392966835929,"Cancelled trains are fun...😂",swarm,5af29a5df8cbd4002cc67c36
"2018-05-09 06:51:31","Purley Train Crew Mess Room","Corporate Amenity",,,,"United Kingdom",51.337143517056,-0.11393416408989,,swarm,5af29a73f870fd003917e69d
"2018-05-09 07:22:45",Redhill,Town,,,,"United Kingdom",51.239779024296,-0.16549269831219,,swarm,5af2a1c5d48ec1002cf79d43
"2018-05-09 07:22:54","Platform 1",Platform,"Redhill Railway Station (RDH)",Redhill,Surrey,"United Kingdom",51.240834315277,-0.16521330389856,,swarm,5af2a1cedff815002cd826a7
"2018-05-09 07:23:05","Platform 1b",Platform,"Redhill Railway Station",,,"United Kingdom",51.24093535366,-0.1650994381205,,swarm,5af2a1d9f4b525002ca6048a
"2018-05-09 07:23:30","Redhill Railway Station (RDH)","Rail Station","Redstone Hill",Redhill,Surrey,"United Kingdom",51.240417681383,-0.16543102751023,"Second cancelled train of the day",swarm,5af2a1f2efa82a002ced910a
"2018-05-09 07:23:37",Puccino's,"Coffee Shop","Redhill Railway Station",Redhill,Surrey,"United Kingdom",51.240439046157,-0.16518704075208,,swarm,5af2a1f973fe25002b5e9895
"2018-05-09 07:23:51","Platform 0",Platform,"Redhill Railway Station",Redhill,Surrey,"United Kingdom",51.240097,-0.16624264,,swarm,5af2a207d1a402002c40ea02
"2018-05-09 07:46:20","Reigate College",Education,"Castlefield Rd",Reigate,Surrey,"United Kingdom",51.239924689456,-0.20216757647284,,swarm,5af2a74c8496ca002ccb1922
"2018-05-09 10:29:27","Reigate Railway Station (REI)","Rail Station","Station Approach",Reigate,Surrey,"United Kingdom",51.241947240487,-0.20410417671744,,swarm,5af2cd871c0b34002c296290
"2018-05-09 11:55:02",Croydon,Town,,"Greater London","Greater London","United Kingdom",51.376827,-0.09604052,,swarm,5af2e1960fe7a0002c7cb8f6
"2018-05-09 11:55:15",Starbucks,"Coffee Shop","Café Kiosk, Whitgift Centre",Croydon,"Greater London","United Kingdom",51.375642,-0.099915,,swarm,5af2e1a3829b0c002c23ecc9
"2018-05-09 11:55:21","Whitgift Centre","Shopping Mall","Wellesley Rd",Croydon,"Greater London","United Kingdom",51.376049493995,-0.10035499504118,,swarm,5af2e1a96a5950002cb76466
"2018-05-09 11:55:42",Currys,"Electronics Store","115/116 Whitgift Centre",Surrey,Surrey,"United Kingdom",51.375748586266,-0.10021674880842,,swarm,5af2e1be598e640036c537d0
"2018-05-09 11:57:59",TGJones,Newsagent,"34 North End",Croydon,"Greater London","United Kingdom",51.374956,-0.100177,,swarm,5af2e247a30619002c554a3d
"2018-05-09 12:02:31",McDonald's,"Fast Food Restaurant","Centrale Shopping Centre, North End",Croydon,"Greater London","United Kingdom",51.375026238492,-0.10163726990699,,swarm,5af2e357b2958f002c6c66c9
"2018-05-09 12:36:25","George Street London Tramlink Stop","Tram Station","George St",Croydon,"Greater London","United Kingdom",51.373984842089,-0.099046588060866,,swarm,5af2eb49f8cbd4002c087ba5
"2018-05-09 13:23:37","Riddlesdown Field","Other Great Outdoors",,Croydon,"Greater London","United Kingdom",51.324274077193,-0.093008807589457,,swarm,5af2f65973fe25002c12b21d
"2018-05-09 14:04:17","Warlingham School & Sixth Form College",Education,"Tithepit Shaw Ln",Warlingham,Surrey,"United Kingdom",51.317686966773,-0.068913215339958,,swarm,5af2ffe14ac28a002c67f5c2
"2018-05-09 14:04:17","Kingswood Florist","Flower Store",Wallington,"Greater London","Greater London","United Kingdom",51.320201795025,-0.065464687379476,,swarm,5af2ffe13b8307002c893f49
"2018-05-09 14:38:56","Warlingham School & Sixth Form College",Education,"Tithepit Shaw Ln",Warlingham,Surrey,"United Kingdom",51.317686966773,-0.068913215339958,,swarm,5af308005d891b002c673134
"2018-05-09 15:18:50","Selsdon Primary School","Elementary School","Addington Road",Croydon,"Greater London","United Kingdom",51.3474231,-0.051621785714286,,swarm,5af3115adb1d81002cf7affd
"2018-05-09 15:18:57",Croydon,Town,,"Greater London","Greater London","United Kingdom",51.376827,-0.09604052,,swarm,5af3116166f3cd002cd603f6
"2018-05-09 16:42:52","Selsdon Primary School","Elementary School","Addington Road",Croydon,"Greater London","United Kingdom",51.3474231,-0.051621785714286,,swarm,5af3250c135b3900395312ff
"2018-05-09 20:09:59","Taylors Gaming Setup","Art Gallery",,,,"United Kingdom",51.340102841403,-0.09205784752541,,swarm,5af35597eaf49a002c286c45
"2018-05-09 20:20:36","Drayson Design",Office,,,,"United Kingdom",51.340028882662,-0.092047667110407,,swarm,5af3581486f4cc002c998b02
"2018-05-10 08:48:32",McDermott's,"Fish and Chips Shop","5-7 Featherbed Lane",Surrey,Surrey,"United Kingdom",51.350887885683,-0.038014795131808,,swarm,5af4076067f62b002c9e6f2c
"2018-05-10 09:03:40",Shrublands,"Housing Development",,,,"United Kingdom",51.369976758747,-0.027980816669713,,swarm,5af40aecf96b2c002cc9a2c2
"2018-05-10 09:41:59","Eden Park Railway Station (EDN)","Rail Station","Upper Elmers End Rd",Beckenham,"Greater London","United Kingdom",51.390295047138,-0.026707338450933,,swarm,5af413e74940bc002c6c20b9
"2018-05-10 10:10:51",Sanderstead,Village,,,,"United Kingdom",51.333614775203,-0.078792572021484,,swarm,5af41aabc62b49002c269072
"2018-05-10 10:11:05","Purley Downs Road",Road,,,,"United Kingdom",51.340028882662,-0.092047667110407,,swarm,5af41ab9a87921002cd14994
"2018-05-10 10:11:11","Taylors Gaming Setup","Art Gallery",,,,"United Kingdom",51.340102841403,-0.09205784752541,,swarm,5af41abfd1a4020039cf9f5a
"2018-05-10 10:11:19","Drayson Design",Office,,,,"United Kingdom",51.340028882662,-0.092047667110407,,swarm,5af41ac78d0a53002cef590b
"2018-05-10 10:11:38","Purley Beeches",Park,,,,"United Kingdom",51.340565479506,-0.091184377670288,,swarm,5af41adaacb00b002ca3766e
"2018-05-10 10:11:56","Wettern Tree Garden",Park,,"South Croydon","Greater London","United Kingdom",51.343577251329,-0.09280830514212,,swarm,5af41aec9fca56002d78bd2c
"2018-05-10 12:57:40",Purley,Town,,,,"United Kingdom",51.33761,-0.11551201,"Getting 359 to Purley",swarm,5af441c44c30be0024576d31
"2018-05-10 12:58:04","Purley War Memorial Hospital",Hospital,"856 Brighton Road",Purley,"Greater London","United Kingdom",51.339896002736,-0.11439881174691,,swarm,5af441dc0457b7002c5e3332
"2018-05-10 12:58:13","Purley High Street",Road,"913-947 Brighton Rd",Croydon,"Greater London","United Kingdom",51.33910886,-0.11588559,,swarm,5af441e52a7ab6002c263861
"2018-05-10 13:00:05","Purley Railway Station (PUR)","Rail Station","Station Approach",Purley,"Greater London","United Kingdom",51.337301392194,-0.11392966835929,,swarm,5af442558a6f17002c086aa0
"2018-05-10 13:37:59","Redhill Railway Station (RDH)","Rail Station","Redstone Hill",Redhill,Surrey,"United Kingdom",51.240417681383,-0.16543102751023,,swarm,5af44b37f870fd002c569e30
"2018-05-10 13:42:50",Redhill,Town,,,,"United Kingdom",51.239779024296,-0.16549269831219,,swarm,5af44c5a8c35dc002c91db11
"2018-05-10 13:44:07",Reigate,Town,,Reigate,,"United Kingdom",51.237255571308,-0.20659446716309,,swarm,5af44ca72619ee002ca64a35
"2018-05-10 13:44:13","Platform 2",Platform,"Reigate Railway Station",Reigate,Surrey,"United Kingdom",51.24188874578,-0.20417383135074,,swarm,5af44cad2347240039b4fa64
"2018-05-10 13:44:22","Reigate Railway Station (REI)","Rail Station","Station Approach",Reigate,Surrey,"United Kingdom",51.241947240487,-0.20410417671744,,swarm,5af44cb68fb09e002c6bfd2d
"2018-05-10 13:53:48","Reigate College",Education,"Castlefield Rd",Reigate,Surrey,"United Kingdom",51.239924689456,-0.20216757647284,"Computer science today",swarm,5af44eeca4ba7c002c07e65e
"2018-05-10 15:22:06","Reigate Railway Station (REI)","Rail Station","Station Approach",Reigate,Surrey,"United Kingdom",51.241947240487,-0.20410417671744,,swarm,5af4639e51950e002c788b0d
"2018-05-10 16:05:07","Coulsdon South Railway Station (CDS)","Rail Station","Brighton Rd",Coulsdon,"Greater London","United Kingdom",51.315726366972,-0.13788273027522,,swarm,5af46db35455b2002c0c3a3b
"2018-05-10 16:05:18","Old Coulsdon",Neighborhood,,"Greater London","Greater London","United Kingdom",51.300994098428,-0.11903607965898,,swarm,5af46dbe4ac28a002b7c9abf
"2018-05-10 16:05:29","Platform 2",Platform,"Coulsdon South Railway Station",Coulsdon,"Greater London","United Kingdom",51.315574146267,-0.1381866808321,,swarm,5af46dc9598e640039cd0886
"2018-05-10 16:05:34","Platform 1",Platform,"Coulsdon South Railway Station (CDS)",Coulsdon,"Greater London","United Kingdom",51.315451987628,-0.13807076212124,,swarm,5af46dce66fc65002c5b0bb2
"2018-05-10 16:26:29","Lacey green",Field,"Old coulsdon",Surrey,Surrey,"United Kingdom",51.300757267875,-0.11767387390137,,swarm,5af472b5dff815002cd32857
"2018-05-11 08:48:35",Sanderstead,Village,,,,"United Kingdom",51.333614775203,-0.078792572021484,,swarm,5af558e36f706a002c19ddf8
"2018-05-11 08:49:29","Purley Downs Road",Road,,,,"United Kingdom",51.340028882662,-0.092047667110407,,swarm,5af559199ba3e50039e21b08
"2018-05-11 08:49:36","Taylors Gaming Setup","Art Gallery",,,,"United Kingdom",51.340102841403,-0.09205784752541,,swarm,5af55920ff0306002ca75550
"2018-05-11 08:49:45","Drayson Design",Office,,,,"United Kingdom",51.340028882662,-0.092047667110407,,swarm,5af55929c62b49002ce9d7b1
"2018-05-11 08:49:53","Purley Beeches",Park,,,,"United Kingdom",51.340565479506,-0.091184377670288,,swarm,5af55931b54618002c94408e
"2018-05-11 08:50:07","Purley Downs Golf Club","Golf Course","106 Purley Downs Rd","South Croydon","Greater London","United Kingdom",51.340307884006,-0.0960800687468,,swarm,5af5593fa2c00b002c5aaa60
"2018-05-11 08:56:43","Sanderstead Library",Library,"Farm Fields","South Croydon","Greater London","United Kingdom",51.341147,-0.085634,,swarm,5af55acb73fe25002c2d97bb
"2018-05-11 08:56:58","Sanderstead United Reformed Church",Church,,Croydon,"Greater London","United Kingdom",51.340461507503,-0.085124393723267,,swarm,5af55ada5315930039947dae
"2018-05-11 08:57:14","Sanderstead Church Hall","Spiritual Center",,"Greater London","Greater London","United Kingdom",51.340357512018,-0.084835973136988,,swarm,5af55aea67f62b002c073e03
"2018-05-11 09:03:40","Sanderstead Railway Station (SNR)","Rail Station","Station Approach","Greater London","Greater London","United Kingdom",51.348359353708,-0.093648288193846,,swarm,5af55c6c178a2a002cbc7bd2
"2018-05-11 09:03:53","The Wine Cellar","Wine Bar","9 Station Approach","South Croydon","Greater London","United Kingdom",51.348033397475,-0.094290943548946,,swarm,5af55c793abcaf002ca520fc
"2018-05-11 09:59:48","The Lansdowne Building",Office,"2 Lansdowne road",London,"Greater London","United Kingdom",51.376452466538,-0.097069660821351,,swarm,5af56994e1f228002c74bc24
"2018-05-11 09:59:58",Croydon,Town,,"Greater London","Greater London","United Kingdom",51.376827,-0.09604052,,swarm,5af5699e9fca560039544886
"2018-05-11 10:00:06","Whitgift Centre","Shopping Mall","Wellesley Rd",Croydon,"Greater London","United Kingdom",51.376049493995,-0.10035499504118,,swarm,5af569a66f706a002c57fd35
"2018-05-11 10:00:39","East Croydon Railway Station (ECR)","Rail Station","George St",Croydon,"Greater London","United Kingdom",51.37614758063,-0.092609076685877,,swarm,5af569c767af3a002c9c86fe
"2018-05-11 10:10:21","KA Bus Stop","Bus Stop",,,,"United Kingdom",51.37253,-0.096602,"403 home",swarm,5af56c0d73fe25002c989073
"2018-05-11 10:10:34","Croydon College","College and University","College Rd",Croydon,"Greater London","United Kingdom",51.373815433189,-0.09612457716477,,swarm,5af56c1a872f7d003908b96b
"2018-05-11 10:10:47","Croydon College Library","College Library",,,,"United Kingdom",51.37323126155,-0.094308659494383,,swarm,5af56c275ba046002c8f1128
"2018-05-11 10:11:02","Sainsbury's Local","Grocery Store","1-3 Suffolk House, George Street",London,"Greater London","United Kingdom",51.374005310769,-0.096363859815487,,swarm,5af56c368c812a002c8f5aea
"2018-05-11 12:06:05","Purley War Memorial Hospital",Hospital,"856 Brighton Road",Purley,"Greater London","United Kingdom",51.339896002736,-0.11439881174691,,swarm,5af5872d16ef67002c197dcc
"2018-05-11 12:48:16","Reigate College",Education,"Castlefield Rd",Reigate,Surrey,"United Kingdom",51.239924689456,-0.20216757647284,,swarm,5af59110066332001c517200
"2018-05-11 15:37:48",Redhill,Town,,,,"United Kingdom",51.239779024296,-0.16549269831219,,swarm,5af5b8ccd03360002c7c5e8e
"2018-05-11 15:37:55","Redhill Bus Station","Bus Station","Princess Way",Redhill,Surrey,"United Kingdom",51.240643593607,-0.16671090589548,,swarm,5af5b8d3bd4009002c88c4c6
"2018-05-11 15:38:02","Platform 0",Platform,"Redhill Railway Station",Redhill,Surrey,"United Kingdom",51.240097,-0.16624264,,swarm,5af5b8da598e64002c0a3e6e
"2018-05-11 15:38:10","Platform 2",Platform,"Redhill Railway Station","Greater London","Greater London","United Kingdom",51.24075934515,-0.16519418555729,,swarm,5af5b8e22aff31002cab4f6a
"2018-05-11 15:38:19","Platform 1b",Platform,"Redhill Railway Station",,,"United Kingdom",51.24093535366,-0.1650994381205,,swarm,5af5b8eb97cf5a002cc071d1
"2018-05-11 15:38:32",Puccino's,"Coffee Shop","Redhill Railway Station",Redhill,Surrey,"United Kingdom",51.240439046157,-0.16518704075208,,swarm,5af5b8f8f4b525002c208dec
"2018-05-11 15:38:41","Platform 1",Platform,"Redhill Railway Station (RDH)",Redhill,Surrey,"United Kingdom",51.240834315277,-0.16521330389856,,swarm,5af5b9018ad62e002c5b7a28
"2018-05-11 16:05:03","Coulsdon South Railway Station (CDS)","Rail Station","Brighton Rd",Coulsdon,"Greater London","United Kingdom",51.315726366972,-0.13788273027522,,swarm,5af5bf2fe1f228002cbfbae5
"2018-05-12 19:05:53",Sanderstead,Village,,,,"United Kingdom",51.333614775203,-0.078792572021484,,swarm,5af73b11419a9e002c753a13
"2018-05-12 19:05:59","Drayson Design",Office,,,,"United Kingdom",51.340028882662,-0.092047667110407,,swarm,5af73b17491be7002c9e30b0
"2018-05-12 19:06:09","Taylors Gaming Setup","Art Gallery",,,,"United Kingdom",51.340102841403,-0.09205784752541,,swarm,5af73b213abcaf002cb09c6e
"2018-05-12 19:06:19","Purley Beeches",Park,,,,"United Kingdom",51.340565479506,-0.091184377670288,,swarm,5af73b2b9de23b002ca87cee
"2018-05-12 19:06:26","Purley Downs Road",Road,,,,"United Kingdom",51.340028882662,-0.092047667110407,,swarm,5af73b32bb8d36002c9d2df0
"2018-05-12 19:06:35","Wettern Tree Garden",Park,,"South Croydon","Greater London","United Kingdom",51.343577251329,-0.09280830514212,,swarm,5af73b3b2d2fd9002cda7c60
"2018-05-12 19:06:41","Purley Downs Golf Club","Golf Course","106 Purley Downs Rd","South Croydon","Greater London","United Kingdom",51.340307884006,-0.0960800687468,,swarm,5af73b4142d8c2002c8196c4
"2018-05-13 08:48:22","Drayson Design",Office,,,,"United Kingdom",51.340028882662,-0.092047667110407,,swarm,5af7fbd6061b510039f77856
"2018-05-13 10:02:08","Purley Beeches",Park,,,,"United Kingdom",51.340565479506,-0.091184377670288,"Walking bear",swarm,5af80d209ba3e5002c03f18f
"2018-05-13 10:02:29","Drayson Design",Office,,,,"United Kingdom",51.340028882662,-0.092047667110407,,swarm,5af80d35ccad6b002c8c377e
"2018-05-13 10:02:39","Wettern Tree Garden",Park,,"South Croydon","Greater London","United Kingdom",51.343577251329,-0.09280830514212,,swarm,5af80d3ff870fd002c006253
"2018-05-13 10:02:48","Taylors Gaming Setup","Art Gallery",,,,"United Kingdom",51.340102841403,-0.09205784752541,,swarm,5af80d4889b06a002cf68a54
"2018-05-13 10:03:07","Purley Downs Road",Road,,,,"United Kingdom",51.340028882662,-0.092047667110407,,swarm,5af80d5b35d3fc002c50c3aa
"2018-05-14 08:37:08",Sanderstead,Village,,,,"United Kingdom",51.333614775203,-0.078792572021484,,swarm,5af94ab467f62b002cdcb94d
"2018-05-14 08:37:38","Drayson Design",Office,,,,"United Kingdom",51.340028882662,-0.092047667110407,,swarm,5af94ad2ca18ea002cf8c8e1
"2018-05-14 08:37:50","Taylors Gaming Setup","Art Gallery",,,,"United Kingdom",51.340102841403,-0.09205784752541,,swarm,5af94adedec1d6002c717073
"2018-05-14 11:49:36","Purley Beeches",Park,,,,"United Kingdom",51.340565479506,-0.091184377670288,,swarm,5af977d06eda02002ca9515f
"2018-05-14 11:50:26","Purley Downs Road",Road,,,,"United Kingdom",51.340028882662,-0.092047667110407,"Waiting for 359",swarm,5af978026eda02002ca96e3d
"2018-05-14 11:53:02","Purley Downs Golf Club","Golf Course","106 Purley Downs Rd","South Croydon","Greater London","United Kingdom",51.340307884006,-0.0960800687468,,swarm,5af9789eba57b4002c6460d7
"2018-05-14 12:06:20","Purley War Memorial Hospital",Hospital,"856 Brighton Road",Purley,"Greater London","United Kingdom",51.339896002736,-0.11439881174691,,swarm,5af97bbc4aa3f8002cc03aad
"2018-05-14 12:06:26",Purley,Town,,,,"United Kingdom",51.33761,-0.11551201,,swarm,5af97bc2178a2a002cc43d08
"2018-05-14 12:07:07","Purley High Street",Road,"913-947 Brighton Rd",Croydon,"Greater London","United Kingdom",51.33910886,-0.11588559,,swarm,5af97beb396de0002cb512cc
"2018-05-14 12:09:52",KFC,"Fast Food Restaurant","11 High St",Purley,"Greater London","United Kingdom",51.3397928,-0.1141255,,swarm,5af97c90c62b49002c444ab8
"2018-05-14 12:17:19",Kenley,Neighborhood,,Kenley,"Greater London","United Kingdom",51.321712911362,-0.10148770026643,,swarm,5af97e4f446ea6002cff7a4a
"2018-05-14 12:17:27","Reedham Railway Station (RHM)","Rail Station","Old Lodge Lane",Purley,"Greater London","United Kingdom",51.330865294928,-0.12332489069792,,swarm,5af97e57c62b49002c9c0032
"2018-05-14 12:30:23","United Kingdom",Country,,,,"United Kingdom",51.50104,-0.14234316,,swarm,5af9815f2496230039bc139a
"2018-05-14 12:31:25",Starbucks,"Coffee Shop","119 London Rd N",Surrey,Surrey,"United Kingdom",51.287179,-0.154956,,swarm,5af9819d9de23b002cece315
"2018-05-14 12:34:01","Merstham Railway Station (MHM)","Rail Station","Station Road",Merstham,Surrey,"United Kingdom",51.26422630453,-0.1500611350009,,swarm,5af9823986f4cc002c7afd42
"2018-05-14 12:38:24","East Surrey College","College and University",,Redhill,Surrey,"United Kingdom",51.252844699987,-0.16249812035622,,swarm,5af98340033693002c4e3436
"2018-05-14 12:38:41","East Surrey College - Gatton Point South","College Academic Building","London Road",Redhill,Surrey,"United Kingdom",51.253568010275,-0.16324665447043,,swarm,5af983514b78c5002c834c65
"2018-05-14 13:36:05",Reigate,Town,,Reigate,,"United Kingdom",51.237255571308,-0.20659446716309,,swarm,5af990c52be425002cd7b77a
"2018-05-14 13:36:11","Reigate College",Education,"Castlefield Rd",Reigate,Surrey,"United Kingdom",51.239924689456,-0.20216757647284,,swarm,5af990cb4aa3f8002ccd9dee
"2018-05-14 13:36:20","Reigate Railway Station (REI)","Rail Station","Station Approach",Reigate,Surrey,"United Kingdom",51.241947240487,-0.20410417671744,,swarm,5af990d4c0cacb002cf9af77
"2018-05-14 13:36:28","Platform 2",Platform,"Reigate Railway Station",Reigate,Surrey,"United Kingdom",51.24188874578,-0.20417383135074,,swarm,5af990dcc4df1d002cd48e1a
"2018-05-14 13:36:42",Homebase,"Hardware Store","London Road, Rushworth Road",Reigate,Surrey,"United Kingdom",51.241208049606,-0.20367287352986,,swarm,5af990ea1c0b34002ca217d1
"2018-05-14 14:15:01","Priory Park",Park,"Bell St",Reigate,Surrey,"United Kingdom",51.234971635576,-0.207839012146,,swarm,5af999e586f4cc002c8b1b0a
"2018-05-15 11:10:47",Sanderstead,Village,,,,"United Kingdom",51.333614775203,-0.078792572021484,,swarm,5afac0379ba3e50035a6a9be
"2018-05-15 11:10:53","Purley Beeches",Park,,,,"United Kingdom",51.340565479506,-0.091184377670288,,swarm,5afac03deaf49a003924a6d0
"2018-05-15 11:11:00","Purley Downs Road",Road,,,,"United Kingdom",51.340028882662,-0.092047667110407,,swarm,5afac044ad1789002c7c4145
"2018-05-15 11:11:07","Taylors Gaming Setup","Art Gallery",,,,"United Kingdom",51.340102841403,-0.09205784752541,,swarm,5afac04bd03360002c6cb7f8
"2018-05-15 11:11:13","Drayson Design",Office,,,,"United Kingdom",51.340028882662,-0.092047667110407,,swarm,5afac05116ef67002cbe5524
"2018-05-15 11:35:46","Sanderstead Library",Library,"Farm Fields","South Croydon","Greater London","United Kingdom",51.341147,-0.085634,,swarm,5afac612464d65002c3264fe
"2018-05-15 11:35:52","Sanderstead Church Hall","Spiritual Center",,"Greater London","Greater London","United Kingdom",51.340357512018,-0.084835973136988,,swarm,5afac618898bdc002c73d56d
"2018-05-15 11:36:47","Sanderstead Railway Station (SNR)","Rail Station","Station Approach","Greater London","Greater London","United Kingdom",51.348359353708,-0.093648288193846,,swarm,5afac64f1c0b34002cc817e0
"2018-05-15 11:37:07","The Wine Cellar","Wine Bar","9 Station Approach","South Croydon","Greater London","United Kingdom",51.348033397475,-0.094290943548946,,swarm,5afac663249623002c9a201a
"2018-05-15 15:05:44","Costa Coffee","Coffee Shop","Thornton Rd",Croydon,"Greater London","United Kingdom",51.389124102759,-0.11142850141735,,swarm,5afaf748ff0306002ce94e4b
"2018-05-15 15:05:53",Croydon,Town,,"Greater London","Greater London","United Kingdom",51.376827,-0.09604052,,swarm,5afaf7516dcf04002cd07463
"2018-05-15 15:06:04","Croydon University Hospital",Hospital,"530 London Rd","Thornton Heath","Greater London","United Kingdom",51.389446064181,-0.11048569951554,,swarm,5afaf75c0457b7002c2c58a5
"2018-05-15 15:06:21","Croydon Urgent Care Centre","Urgent Care Center","Croydon University Hospital",Croydon,"Greater London","United Kingdom",51.389605269602,-0.11088482355777,,swarm,5afaf76dda5e5600396910b4
"2018-05-15 15:06:30","M&S Food to Go","Grocery Store","Croydon University Hospital","Thornton Heath","Greater London","United Kingdom",51.38918269,-0.11103918,,swarm,5afaf7769de23b002cfcf66f
"2018-05-15 15:06:47","Phlebotomy Dept",Hospital,,,,"United Kingdom",51.389056498781,-0.11147700921858,,swarm,5afaf78710b3030024d8657e
"2018-05-16 06:30:08","Purley Beeches",Park,,,,"United Kingdom",51.340565479506,-0.091184377670288,,swarm,5afbcff0dee770002c4575a6
"2018-05-16 06:30:16",Sanderstead,Village,,,,"United Kingdom",51.333614775203,-0.078792572021484,,swarm,5afbcff8123a19002ca61e07
"2018-05-16 06:30:36","Taylors Gaming Setup","Art Gallery",,,,"United Kingdom",51.340102841403,-0.09205784752541,,swarm,5afbd00cf193c0002c080066
"2018-05-16 06:30:45","Drayson Design",Office,,,,"United Kingdom",51.340028882662,-0.092047667110407,,swarm,5afbd01581635b002c112aa2
"2018-05-16 06:30:56","Purley Downs Road",Road,,,,"United Kingdom",51.340028882662,-0.092047667110407,,swarm,5afbd020dff815002c21f13e
"2018-05-16 06:34:14","Wettern Tree Garden",Park,,"South Croydon","Greater London","United Kingdom",51.343577251329,-0.09280830514212,,swarm,5afbd0e6fd9d73002c860a17
"2018-05-16 06:34:31","St Mary's Church Hall","Community Center",,Sanderstead,"Greater London","United Kingdom",51.344615807122,-0.09347048977298,,swarm,5afbd0f72faed50023292e64
"2018-05-16 06:45:46","Purley Railway Station (PUR)","Rail Station","Station Approach",Purley,"Greater London","United Kingdom",51.337301392194,-0.11392966835929,,swarm,5afbd39ac36588002c5c8be9
"2018-05-16 06:46:07","Purley Oaks Railway Station (PUO)","Rail Station","Brantwood Road","South Croydon","Greater London","United Kingdom",51.34691357283,-0.098642662731793,,swarm,5afbd3af81635b002c126090
"2018-05-16 06:47:19","Platform 5",Platform,"Purley Railway Station",Purley,"Greater London","United Kingdom",51.33723731477,-0.11390982571625,,swarm,5afbd3f7b3d8e2002c1033c5
"2018-05-16 06:47:26","Platform 4",Platform,"Purley Railway Station",Purley,"Greater London","United Kingdom",51.337434816003,-0.11400380978836,,swarm,5afbd3fe492814002c2cf85b
"2018-05-16 06:47:41",Purley,Town,,,,"United Kingdom",51.33761,-0.11551201,,swarm,5afbd40d628c83002cef7993
"2018-05-16 06:47:55","Platform 6",Platform,"Purley Station",Purley,"Greater London","United Kingdom",51.337269166095,-0.11389756505862,,swarm,5afbd41bda5ede002c1ceaf3
"2018-05-16 06:48:04","Purley Train Crew Mess Room","Corporate Amenity",,,,"United Kingdom",51.337143517056,-0.11393416408989,,swarm,5afbd4246bdee6002c163cf3
"2018-05-16 06:48:13","Purley High Street",Road,"913-947 Brighton Rd",Croydon,"Greater London","United Kingdom",51.33910886,-0.11588559,,swarm,5afbd42dfd9d73002c668d18
"2018-05-16 07:04:48",Croydon,Town,,"Greater London","Greater London","United Kingdom",51.376827,-0.09604052,,swarm,5afbd810c21cb100391c3706
"2018-05-16 07:05:00","Merstham Railway Station (MHM)","Rail Station","Station Road",Merstham,Surrey,"United Kingdom",51.26422630453,-0.1500611350009,,swarm,5afbd81cca18ea002c2eb8bb
"2018-05-16 07:05:06","Platform 1",Platform,"Merstham Railway Station",Merstham,Surrey,"United Kingdom",51.263998291341,-0.14995166956012,,swarm,5afbd822b1538e002cd690e2
"2018-05-16 07:05:12","Platform 2",Platform,"Merstham Railway Station  (MHM)",,,"United Kingdom",51.26414,-0.15019867,,swarm,5afbd8281f7440002c9b6bff
"2018-05-16 07:10:10",Redhill,Town,,,,"United Kingdom",51.239779024296,-0.16549269831219,,swarm,5afbd9521f7440002c9ed0bc
"2018-05-16 07:10:16","Redhill Railway Station (RDH)","Rail Station","Redstone Hill",Redhill,Surrey,"United Kingdom",51.240417681383,-0.16543102751023,,swarm,5afbd958dd70c50031a81b27
"2018-05-16 07:10:22","Platform 3",Platform,"Redhill Railway Station",Redhill,Surrey,"United Kingdom",51.24006073436,-0.16559649066118,,swarm,5afbd95e123a19002ca95eed
"2018-05-16 07:10:28","Platform 1",Platform,"Redhill Railway Station (RDH)",Redhill,Surrey,"United Kingdom",51.240834315277,-0.16521330389856,,swarm,5afbd964fd9d73002bc890a3
"2018-05-16 07:10:34","Platform 0",Platform,"Redhill Railway Station",Redhill,Surrey,"United Kingdom",51.240097,-0.16624264,,swarm,5afbd96a3ba767002c8e6b37
"2018-05-16 07:10:42","Platform 1b",Platform,"Redhill Railway Station",,,"United Kingdom",51.24093535366,-0.1650994381205,,swarm,5afbd9720802d4002c662d96
"2018-05-16 07:13:56","Reigate Railway Station (REI)","Rail Station","Station Approach",Reigate,Surrey,"United Kingdom",51.241947240487,-0.20410417671744,,swarm,5afbda34b2958f002c164fef
"2018-05-16 07:14:04",Reigate,Town,,Reigate,,"United Kingdom",51.237255571308,-0.20659446716309,,swarm,5afbda3cd4cc98003979ee78
"2018-05-16 07:14:09","Platform 2",Platform,"Reigate Railway Station",Reigate,Surrey,"United Kingdom",51.24188874578,-0.20417383135074,,swarm,5afbda4186f4cc002c84a909
"2018-05-16 07:14:15","Platform 1",Platform,"Reigate Railway Station (REI)",Reigate,Surrey,"United Kingdom",51.241885804506,-0.20366266034373,,swarm,5afbda47b3d8e2002ce9a24f
"2018-05-16 07:32:45","Reigate College",Education,"Castlefield Rd",Reigate,Surrey,"United Kingdom",51.239924689456,-0.20216757647284,,swarm,5afbde9d840fc2002c1f2b09
"2018-05-16 10:57:36","Redhill Bus Station","Bus Station","Princess Way",Redhill,Surrey,"United Kingdom",51.240643593607,-0.16671090589548,,swarm,5afc0ea0dec1d6002c58f480
"2018-05-16 10:57:56",Sainsbury's,Supermarket,"London Rd",Surrey,Surrey,"United Kingdom",51.241723030315,-0.16710459147437,,swarm,5afc0eb4b6eedb002c0798e1
"2018-05-16 11:49:05","KA Bus Stop","Bus Stop",,,,"United Kingdom",51.37253,-0.096602,,swarm,5afc1ab1b6b04b002c3caa46
"2018-05-16 11:49:12",Croydon,Town,,"Greater London","Greater London","United Kingdom",51.376827,-0.09604052,,swarm,5afc1ab869e77b002c667e27
"2018-05-16 11:49:19","Croydon College Library","College Library",,,,"United Kingdom",51.37323126155,-0.094308659494383,,swarm,5afc1abf4c30be0024c178ec
"2018-05-16 11:49:29","Croydon College","College and University","College Rd",Croydon,"Greater London","United Kingdom",51.373815433189,-0.09612457716477,,swarm,5afc1ac9c530930039a7e5b2
"2018-05-16 11:49:36","Sainsbury's Local","Grocery Store","1-3 Suffolk House, George Street",London,"Greater London","United Kingdom",51.374005310769,-0.096363859815487,,swarm,5afc1ad00d2be7002cb9ef17
"2018-05-16 11:50:02","St George's Walk","Shopping Mall",,Croydon,"Greater London","United Kingdom",51.373291074371,-0.098827789687333,,swarm,5afc1aea5c6838002cbc5cc1
"2018-05-16 12:16:14",TGJones,Newsagent,"34 North End",Croydon,"Greater London","United Kingdom",51.374956,-0.100177,,swarm,5afc210e0868a2002c9a5058
"2018-05-16 12:16:23","Whitgift Centre","Shopping Mall","Wellesley Rd",Croydon,"Greater London","United Kingdom",51.376049493995,-0.10035499504118,,swarm,5afc21175a2c91002c335de1
"2018-05-16 12:16:33",Starbucks,"Coffee Shop","Café Kiosk, Whitgift Centre",Croydon,"Greater London","United Kingdom",51.375642,-0.099915,,swarm,5afc2121e17910002ce8c3b9
"2018-05-16 12:16:45",Currys,"Electronics Store","115/116 Whitgift Centre",Surrey,Surrey,"United Kingdom",51.375748586266,-0.10021674880842,,swarm,5afc212d5455b2002cd1dcd6
"2018-05-16 12:17:02",Shakeaway,"Smoothie Shop","1150 Whitgift Centre",Croydon,"Greater London","United Kingdom",51.375517788215,-0.10003329789871,,swarm,5afc213e0d8a0f002c709617
"2018-05-16 12:17:17","Sports Direct","Sporting Goods Retail","1110-1112 Whitgift Centre",Croydon,"Greater London","United Kingdom",51.375813868523,-0.10052393239402,,swarm,5afc214d4c30be0024c4979d
"2018-05-16 12:56:19","M&S Food to Go","Grocery Store","Croydon University Hospital","Thornton Heath","Greater London","United Kingdom",51.38918269,-0.11103918,,swarm,5afc2a7325ecca002c09547d
"2018-05-16 12:56:29","X-ray Department",Hospital,"Croydon University Hospital",,,"United Kingdom",51.389216636088,-0.11146166588633,,swarm,5afc2a7d340a58002c16bb4e
"2018-05-16 12:56:44","Croydon Urgent Care Centre","Urgent Care Center","Croydon University Hospital",Croydon,"Greater London","United Kingdom",51.389605269602,-0.11088482355777,,swarm,5afc2a8c28374e002cdbb238
"2018-05-16 12:57:03","Croydon University Hospital",Hospital,"530 London Rd","Thornton Heath","Greater London","United Kingdom",51.389446064181,-0.11048569951554,,swarm,5afc2a9fd03360002c8ad6dd
"2018-05-17 09:00:47",Sanderstead,Village,,,,"United Kingdom",51.333614775203,-0.078792572021484,,swarm,5afd44bf872f7d002cbb12e3
"2018-05-17 09:01:10","Taylors Gaming Setup","Art Gallery",,,,"United Kingdom",51.340102841403,-0.09205784752541,,swarm,5afd44d63d4791002cb14323
"2018-05-17 09:01:16","Purley Downs Road",Road,,,,"United Kingdom",51.340028882662,-0.092047667110407,,swarm,5afd44dc4c30be003103aa50
"2018-05-17 09:01:21","Purley Beeches",Park,,,,"United Kingdom",51.340565479506,-0.091184377670288,,swarm,5afd44e1d4cc98003946e22f
"2018-05-17 09:01:35","Wettern Tree Garden",Park,,"South Croydon","Greater London","United Kingdom",51.343577251329,-0.09280830514212,,swarm,5afd44efd1a402002cdd7fa9
"2018-05-17 09:01:41","Purley Downs Golf Club","Golf Course","106 Purley Downs Rd","South Croydon","Greater London","United Kingdom",51.340307884006,-0.0960800687468,,swarm,5afd44f5065ef5002ce9f9f1
"2018-05-17 11:19:09","Reigate College",Education,"Castlefield Rd",Reigate,Surrey,"United Kingdom",51.239924689456,-0.20216757647284,,swarm,5afd652da0215b002c4fe78d
"2018-05-17 11:19:24",Reigate,Town,,Reigate,,"United Kingdom",51.237255571308,-0.20659446716309,,swarm,5afd653c7dc9e1002b7fe25d
"2018-05-17 11:19:31","Platform 2",Platform,"Reigate Railway Station",Reigate,Surrey,"United Kingdom",51.24188874578,-0.20417383135074,,swarm,5afd654389e490002c352e35
"2018-05-17 11:19:47","Reigate Railway Station (REI)","Rail Station","Station Approach",Reigate,Surrey,"United Kingdom",51.241947240487,-0.20410417671744,,swarm,5afd6553b399f7002c3f1ac7
"2018-05-17 11:19:58",Homebase,"Hardware Store","London Road, Rushworth Road",Reigate,Surrey,"United Kingdom",51.241208049606,-0.20367287352986,,swarm,5afd655e419a9e002c829ee6
"2018-05-17 14:06:13",Purley,Town,,,,"United Kingdom",51.33761,-0.11551201,"Getting lunch",swarm,5afd8c5564c8e1002cc40c79
"2018-05-17 14:06:23","Purley High Street",Road,"913-947 Brighton Rd",Croydon,"Greater London","United Kingdom",51.33910886,-0.11588559,,swarm,5afd8c5f5c6838002dc8dc30
"2018-05-17 14:06:29","Purley Railway Station (PUR)","Rail Station","Station Approach",Purley,"Greater London","United Kingdom",51.337301392194,-0.11392966835929,,swarm,5afd8c654f0e58002ced485d
"2018-05-17 14:06:46","Purley War Memorial Hospital",Hospital,"856 Brighton Road",Purley,"Greater London","United Kingdom",51.339896002736,-0.11439881174691,,swarm,5afd8c76db1d81002c53e0f4
"2018-05-17 14:09:05",Subway,"Sandwich Spot","923B Brighton Road",London,,"United Kingdom",51.33916060173,-0.11570881194132,"Lunch with Gordon",swarm,5afd8d0164c8e1002cc46d0c
"2018-05-18 09:29:27",Sanderstead,Village,,,,"United Kingdom",51.333614775203,-0.078792572021484,,swarm,5afe9cf7b6eedb002c433062
"2018-05-18 09:29:34","Purley Beeches",Park,,,,"United Kingdom",51.340565479506,-0.091184377670288,,swarm,5afe9cfe89ad460024fc221c
"2018-05-18 09:29:41","Drayson Design",Office,,,,"United Kingdom",51.340028882662,-0.092047667110407,,swarm,5afe9d05628c830039114a03
"2018-05-18 09:29:49","Taylors Gaming Setup","Art Gallery",,,,"United Kingdom",51.340102841403,-0.09205784752541,,swarm,5afe9d0dbb8d36002df579fb
"2018-05-18 09:29:56","Purley Downs Golf Club","Golf Course","106 Purley Downs Rd","South Croydon","Greater London","United Kingdom",51.340307884006,-0.0960800687468,,swarm,5afe9d1428374e002c327eb3
"2018-05-18 09:38:37","Sanderstead United Reformed Church",Church,,Croydon,"Greater London","United Kingdom",51.340461507503,-0.085124393723267,,swarm,5afe9f1d1fa763002ce5116a
"2018-05-18 09:38:43","Sanderstead Library",Library,"Farm Fields","South Croydon","Greater London","United Kingdom",51.341147,-0.085634,,swarm,5afe9f2356ca62001c07f993
"2018-05-18 09:39:04","Sanderstead Church Hall","Spiritual Center",,"Greater London","Greater London","United Kingdom",51.340357512018,-0.084835973136988,,swarm,5afe9f381953f3002c0b1ef1
"2018-05-18 09:40:48","Sanderstead Railway Station (SNR)","Rail Station","Station Approach","Greater London","Greater London","United Kingdom",51.348359353708,-0.093648288193846,,swarm,5afe9fa0531593002c428736
"2018-05-18 10:48:19","The Lansdowne Building",Office,"2 Lansdowne road",London,"Greater London","United Kingdom",51.376452466538,-0.097069660821351,,swarm,5afeaf73724750002c2fa5f4
"2018-05-18 10:48:26",Croydon,Town,,"Greater London","Greater London","United Kingdom",51.376827,-0.09604052,,swarm,5afeaf7a61f070002c6cee6c
"2018-05-18 10:48:34","Whitgift Centre","Shopping Mall","Wellesley Rd",Croydon,"Greater London","United Kingdom",51.376049493995,-0.10035499504118,,swarm,5afeaf829f8a9f002ccdc3bf
"2018-05-18 10:48:52","East Croydon Railway Station (ECR)","Rail Station","George St",Croydon,"Greater London","United Kingdom",51.37614758063,-0.092609076685877,,swarm,5afeaf94f4b525003926865f
"2018-05-18 11:21:43",Starbucks,"Coffee Shop","Café Kiosk, Whitgift Centre",Croydon,"Greater London","United Kingdom",51.375642,-0.099915,,swarm,5afeb747012358002cec808c
"2018-05-18 11:21:52",Currys,"Electronics Store","115/116 Whitgift Centre",Surrey,Surrey,"United Kingdom",51.375748586266,-0.10021674880842,,swarm,5afeb7506eda02002c1b93b0
"2018-05-18 11:22:00",TGJones,Newsagent,"34 North End",Croydon,"Greater London","United Kingdom",51.374956,-0.100177,,swarm,5afeb7583ba767002cdb3d0e
"2018-05-18 11:59:40",Purley,Town,,,,"United Kingdom",51.33761,-0.11551201,,swarm,5afec02cb1538e002cd331a2
"2018-05-18 12:00:16",PureGym,"Gym and Studio","Royal Oak Centre, Brighton Road",Purley,"Greater London","United Kingdom",51.344647391654,-0.10547056137952,"Putting on calories just looking at the gym 😂",swarm,5afec050d03360002cc27709
"2018-05-18 18:43:34",Purley,Town,,,,"United Kingdom",51.33761,-0.11551201,,swarm,5aff1ed6ea1e44002cc3b458
"2018-05-18 18:43:38","Purley High Street",Road,"913-947 Brighton Rd",Croydon,"Greater London","United Kingdom",51.33910886,-0.11588559,,swarm,5aff1eda4c30be0024135e6b
"2018-05-19 10:34:46","Sanderstead Railway Station (SNR)","Rail Station","Station Approach","Greater London","Greater London","United Kingdom",51.348359353708,-0.093648288193846,"Going to London with Lyn",swarm,5afffdc6f193c0002ccc72a1
"2018-05-19 10:34:58",Croydon,Town,,"Greater London","Greater London","United Kingdom",51.376827,-0.09604052,,swarm,5afffdd22619ee002c86d593
"2018-05-19 10:35:05","The Wine Cellar","Wine Bar","9 Station Approach","South Croydon","Greater London","United Kingdom",51.348033397475,-0.094290943548946,,swarm,5afffdd9419a9e002ceb7f7b
"2018-05-19 10:35:15","Sanderstead Road",Road,,,,"United Kingdom",51.34925511411,-0.095130302425099,,swarm,5afffde3e17910002c84dabf
"2018-05-19 11:33:58",London,City,,"Greater London","Greater London","United Kingdom",51.507674034079,-0.12788772583008,,swarm,5b000ba6598e64002cb4c65c
"2018-05-19 11:40:47",PizzaExpress,Pizzeria,"30 Coptic Street",Bloomsbury,"Greater London","United Kingdom",51.517614366442,-0.12617685013583,"Italian 2 days in a row",swarm,5b000d3f419a9e002cb127bd
"2018-05-19 13:24:55","Dominion Theatre",Theater,"268-269 Tottenham Ct Rd",London,"Greater London","United Kingdom",51.516932077409,-0.12964902622483,"Watching bat out of hell",swarm,5b0025a70802d4002c583541
"2018-05-19 18:01:51","Taylors Gaming Setup","Art Gallery",,,,"United Kingdom",51.340102841403,-0.09205784752541,,swarm,5b00668f1f8ed6002c2c002c
"2018-05-19 18:01:56","Drayson Design",Office,,,,"United Kingdom",51.340028882662,-0.092047667110407,,swarm,5b006694d807ee002cc87752
"2018-05-19 18:02:00","Purley Downs Road",Road,,,,"United Kingdom",51.340028882662,-0.092047667110407,,swarm,5b006698b04056002c489136
"2018-05-19 18:02:06","Purley Beeches",Park,,,,"United Kingdom",51.340565479506,-0.091184377670288,,swarm,5b00669e89ad460024e861d4
"2018-05-19 18:02:13","Purley Downs Golf Club","Golf Course","106 Purley Downs Rd","South Croydon","Greater London","United Kingdom",51.340307884006,-0.0960800687468,,swarm,5b0066a5fd16bb0039ff632b
"2018-05-20 17:51:23","Riddlesdown Field","Other Great Outdoors",,Croydon,"Greater London","United Kingdom",51.324274077193,-0.093008807589457,,swarm,5b01b59bb6eedb002c2a1546
"2018-05-20 17:51:31",Sanderstead,Village,,,,"United Kingdom",51.333614775203,-0.078792572021484,,swarm,5b01b5a3f1936e0039a01d61
"2018-05-20 17:51:39","Riddlesdown Collegiate","High School","Dunmail Drive",Purley,"Greater London","United Kingdom",51.325759258532,-0.087913590813059,,swarm,5b01b5abdb1d81002c42a606
"2018-05-20 17:51:51",Kenley,Neighborhood,,Kenley,"Greater London","United Kingdom",51.321712911362,-0.10148770026643,,swarm,5b01b5b70f013c0039139a08
"2018-05-20 17:52:04","Riddlesdown Woods",Forest,,,,"United Kingdom",51.324956651022,-0.096590615510997,,swarm,5b01b5c4e7a237002cbcd267
"2018-05-21 09:51:43",Croydon,Town,,"Greater London","Greater London","United Kingdom",51.376827,-0.09604052,,swarm,5b0296aff427de002cb23cdb
"2018-05-21 09:51:59","M&S Food to Go","Grocery Store","Croydon University Hospital","Thornton Heath","Greater London","United Kingdom",51.38918269,-0.11103918,,swarm,5b0296bf89e490002c96d59d
"2018-05-21 09:52:42","Croydon University Hospital",Hospital,"530 London Rd","Thornton Heath","Greater London","United Kingdom",51.389446064181,-0.11048569951554,"Endoscopy unit",swarm,5b0296ea419a9e002ce45cf9
"2018-05-21 09:52:52","Croydon Urgent Care Centre","Urgent Care Center","Croydon University Hospital",Croydon,"Greater London","United Kingdom",51.389605269602,-0.11088482355777,,swarm,5b0296f44c30be0024a84b5f
"2018-05-21 09:53:01","Phlebotomy Dept",Hospital,,,,"United Kingdom",51.389056498781,-0.11147700921858,,swarm,5b0296fd3b4e00002cfac6ed
"2018-05-21 14:28:49",Sanderstead,Village,,,,"United Kingdom",51.333614775203,-0.078792572021484,,swarm,5b02d7a10f013c002c67ce46
"2018-05-21 14:28:58","Purley Downs Road",Road,,,,"United Kingdom",51.340028882662,-0.092047667110407,,swarm,5b02d7aa4e8f43002492be72
"2018-05-21 14:29:03","Drayson Design",Office,,,,"United Kingdom",51.340028882662,-0.092047667110407,,swarm,5b02d7afff0306002b04a595
"2018-05-21 14:29:12","Taylors Gaming Setup","Art Gallery",,,,"United Kingdom",51.340102841403,-0.09205784752541,,swarm,5b02d7b8e0c0c9002c1ea682
"2018-05-21 14:29:20","Purley Beeches",Park,,,,"United Kingdom",51.340565479506,-0.091184377670288,,swarm,5b02d7c0c66666002c7314c0
"2018-05-21 14:29:41","Purley Downs Golf Club","Golf Course","106 Purley Downs Rd","South Croydon","Greater London","United Kingdom",51.340307884006,-0.0960800687468,,swarm,5b02d7d5061b51002cfb7e6e
"2018-05-22 09:36:02",Sanderstead,Village,,,,"United Kingdom",51.333614775203,-0.078792572021484,,swarm,5b03e482fd9d73002c9fc788
"2018-05-22 09:36:08","Wettern Tree Garden",Park,,"South Croydon","Greater London","United Kingdom",51.343577251329,-0.09280830514212,,swarm,5b03e4883b4e00003936cb49
"2018-05-22 09:36:46","Sanderstead Railway Station (SNR)","Rail Station","Station Approach","Greater London","Greater London","United Kingdom",51.348359353708,-0.093648288193846,,swarm,5b03e4ae7269fe002c7f054c
"2018-05-22 09:56:30","The Lansdowne Building",Office,"2 Lansdowne road",London,"Greater London","United Kingdom",51.376452466538,-0.097069660821351,"Spinal care",swarm,5b03e94ef4b5250039943db1
"2018-05-22 09:56:35",Croydon,Town,,"Greater London","Greater London","United Kingdom",51.376827,-0.09604052,,swarm,5b03e9531953f3002c2ae032
"2018-05-22 09:56:43","Whitgift Centre","Shopping Mall","Wellesley Rd",Croydon,"Greater London","United Kingdom",51.376049493995,-0.10035499504118,,swarm,5b03e95b3e70ff002467093b
"2018-05-22 10:32:15",Primark,"Clothing Store","5-9 North End, High St",London,"Greater London","United Kingdom",51.3740488,-0.1010776,,swarm,5b03f1afcad1b6002ca44fcc
"2018-05-22 10:39:14","Croydon Clocktower",Museum,"9 Katherine St",Croydon,"Greater London","United Kingdom",51.371444436265,-0.10014506765314,,swarm,5b03f3520fe7a0002c4e9c90
"2018-05-22 10:39:22","Croydon Town Hall","Town Hall","Katharine St.",Croydon,"Greater London","United Kingdom",51.372245333763,-0.099187524967558,,swarm,5b03f35a8c35dc002cedb475
"2018-05-22 10:39:34","St George's Walk","Shopping Mall",,Croydon,"Greater London","United Kingdom",51.373291074371,-0.098827789687333,,swarm,5b03f36659c4230039d72e32
"2018-05-22 12:36:00","Selsdon Primary School","Elementary School","Addington Road",Croydon,"Greater London","United Kingdom",51.3474231,-0.051621785714286,,swarm,5b040eb05d891b002c34e460
"2018-05-22 12:36:08",ALDI,Supermarket,,"South Croydon","Greater London","United Kingdom",51.345030889708,-0.059178270486297,,swarm,5b040eb88a6f17002cbd3218
"2018-05-22 13:11:02","Riddlesdown Field","Other Great Outdoors",,Croydon,"Greater London","United Kingdom",51.324274077193,-0.093008807589457,,swarm,5b0416e6b2958f002cf6b9e9
"2018-05-22 13:37:29","Addington Hills","Scenic Lookout","Oaks Road",Croydon,"Greater London","United Kingdom",51.361723007016,-0.057727221941463,,swarm,5b041d194c9be600396b8783
"2018-05-22 15:43:55",Halfords,"Automotive Repair Shop","568-570, Wickham Road",Croydon,"Greater London","United Kingdom",51.376840161761,-0.033737789433944,,swarm,5b043abb3ba767002cff1cc4
"2018-05-22 17:51:56","Drayson Design",Office,,,,"United Kingdom",51.340028882662,-0.092047667110407,,swarm,5b0458bcf0b490002c438dbd
"2018-05-22 17:52:03","Purley Downs Road",Road,,,,"United Kingdom",51.340028882662,-0.092047667110407,,swarm,5b0458c3d03360002cc996e4
"2018-05-22 17:52:11","Taylors Gaming Setup","Art Gallery",,,,"United Kingdom",51.340102841403,-0.09205784752541,,swarm,5b0458cb088158002cb75821
"2018-05-22 17:52:16","Purley Beeches",Park,,,,"United Kingdom",51.340565479506,-0.091184377670288,,swarm,5b0458d08c35dc002cc9dbd1
"2018-05-22 17:52:26","Purley Downs Golf Club","Golf Course","106 Purley Downs Rd","South Croydon","Greater London","United Kingdom",51.340307884006,-0.0960800687468,,swarm,5b0458daf62e0900397359c5
"2018-05-23 11:08:54",PureGym,"Gym and Studio","Royal Oak Centre, Brighton Road",Purley,"Greater London","United Kingdom",51.344647391654,-0.10547056137952,,swarm,5b054bc67e4b4e0024a74232
"2018-05-23 11:09:03",Purley,Town,,,,"United Kingdom",51.33761,-0.11551201,,swarm,5b054bcfb25fee0039c8f8b7
"2018-05-23 11:09:27","Purley Oaks Recycling Centre","Recycling Facility","Brighton Rd",Croydon,"Greater London","United Kingdom",51.345474268244,-0.10298693234999,,swarm,5b054be7598e64002c9aa145
"2018-05-23 11:09:38",Sanderstead,Village,,,,"United Kingdom",51.333614775203,-0.078792572021484,,swarm,5b054bf260d11b002cff4f46
"2018-05-23 15:16:10","Drayson Design",Office,,,,"United Kingdom",51.340028882662,-0.092047667110407,,swarm,5b0585ba295513002cff2b65
"2018-05-23 15:16:16","Taylors Gaming Setup","Art Gallery",,,,"United Kingdom",51.340102841403,-0.09205784752541,,swarm,5b0585c067f62b002d4512e8
"2018-05-23 15:16:28","Purley Downs Road",Road,,,,"United Kingdom",51.340028882662,-0.092047667110407,,swarm,5b0585cc112c6c002c450c49
"2018-05-23 15:16:35","Purley Downs Golf Club","Golf Course","106 Purley Downs Rd","South Croydon","Greater London","United Kingdom",51.340307884006,-0.0960800687468,,swarm,5b0585d3d41bb7002ca32974
"2018-05-23 15:16:41","Purley Beeches",Park,,,,"United Kingdom",51.340565479506,-0.091184377670288,,swarm,5b0585d9a30619002cd7fd1e
"2018-05-24 08:05:32",Sanderstead,Village,,,,"United Kingdom",51.333614775203,-0.078792572021484,,swarm,5b06724ca4ba7c002c95aea7
"2018-05-24 08:05:45","Drayson Design",Office,,,,"United Kingdom",51.340028882662,-0.092047667110407,,swarm,5b0672593b4e00002c8b92f0
"2018-05-24 08:05:51","Purley Downs Road",Road,,,,"United Kingdom",51.340028882662,-0.092047667110407,,swarm,5b06725f0a08ab002c1adf86
"2018-05-24 08:05:57","Taylors Gaming Setup","Art Gallery",,,,"United Kingdom",51.340102841403,-0.09205784752541,,swarm,5b067265531593002c518e88
"2018-05-24 08:06:14","Purley Beeches",Park,,,,"United Kingdom",51.340565479506,-0.091184377670288,,swarm,5b0672768d0a53002ce293db
"2018-05-24 08:06:21","Purley Downs Golf Club","Golf Course","106 Purley Downs Rd","South Croydon","Greater London","United Kingdom",51.340307884006,-0.0960800687468,,swarm,5b06727db23dfa002c5387f1
"2018-05-24 09:14:50",McDermott's,"Fish and Chips Shop","5-7 Featherbed Lane",Surrey,Surrey,"United Kingdom",51.350887885683,-0.038014795131808,,swarm,5b06828aee712000396c4aa5
"2018-05-24 09:36:00","Caffè Nero","Coffee Shop","55 High St",London,"Greater London","United Kingdom",51.37618262357,-0.017538422074036,,swarm,5b068780dd8442002c9891f9
"2018-05-24 09:51:35","Coney Hall Recreation Ground",Park,"Church Drive","Coney Hall","Greater London","United Kingdom",51.367131984173,-0.0021028518676758,,swarm,5b068b27dab4b100398a893e
"2018-05-24 10:42:19","Sanderstead United Reformed Church",Church,,Croydon,"Greater London","United Kingdom",51.340461507503,-0.085124393723267,,swarm,5b06970bda5e56002ce9345d
"2018-05-24 10:51:24","Sanderstead Railway Station (SNR)","Rail Station","Station Approach","Greater London","Greater London","United Kingdom",51.348359353708,-0.093648288193846,,swarm,5b06992c89e490002c8aa590
"2018-05-24 12:48:15",Reigate,Town,,Reigate,,"United Kingdom",51.237255571308,-0.20659446716309,,swarm,5b06b48f64c8e1002cb5c6f0
"2018-05-24 12:49:09",Wagamama,"Asian Restaurant","35 Bell St",Reigate,Surrey,"United Kingdom",51.236801751372,-0.20504891516969,"Lunch with Lyn before college",swarm,5b06b4c5da7080002c49e9be
"2018-05-24 12:49:17","Domino's Pizza",Pizzeria,"57 Bell St",Reigate,Surrey,"United Kingdom",51.235831826137,-0.2045775056506,,swarm,5b06b4cd51950e002c2cbaba
"2018-05-24 13:53:22",Morrisons,Supermarket,"22-32 Bell St,",Reigate,Surrey,"United Kingdom",51.236965880174,-0.20745750208431,,swarm,5b06c3d21c675b002c6772f9
"2018-05-24 15:42:01",Redhill,Town,,,,"United Kingdom",51.239779024296,-0.16549269831219,,swarm,5b06dd495455b2002c5248ba
"2018-05-24 15:42:11","Redhill Railway Station (RDH)","Rail Station","Redstone Hill",Redhill,Surrey,"United Kingdom",51.240417681383,-0.16543102751023,,swarm,5b06dd53c824ae002c2027e0
"2018-05-24 15:42:20",Puccino's,"Coffee Shop","Redhill Railway Station",Redhill,Surrey,"United Kingdom",51.240439046157,-0.16518704075208,,swarm,5b06dd5cc8b2fb002c303073
"2018-05-24 15:42:25","Platform 1b",Platform,"Redhill Railway Station",,,"United Kingdom",51.24093535366,-0.1650994381205,,swarm,5b06dd6160255e002c99fc51
"2018-05-24 15:42:29","Platform 1",Platform,"Redhill Railway Station (RDH)",Redhill,Surrey,"United Kingdom",51.240834315277,-0.16521330389856,,swarm,5b06dd654e8f4300240bd3d6
"2018-05-24 15:42:34","Platform 2",Platform,"Redhill Railway Station","Greater London","Greater London","United Kingdom",51.24075934515,-0.16519418555729,,swarm,5b06dd6a135b39002c015c6f
"2018-05-24 15:42:41","Platform 0",Platform,"Redhill Railway Station",Redhill,Surrey,"United Kingdom",51.240097,-0.16624264,,swarm,5b06dd7118d43b002c568b80
"2018-05-24 15:42:50","Platform 2b",Platform,"Redhill Railway Station",Redhill,Surrey,"United Kingdom",51.240898735689,-0.16516771888208,,swarm,5b06dd7ac47cf9003960237d
"2018-05-24 16:08:29","East Croydon Railway Station (ECR)","Rail Station","George St",Croydon,"Greater London","United Kingdom",51.37614758063,-0.092609076685877,,swarm,5b06e37d1ffe97002c131f1f
"2018-05-24 16:08:40",Croydon,Town,,"Greater London","Greater London","United Kingdom",51.376827,-0.09604052,,swarm,5b06e388840fc2003312aa08
"2018-05-24 16:08:47","The Lansdowne Building",Office,"2 Lansdowne road",London,"Greater London","United Kingdom",51.376452466538,-0.097069660821351,,swarm,5b06e38fa795bd002c18b7aa
"2018-05-24 16:08:54","My Local","Grocery Store","6a Lansdowne Rd",Croydon,"Greater London","United Kingdom",51.376480892433,-0.096620751063546,,swarm,5b06e3968194fc002ca31c5e
"2018-05-24 17:40:42","The Odd Shoe",Pub,,Croydon,"Greater London","United Kingdom",51.373318603651,-0.098793448448444,,swarm,5b06f91af5e9d7002c95024d
"2018-05-24 17:45:20",Croydon,Town,,"Greater London","Greater London","United Kingdom",51.376827,-0.09604052,,swarm,5b06fa300a08ab002cdf7359
"2018-05-24 17:45:26","Tesco Express","Grocery Store","South End","South Croydon","Greater London","United Kingdom",51.363519429256,-0.098174371629304,,swarm,5b06fa3664c8e1002cdba2dc
"2018-05-24 17:45:34","Cycle King","Bicycle Store","26-40 Brighton Rd",Croydon,"Greater London","United Kingdom",51.363231944437,-0.098531123416033,,swarm,5b06fa3e89ad46002434bc6e
"2018-05-25 12:27:30","Tesco Esso Express","Grocery Store","Wickham Rd",Croydon,"Greater London","United Kingdom",51.376714161827,-0.034479938665159,,swarm,5b080132d4cc9800394b7ce8
"2018-05-25 13:14:17","Purley Downs Road",Road,,,,"United Kingdom",51.340028882662,-0.092047667110407,,swarm,5b080c293b4e00002c41776e
"2018-05-25 13:14:25",Sanderstead,Village,,,,"United Kingdom",51.333614775203,-0.078792572021484,,swarm,5b080c318e886a002ce228f6
"2018-05-25 13:14:31","Purley Beeches",Park,,,,"United Kingdom",51.340565479506,-0.091184377670288,,swarm,5b080c371987ec002cdfdd6b
"2018-05-25 13:14:38","Drayson Design",Office,,,,"United Kingdom",51.340028882662,-0.092047667110407,,swarm,5b080c3ee65d0c002ce2543c
"2018-05-25 13:14:45","Taylors Gaming Setup","Art Gallery",,,,"United Kingdom",51.340102841403,-0.09205784752541,,swarm,5b080c45791871002cd04bd7
"2018-05-25 13:14:55","Purley Downs Golf Club","Golf Course","106 Purley Downs Rd","South Croydon","Greater London","United Kingdom",51.340307884006,-0.0960800687468,,swarm,5b080c4ff5e9d7002c06ea27
"2018-05-26 15:06:24",Sanderstead,Village,,,,"United Kingdom",51.333614775203,-0.078792572021484,,swarm,5b0977f0646e38002c726415
"2018-05-26 15:06:28","Drayson Design",Office,,,,"United Kingdom",51.340028882662,-0.092047667110407,,swarm,5b0977f4646e38002c7266e6
"2018-05-26 15:06:33","Taylors Gaming Setup","Art Gallery",,,,"United Kingdom",51.340102841403,-0.09205784752541,,swarm,5b0977f9d552c7002cfc9ea4
"2018-05-26 15:06:38","Purley Downs Road",Road,,,,"United Kingdom",51.340028882662,-0.092047667110407,,swarm,5b0977fe1ffe970039b69468
"2018-05-26 15:06:43","Purley Beeches",Park,,,,"United Kingdom",51.340565479506,-0.091184377670288,,swarm,5b097803838e59002c410f66
"2018-05-26 15:06:50","Purley Downs Golf Club","Golf Course","106 Purley Downs Rd","South Croydon","Greater London","United Kingdom",51.340307884006,-0.0960800687468,,swarm,5b09780a48b04e002cb207f7
"2018-05-26 18:31:30",Kenley,Neighborhood,,Kenley,"Greater London","United Kingdom",51.321712911362,-0.10148770026643,,swarm,5b09a802b399f7002c839563
"2018-05-26 18:31:37","Reedham Railway Station (RHM)","Rail Station","Old Lodge Lane",Purley,"Greater London","United Kingdom",51.330865294928,-0.12332489069792,,swarm,5b09a809f62f2b002cc2868c
"2018-05-26 18:40:21",Caterham,Town,,Surrey,Surrey,"United Kingdom",51.282745080715,-0.078450422313374,,swarm,5b09aa15646e38002c917c07
"2018-05-26 19:02:14",Nando's,"Portuguese Restaurant","Crawley Leisure Park",Crawley,"West Sussex","United Kingdom",51.12027941,-0.18943939,,swarm,5b09af361f7440002c9a7e71
"2018-05-26 19:02:53",Crawley,Town,,"West Sussex","West Sussex","United Kingdom",51.112448027696,-0.18591735439814,,swarm,5b09af5d840fc2002c4b85ad
"2018-05-26 19:04:18",McDonald's,"Fast Food Restaurant","Crawley Leisure Park London Road",Crawley,"West Sussex","United Kingdom",51.120467230698,-0.18887020191288,"My first big mac",swarm,5b09afb286bc49002c9e9ec4
"2018-05-26 19:31:04","Crawley Leisure Park","Arts and Entertainment","London Rd.",Crawley,"West Sussex","United Kingdom",51.120019712395,-0.18913870321266,Gordon,swarm,5b09b5f82a7ab6002c37a38f
"2018-05-27 09:48:09",Sanderstead,Village,,,,"United Kingdom",51.333614775203,-0.078792572021484,,swarm,5b0a7ed9e65d0c002c5ac869
"2018-05-27 09:48:20","Taylors Gaming Setup","Art Gallery",,,,"United Kingdom",51.340102841403,-0.09205784752541,,swarm,5b0a7ee4db1d81002caf99ca
"2018-05-27 09:48:25","Drayson Design",Office,,,,"United Kingdom",51.340028882662,-0.092047667110407,,swarm,5b0a7ee99deb7d002c4a32d6
"2018-05-27 09:48:30","Purley Beeches",Park,,,,"United Kingdom",51.340565479506,-0.091184377670288,,swarm,5b0a7eee829b0c002cad50df
"2018-05-27 09:48:40","Purley Downs Road",Road,,,,"United Kingdom",51.340028882662,-0.092047667110407,,swarm,5b0a7ef8a4b51b002c4add94
"2018-05-27 09:48:45","Purley Downs Golf Club","Golf Course","106 Purley Downs Rd","South Croydon","Greater London","United Kingdom",51.340307884006,-0.0960800687468,,swarm,5b0a7efd3ba767002c836820
"2018-05-27 13:11:30","Battle Sector X","Laser Tag Center",,Rochester,Kent,"United Kingdom",51.39862,0.517114,"with Gordon",swarm,5b0aae82340a58002c90f96f
"2018-05-27 16:46:53","Spoon World Buffet","Chinese Restaurant","94-100 High St",Chatham,Kent,"United Kingdom",51.383693960473,0.5213425214344,,swarm,5b0ae0fdb399f7002cb6487b
"2018-05-28 12:30:37","East Croydon Railway Station (ECR)","Rail Station","George St",Croydon,"Greater London","United Kingdom",51.37614758063,-0.092609076685877,,swarm,5b0bf66d598e64002c4e78a4
"2018-05-28 12:30:54","Platform 4",Platform,"East Croydon Railway Station (ECR)",Surrey,Surrey,"United Kingdom",51.376277346748,-0.092688265617725,,swarm,5b0bf67e1fa763002c1b664f
"2018-05-28 12:31:02","AMT Coffee","Coffee Shop","East Croydon Railway Station",Croydon,"Greater London","United Kingdom",51.376208625039,-0.092781114076736,,swarm,5b0bf68689ad460024a97067
"2018-05-28 13:16:02",Nando's,"Portuguese Restaurant","225-227 Clink St","South Bank","Greater London","United Kingdom",51.50731709,-0.09248777,,swarm,5b0c011256c89f002cd4ab5f
"2018-05-28 13:16:10","South Bank",Neighborhood,,London,"Greater London","United Kingdom",51.50735475386,-0.10960578918457,,swarm,5b0c011a6fd626002cf5bc16
"2018-05-28 13:16:23",wagamama,"Asian Restaurant","1 clink street",London,"Greater London","United Kingdom",51.507031037033,-0.091992082695128,,swarm,5b0c01275455b2002c77e737
"2018-05-28 14:09:01","Tate Modern","Art Museum","53 Bankside",London,"Greater London","United Kingdom",51.507704083867,-0.099456310272217,,swarm,5b0c0d7d6336be002ca35325
"2018-05-28 15:29:09",Vapiano,"Italian Restaurant","90b Southwark St",London,"Greater London","United Kingdom",51.505625100313,-0.097560112315589,,swarm,5b0c2045a35dce002cb9c66c
"2018-05-28 15:58:00",McDonald's,"Fast Food Restaurant","152/153 FLEET STREET",London,"Greater London","United Kingdom",51.514487,-0.107882,"Smoothie at McDonald’s",swarm,5b0c2708ad1789002c8c416c
"2018-05-28 16:35:57","The Square Mile | City of London",City,,"Greater London","Greater London","United Kingdom",51.515926964285,-0.092310905456543,,swarm,5b0c2fed4940bc002ce12581
"2018-05-28 16:36:14","Wall Street Journal Europe",Office,"10 Fleet Place",London,"Greater London","United Kingdom",51.514716499976,-0.10330576212523,,swarm,5b0c2ffe464d65002c867519
"2018-05-28 16:36:23","City Thameslink Station Bus Stop","Bus Stop",,,,"United Kingdom",51.514605211246,-0.10337346718874,,swarm,5b0c30078fb09e003969f81d
"2018-05-28 16:36:28","City Thameslink Railway Station (CTK)","Rail Station","Ludgate Hill",London,"Greater London","United Kingdom",51.514461578311,-0.10350514607086,,swarm,5b0c300cba57b4002c371df4
"2018-05-28 17:46:59",Sanderstead,Village,,,,"United Kingdom",51.333614775203,-0.078792572021484,,swarm,5b0c40939d6a19002c1a7bd3
"2018-05-28 17:47:03","Taylors Gaming Setup","Art Gallery",,,,"United Kingdom",51.340102841403,-0.09205784752541,,swarm,5b0c40978fb09e003973b51a
"2018-05-28 17:47:09","Drayson Design",Office,,,,"United Kingdom",51.340028882662,-0.092047667110407,,swarm,5b0c409dc0cacb002c80b296
"2018-05-28 17:47:13","Purley Downs Road",Road,,,,"United Kingdom",51.340028882662,-0.092047667110407,,swarm,5b0c40a1c0cacb002cd401b8
"2018-05-28 17:47:20","Purley Beeches",Park,,,,"United Kingdom",51.340565479506,-0.091184377670288,,swarm,5b0c40a84b78c5002c45962b
"2018-05-28 17:47:38","Purley Downs Golf Club","Golf Course","106 Purley Downs Rd","South Croydon","Greater London","United Kingdom",51.340307884006,-0.0960800687468,,swarm,5b0c40ba1c062d00241cefac
"2018-05-29 09:07:20",Sanderstead,Village,,,,"United Kingdom",51.333614775203,-0.078792572021484,,swarm,5b0d184812c8f0002ca85659
"2018-05-29 09:07:26","Purley Downs Road",Road,,,,"United Kingdom",51.340028882662,-0.092047667110407,,swarm,5b0d184ead1789002c8388ae
"2018-05-29 09:07:32","Taylors Gaming Setup","Art Gallery",,,,"United Kingdom",51.340102841403,-0.09205784752541,,swarm,5b0d18541ffe970039696dfe
"2018-05-29 09:07:38","Drayson Design",Office,,,,"United Kingdom",51.340028882662,-0.092047667110407,,swarm,5b0d185a0fe7a0002db88e66
"2018-05-29 09:07:44","Purley Beeches",Park,,,,"United Kingdom",51.340565479506,-0.091184377670288,,swarm,5b0d18609ef8ef002cce8766
"2018-05-29 09:07:50","Purley Downs Golf Club","Golf Course","106 Purley Downs Rd","South Croydon","Greater London","United Kingdom",51.340307884006,-0.0960800687468,,swarm,5b0d1866c84d1800316e2811
"2018-05-29 10:06:28","Purley War Memorial Hospital",Hospital,"856 Brighton Road",Purley,"Greater London","United Kingdom",51.339896002736,-0.11439881174691,"Blood tests this morning",swarm,5b0d2624033693002ce65907
"2018-05-29 10:23:07",Purley,Town,,,,"United Kingdom",51.33761,-0.11551201,,swarm,5b0d2a0b3af988002cc529af
"2018-05-29 10:23:23","Purley Oaks Recycling Centre","Recycling Facility","Brighton Rd",Croydon,"Greater London","United Kingdom",51.345474268244,-0.10298693234999,,swarm,5b0d2a1bf96b2c002c675e97
"2018-05-29 12:06:44",Croydon,Town,,"Greater London","Greater London","United Kingdom",51.376827,-0.09604052,,swarm,5b0d4254054e29002c4b6d72
"2018-05-29 12:06:50","The Lansdowne Building",Office,"2 Lansdowne road",London,"Greater London","United Kingdom",51.376452466538,-0.097069660821351,,swarm,5b0d425ab37e2b002cf77bc1
"2018-05-29 12:07:12","Whitgift Centre","Shopping Mall","Wellesley Rd",Croydon,"Greater London","United Kingdom",51.376049493995,-0.10035499504118,,swarm,5b0d4270625a66002c4a3e48
"2018-05-29 12:39:25","Eats Cafe","Sandwich Spot",,"Greater London","Greater London","United Kingdom",51.353371661341,-0.09345641096385,,swarm,5b0d49fd35d3fc002c7bcd73
"2018-05-30 08:17:18",Sanderstead,Village,,,,"United Kingdom",51.333614775203,-0.078792572021484,,swarm,5b0e5e0ee65d0c002c25b7b7
"2018-05-30 08:17:23","Purley Downs Road",Road,,,,"United Kingdom",51.340028882662,-0.092047667110407,,swarm,5b0e5e138d0a53002c975a84
"2018-05-30 08:17:28","Taylors Gaming Setup","Art Gallery",,,,"United Kingdom",51.340102841403,-0.09205784752541,,swarm,5b0e5e181fa763002c30122e
"2018-05-30 08:17:34","Drayson Design",Office,,,,"United Kingdom",51.340028882662,-0.092047667110407,,swarm,5b0e5e1ef62f2b002cd7ef69
"2018-05-30 08:17:43","Purley Beeches",Park,,,,"United Kingdom",51.340565479506,-0.091184377670288,,swarm,5b0e5e2788a48b0024941fab
"2018-05-30 08:17:49","Purley Downs Golf Club","Golf Course","106 Purley Downs Rd","South Croydon","Greater London","United Kingdom",51.340307884006,-0.0960800687468,,swarm,5b0e5e2dc03635002c4038aa
"2018-05-30 10:29:31","Harvington Estate",Park,,Bromley,"Greater London","United Kingdom",51.394886317275,-0.025696717312682,,swarm,5b0e7d0ba2a6ce002cc6cf33
"2018-05-30 12:25:55","Wettern Tree Garden",Park,,"South Croydon","Greater London","United Kingdom",51.343577251329,-0.09280830514212,,swarm,5b0e9853b9ac38002ccdcd15
"2018-05-31 10:42:28","Coney Hall Recreation Ground",Park,"Church Drive","Coney Hall","Greater London","United Kingdom",51.367131984173,-0.0021028518676758,,swarm,5b0fd19486f4cc002cf06739
"2018-05-31 11:21:25","The George",Pub,"29 Hayes St",London,"Greater London","United Kingdom",51.379378523697,0.018424243519003,,swarm,5b0fdab5234724002cce79bd
"2018-05-31 11:40:48",Lidl,Supermarket,"Glebe Way","West Wickham","Greater London","United Kingdom",51.375333275647,-0.012768684767803,,swarm,5b0fdf40911fc4002c7f2d19
"2018-05-31 18:39:17","Purley War Memorial Hospital",Hospital,"856 Brighton Road",Purley,"Greater London","United Kingdom",51.339896002736,-0.11439881174691,,swarm,5b104155cad1b6002c180355
"2018-05-31 18:39:23",Purley,Town,,,,"United Kingdom",51.33761,-0.11551201,,swarm,5b10415b89ad46002404ac70
"2018-05-31 18:39:30","Purley High Street",Road,"913-947 Brighton Rd",Croydon,"Greater London","United Kingdom",51.33910886,-0.11588559,,swarm,5b1041624c9be6002c61268d
"2018-05-31 18:39:43",KFC,"Fast Food Restaurant","11 High St",Purley,"Greater London","United Kingdom",51.3397928,-0.1141255,Dinner!!,swarm,5b10416f79f6c7002c8e3e9d
"2018-05-31 18:40:42",Subway,"Sandwich Spot","923B Brighton Road",London,,"United Kingdom",51.33916060173,-0.11570881194132,,swarm,5b1041aa625a66002ce1f3a3
"2018-05-31 20:40:35","Drayson Design",Office,,,,"United Kingdom",51.340028882662,-0.092047667110407,,swarm,5b105dc335811b002c065240
"2018-05-31 20:40:42",Sanderstead,Village,,,,"United Kingdom",51.333614775203,-0.078792572021484,,swarm,5b105dca2f97ec002c770a43
"2018-05-31 20:40:47","Taylors Gaming Setup","Art Gallery",,,,"United Kingdom",51.340102841403,-0.09205784752541,,swarm,5b105dcfe4c459002cff1300
"2018-05-31 20:40:53","Purley Downs Road",Road,,,,"United Kingdom",51.340028882662,-0.092047667110407,,swarm,5b105dd54420d8002c7e4701
"2018-05-31 20:40:59","Purley Beeches",Park,,,,"United Kingdom",51.340565479506,-0.091184377670288,,swarm,5b105ddb6adbf5002cf0d860
"2018-05-31 20:41:05","Purley Downs Golf Club","Golf Course","106 Purley Downs Rd","South Croydon","Greater London","United Kingdom",51.340307884006,-0.0960800687468,,swarm,5b105de11acf11002c959059
"2018-06-01 09:50:14","Sanderstead Railway Station (SNR)","Rail Station","Station Approach","Greater London","Greater London","United Kingdom",51.348359353708,-0.093648288193846,,swarm,5b1116d62d2fd9002c8da078
"2018-06-01 09:50:21",Croydon,Town,,"Greater London","Greater London","United Kingdom",51.376827,-0.09604052,,swarm,5b1116dd1fa763002c49dd1e
"2018-06-01 09:50:42","St Mary's Church Hall","Community Center",,Sanderstead,"Greater London","United Kingdom",51.344615807122,-0.09347048977298,,swarm,5b1116f2febf31002cb933c9
"2018-06-01 10:19:15","The Lansdowne Building",Office,"2 Lansdowne road",London,"Greater London","United Kingdom",51.376452466538,-0.097069660821351,,swarm,5b111da33731ee002cd78163
"2018-06-01 10:19:27","Whitgift Centre","Shopping Mall","Wellesley Rd",Croydon,"Greater London","United Kingdom",51.376049493995,-0.10035499504118,,swarm,5b111daf4b78c5002c1ee2bf
"2018-06-01 10:19:38",Croydon,Town,,"Greater London","Greater London","United Kingdom",51.376827,-0.09604052,,swarm,5b111dba79f6c7002c7b56d9
"2018-06-01 10:29:44","Croydon Town Hall","Town Hall","Katharine St.",Croydon,"Greater London","United Kingdom",51.372245333763,-0.099187524967558,,swarm,5b112018c8b2fb002c2a8eb8
"2018-06-01 10:29:54","Croydon Clocktower",Museum,"9 Katherine St",Croydon,"Greater London","United Kingdom",51.371444436265,-0.10014506765314,,swarm,5b112022f62e09002cc48937
"2018-06-01 10:30:16","St George's Walk","Shopping Mall",,Croydon,"Greater London","United Kingdom",51.373291074371,-0.098827789687333,,swarm,5b112038065ef5002c20a50f
"2018-06-01 13:09:39","Eats Cafe","Sandwich Spot",,"Greater London","Greater London","United Kingdom",51.353371661341,-0.09345641096385,,swarm,5b1145934b78c5002c493236
"2018-06-01 13:33:33",Currys,"Electronics Store","12 Trojan Way, Purley Way",Croydon,"Greater London","United Kingdom",51.373038604021,-0.1192531501256,,swarm,5b114b2dba57b4002c808429
"2018-06-01 14:13:57","Pizza Hut",Pizzeria,"The Colonnades, Purley Way",Croydon,"Greater London","United Kingdom",51.3560531,-0.1144847,"First drive out in my car — with Gordon",swarm,5b1154a5e97dfb002ccc785c
"2018-06-01 15:48:11","Eats Cafe","Sandwich Spot",,"Greater London","Greater London","United Kingdom",51.353371661341,-0.09345641096385,,swarm,5b116abb4c954c002c9c3527
"2018-06-01 16:32:18","Emmanuel Church",Church,"Normanton road","South Croydon","Greater London","United Kingdom",51.356784820557,-0.088843815028667,,swarm,5b1175124f0e58002c9fd09c
"2018-06-02 07:39:49",Sanderstead,Village,,,,"United Kingdom",51.333614775203,-0.078792572021484,,swarm,5b1249c53b8307002c52364a
"2018-06-02 07:40:10","Purley Beeches",Park,,,,"United Kingdom",51.340565479506,-0.091184377670288,,swarm,5b1249dab3d8e2002c8c25be
"2018-06-02 07:40:14","Taylors Gaming Setup","Art Gallery",,,,"United Kingdom",51.340102841403,-0.09205784752541,,swarm,5b1249ded7627e002c320003
"2018-06-02 07:40:20","Drayson Design",Office,,,,"United Kingdom",51.340028882662,-0.092047667110407,,swarm,5b1249e4464d65002c4dc66a
"2018-06-02 07:40:34","Purley Downs Road",Road,,,,"United Kingdom",51.340028882662,-0.092047667110407,,swarm,5b1249f2065ef5002cacb6b8
"2018-06-02 07:40:41","Purley Downs Golf Club","Golf Course","106 Purley Downs Rd","South Croydon","Greater London","United Kingdom",51.340307884006,-0.0960800687468,,swarm,5b1249f91cf2e1002bc348f1
"2018-06-02 08:47:37","The Shy Horse",Pub,"423 Leatherhead Rd",London,"Greater London","United Kingdom",51.337101272206,-0.31983459828685,,swarm,5b1259a93fcee8002c3ac49e
"2018-06-02 09:57:57",Rattlesnake,Attraction,"Chessington World of Adventures","Greater London","Greater London","United Kingdom",51.34889722341,-0.31774932125576,,swarm,5b126a25f5e9d7002c69ed48
"2018-06-02 09:58:20","Chessington World of Adventures Resort","Amusement Park","Leatherhead Rd",Chessington,"Greater London","United Kingdom",51.3472173,-0.3192127,,swarm,5b126a3ce0c0c9002c47a477
"2018-06-02 11:13:01",Vampire,Attraction,"Chessington World of Adventures",Chessington,"Greater London","United Kingdom",51.346974908234,-0.31596100449967,,swarm,5b127bbde17910002c97d51f
"2018-06-02 11:57:08","Sealion Bay","Zoo Exhibit","Chessington World of Adventures","Greater London","Greater London","United Kingdom",51.348225837583,-0.31581770207814,"Aaron in his natural habitat",swarm,5b1286141f7440002c5a4430
"2018-06-02 12:16:33","SEA LIFE Chessington",Aquarium,"Chessington World of Adventures",Chessington,"Greater London","United Kingdom",51.349516885193,-0.31563486358754,,swarm,5b128aa14b78c5002cca3649
"2018-06-02 12:26:24","The Gruffalo Arena","Outdoor Event Space","Chessington World of Adventures",Chessington,"Greater London","United Kingdom",51.348537,-0.31766105,,swarm,5b128cf079f6c7002c280623
"2018-06-02 12:26:32","Scorpion Express",Attraction,"Chessington World of Adventures Resort",Chessington,"Greater London","United Kingdom",51.349468384495,-0.31754691955329,,swarm,5b128cf8c0cacb002cdd3ad8
"2018-06-02 12:26:44","Market Square Pizza & Pasta",Pizzeria,"Chessington World of Adventures","Greater London","Greater London","United Kingdom",51.348824789383,-0.31667590834765,,swarm,5b128d044b78c5002cceb196
"2018-06-02 13:25:55",Vampire,Attraction,"Chessington World of Adventures",Chessington,"Greater London","United Kingdom",51.346974908234,-0.31596100449967,,swarm,5b129ae3364d97002cf1f6c3
"2018-06-02 13:51:30","Hocus Pocus Hall",Attraction,"Chessington World of Adventures",Chessington,"Greater London","United Kingdom",51.348939117144,-0.31587139155873,,swarm,5b12a0e26fd626002c4cfd47
"2018-06-02 14:48:53","Rameses Revenge",Attraction,"Chessington World of Adventures",Chessington,"Greater London","United Kingdom",51.348781659976,-0.31861787210765,,swarm,5b12ae558d0a53002cfd4690
"2018-06-02 14:49:00","Flying Jumbos",Attraction,"Chessington World of Adventures",Chessington,"Greater London","United Kingdom",51.34916380044,-0.31841211415332,,swarm,5b12ae5c6fa81f002c2baf6e
"2018-06-02 14:49:11","Tomb Blaster",Attraction,"Chessington World of Adventures","Greater London","Greater London","United Kingdom",51.348961006801,-0.31915761131974,,swarm,5b12ae673b8307002c852bb4
"2018-06-02 15:47:31","Go Ape Chessington","Other Great Outdoors","Chessington World of Adventures Resort, Leatherhead Rd",Chessington,"Greater London","United Kingdom",51.345844,-0.324444,,swarm,5b12bc13b2958f002c86d3c8
"2018-06-02 16:27:28","Selsdon Primary School","Elementary School","Addington Road",Croydon,"Greater London","United Kingdom",51.3474231,-0.051621785714286,,swarm,5b12c570d807ee002ccdebb4
"2018-06-03 10:05:52","Eats Cafe","Sandwich Spot",,"Greater London","Greater London","United Kingdom",51.353371661341,-0.09345641096385,,swarm,5b13bd80febf31002c0df7ff
"2018-06-03 10:26:47","Tesco Petrol Station","Fuel Station","8 Purley Way",Croydon,"Greater London","United Kingdom",51.336802478068,-0.11690477764787,,swarm,5b13c2670d8a0f002cbe9b6e
"2018-06-03 11:51:09","Purley Railway Station (PUR)","Rail Station","Station Approach",Purley,"Greater London","United Kingdom",51.337301392194,-0.11392966835929,,swarm,5b13d62d32b61d002c9dac00
"2018-06-03 12:10:22","Eats Cafe","Sandwich Spot",,"Greater London","Greater London","United Kingdom",51.353371661341,-0.09345641096385,,swarm,5b13daaecad1b6002cd651ec
"2018-06-03 12:41:50",Nando's,"Portuguese Restaurant","Beddington Farm Rd",Croydon,"Greater London","United Kingdom",51.37773115,-0.12491607,,swarm,5b13e20e446ea6003914bc5f
"2018-06-03 12:42:06",Croydon,Town,,"Greater London","Greater London","United Kingdom",51.376827,-0.09604052,,swarm,5b13e21e2619ee002c664239
"2018-06-03 12:42:13",Tenpin,"Bowling Alley","Valley Park Leisure Complex, Hesterman Way",Croydon,"Greater London","United Kingdom",51.3776875,-0.1252045,,swarm,5b13e2254b78c5002c76d9b3
"2018-06-03 12:42:37",PizzaExpress,Pizzeria,"Unit 2, Valley Leisure Park, Hesterman Way",Croydon,"Greater London","United Kingdom",51.377594,-0.1256172,,swarm,5b13e23dbfc6d0002c9569c7
"2018-06-03 12:43:04","Valley Retail & Leisure Park","Shopping Plaza","Hesterman Way",Croydon,"Greater London","United Kingdom",51.377730288039,-0.12545315849539,,swarm,5b13e2586bd36b002c858592
"2018-06-03 14:17:25",Sanderstead,Village,,,,"United Kingdom",51.333614775203,-0.078792572021484,,swarm,5b13f875ca18ea002c3f9e8c
"2018-06-03 14:17:30","Drayson Design",Office,,,,"United Kingdom",51.340028882662,-0.092047667110407,,swarm,5b13f87ac4df1d002cf96f2e
"2018-06-03 14:17:34","Taylors Gaming Setup","Art Gallery",,,,"United Kingdom",51.340102841403,-0.09205784752541,,swarm,5b13f87e01bc5a002ccaf748
"2018-06-03 14:17:49","Purley Downs Road",Road,,,,"United Kingdom",51.340028882662,-0.092047667110407,,swarm,5b13f88d1f8ed6002c2c6886
"2018-06-03 16:02:54","Eats Cafe","Sandwich Spot",,"Greater London","Greater London","United Kingdom",51.353371661341,-0.09345641096385,,swarm,5b14112e47f876002c7c2f1c
"2018-06-03 16:12:31","Purley Beeches",Park,,,,"United Kingdom",51.340565479506,-0.091184377670288,,swarm,5b14136f851de5002cce8ac1
"2018-06-03 16:48:51","100% car wash","Car Wash and Detail","Purley Way",Croydon,"Greater London","United Kingdom",51.361665988339,-0.11816259966912,,swarm,5b141bf323a2e60039758a53
"2018-06-03 18:31:14","Eats Cafe","Sandwich Spot",,"Greater London","Greater London","United Kingdom",51.353371661341,-0.09345641096385,,swarm,5b1433f2aa6c95002c0bf714
"2018-06-04 10:48:05","Reigate College",Education,"Castlefield Rd",Reigate,Surrey,"United Kingdom",51.239924689456,-0.20216757647284,,swarm,5b1518e5911fc40039f5f23f
"2018-06-04 10:48:12",Reigate,Town,,Reigate,,"United Kingdom",51.237255571308,-0.20659446716309,,swarm,5b1518ec59c423002c849484
"2018-06-04 10:48:23","Reigate Railway Station (REI)","Rail Station","Station Approach",Reigate,Surrey,"United Kingdom",51.241947240487,-0.20410417671744,,swarm,5b1518f7d03360002cd67719
"2018-06-04 10:48:34",Homebase,"Hardware Store","London Road, Rushworth Road",Reigate,Surrey,"United Kingdom",51.241208049606,-0.20367287352986,,swarm,5b151902a2c00b002cb4405b
"2018-06-04 10:48:41","Platform 2",Platform,"Reigate Railway Station",Reigate,Surrey,"United Kingdom",51.24188874578,-0.20417383135074,,swarm,5b151909a4ba7c002ccc3cb8
"2018-06-04 17:01:47",Halfords,"Automotive Repair Shop","550-570, Purley Way",Croydon,"Greater London","United Kingdom",51.36215726544,-0.11821633185504,,swarm,5b15707bc84d180024964186
"2018-06-04 21:56:12",Sanderstead,Village,,,,"United Kingdom",51.333614775203,-0.078792572021484,,swarm,5b15b57ca30619002c7d77fa
"2018-06-04 21:56:24","Taylors Gaming Setup","Art Gallery",,,,"United Kingdom",51.340102841403,-0.09205784752541,Hey,swarm,5b15b588da5e56002c7e4bfb
"2018-06-04 21:56:31","Purley Downs Road",Road,,,,"United Kingdom",51.340028882662,-0.092047667110407,,swarm,5b15b58f6bd36b002bec41cc
"2018-06-04 21:56:39","Drayson Design",Office,,,,"United Kingdom",51.340028882662,-0.092047667110407,,swarm,5b15b597febf31002c0e150b
"2018-06-04 21:56:46","Purley Beeches",Park,,,,"United Kingdom",51.340565479506,-0.091184377670288,,swarm,5b15b59e35f983002c2f2eb2
"2018-06-04 21:57:10","Purley Downs Golf Club","Golf Course","106 Purley Downs Rd","South Croydon","Greater London","United Kingdom",51.340307884006,-0.0960800687468,,swarm,5b15b5b6d552c7002c3fbd4a
"2018-06-05 06:26:20",Sanderstead,Village,,,,"United Kingdom",51.333614775203,-0.078792572021484,,swarm,5b162d0c0d2be7002c84f4cf
"2018-06-05 06:26:25","Taylors Gaming Setup","Art Gallery",,,,"United Kingdom",51.340102841403,-0.09205784752541,,swarm,5b162d110dd31f002471c642
"2018-06-05 06:26:29","Purley Downs Road",Road,,,,"United Kingdom",51.340028882662,-0.092047667110407,,swarm,5b162d1561e53b0039f0b2a7
"2018-06-05 06:26:37","Drayson Design",Office,,,,"United Kingdom",51.340028882662,-0.092047667110407,,swarm,5b162d1d840fc2002c69ee66
"2018-06-05 06:26:43","Purley Beeches",Park,,,,"United Kingdom",51.340565479506,-0.091184377670288,,swarm,5b162d23065ef5002c622dec
"2018-06-05 06:26:48","Purley Downs Golf Club","Golf Course","106 Purley Downs Rd","South Croydon","Greater London","United Kingdom",51.340307884006,-0.0960800687468,,swarm,5b162d28464d65002c2c6b34
"2018-06-05 08:57:47","Reigate College",Education,"Castlefield Rd",Reigate,Surrey,"United Kingdom",51.239924689456,-0.20216757647284,,swarm,5b16508bc8b2fb002c7fcb0d
"2018-06-05 08:57:54",Reigate,Town,,Reigate,,"United Kingdom",51.237255571308,-0.20659446716309,,swarm,5b165092c58ed7002de7f0ae
"2018-06-05 08:58:04","Reigate Railway Station (REI)","Rail Station","Station Approach",Reigate,Surrey,"United Kingdom",51.241947240487,-0.20410417671744,,swarm,5b16509c1f082300440c4f5d
"2018-06-05 08:58:11","Platform 2",Platform,"Reigate Railway Station",Reigate,Surrey,"United Kingdom",51.24188874578,-0.20417383135074,,swarm,5b1650a34b78c5002c59a5ff
"2018-06-05 08:58:19","Platform 1",Platform,"Reigate Railway Station (REI)",Reigate,Surrey,"United Kingdom",51.241885804506,-0.20366266034373,,swarm,5b1650ab57a537002c8df372
"2018-06-05 08:58:27",Homebase,"Hardware Store","London Road, Rushworth Road",Reigate,Surrey,"United Kingdom",51.241208049606,-0.20367287352986,,swarm,5b1650b3037be1002c6a9406
"2018-06-05 12:12:13","Reigate Grammar School","High School","Reigate Road",Reigate,Surrey,"United Kingdom",51.236716369381,-0.19334880901752,,swarm,5b167e1dd7627e002ce7aad3
"2018-06-05 12:22:22",Halfords,"Automotive Repair Shop","Unit 2, Brighton Road",Surrey,Surrey,"United Kingdom",51.235260224093,-0.16954022852702,,swarm,5b16807ec824ae002c0a5857
"2018-06-05 14:02:11",Sainsbury's,Supermarket,"130 Addington Rd",London,"Greater London","United Kingdom",51.342366637244,-0.062891864198706,"They’re not all for me!",swarm,5b1697e32d2fd9002c386512
"2018-06-06 06:31:37",Sanderstead,Village,,,,"United Kingdom",51.333614775203,-0.078792572021484,,swarm,5b177fc9628c830039428d0f
"2018-06-06 06:31:44","Taylors Gaming Setup","Art Gallery",,,,"United Kingdom",51.340102841403,-0.09205784752541,,swarm,5b177fd0a4ba7c002c3e125c
"2018-06-06 06:31:49","Purley Downs Road",Road,,,,"United Kingdom",51.340028882662,-0.092047667110407,,swarm,5b177fd51ffed7002c7a122d
"2018-06-06 06:31:58","Drayson Design",Office,,,,"United Kingdom",51.340028882662,-0.092047667110407,,swarm,5b177fdeb2958f002c4a10f5
"2018-06-06 06:32:04","Purley Beeches",Park,,,,"United Kingdom",51.340565479506,-0.091184377670288,,swarm,5b177fe4f427de002c150b21
"2018-06-06 06:32:09","Purley Downs Golf Club","Golf Course","106 Purley Downs Rd","South Croydon","Greater London","United Kingdom",51.340307884006,-0.0960800687468,,swarm,5b177fe901bc5a002cf20aff
"2018-06-06 07:44:34","Reigate College",Education,"Castlefield Rd",Reigate,Surrey,"United Kingdom",51.239924689456,-0.20216757647284,,swarm,5b1790e24a1cc0002cb15d47
"2018-06-06 07:44:41",Reigate,Town,,Reigate,,"United Kingdom",51.237255571308,-0.20659446716309,,swarm,5b1790e9364d97002c6c30d3
"2018-06-06 07:44:52","Platform 2",Platform,"Reigate Railway Station",Reigate,Surrey,"United Kingdom",51.24188874578,-0.20417383135074,,swarm,5b1790f4a8eb60002c18bdf2
"2018-06-06 07:45:06","Reigate Railway Station (REI)","Rail Station","Station Approach",Reigate,Surrey,"United Kingdom",51.241947240487,-0.20410417671744,,swarm,5b1791022b9844002bb3ef27
"2018-06-06 07:45:15",Homebase,"Hardware Store","London Road, Rushworth Road",Reigate,Surrey,"United Kingdom",51.241208049606,-0.20367287352986,,swarm,5b17910bb2958f002c3cbe10
"2018-06-06 14:23:51","Reigate Grammar School","High School","Reigate Road",Reigate,Surrey,"United Kingdom",51.236716369381,-0.19334880901752,,swarm,5b17ee77b9a5a8002c4cca8a
"2018-06-07 08:32:45",Sanderstead,Village,,,,"United Kingdom",51.333614775203,-0.078792572021484,,swarm,5b18edad93bd63002cf7e48e
"2018-06-07 08:33:03","Drayson Design",Office,,,,"United Kingdom",51.340028882662,-0.092047667110407,,swarm,5b18edbf0802d4002cccba8c
"2018-06-07 08:33:21","Taylors Gaming Setup","Art Gallery",,,,"United Kingdom",51.340102841403,-0.09205784752541,,swarm,5b18edd19411f2002c906dd5
"2018-06-07 08:33:27","Purley Downs Road",Road,,,,"United Kingdom",51.340028882662,-0.092047667110407,,swarm,5b18edd7123a19002c2f99ff
"2018-06-07 08:33:31","Purley Beeches",Park,,,,"United Kingdom",51.340565479506,-0.091184377670288,,swarm,5b18eddb8d0a53002cb26ee1
"2018-06-07 10:52:24","Reigate College",Education,"Castlefield Rd",Reigate,Surrey,"United Kingdom",51.239924689456,-0.20216757647284,,swarm,5b190e680802d4002cdb4738
"2018-06-07 10:53:38","Photography - V104","College Classroom",,Reigate,Surrey,"United Kingdom",51.239371,-0.201453,,swarm,5b190eb281635b003955fe4d
"2018-06-07 10:53:44",Reigate,Town,,Reigate,,"United Kingdom",51.237255571308,-0.20659446716309,,swarm,5b190eb8c876c80039ddf9e4
"2018-06-07 10:53:50","Platform 2",Platform,"Reigate Railway Station",Reigate,Surrey,"United Kingdom",51.24188874578,-0.20417383135074,,swarm,5b190ebe8173cb002c741949
"2018-06-07 10:53:55","Reigate Railway Station (REI)","Rail Station","Station Approach",Reigate,Surrey,"United Kingdom",51.241947240487,-0.20410417671744,,swarm,5b190ec346e1b6002c44e0b5
"2018-06-07 15:20:26","The Roe Deer",Pub,"50 Croydon Rd",Reigate,Surrey,"United Kingdom",51.241090622011,-0.19599962402642,,swarm,5b194d3a0fe7a0002cdd8154
"2018-06-08 18:54:51","Selsdon Primary School","Elementary School","Addington Road",Croydon,"Greater London","United Kingdom",51.3474231,-0.051621785714286,,swarm,5b1ad0fb61e53b002c3a9076
"2018-06-09 09:34:42",Sanderstead,Village,,,,"United Kingdom",51.333614775203,-0.078792572021484,,swarm,5b1b9f32de3bbf002ceff53a
"2018-06-09 09:34:54","Drayson Design",Office,,,,"United Kingdom",51.340028882662,-0.092047667110407,,swarm,5b1b9f3ec84d18002437dde4
"2018-06-09 09:34:59","Taylors Gaming Setup","Art Gallery",,,,"United Kingdom",51.340102841403,-0.09205784752541,,swarm,5b1b9f43f79faa002c457018
"2018-06-09 09:35:03","Purley Downs Road",Road,,,,"United Kingdom",51.340028882662,-0.092047667110407,,swarm,5b1b9f473fcee8002cc5525f
"2018-06-09 09:35:08","Purley Beeches",Park,,,,"United Kingdom",51.340565479506,-0.091184377670288,,swarm,5b1b9f4c93bd63002c060b46
"2018-06-09 12:31:46",Cineworld,"Movie Theater","Crawley Leisure Park",Crawley,"West Sussex","United Kingdom",51.120552477041,-0.18990119754983,,swarm,5b1bc8b2270ee7002cc88fda
"2018-06-09 12:32:11",Crawley,Town,,"West Sussex","West Sussex","United Kingdom",51.112448027696,-0.18591735439814,,swarm,5b1bc8cb286fda002c00a2c4
"2018-06-09 12:32:18","Crawley Leisure Park","Arts and Entertainment","London Rd.",Crawley,"West Sussex","United Kingdom",51.120019712395,-0.18913870321266,,swarm,5b1bc8d26a5950002caf269d
"2018-06-09 12:32:26",Starbucks,"Coffee Shop","Ifield Ave",Crawley,"West Sussex","United Kingdom",51.12078,-0.189631,,swarm,5b1bc8dad7627e002cfaf520
"2018-06-09 12:32:34",McDonald's,"Fast Food Restaurant","Crawley Leisure Park London Road",Crawley,"West Sussex","United Kingdom",51.120467230698,-0.18887020191288,,swarm,5b1bc8e29d7468002c7ef05a
"2018-06-09 16:22:45","Riddlesdown Field","Other Great Outdoors",,Croydon,"Greater London","United Kingdom",51.324274077193,-0.093008807589457,,swarm,5b1bfed59d74680039f0bd28
"2018-06-09 19:37:52",Sainsbury's,Supermarket,"130 Addington Rd",London,"Greater London","United Kingdom",51.342366637244,-0.062891864198706,,swarm,5b1c2c90646e380039fbc5f9
"2018-06-09 21:21:39",Sanderstead,Village,,,,"United Kingdom",51.333614775203,-0.078792572021484,,swarm,5b1c44e3e65d0c002c27570e
"2018-06-09 21:21:44","Drayson Design",Office,,,,"United Kingdom",51.340028882662,-0.092047667110407,,swarm,5b1c44e8234724002cae6a25
"2018-06-09 21:21:48","Taylors Gaming Setup","Art Gallery",,,,"United Kingdom",51.340102841403,-0.09205784752541,,swarm,5b1c44ecc4404e001cb13fb5
"2018-06-09 21:21:53","Purley Downs Road",Road,,,,"United Kingdom",51.340028882662,-0.092047667110407,,swarm,5b1c44f1f79faa002cad6ace
"2018-06-09 21:21:58","Purley Beeches",Park,,,,"United Kingdom",51.340565479506,-0.091184377670288,,swarm,5b1c44f6234724002c809e8b
"2018-06-09 21:22:03","Purley Downs Golf Club","Golf Course","106 Purley Downs Rd","South Croydon","Greater London","United Kingdom",51.340307884006,-0.0960800687468,,swarm,5b1c44fb3af988002cf6dfdc
"2018-06-10 08:22:41",Sanderstead,Village,,,,"United Kingdom",51.333614775203,-0.078792572021484,,swarm,5b1cdfd1724750002cd35db1
"2018-06-10 08:23:11","Taylors Gaming Setup","Art Gallery",,,,"United Kingdom",51.340102841403,-0.09205784752541,,swarm,5b1cdfeffe3740002c873253
"2018-06-10 08:23:56","Drayson Design",Office,,,,"United Kingdom",51.340028882662,-0.092047667110407,,swarm,5b1ce01c89b06a002ccaa8d9
"2018-06-10 08:24:07","Purley Downs Road",Road,,,,"United Kingdom",51.340028882662,-0.092047667110407,,swarm,5b1ce027149946002c2fdb9e
"2018-06-10 08:24:15","Purley Beeches",Park,,,,"United Kingdom",51.340565479506,-0.091184377670288,,swarm,5b1ce02f73fe25002c7e4eae
"2018-06-10 11:09:49","Sutton Tennis & Squash Club","Gym and Studio",,Sutton,"Greater London","United Kingdom",51.352447294629,-0.18606139457239,,swarm,5b1d06fdbd4009002cca0bff
"2018-06-10 11:09:57","Sutton Eye Hospital",,"13 Chiltern Rd",Sutton,"Greater London","United Kingdom",51.346998358844,-0.19288429857962,,swarm,5b1d0705e17910002c6b3c16
"2018-06-10 18:03:01",Warlingham,Village,,Warlingham,,"United Kingdom",51.310211387347,-0.057007823586977,,swarm,5b1d67d5bd4009002cbe4d1f
"2018-06-10 18:03:08","The White Lion",Pub,"3 Farleigh Rd",Warlingham,Surrey,"United Kingdom",51.309434104635,-0.054103120178815,,swarm,5b1d67dc8c812a002c0144ae
"2018-06-10 18:03:18","The Horseshoe",Pub,"Farleigh Road",Warlingham,Surrey,"United Kingdom",51.309287945498,-0.05210326532478,,swarm,5b1d67e6dff815002c01a796
"2018-06-11 09:55:01","Purley War Memorial Hospital",Hospital,"856 Brighton Road",Purley,"Greater London","United Kingdom",51.339896002736,-0.11439881174691,,swarm,5b1e46f53c858d002c965125
"2018-06-11 09:55:07",Purley,Town,,,,"United Kingdom",51.33761,-0.11551201,,swarm,5b1e46fb3c858d002c25082d
"2018-06-11 09:55:17","Gp Hub","Doctor's Office","Purley War Memorial Hospital",Purley,"Greater London","United Kingdom",51.34043,-0.11422321,,swarm,5b1e470581635b002c54c398
"2018-06-11 09:55:23",KFC,"Fast Food Restaurant","11 High St",Purley,"Greater London","United Kingdom",51.3397928,-0.1141255,,swarm,5b1e470b3c858d002c250ff6
"2018-06-11 09:55:40","Purley High Street",Road,"913-947 Brighton Rd",Croydon,"Greater London","United Kingdom",51.33910886,-0.11588559,,swarm,5b1e471ca22db7002cf05ccc
"2018-06-11 09:55:56",Subway,"Sandwich Spot","923B Brighton Road",London,,"United Kingdom",51.33916060173,-0.11570881194132,,swarm,5b1e472cc4df1d002c2ba153
"2018-06-11 10:07:52",Sanderstead,Village,,,,"United Kingdom",51.333614775203,-0.078792572021484,,swarm,5b1e49f8e97dfb0039c66667
"2018-06-11 10:07:58","Taylors Gaming Setup","Art Gallery",,,,"United Kingdom",51.340102841403,-0.09205784752541,,swarm,5b1e49fe1cf2e1002ce6cb3e
"2018-06-11 10:08:04","Purley Downs Road",Road,,,,"United Kingdom",51.340028882662,-0.092047667110407,,swarm,5b1e4a04dff815002c60c268
"2018-06-11 10:08:10","Drayson Design",Office,,,,"United Kingdom",51.340028882662,-0.092047667110407,,swarm,5b1e4a0a7cd14c0044f59afe
"2018-06-11 10:08:14","Purley Beeches",Park,,,,"United Kingdom",51.340565479506,-0.091184377670288,,swarm,5b1e4a0e0ff4f9002c6365c2
"2018-06-11 10:08:19","Purley Downs Golf Club","Golf Course","106 Purley Downs Rd","South Croydon","Greater London","United Kingdom",51.340307884006,-0.0960800687468,,swarm,5b1e4a13c53093002c996d61
"2018-06-11 17:56:29","Rupali Ruchi","Indian Restaurant","337 Brighton Rd",Croydon,"Greater London","United Kingdom",51.351726449142,-0.098531000663463,,swarm,5b1eb7cd598e64002c340278
"2018-06-12 06:21:13",Sanderstead,Village,,,,"United Kingdom",51.333614775203,-0.078792572021484,,swarm,5b1f6659be7078002c691114
"2018-06-12 06:21:17","Taylors Gaming Setup","Art Gallery",,,,"United Kingdom",51.340102841403,-0.09205784752541,,swarm,5b1f665da87921002c8cefed
"2018-06-12 06:21:38","Purley Downs Road",Road,,,,"United Kingdom",51.340028882662,-0.092047667110407,,swarm,5b1f6672037be1002c773c7d
"2018-06-12 06:22:00","Drayson Design",Office,,,,"United Kingdom",51.340028882662,-0.092047667110407,,swarm,5b1f6688e96d0c003374d01d
"2018-06-12 06:22:00","Drayson Design",Office,,,,"United Kingdom",51.340028882662,-0.092047667110407,,swarm,5b1f6688a2c00b002ce64ab2
"2018-06-12 06:22:01","Purley Beeches",Park,,,,"United Kingdom",51.340565479506,-0.091184377670288,,swarm,5b1f66894acb19002c4fc550
"2018-06-12 06:22:50","Purley Downs Golf Club","Golf Course","106 Purley Downs Rd","South Croydon","Greater London","United Kingdom",51.340307884006,-0.0960800687468,,swarm,5b1f66ba835c9a002c15c861
"2018-06-12 16:38:09","Sanderstead Railway Station (SNR)","Rail Station","Station Approach","Greater London","Greater London","United Kingdom",51.348359353708,-0.093648288193846,,swarm,5b1ff6f1829b0c002cf9d0e8
"2018-06-12 17:09:08",Croydon,Town,,"Greater London","Greater London","United Kingdom",51.376827,-0.09604052,,swarm,5b1ffe34d03360002ce25deb
"2018-06-12 17:09:26","Whitgift Centre","Shopping Mall","Wellesley Rd",Croydon,"Greater London","United Kingdom",51.376049493995,-0.10035499504118,,swarm,5b1ffe4693bd63002c175872
"2018-06-12 17:09:32",Subway,"Sandwich Spot","Wellesley Rd, 7 Norfolk House, Greater London","Croydon, Surrey",,"United Kingdom",51.374959975026,-0.09672064418912,,swarm,5b1ffe4ce727c400240613fa
"2018-06-12 17:09:38",Travelodge,Hotel,"Norfolk House",Croydon,"Greater London","United Kingdom",51.37487457153,-0.096610040031767,,swarm,5b1ffe52c84d18002448d589
"2018-06-12 17:09:46","Croydon College Library","College Library",,,,"United Kingdom",51.37323126155,-0.094308659494383,,swarm,5b1ffe5ae17910002cf70a90
"2018-06-12 17:09:53","Croydon College","College and University","College Rd",Croydon,"Greater London","United Kingdom",51.373815433189,-0.09612457716477,,swarm,5b1ffe619de23b002c029092
"2018-06-12 17:10:02","Slug & Lettuce",Bar,"10 Park Lane",Croydon,"Greater London","United Kingdom",51.373802806434,-0.097147969004851,,swarm,5b1ffe6aad1789002c082a8b
"2018-06-12 17:10:07","St George's Walk","Shopping Mall",,Croydon,"Greater London","United Kingdom",51.373291074371,-0.098827789687333,,swarm,5b1ffe6fc4404e001c59ec81
"2018-06-13 07:10:34","King Fish","Fish and Chips Shop","213 Croydon Rd",Caterham,Surrey,"United Kingdom",51.290188826106,-0.076241085283911,,swarm,5b20c36ad7627e002b92797f
"2018-06-13 07:48:05","Reigate Grammar School","High School","Reigate Road",Reigate,Surrey,"United Kingdom",51.236716369381,-0.19334880901752,,swarm,5b20cc350457b7002c45d12d
"2018-06-13 11:23:23","Reigate College",Education,"Castlefield Rd",Reigate,Surrey,"United Kingdom",51.239924689456,-0.20216757647284,,swarm,5b20feab8fb09e002c94648a
"2018-06-13 11:23:30",Reigate,Town,,Reigate,,"United Kingdom",51.237255571308,-0.20659446716309,,swarm,5b20feb204d1ae002cd58158
"2018-06-13 11:23:37","Photography - V104","College Classroom",,Reigate,Surrey,"United Kingdom",51.239371,-0.201453,,swarm,5b20feb956c89f002bbc6a5f
"2018-06-13 11:23:55",Homebase,"Hardware Store","London Road, Rushworth Road",Reigate,Surrey,"United Kingdom",51.241208049606,-0.20367287352986,,swarm,5b20fecba87921002c41c86c
"2018-06-13 11:24:13","Platform 2",Platform,"Reigate Railway Station",Reigate,Surrey,"United Kingdom",51.24188874578,-0.20417383135074,,swarm,5b20fedd93bd63002c9aa363
"2018-06-13 11:24:22","Reigate Railway Station (REI)","Rail Station","Station Approach",Reigate,Surrey,"United Kingdom",51.241947240487,-0.20410417671744,,swarm,5b20fee61f082300435b222a
"2018-06-13 11:24:38","Platform 1",Platform,"Reigate Railway Station (REI)",Reigate,Surrey,"United Kingdom",51.241885804506,-0.20366266034373,,swarm,5b20fef6ca18ea002cfcb78d
"2018-06-13 14:27:34","Reigate Grammar School","High School","Reigate Road",Reigate,Surrey,"United Kingdom",51.236716369381,-0.19334880901752,,swarm,5b2129d6805e3f00391ae8bc
"2018-06-13 14:55:32","The Hayes Primary School","Elementary School","98 Hayes Lane",Kenley,"Greater London","United Kingdom",51.31667441084,-0.10827827409493,,swarm,5b213064c0af5700392eb199
"2018-06-13 15:30:57",Brisk,"Burger Joint","74 Station Rd E",Oxted,Surrey,"United Kingdom",51.257907,-0.003045,,swarm,5b2138b1dd12f8002cc0192f
"2018-06-13 16:44:04","Coulsdon Manor Hotel",Hotel,"1 Coulsdon Court Rd.",Croydon,"Greater London","United Kingdom",51.31716623156,-0.1231618520988,,swarm,5b2149d45d891b002d266da4
"2018-06-13 18:06:12","Co-op Food","Grocery Store","60 Godstone Rd",Kenley,"Greater London","United Kingdom",51.325784469528,-0.10121731772855,,swarm,5b215d14d3cce8002c5eeb68
"2018-06-13 18:14:14","Coulsdon Manor Hotel",Hotel,"1 Coulsdon Court Rd.",Croydon,"Greater London","United Kingdom",51.31716623156,-0.1231618520988,,swarm,5b215ef65f68b9002c2b7541
"2018-06-13 21:12:02",Sanderstead,Village,,,,"United Kingdom",51.333614775203,-0.078792572021484,,swarm,5b2188a2646e380039fba650
"2018-06-13 21:12:06","Drayson Design",Office,,,,"United Kingdom",51.340028882662,-0.092047667110407,,swarm,5b2188a686bc49002c6ec7b4
"2018-06-13 21:12:10","Purley Beeches",Park,,,,"United Kingdom",51.340565479506,-0.091184377670288,,swarm,5b2188aa4420d8002c6d5588
"2018-06-13 21:12:14","Taylors Gaming Setup","Art Gallery",,,,"United Kingdom",51.340102841403,-0.09205784752541,,swarm,5b2188ae628c83002ce38341
"2018-06-13 21:12:19","Purley Downs Road",Road,,,,"United Kingdom",51.340028882662,-0.092047667110407,,swarm,5b2188b32f97ec002c1656d7
"2018-06-13 21:12:26","Purley Downs Golf Club","Golf Course","106 Purley Downs Rd","South Croydon","Greater London","United Kingdom",51.340307884006,-0.0960800687468,,swarm,5b2188ba974617002c1304c8
"2018-06-14 09:22:50",Sanderstead,Village,,,,"United Kingdom",51.333614775203,-0.078792572021484,,swarm,5b2233ea625a66002c3ff874
"2018-06-14 09:22:57","Taylors Gaming Setup","Art Gallery",,,,"United Kingdom",51.340102841403,-0.09205784752541,,swarm,5b2233f18a6f17002cf3e23b
"2018-06-14 09:23:22","Purley Downs Road",Road,,,,"United Kingdom",51.340028882662,-0.092047667110407,,swarm,5b22340aa4b51b002c521aa2
"2018-06-14 09:23:44","Drayson Design",Office,,,,"United Kingdom",51.340028882662,-0.092047667110407,,swarm,5b2234208496ca002cc2220c
"2018-06-14 09:24:02","Purley Beeches",Park,,,,"United Kingdom",51.340565479506,-0.091184377670288,,swarm,5b223432c8b2fb002ca227e7
"2018-06-14 09:24:10","Purley Downs Golf Club","Golf Course","106 Purley Downs Rd","South Croydon","Greater London","United Kingdom",51.340307884006,-0.0960800687468,,swarm,5b22343a9e0d54002c4d9bd6
"2018-06-14 10:40:07","Reigate College",Education,"Castlefield Rd",Reigate,Surrey,"United Kingdom",51.239924689456,-0.20216757647284,,swarm,5b2246071de765002b732ed2
"2018-06-14 10:40:12",Reigate,Town,,Reigate,,"United Kingdom",51.237255571308,-0.20659446716309,,swarm,5b22460c1cf2e1002c68d6c7
"2018-06-14 10:40:21","Photography - V104","College Classroom",,Reigate,Surrey,"United Kingdom",51.239371,-0.201453,,swarm,5b224615535d6f002c39a4de
"2018-06-14 10:40:31","Platform 2",Platform,"Reigate Railway Station",Reigate,Surrey,"United Kingdom",51.24188874578,-0.20417383135074,,swarm,5b22461fb399f7002c218db4
"2018-06-14 10:40:37","Reigate Railway Station (REI)","Rail Station","Station Approach",Reigate,Surrey,"United Kingdom",51.241947240487,-0.20410417671744,,swarm,5b22462567f62b002c6ab356
"2018-06-14 10:40:45","Priory Park",Park,"Bell St",Reigate,Surrey,"United Kingdom",51.234971635576,-0.207839012146,,swarm,5b22462d3b4e00002c0df569
"2018-06-14 17:44:07","Riddlesdown Collegiate","High School","Dunmail Drive",Purley,"Greater London","United Kingdom",51.325759258532,-0.087913590813059,,swarm,5b22a967c4df1d002ce08250
"2018-06-14 17:44:07","Riddlesdown Field","Other Great Outdoors",,Croydon,"Greater London","United Kingdom",51.324274077193,-0.093008807589457,,swarm,5b22a967b9b37b002c29c01e
"2018-06-15 09:31:16","The Lansdowne Building",Office,"2 Lansdowne road",London,"Greater London","United Kingdom",51.376452466538,-0.097069660821351,,swarm,5b23876482a750002ca4de36
"2018-06-15 09:31:22",Croydon,Town,,"Greater London","Greater London","United Kingdom",51.376827,-0.09604052,,swarm,5b23876a364d97002c076757
"2018-06-15 09:31:35","Whitgift Centre","Shopping Mall","Wellesley Rd",Croydon,"Greater London","United Kingdom",51.376049493995,-0.10035499504118,,swarm,5b23877732b61d002cc1a59c
"2018-06-15 13:23:20","The Roe Deer",Pub,"50 Croydon Rd",Reigate,Surrey,"United Kingdom",51.241090622011,-0.19599962402642,,swarm,5b23bdc8911fc4002c78307e
"2018-06-15 15:32:35","Rupali Ruchi","Indian Restaurant","337 Brighton Rd",Croydon,"Greater London","United Kingdom",51.351726449142,-0.098531000663463,,swarm,5b23dc13da7080002cd8bd3d
"2018-06-15 15:40:25","Eats Cafe","Sandwich Spot",,"Greater London","Greater London","United Kingdom",51.353371661341,-0.09345641096385,,swarm,5b23dde9088158002ca27810
"2018-06-15 18:13:34",IKEA,"Furniture and Home Store","Valley Retail Pk",London,"Greater London","United Kingdom",51.380414092988,-0.12379648941807,,swarm,5b2401ce838e59002c7b0cfe
"2018-06-15 20:25:20","Eats Cafe","Sandwich Spot",,"Greater London","Greater London","United Kingdom",51.353371661341,-0.09345641096385,,swarm,5b2420b0a5a315002c07470e
"2018-06-16 09:16:13",Sanderstead,Village,,,,"United Kingdom",51.333614775203,-0.078792572021484,,swarm,5b24d55df427de002caf5c56
"2018-06-16 09:16:47",Sanderstead,Village,,,,"United Kingdom",51.333614775203,-0.078792572021484,,swarm,5b24d57f396de00039a47e28
"2018-06-16 09:16:54","Drayson Design",Office,,,,"United Kingdom",51.340028882662,-0.092047667110407,,swarm,5b24d58661e53b002c55910d
"2018-06-16 09:16:59","Taylors Gaming Setup","Art Gallery",,,,"United Kingdom",51.340102841403,-0.09205784752541,,swarm,5b24d58b054e29002c6c559e
"2018-06-16 09:17:05","Purley Downs Road",Road,,,,"United Kingdom",51.340028882662,-0.092047667110407,,swarm,5b24d5917e4b4e0024849312
"2018-06-16 09:17:10","Purley Beeches",Park,,,,"United Kingdom",51.340565479506,-0.091184377670288,,swarm,5b24d596c47cf9002c438c6a
"2018-06-16 09:17:18","Purley Downs Golf Club","Golf Course","106 Purley Downs Rd","South Croydon","Greater London","United Kingdom",51.340307884006,-0.0960800687468,,swarm,5b24d59e1f08230044d52a11
"2018-06-16 13:19:39","Purley War Memorial Hospital",Hospital,"856 Brighton Road",Purley,"Greater London","United Kingdom",51.339896002736,-0.11439881174691,,swarm,5b250e6b535d6f002cf42914
"2018-06-16 16:15:26","Tesco Extra",Supermarket,"8 Purley Rd",Surrey,Surrey,"United Kingdom",51.336900736556,-0.11711909030902,,swarm,5b25379eefa82a002cc74c6b
"2018-06-16 18:04:03",Sutton,Town,,"Greater London","Greater London","United Kingdom",51.363784726963,-0.19133224748266,Hey,swarm,5b255113fd9d73002cf179c6
"2018-06-16 18:04:13","Seaton House",Education,,,,"United Kingdom",51.34668637554,-0.18166594434476,,swarm,5b25511da2a6ce002c444124
"2018-06-16 18:04:20","Sutton Tennis & Squash Club","Gym and Studio",,Sutton,"Greater London","United Kingdom",51.352447294629,-0.18606139457239,,swarm,5b2551244c9be6002ceacc03
"2018-06-17 10:09:14","Coach House Café Coombe Wood",Café,"Conduit Ln.","South Croydon","Greater London","United Kingdom",51.362373298469,-0.068195462913868,,swarm,5b26334a356b49002c809bfd
"2018-06-17 11:12:48",Sanderstead,Village,,,,"United Kingdom",51.333614775203,-0.078792572021484,,swarm,5b2642304c9be6002c5ccc6a
"2018-06-17 11:12:52","Purley Beeches",Park,,,,"United Kingdom",51.340565479506,-0.091184377670288,,swarm,5b2642344ac28a002cf0ace9
"2018-06-17 11:12:57","Drayson Design",Office,,,,"United Kingdom",51.340028882662,-0.092047667110407,,swarm,5b264239c876c8002cf0173c
"2018-06-17 11:13:01","Taylors Gaming Setup","Art Gallery",,,,"United Kingdom",51.340102841403,-0.09205784752541,,swarm,5b26423dd7627e002c7cffc6
"2018-06-18 08:12:11",Sanderstead,Village,,,,"United Kingdom",51.333614775203,-0.078792572021484,,swarm,5b27695b2aff31002c021d7a
"2018-06-18 08:12:17","Taylors Gaming Setup","Art Gallery",,,,"United Kingdom",51.340102841403,-0.09205784752541,,swarm,5b276961fc9e94002c6c8553
"2018-06-18 08:12:28","Drayson Design",Office,,,,"United Kingdom",51.340028882662,-0.092047667110407,,swarm,5b27696c2632ec002cc4f7c9
"2018-06-18 08:12:34","Purley Downs Road",Road,,,,"United Kingdom",51.340028882662,-0.092047667110407,,swarm,5b2769726f0aa2002cd6474d
"2018-06-18 08:12:47","Purley Beeches",Park,,,,"United Kingdom",51.340565479506,-0.091184377670288,,swarm,5b27697f625a66002cccdf8d
"2018-06-18 08:12:54","Purley Downs Golf Club","Golf Course","106 Purley Downs Rd","South Croydon","Greater London","United Kingdom",51.340307884006,-0.0960800687468,,swarm,5b27698667f62b002efe39aa
"2018-06-18 11:36:22","Reigate College",Education,"Castlefield Rd",Reigate,Surrey,"United Kingdom",51.239924689456,-0.20216757647284,,swarm,5b2799364acb19002c0692d1
"2018-06-18 11:36:30",Reigate,Town,,Reigate,,"United Kingdom",51.237255571308,-0.20659446716309,,swarm,5b27993e1953f300395a2205
"2018-06-18 11:36:36","Photography - V104","College Classroom",,Reigate,Surrey,"United Kingdom",51.239371,-0.201453,,swarm,5b279944e17910002cd68243
"2018-06-18 11:36:41","Reigate Railway Station (REI)","Rail Station","Station Approach",Reigate,Surrey,"United Kingdom",51.241947240487,-0.20410417671744,,swarm,5b2799493d4791002cfe6062
"2018-06-18 11:36:50",Homebase,"Hardware Store","London Road, Rushworth Road",Reigate,Surrey,"United Kingdom",51.241208049606,-0.20367287352986,,swarm,5b279952eaf49a002c86af55
"2018-06-18 11:36:56","Platform 2",Platform,"Reigate Railway Station",Reigate,Surrey,"United Kingdom",51.24188874578,-0.20417383135074,,swarm,5b279958da7080002c5759c0
"2018-06-18 11:37:01","Platform 1",Platform,"Reigate Railway Station (REI)",Reigate,Surrey,"United Kingdom",51.241885804506,-0.20366266034373,,swarm,5b27995daa6c95002c3e4957
"2018-06-18 15:00:25","Rupali Ruchi","Indian Restaurant","337 Brighton Rd",Croydon,"Greater London","United Kingdom",51.351726449142,-0.098531000663463,,swarm,5b27c909c0cacb002ced01f0
"2018-06-18 16:17:00",Croydon,Town,,"Greater London","Greater London","United Kingdom",51.376827,-0.09604052,,swarm,5b27dafc9d7468003941070e
"2018-06-18 16:35:59","Jurys Inn",Hotel,"Wellesley Rd.",Croydon,"Greater London","United Kingdom",51.376384125765,-0.097601780512423,,swarm,5b27df6f51950e002cf89d42
"2018-06-18 16:36:15",Croydon,Town,,"Greater London","Greater London","United Kingdom",51.376827,-0.09604052,,swarm,5b27df7fe96d0c002ce63311
"2018-06-18 16:36:27","The Lansdowne Building",Office,"2 Lansdowne road",London,"Greater London","United Kingdom",51.376452466538,-0.097069660821351,,swarm,5b27df8bf00a70002cef5937
"2018-06-18 16:36:32","Whitgift Centre","Shopping Mall","Wellesley Rd",Croydon,"Greater London","United Kingdom",51.376049493995,-0.10035499504118,,swarm,5b27df90e1f228002c16811c
"2018-06-19 06:11:11",Sanderstead,Village,,,,"United Kingdom",51.333614775203,-0.078792572021484,,swarm,5b289e7fb25fee002ccbbb3e
"2018-06-19 06:11:24","Drayson Design",Office,,,,"United Kingdom",51.340028882662,-0.092047667110407,,swarm,5b289e8c56c89f002cbab9ba
"2018-06-19 06:11:29","Taylors Gaming Setup","Art Gallery",,,,"United Kingdom",51.340102841403,-0.09205784752541,,swarm,5b289e9142d8c2002ced39f4
"2018-06-19 06:12:26","Purley Beeches",Park,,,,"United Kingdom",51.340565479506,-0.091184377670288,,swarm,5b289ecaad1789002dda95f5
"2018-06-19 06:12:26","Purley Downs Road",Road,,,,"United Kingdom",51.340028882662,-0.092047667110407,,swarm,5b289eca491be7002cb7a9fa
"2018-06-19 06:57:54","Sp Charcoal Grill Kebab Shop","Turkish Restaurant",,"Greater London","Greater London","United Kingdom",51.354115,-0.097793005,,swarm,5b28a972535d6f0039a05e51
"2018-06-19 07:47:37","The Roe Deer",Pub,"50 Croydon Rd",Reigate,Surrey,"United Kingdom",51.241090622011,-0.19599962402642,,swarm,5b28b519cd441c002cb356ac
"2018-06-19 08:56:38","Reigate College",Education,"Castlefield Rd",Reigate,Surrey,"United Kingdom",51.239924689456,-0.20216757647284,,swarm,5b28c5469de23b002cdb114f
"2018-06-19 08:56:43",Reigate,Town,,Reigate,,"United Kingdom",51.237255571308,-0.20659446716309,,swarm,5b28c54b2b9844002c638635
"2018-06-19 08:56:48","Photography - V104","College Classroom",,Reigate,Surrey,"United Kingdom",51.239371,-0.201453,,swarm,5b28c550a4b51b002c88d2cd
"2018-06-19 08:56:53","Reigate Railway Station (REI)","Rail Station","Station Approach",Reigate,Surrey,"United Kingdom",51.241947240487,-0.20410417671744,,swarm,5b28c55569e77b002ceb8bbc
"2018-06-19 08:57:00","Platform 2",Platform,"Reigate Railway Station",Reigate,Surrey,"United Kingdom",51.24188874578,-0.20417383135074,,swarm,5b28c55c67e5f2002cc0abdd
"2018-06-19 15:07:00",IKEA,"Furniture and Home Store","Valley Retail Pk",London,"Greater London","United Kingdom",51.380414092988,-0.12379648941807,,swarm,5b291c14531593002cd6bb81
"2018-06-19 16:17:39","Frankie & Benny's","American Restaurant","Valley Leisure Park, Hesterman Way",Croydon,"Greater London","United Kingdom",51.378074336248,-0.12453820370479,,swarm,5b292ca3270ee7002cfe7b91
"2018-06-19 16:18:38",Croydon,Town,,"Greater London","Greater London","United Kingdom",51.376827,-0.09604052,,swarm,5b292cde81635b002cfc584b
"2018-06-19 18:02:18","Eats Cafe","Sandwich Spot",,"Greater London","Greater London","United Kingdom",51.353371661341,-0.09345641096385,,swarm,5b29452a0d8a0f002c25cbcb
"2018-06-20 13:30:59","Photography - V104","College Classroom",,Reigate,Surrey,"United Kingdom",51.239371,-0.201453,,swarm,5b2a57131af852002db41a84
"2018-06-20 16:50:09","The Lansdowne Building",Office,"2 Lansdowne road",London,"Greater London","United Kingdom",51.376452466538,-0.097069660821351,,swarm,5b2a85c112c8f0002b0b3c61
"2018-06-20 22:23:07",Sanderstead,Village,,,,"United Kingdom",51.333614775203,-0.078792572021484,,swarm,5b2ad3cb66f3cd002c527230
"2018-06-20 22:23:11","Purley Downs Road",Road,,,,"United Kingdom",51.340028882662,-0.092047667110407,,swarm,5b2ad3cfc9a517002c964385
"2018-06-20 22:23:16","Taylors Gaming Setup","Art Gallery",,,,"United Kingdom",51.340102841403,-0.09205784752541,,swarm,5b2ad3d497cf5a002cc9b88d
"2018-06-20 22:23:26","Purley Beeches",Park,,,,"United Kingdom",51.340565479506,-0.091184377670288,,swarm,5b2ad3de270ee7002cdbcf45
"2018-06-20 22:23:27","Drayson Design",Office,,,,"United Kingdom",51.340028882662,-0.092047667110407,,swarm,5b2ad3df48b04e002c5ff547
"2018-06-20 22:23:55","Purley Downs Golf Club","Golf Course","106 Purley Downs Rd","South Croydon","Greater London","United Kingdom",51.340307884006,-0.0960800687468,,swarm,5b2ad3fb75dcb7002c2f35c0
"2018-06-21 10:28:14","Photography - V104","College Classroom",,Reigate,Surrey,"United Kingdom",51.239371,-0.201453,,swarm,5b2b7dbe6e465000396a54c0
"2018-06-21 17:44:04",Crawley,Town,,"West Sussex","West Sussex","United Kingdom",51.112448027696,-0.18591735439814,,swarm,5b2be3e42387060024f86c02
"2018-06-21 17:44:10",Nando's,"Portuguese Restaurant","Crawley Leisure Park",Crawley,"West Sussex","United Kingdom",51.12027941,-0.18943939,,swarm,5b2be3ea805e3f002c10fd92
"2018-06-21 17:44:11",McDonald's,"Fast Food Restaurant","Crawley Leisure Park London Road",Crawley,"West Sussex","United Kingdom",51.120467230698,-0.18887020191288,"with Gordon",swarm,5b2be3ebf8cbd4002c3350fc
"2018-06-21 17:44:46",Cineworld,"Movie Theater","Crawley Leisure Park",Crawley,"West Sussex","United Kingdom",51.120552477041,-0.18990119754983,,swarm,5b2be40e2d2fd9002c6d612d
"2018-06-21 22:42:59",Sanderstead,Village,,,,"United Kingdom",51.333614775203,-0.078792572021484,,swarm,5b2c29f30868a2002c358a8e
"2018-06-21 22:43:04","Taylors Gaming Setup","Art Gallery",,,,"United Kingdom",51.340102841403,-0.09205784752541,,swarm,5b2c29f8e4c459002c8482d4
"2018-06-21 22:43:10","Purley Downs Road",Road,,,,"United Kingdom",51.340028882662,-0.092047667110407,,swarm,5b2c29fea6031c002c88ec46
"2018-06-21 22:43:18","Purley Beeches",Park,,,,"United Kingdom",51.340565479506,-0.091184377670288,,swarm,5b2c2a06bfc6d0002c72fc31
"2018-06-21 22:43:25","Drayson Design",Office,,,,"United Kingdom",51.340028882662,-0.092047667110407,,swarm,5b2c2a0d588e36002c8302a2
"2018-06-21 22:43:39","Purley Downs Golf Club","Golf Course","106 Purley Downs Rd","South Croydon","Greater London","United Kingdom",51.340307884006,-0.0960800687468,,swarm,5b2c2a1bd3cce8002cee0097
"2018-06-22 09:18:57",Sanderstead,Village,,,,"United Kingdom",51.333614775203,-0.078792572021484,,swarm,5b2cbf017d8497002c2e4346
"2018-06-22 09:19:02","Taylors Gaming Setup","Art Gallery",,,,"United Kingdom",51.340102841403,-0.09205784752541,,swarm,5b2cbf0678782c002c3a112d
"2018-06-22 09:19:06","Drayson Design",Office,,,,"United Kingdom",51.340028882662,-0.092047667110407,,swarm,5b2cbf0a6eda02002c07ab44
"2018-06-22 09:19:11","Purley Downs Road",Road,,,,"United Kingdom",51.340028882662,-0.092047667110407,,swarm,5b2cbf0fc4df1d002c8af9b2
"2018-06-22 09:19:32","Purley Beeches",Park,,,,"United Kingdom",51.340565479506,-0.091184377670288,,swarm,5b2cbf24fc9e94002c01ee0a
"2018-06-22 09:19:37","Purley Downs Golf Club","Golf Course","106 Purley Downs Rd","South Croydon","Greater London","United Kingdom",51.340307884006,-0.0960800687468,,swarm,5b2cbf2916fa04002c4a6e6e
"2018-06-22 14:28:04","Reigate College",Education,"Castlefield Rd",Reigate,Surrey,"United Kingdom",51.239924689456,-0.20216757647284,,swarm,5b2d07743e413e003931410b
"2018-06-22 14:28:09",Reigate,Town,,Reigate,,"United Kingdom",51.237255571308,-0.20659446716309,,swarm,5b2d07798c35dc002c59e552
"2018-06-22 14:28:17","Photography - V104","College Classroom",,Reigate,Surrey,"United Kingdom",51.239371,-0.201453,,swarm,5b2d078104d1ae002c0d2a61
"2018-06-22 14:28:31","Platform 1",Platform,"Reigate Railway Station (REI)",Reigate,Surrey,"United Kingdom",51.241885804506,-0.20366266034373,,swarm,5b2d078fa5a315002c5664e9
"2018-06-22 14:28:37",Homebase,"Hardware Store","London Road, Rushworth Road",Reigate,Surrey,"United Kingdom",51.241208049606,-0.20367287352986,,swarm,5b2d0795123a19002c5996a1
"2018-06-22 14:28:43","Platform 2",Platform,"Reigate Railway Station",Reigate,Surrey,"United Kingdom",51.24188874578,-0.20417383135074,,swarm,5b2d079bd807ee002cabaee1
"2018-06-22 14:28:53","Reigate Railway Station (REI)","Rail Station","Station Approach",Reigate,Surrey,"United Kingdom",51.241947240487,-0.20410417671744,,swarm,5b2d07a54c954c002b0f7df1
"2018-06-22 16:30:29","Selsdon Primary School","Elementary School","Addington Road",Croydon,"Greater London","United Kingdom",51.3474231,-0.051621785714286,,swarm,5b2d24258a4cf5002cc43e52
"2018-06-22 23:12:38","Woldingham Golf Club","Golf Course","Halliloo Valley Rd",Woldingham,Surrey,"United Kingdom",51.300309532235,-0.051796767648824,,swarm,5b2d826612f0a9002b334122
"2018-06-23 21:49:47","Taylors Gaming Setup","Art Gallery",,,,"United Kingdom",51.340102841403,-0.09205784752541,,swarm,5b2ec07b037be1002d61b354
"2018-06-23 21:49:51","Purley Downs Road",Road,,,,"United Kingdom",51.340028882662,-0.092047667110407,,swarm,5b2ec07f464d65002c1e52c3
"2018-06-23 21:49:55","Purley Beeches",Park,,,,"United Kingdom",51.340565479506,-0.091184377670288,,swarm,5b2ec08356c89f002c3d3d1b
"2018-06-23 21:50:01","Drayson Design",Office,,,,"United Kingdom",51.340028882662,-0.092047667110407,,swarm,5b2ec089364d97002c999f4c
"2018-06-23 21:50:05","Purley Downs Golf Club","Golf Course","106 Purley Downs Rd","South Croydon","Greater London","United Kingdom",51.340307884006,-0.0960800687468,,swarm,5b2ec08d531593002ce04cf9
"2018-06-24 11:27:36","Holiday Inn London - Sutton",Hotel,"Gibson Rd",London,"Greater London","United Kingdom",51.361713,-0.196645,,swarm,5b2f802889b06a00396a3e56
"2018-06-24 20:07:17","Sanderstead Railway Station (SNR)","Rail Station","Station Approach","Greater London","Greater London","United Kingdom",51.348359353708,-0.093648288193846,,swarm,5b2ff9f5d552c7002c905235
"2018-06-24 22:21:00",Sanderstead,Village,,,,"United Kingdom",51.333614775203,-0.078792572021484,,swarm,5b30194cdb2aeb002bad45fa
"2018-06-24 22:21:09","Purley Downs Road",Road,,,,"United Kingdom",51.340028882662,-0.092047667110407,,swarm,5b301955c21cb1002b506169
"2018-06-24 22:21:17","Taylors Gaming Setup","Art Gallery",,,,"United Kingdom",51.340102841403,-0.09205784752541,,swarm,5b30195d2b274a002ccf3774
"2018-06-24 22:21:23","Purley Beeches",Park,,,,"United Kingdom",51.340565479506,-0.091184377670288,,swarm,5b301963238706002423e30a
"2018-06-24 22:21:39","Purley Downs Golf Club","Golf Course","106 Purley Downs Rd","South Croydon","Greater London","United Kingdom",51.340307884006,-0.0960800687468,,swarm,5b301973f870fd002ca7cf68
"2018-06-26 06:59:06","Rupali Ruchi","Indian Restaurant","337 Brighton Rd",Croydon,"Greater London","United Kingdom",51.351726449142,-0.098531000663463,,swarm,5b31e43a23870600246c2aad
"2018-06-26 12:23:02","Purley Beeches",Park,,,,"United Kingdom",51.340565479506,-0.091184377670288,,swarm,5b323026a4b51b002c54f0cc
"2018-06-26 12:36:51","Purley War Memorial Hospital",Hospital,"856 Brighton Road",Purley,"Greater London","United Kingdom",51.339896002736,-0.11439881174691,,swarm,5b323363121384002bf1a079
"2018-06-26 14:39:05",Croydon,Town,,"Greater London","Greater London","United Kingdom",51.376827,-0.09604052,,swarm,5b325009a4b51b002c54f8c1
"2018-06-26 14:39:12","The Wine Cellar","Wine Bar","9 Station Approach","South Croydon","Greater London","United Kingdom",51.348033397475,-0.094290943548946,,swarm,5b325010029a55002c4ffb89
"2018-06-26 14:39:22","St Mary's Church Hall","Community Center",,Sanderstead,"Greater London","United Kingdom",51.344615807122,-0.09347048977298,,swarm,5b32501a835c9a002c14324b
"2018-06-26 14:39:29","Sanderstead Railway Station (SNR)","Rail Station","Station Approach","Greater London","Greater London","United Kingdom",51.348359353708,-0.093648288193846,,swarm,5b325021829b0c002ce2f22f
"2018-06-26 20:57:20",Sanderstead,Village,,,,"United Kingdom",51.333614775203,-0.078792572021484,,swarm,5b32a8b06fa81f002c532a4f
"2018-06-26 20:57:25","Taylors Gaming Setup","Art Gallery",,,,"United Kingdom",51.340102841403,-0.09205784752541,,swarm,5b32a8b595a722002c737d18
"2018-06-26 20:57:30","Drayson Design",Office,,,,"United Kingdom",51.340028882662,-0.092047667110407,,swarm,5b32a8ba9e0d54002c07e2f8
"2018-06-26 20:57:38","Purley Downs Road",Road,,,,"United Kingdom",51.340028882662,-0.092047667110407,,swarm,5b32a8c23af988002c3b56e8
"2018-06-26 20:57:42","Purley Beeches",Park,,,,"United Kingdom",51.340565479506,-0.091184377670288,,swarm,5b32a8c623a2e6002cdcffb6
"2018-06-26 20:57:48","Purley Downs Golf Club","Golf Course","106 Purley Downs Rd","South Croydon","Greater London","United Kingdom",51.340307884006,-0.0960800687468,,swarm,5b32a8cccbcdee002c99f1cc
"2018-06-27 06:35:37",Sanderstead,Village,,,,"United Kingdom",51.333614775203,-0.078792572021484,,swarm,5b333039c5b11c002ca07e1f
"2018-06-27 06:35:43","Drayson Design",Office,,,,"United Kingdom",51.340028882662,-0.092047667110407,,swarm,5b33303f82a750002c418a55
"2018-06-27 06:35:47","Purley Downs Road",Road,,,,"United Kingdom",51.340028882662,-0.092047667110407,,swarm,5b333043d0a149002c1732f1
"2018-06-27 06:35:53","Taylors Gaming Setup","Art Gallery",,,,"United Kingdom",51.340102841403,-0.09205784752541,,swarm,5b3330498c35dc002caa23af
"2018-06-27 06:36:00","Purley Beeches",Park,,,,"United Kingdom",51.340565479506,-0.091184377670288,,swarm,5b333050a30619002c00c703
"2018-06-27 06:36:09","Purley Downs Golf Club","Golf Course","106 Purley Downs Rd","South Croydon","Greater London","United Kingdom",51.340307884006,-0.0960800687468,,swarm,5b333059b399f7002cd73801
"2018-06-27 09:22:05","Reigate College",Education,"Castlefield Rd",Reigate,Surrey,"United Kingdom",51.239924689456,-0.20216757647284,,swarm,5b33573dbe7078003886e576
"2018-06-27 09:22:12",Reigate,Town,,Reigate,,"United Kingdom",51.237255571308,-0.20659446716309,,swarm,5b335744a30619002c603eec
"2018-06-27 09:22:19","Photography - V104","College Classroom",,Reigate,Surrey,"United Kingdom",51.239371,-0.201453,,swarm,5b33574ba30619002c60431e
"2018-06-27 09:22:24",Homebase,"Hardware Store","London Road, Rushworth Road",Reigate,Surrey,"United Kingdom",51.241208049606,-0.20367287352986,,swarm,5b335750446ea6002c9cd0a1
"2018-06-27 09:22:34","Platform 2",Platform,"Reigate Railway Station",Reigate,Surrey,"United Kingdom",51.24188874578,-0.20417383135074,,swarm,5b33575a48b04e002cb07d26
"2018-06-27 09:22:40","Reigate Railway Station (REI)","Rail Station","Station Approach",Reigate,Surrey,"United Kingdom",51.241947240487,-0.20410417671744,,swarm,5b335760364d97002c56aaf7
"2018-06-27 14:28:44","Reigate Grammar School","High School","Reigate Road",Reigate,Surrey,"United Kingdom",51.236716369381,-0.19334880901752,,swarm,5b339f1c8a4cf5002c95d2fe
"2018-06-27 14:59:29","Godstone Farm",Farm,"Tilburstow Hill Rd",Godstone,Surrey,"United Kingdom",51.241427399727,-0.063152009715863,,swarm,5b33a65166f3cd002c783c87
"2018-06-27 15:47:27","Tesco Petrol Station","Fuel Station","8 Purley Way",Croydon,"Greater London","United Kingdom",51.336802478068,-0.11690477764787,,swarm,5b33b18fda7080002c09bbcd
"2018-06-27 18:46:39","Purley War Memorial Hospital",Hospital,"856 Brighton Road",Purley,"Greater London","United Kingdom",51.339896002736,-0.11439881174691,,swarm,5b33db8f2b9844002c148883
"2018-06-28 06:13:52",Sanderstead,Village,,,,"United Kingdom",51.333614775203,-0.078792572021484,,swarm,5b347ca02463d8004477ea25
"2018-06-28 06:13:58","Drayson Design",Office,,,,"United Kingdom",51.340028882662,-0.092047667110407,,swarm,5b347ca625fb7b002c779eb7
"2018-06-28 06:14:03","Purley Downs Road",Road,,,,"United Kingdom",51.340028882662,-0.092047667110407,,swarm,5b347cab0a464d002c18169f
"2018-06-28 06:14:10","Taylors Gaming Setup","Art Gallery",,,,"United Kingdom",51.340102841403,-0.09205784752541,,swarm,5b347cb2121384002c3105b1
"2018-06-28 06:14:15","Purley Beeches",Park,,,,"United Kingdom",51.340565479506,-0.091184377670288,,swarm,5b347cb7c5b11c002cfad5e4
"2018-06-28 06:14:20","Purley Downs Golf Club","Golf Course","106 Purley Downs Rd","South Croydon","Greater London","United Kingdom",51.340307884006,-0.0960800687468,,swarm,5b347cbcc824ae002c9291d6
"2018-06-28 06:51:47","Sp Charcoal Grill Kebab Shop","Turkish Restaurant",,"Greater London","Greater London","United Kingdom",51.354115,-0.097793005,,swarm,5b34858360255e002cf63c7f
"2018-06-28 07:41:50","The Roe Deer",Pub,"50 Croydon Rd",Reigate,Surrey,"United Kingdom",51.241090622011,-0.19599962402642,,swarm,5b34913ed4cc98002c37e47f
"2018-06-28 15:35:09","Sanderstead United Reformed Church",Church,,Croydon,"Greater London","United Kingdom",51.340461507503,-0.085124393723267,,swarm,5b35002d66f3cd002c735bb2
"2018-06-29 10:06:30",Starbucks,"Coffee Shop","119 London Rd N",Surrey,Surrey,"United Kingdom",51.287179,-0.154956,,swarm,5b3604a6b9ac38002c084283
"2018-06-29 12:43:44","Reigate College",Education,"Castlefield Rd",Reigate,Surrey,"United Kingdom",51.239924689456,-0.20216757647284,,swarm,5b3629806f706a002ccdc89a
"2018-06-30 08:52:33",Sanderstead,Village,,,,"United Kingdom",51.333614775203,-0.078792572021484,,swarm,5b3744d1c5b11c002c1d4e5b
"2018-06-30 08:52:38","Taylors Gaming Setup","Art Gallery",,,,"United Kingdom",51.340102841403,-0.09205784752541,,swarm,5b3744d68a4cf5002cf08c9f
"2018-06-30 08:52:42","Purley Downs Road",Road,,,,"United Kingdom",51.340028882662,-0.092047667110407,,swarm,5b3744da968f3100399360c7
"2018-06-30 08:52:50","Drayson Design",Office,,,,"United Kingdom",51.340028882662,-0.092047667110407,,swarm,5b3744e20a08ab002c8eb03a
"2018-06-30 08:53:03","Purley Beeches",Park,,,,"United Kingdom",51.340565479506,-0.091184377670288,,swarm,5b3744ef464d650038032785
"2018-06-30 08:53:10","Purley Downs Golf Club","Golf Course","106 Purley Downs Rd","South Croydon","Greater London","United Kingdom",51.340307884006,-0.0960800687468,,swarm,5b3744f68b98fd003964a0f3
"2018-06-30 12:58:35","Windmill Bridge Junction","Rail Station",,Croydon,Cambridgeshire,"United Kingdom",51.387998504904,-0.085345569026579,,swarm,5b377e7bf193c0002c175779
"2018-06-30 16:31:41",McDonald's,"Fast Food Restaurant","518/522 Wickham Rd",Croydon,"Greater London","United Kingdom",51.376534056928,-0.034863194965769,,swarm,5b37b06d911fc4002cb55fa4
"2018-07-01 14:09:05","Sanderstead Recreation Ground",Park,,Croydon,"Greater London","United Kingdom",51.333022166743,-0.077073608437305,,swarm,5b38e0817cd14c004423d612
"2018-07-01 19:16:42",Sanderstead,Village,,,,"United Kingdom",51.333614775203,-0.078792572021484,,swarm,5b39289a9b0473002c7015f1
"2018-07-01 19:16:47","Drayson Design",Office,,,,"United Kingdom",51.340028882662,-0.092047667110407,,swarm,5b39289fd1a402002ca128c6
"2018-07-01 19:16:53","Taylors Gaming Setup","Art Gallery",,,,"United Kingdom",51.340102841403,-0.09205784752541,,swarm,5b3928a5d0a149002cdb6205
"2018-07-01 19:16:58","Purley Downs Road",Road,,,,"United Kingdom",51.340028882662,-0.092047667110407,,swarm,5b3928aa46e1b6002c8bd9ac
"2018-07-01 19:17:02","Purley Beeches",Park,,,,"United Kingdom",51.340565479506,-0.091184377670288,,swarm,5b3928ae69e77b002cede7e4
"2018-07-01 19:17:12","Purley Downs Golf Club","Golf Course","106 Purley Downs Rd","South Croydon","Greater London","United Kingdom",51.340307884006,-0.0960800687468,,swarm,5b3928b8fe0e2a00248f639c
"2018-07-02 14:55:04","Godstone Farm",Farm,"Tilburstow Hill Rd",Godstone,Surrey,"United Kingdom",51.241427399727,-0.063152009715863,,swarm,5b3a3cc823a2e6002cb4d920
"2018-07-02 19:23:45","Bashford & Co",Butcher,"35 Elmfield Way","South Croydon","Greater London","United Kingdom",51.347614475386,-0.083894431240616,,swarm,5b3a7bc16eda02002cb2580b
"2018-07-02 19:53:07",Starbucks,"Coffee Shop","119 London Rd N",Surrey,Surrey,"United Kingdom",51.287179,-0.154956,,swarm,5b3a82a3396de00034717848
"2018-07-03 14:34:55","Sanderstead United Reformed Church",Church,,Croydon,"Greater London","United Kingdom",51.340461507503,-0.085124393723267,,swarm,5b3b898f10b30300244dddbd
"2018-07-03 14:35:03",Sanderstead,Village,,,,"United Kingdom",51.333614775203,-0.078792572021484,,swarm,5b3b89971f08230044cb8686
"2018-07-03 14:35:13","Sanderstead Library",Library,"Farm Fields","South Croydon","Greater London","United Kingdom",51.341147,-0.085634,,swarm,5b3b89a1835c9a002cb893e9
"2018-07-03 14:35:20","Sanderstead Church Hall","Spiritual Center",,"Greater London","Greater London","United Kingdom",51.340357512018,-0.084835973136988,,swarm,5b3b89a822d49000394b5ddf
"2018-07-03 14:35:47","Purley Downs Road",Road,,,,"United Kingdom",51.340028882662,-0.092047667110407,,swarm,5b3b89c3d1a402002c4f0e51
"2018-07-03 15:04:19","The Lansdowne Building",Office,"2 Lansdowne road",London,"Greater London","United Kingdom",51.376452466538,-0.097069660821351,,swarm,5b3b907366f3cd002cc99f61
"2018-07-03 16:45:05","Wettern Tree Garden",Park,,"South Croydon","Greater London","United Kingdom",51.343577251329,-0.09280830514212,,swarm,5b3ba81183e380002c015942
"2018-07-03 17:27:29","Taylors Gaming Setup","Art Gallery",,,,"United Kingdom",51.340102841403,-0.09205784752541,,swarm,5b3bb2016eda02002cb26456
"2018-07-03 17:27:42","Purley Downs Road",Road,,,,"United Kingdom",51.340028882662,-0.092047667110407,,swarm,5b3bb20e3b4e00002c25ad20
"2018-07-03 17:27:48","Purley Downs Golf Club","Golf Course","106 Purley Downs Rd","South Croydon","Greater London","United Kingdom",51.340307884006,-0.0960800687468,,swarm,5b3bb214a2a6ce002cf819ac
"2018-07-03 17:28:01","Drayson Design",Office,,,,"United Kingdom",51.340028882662,-0.092047667110407,,swarm,5b3bb221e65d0c002c36838d
"2018-07-04 14:56:02",Currys,"Electronics Store","12 Trojan Way, Purley Way",Croydon,"Greater London","United Kingdom",51.373038604021,-0.1192531501256,,swarm,5b3ce0023149b900398b005c
"2018-07-04 15:39:23","Carshalton Ponds",Lake,"North St",Carshalton,"Greater London","United Kingdom",51.365656478818,-0.16369002820637,,swarm,5b3cea2bbcbf7a002c6960ba
"2018-07-04 17:30:11",PureGym,"Gym and Studio","Royal Oak Centre, Brighton Road",Purley,"Greater London","United Kingdom",51.344647391654,-0.10547056137952,,swarm,5b3d04231af852002c6dd7cf
"2018-07-04 17:56:40","East Croydon Railway Station (ECR)","Rail Station","George St",Croydon,"Greater London","United Kingdom",51.37614758063,-0.092609076685877,,swarm,5b3d0a58054e290039a4532d
"2018-07-04 18:23:40",IKEA,"Furniture and Home Store","Valley Retail Pk",London,"Greater London","United Kingdom",51.380414092988,-0.12379648941807,,swarm,5b3d10ac646e38002cf8dc64
"2018-07-04 20:30:53","Slug & Lettuce",Bar,"10 Park Lane",Croydon,"Greater London","United Kingdom",51.373802806434,-0.097147969004851,,swarm,5b3d2e7dee7120003979eda3
"2018-07-04 20:31:01",Croydon,Town,,"Greater London","Greater London","United Kingdom",51.376827,-0.09604052,,swarm,5b3d2e85be707800396d44b0
"2018-07-04 20:31:08",Croydon,Town,,"Greater London","Greater London","United Kingdom",51.376827,-0.09604052,,swarm,5b3d2e8c18d43b002cc29dbf
"2018-07-04 20:31:17","Croydon College","College and University","College Rd",Croydon,"Greater London","United Kingdom",51.373815433189,-0.09612457716477,,swarm,5b3d2e955f68b900396e816b
"2018-07-05 08:08:39",Sanderstead,Village,,,,"United Kingdom",51.333614775203,-0.078792572021484,,swarm,5b3dd207b04056002b6d328e
"2018-07-05 08:08:43","Purley Downs Road",Road,,,,"United Kingdom",51.340028882662,-0.092047667110407,,swarm,5b3dd20bb5cb76002cc822d3
"2018-07-05 08:08:47","Taylors Gaming Setup","Art Gallery",,,,"United Kingdom",51.340102841403,-0.09205784752541,,swarm,5b3dd20fdff815002c494bbf
"2018-07-05 08:08:54","Drayson Design",Office,,,,"United Kingdom",51.340028882662,-0.092047667110407,,swarm,5b3dd2169d7468002c3374bb
"2018-07-05 08:09:01","Purley Beeches",Park,,,,"United Kingdom",51.340565479506,-0.091184377670288,,swarm,5b3dd21d3d4791002c8377f1
"2018-07-05 08:09:07","Purley Downs Golf Club","Golf Course","106 Purley Downs Rd","South Croydon","Greater London","United Kingdom",51.340307884006,-0.0960800687468,,swarm,5b3dd223e1f0aa002c0df662
"2018-07-05 08:31:57","Sanderstead Railway Station (SNR)","Rail Station","Station Approach","Greater London","Greater London","United Kingdom",51.348359353708,-0.093648288193846,,swarm,5b3dd77dbe70780039a31860
"2018-07-05 09:31:50","KA Bus Stop","Bus Stop",,,,"United Kingdom",51.37253,-0.096602,,swarm,5b3de586c36588002c87dd3e
"2018-07-05 09:31:55",Croydon,Town,,"Greater London","Greater London","United Kingdom",51.376827,-0.09604052,,swarm,5b3de58b396de0002c703741
"2018-07-05 09:32:04","Croydon College Library","College Library",,,,"United Kingdom",51.37323126155,-0.094308659494383,,swarm,5b3de594535d6f002c8d5fc1
"2018-07-05 09:32:13","The Lansdowne Building",Office,"2 Lansdowne road",London,"Greater London","United Kingdom",51.376452466538,-0.097069660821351,,swarm,5b3de59d2aff31002ccfe90a
"2018-07-05 09:32:32","Croydon College","College and University","College Rd",Croydon,"Greater London","United Kingdom",51.373815433189,-0.09612457716477,,swarm,5b3de5b0bd4009002c954545
"2018-07-05 16:10:32","Eats Cafe","Sandwich Spot",,"Greater London","Greater London","United Kingdom",51.353371661341,-0.09345641096385,,swarm,5b3e42f86adbf5002bf954b1
"2018-07-06 08:38:02",Sanderstead,Village,,,,"United Kingdom",51.333614775203,-0.078792572021484,,swarm,5b3f2a6a419a9e002c443d60
"2018-07-06 08:38:10","Taylors Gaming Setup","Art Gallery",,,,"United Kingdom",51.340102841403,-0.09205784752541,,swarm,5b3f2a72f193c0002c1efc2b
"2018-07-06 08:38:16","Purley Downs Road",Road,,,,"United Kingdom",51.340028882662,-0.092047667110407,,swarm,5b3f2a780fe7a0002c1ae45a
"2018-07-06 08:38:22","Drayson Design",Office,,,,"United Kingdom",51.340028882662,-0.092047667110407,,swarm,5b3f2a7e51950e002c55d9df
"2018-07-06 08:38:29","Purley Beeches",Park,,,,"United Kingdom",51.340565479506,-0.091184377670288,,swarm,5b3f2a853af988002c28e842
"2018-07-06 08:38:35","Purley Downs Golf Club","Golf Course","106 Purley Downs Rd","South Croydon","Greater London","United Kingdom",51.340307884006,-0.0960800687468,,swarm,5b3f2a8b4420d800306acb92
"2018-07-07 13:47:23",Costco,"Warehouse or Wholesale Store","Imperial Way",Croydon,"Greater London","United Kingdom",51.353892941382,-0.11702695671053,,swarm,5b40c46b6fa81f002c760028
"2018-07-07 16:18:57",Sanderstead,Village,,,,"United Kingdom",51.333614775203,-0.078792572021484,,swarm,5b40e7f1f4b525002cc371d9
"2018-07-07 16:19:09","Purley Beeches",Park,,,,"United Kingdom",51.340565479506,-0.091184377670288,,swarm,5b40e7fd9fca56002c19c738
"2018-07-07 16:19:14","Purley Downs Road",Road,,,,"United Kingdom",51.340028882662,-0.092047667110407,,swarm,5b40e802d0a149002cd2c1ec
"2018-07-07 16:19:18","Taylors Gaming Setup","Art Gallery",,,,"United Kingdom",51.340102841403,-0.09205784752541,,swarm,5b40e8062619ee002c3e7bd5
"2018-07-07 16:19:22","Drayson Design",Office,,,,"United Kingdom",51.340028882662,-0.092047667110407,,swarm,5b40e80a6bdee600394b6506
"2018-07-07 16:19:27","Purley Downs Golf Club","Golf Course","106 Purley Downs Rd","South Croydon","Greater London","United Kingdom",51.340307884006,-0.0960800687468,,swarm,5b40e80f66fc650039058d85
"2018-07-07 19:46:02","Bashford & Co",Butcher,"35 Elmfield Way","South Croydon","Greater London","United Kingdom",51.347614475386,-0.083894431240616,,swarm,5b41187a419a9e002c263384
"2018-07-08 09:06:56","Parklife Café",Café,"Coombe Rd.",Surrey,Surrey,"United Kingdom",51.364499856093,-0.07950402334896,,swarm,5b41d4300fe7a0002c130449
"2018-07-08 13:38:09","Purley Oaks Railway Station (PUO)","Rail Station","Brantwood Road","South Croydon","Greater London","United Kingdom",51.34691357283,-0.098642662731793,,swarm,5b4213c14b78c5002c4c7d5e
"2018-07-08 22:19:08",Sanderstead,Village,,,,"United Kingdom",51.333614775203,-0.078792572021484,,swarm,5b428ddc16ef670039bc194c
"2018-07-08 22:19:14","Drayson Design",Office,,,,"United Kingdom",51.340028882662,-0.092047667110407,,swarm,5b428de25c6838002ce864ba
"2018-07-08 22:19:18","Taylors Gaming Setup","Art Gallery",,,,"United Kingdom",51.340102841403,-0.09205784752541,,swarm,5b428de625ecca002cf2e621
"2018-07-08 22:19:27","Purley Downs Road",Road,,,,"United Kingdom",51.340028882662,-0.092047667110407,,swarm,5b428defbf7dde002cd69160
"2018-07-08 22:19:32","Purley Beeches",Park,,,,"United Kingdom",51.340565479506,-0.091184377670288,,swarm,5b428df42db4a9002ce38aba
"2018-07-08 22:19:38","Purley Downs Golf Club","Golf Course","106 Purley Downs Rd","South Croydon","Greater London","United Kingdom",51.340307884006,-0.0960800687468,,swarm,5b428dfa6fa81f002c78fc1f
"2018-07-09 19:14:10","Bashford & Co",Butcher,"35 Elmfield Way","South Croydon","Greater London","United Kingdom",51.347614475386,-0.083894431240616,,swarm,5b43b4021c0b34002ca7a318
"2018-07-10 14:03:24","Purley War Memorial Hospital",Hospital,"856 Brighton Road",Purley,"Greater London","United Kingdom",51.339896002736,-0.11439881174691,,swarm,5b44bcac1af852002c7de26e
"2018-07-12 09:47:05","Sanderstead United Reformed Church",Church,,Croydon,"Greater London","United Kingdom",51.340461507503,-0.085124393723267,,swarm,5b472399e97dfb002cca098e
"2018-07-12 17:25:54","Bashford & Co",Butcher,"35 Elmfield Way","South Croydon","Greater London","United Kingdom",51.347614475386,-0.083894431240616,,swarm,5b478f22237dee002c4e92f9
"2018-07-13 10:05:44","Decathlon Croydon","Sporting Goods Retail","Purley Way",Croydon,"Greater London","United Kingdom",51.3773097,-0.1190401,,swarm,5b48797873fe25002cd38f9d
"2018-07-13 10:27:51",Currys,"Electronics Store","12 Trojan Way, Purley Way",Croydon,"Greater London","United Kingdom",51.373038604021,-0.1192531501256,,swarm,5b487ea7ad910e002c52e778
"2018-07-13 10:51:31","Pets at Home Croydon","Pet Supplies Store","Waddon Goods Yard, Purley Way",Croydon,"Greater London","United Kingdom",51.367589254393,-0.11759788095093,,swarm,5b488433018cbb002ca745a6
"2018-07-14 11:36:35","Riddlesdown Field","Other Great Outdoors",,Croydon,"Greater London","United Kingdom",51.324274077193,-0.093008807589457,,swarm,5b49e0438b98fd002c61d5d8
"2018-07-14 13:03:40","Riddlesdown Collegiate","High School","Dunmail Drive",Purley,"Greater London","United Kingdom",51.325759258532,-0.087913590813059,,swarm,5b49f4ac772fbc002c6b55cc
"2018-07-14 14:04:31",Halfords,"Automotive Repair Shop","550-570, Purley Way",Croydon,"Greater London","United Kingdom",51.36215726544,-0.11821633185504,,swarm,5b4a02efd1a402002ce31d3a
"2018-07-14 15:02:05","Sports Direct","Sporting Goods Retail","1110-1112 Whitgift Centre",Croydon,"Greater London","United Kingdom",51.375813868523,-0.10052393239402,,swarm,5b4a106d0457b7002c85eca3
"2018-07-14 18:11:18","Bashford & Co",Butcher,"35 Elmfield Way","South Croydon","Greater London","United Kingdom",51.347614475386,-0.083894431240616,,swarm,5b4a3cc6c876c8002c914c5a
"2018-09-09 17:18:59",Cineworld,"Movie Theater","Crawley Leisure Park",Crawley,"West Sussex","United Kingdom",51.120552477041,-0.18990119754983,,swarm,5b955603598e6400395eaf60
"2018-11-23 17:16:18","BFI IMAX","Movie Theater","1 Charlie Chaplin Walk",London,"Greater London","United Kingdom",51.504860847946,-0.11364251375198,,swarm,5bf835e25455b2002c2cf89c
"2020-02-16 20:07:46",Cineworld,"Movie Theater","Crawley Leisure Park",Crawley,"West Sussex","United Kingdom",51.120552477041,-0.18990119754983,"Watching Sonic the Hedgehog with Ben",swarm,5e49a11299412f0008c831d3
"2020-02-16 20:08:27",Crawley,Town,,"West Sussex","West Sussex","United Kingdom",51.112448027696,-0.18591735439814,,swarm,5e49a13bde9f93000797ccc6
"2020-02-16 20:08:51","Crawley Leisure Park","Arts and Entertainment","London Rd.",Crawley,"West Sussex","United Kingdom",51.120019712395,-0.18913870321266,"At the cinema",swarm,5e49a1533eac650008df2018
"2020-02-16 20:09:48",Nando's,"Portuguese Restaurant","Crawley Leisure Park",Crawley,"West Sussex","United Kingdom",51.12027941,-0.18943939,"Tried the grilled chicken pitta with passion fruit & mango flavour - would recommend and have again :)",swarm,5e49a18ccd736300086c04f1
"2020-02-16 21:44:57",Cineworld,"Movie Theater","Crawley Leisure Park",Crawley,"West Sussex","United Kingdom",51.120552477041,-0.18990119754983,,swarm,5e49b7d9742ce20008e9aef2
"2020-02-17 10:37:27","Drayson Design",Office,,,,"United Kingdom",51.340028882662,-0.092047667110407,,swarm,5e4a6ce71d15a700072a7611
"2020-02-17 10:37:36","Taylors Gaming Setup","Art Gallery",,,,"United Kingdom",51.340102841403,-0.09205784752541,,swarm,5e4a6cf0c5bbc100075e9973
"2020-02-17 10:37:42","Purley Downs Golf Club","Golf Course","106 Purley Downs Rd","South Croydon","Greater London","United Kingdom",51.340307884006,-0.0960800687468,,swarm,5e4a6cf65c179e0007f53a10
"2020-02-18 14:56:28",Cineworld,"Movie Theater","Crawley Leisure Park",Crawley,"West Sussex","United Kingdom",51.120552477041,-0.18990119754983,"Watching Harley Quinn: birds of prey",swarm,5e4bfb1ca283b0000716a9fc
"2020-02-18 14:56:47","Crawley Leisure Park","Arts and Entertainment","London Rd.",Crawley,"West Sussex","United Kingdom",51.120019712395,-0.18913870321266,,swarm,5e4bfb2fabbc760008c44f90
"2020-02-18 14:57:00",Crawley,Town,,"West Sussex","West Sussex","United Kingdom",51.112448027696,-0.18591735439814,,swarm,5e4bfb3ce992e40008ff046c
"2020-02-18 18:51:58","Taylors Gaming Setup","Art Gallery",,,,"United Kingdom",51.340102841403,-0.09205784752541,,swarm,5e4c324ea7e7d30007a042c0
"2020-02-19 06:36:44","Barnehurst Golf Course","Golf Course","Mayplace Rd E",Barnehurst,"Greater London","United Kingdom",51.459963462975,0.16912247709739,,swarm,5e4cd77cc4d3a100081c81b0
"2020-02-19 09:42:49","Hooley Village Green","Other Great Outdoors",,,,"United Kingdom",51.292007589464,-0.15637803259273,,swarm,5e4d03193bf946000802863b
"2020-02-19 15:59:42","Drayson Design",Office,,,,"United Kingdom",51.340028882662,-0.092047667110407,,swarm,5e4d5b6e495f2000084500ae
"2020-02-20 06:39:57","High Elms Golf Club","Golf Course","High Elms Rd",Downe,"Greater London","United Kingdom",51.349037522983,0.072623255412823,,swarm,5e4e29bdc4d3a100081c7a68
"2020-02-20 09:38:55","Drayson Design",Office,,,,"United Kingdom",51.340028882662,-0.092047667110407,,swarm,5e4e53afdf3e0c0008181829
"2020-02-22 11:21:20","Wettern Tree Garden",Park,,"South Croydon","Greater London","United Kingdom",51.343577251329,-0.09280830514212,,swarm,5e510eb051a92c00080d97dd
"2020-02-25 20:22:31",Chiquito,"Mexican Restaurant","Unit 4, Crawley Leisure Park, London Road",Crawley,"West Sussex","United Kingdom",51.119604936595,-0.18868267536163,"Taco Tuesssssddayyy — with Gordon",swarm,5e558207742ce20008e88522
"2020-02-25 20:24:07",Cineworld,"Movie Theater","Crawley Leisure Park",Crawley,"West Sussex","United Kingdom",51.120552477041,-0.18990119754983,"Watching Greed 👍🏻 — with Gordon",swarm,5e558267a85e6900083272c5
"2022-04-22 19:08:11","David Lloyd","Gym and Studio","Hannibal Way",Croydon,"Greater London","United Kingdom",51.357142317141,-0.12212066640328,,swarm,6262fd1b637d943bb8cbf9eb
"2022-04-23 11:41:47","The Barley Mow",Pub,"Tandridge Lane",Oxted,Surrey,"United Kingdom",51.238550291323,-0.034142618188933,,swarm,6263e5fb732758230f51982b
"2022-04-23 14:29:23",Starbucks,"Coffee Shop","119 London Rd N",Surrey,Surrey,"United Kingdom",51.287179,-0.154956,,swarm,62640d43637d943bb8cbeb88
"2022-04-25 05:50:52","Bromley Football Club","Soccer Club","Hayes Ln",Bromley,"Greater London","United Kingdom",51.390220220586,0.020521652890151,,swarm,626636bc0fdd113b3bc74b16
"2022-04-25 10:17:52","David Lloyd Beckenham","Gym and Studio","Stanhope Grove",Beckenham,"Greater London","United Kingdom",51.394227799609,-0.037358520645039,"Lunchtime workout, then client work",swarm,626675502ad420447787c16f
"2022-04-26 17:30:43","East Croydon Railway Station (ECR)","Rail Station","George St",Croydon,"Greater London","United Kingdom",51.37614758063,-0.092609076685877,,swarm,62682c43415db957789d5593
"2022-04-27 09:42:22","David Lloyd","Gym and Studio","Hannibal Way",Croydon,"Greater London","United Kingdom",51.357142317141,-0.12212066640328,,swarm,62690ffe5a86fc20106d42f0
"2022-04-27 11:32:59","Streatham Ice and Leisure Centre","Skating Rink","390 Streatham High Rd",London,"Greater London","United Kingdom",51.424003587622,-0.13058357562745,,swarm,626929eb81d3573df4377954
"2022-04-28 05:06:49","Cray Valley Golf Course","Golf Course",,,,"United Kingdom",51.405371000377,0.1258545157709,,swarm,626a20e9c78ec21829fe41df
"2022-04-29 11:45:42","David Lloyd","Gym and Studio","Hannibal Way",Croydon,"Greater London","United Kingdom",51.357142317141,-0.12212066640328,"Leg day & spa ✨",swarm,626bcfe60371634a862bc9ba
"2022-04-30 10:26:40","Apple Bromley","Electronics Store","The Glades Bromley Shopping Centre",Bromley,"Greater London","United Kingdom",51.402863,0.0163385,,swarm,626d0ee027f128064cc90bf5
"2022-04-30 12:20:39","Haling Grove",Park,,,,"United Kingdom",51.35406080863,-0.10353812362835,"Walking Bear and Beanie — with Lyn",swarm,626d299727f128064cf70270
"2022-04-30 14:28:59","David Lloyd","Gym and Studio","Hannibal Way",Croydon,"Greater London","United Kingdom",51.357142317141,-0.12212066640328,"Spending the afternoon at the Spa — with Lyn",swarm,626d47ab24e0fe177f3347c2
"2022-05-01 19:46:46","David Lloyd","Gym and Studio","Hannibal Way",Croydon,"Greater London","United Kingdom",51.357142317141,-0.12212066640328,,swarm,626ee3a6f5cd834720c5159b
"2022-05-02 11:40:57","Lloyd Park",Park,"Coombe Rd",Croydon,"Greater London","United Kingdom",51.363881695269,-0.078687660574749,,swarm,626fc3497a6cc8145a55ff3f
"2022-05-02 13:46:58","David Lloyd","Gym and Studio","Hannibal Way",Croydon,"Greater London","United Kingdom",51.357142317141,-0.12212066640328,"Arms today at the gym",swarm,626fe0d294d12754a19ebb13
"2022-05-05 05:11:11","Cray Valley Golf Course","Golf Course",,,,"United Kingdom",51.405371000377,0.1258545157709,,swarm,62735c6fd0dcfa226e952609
"2022-05-06 10:42:59","Littleheath Woods",Forest,,"Greater London","Greater London","United Kingdom",51.351151017815,-0.061491008108186,,swarm,6274fbb3ae1b255d32932a14
"2022-05-10 13:01:01","Costa Coffee","Coffee Shop","Colonnades Leisure Park",Purley,"Greater London","United Kingdom",51.355805975209,-0.11556530144625,,swarm,627a620d29a9aa7d9fea59e3
"2022-05-10 14:08:05","David Lloyd","Gym and Studio","Hannibal Way",Croydon,"Greater London","United Kingdom",51.357142317141,-0.12212066640328,"Recovering from a week of illness",swarm,627a71c51302ed05e8b561bc
"2022-05-10 17:49:33",KFC,"Fast Food Restaurant","Purley Way",Croydon,"Greater London","United Kingdom",51.3564901,-0.11353391,,swarm,627aa5ad60304625cb3bbdb4
"2022-05-12 04:57:57","Cray Valley Golf Course","Golf Course",,,,"United Kingdom",51.405371000377,0.1258545157709,,swarm,627c93d588b5a126e7cf878b
"2022-05-13 18:37:55","Sanderstead United Reformed Church",Church,,Croydon,"Greater London","United Kingdom",51.340461507503,-0.085124393723267,,swarm,627ea583c072405fa59b2ccb
"2022-05-14 16:41:13","Molo Lounge",Café,"195-197 High St",Essex,Essex,"United Kingdom",51.539651,0.712272,"Cheesy chips and garlic mayo",swarm,627fdba9fb401c69cfdc0e73
"2022-05-15 11:33:13",Wagamama,"Asian Restaurant","unit 10, festival leisure park",Basildon,Essex,"United Kingdom",51.584753979603,0.46236746271268,"Lunch with Nim before the cinema",swarm,6280e4f97cb5257726d045cb
"2022-05-15 12:50:13","Hollywood Bowl Basildon","Bowling Alley","Festival Leisure Park",Basildon,Essex,"United Kingdom",51.584983184133,0.46370529935865,"Game of pool",swarm,6280f705a4da4b7439b80d3c
"2022-05-15 13:14:20","Cineworld Basildon","Movie Theater","Festival Leisure Park",Basildon,Essex,"United Kingdom",51.584978767341,0.46266873338631,"Watching the new Doctor Strange Multiverse film",swarm,6280fcac1ddefc4c8ee1b247
"2022-05-16 10:18:25","David Lloyd","Gym and Studio","Snakes Lane",Essex,Essex,"United Kingdom",51.565755003237,0.66982187264206,"First day back at the gym after being ill 💪🏻",swarm,628224f1e099c77613fe032c
"2022-05-16 15:55:16","Molo Lounge",Café,"195-197 High St",Essex,Essex,"United Kingdom",51.539651,0.712272,,swarm,628273e48f9b427d5fc67d69
"2022-05-17 18:13:38","Poole Road Park",Park,"poole Road",Hullbridge,Essex,"United Kingdom",51.626964969978,0.61346694191381,,swarm,6283e5d280106926da86530a
"2022-05-18 13:36:55","David Lloyd","Gym and Studio","Snakes Lane",Essex,Essex,"United Kingdom",51.565755003237,0.66982187264206,"Good Gym session, now to drive back to Croydon",swarm,6284f67707e3305e0887ddb0
"2022-05-18 14:09:34",McDonald's,"Fast Food Restaurant","Stanford Rd",Orsett,Essex,"United Kingdom",51.509872820301,0.3963820952245,"Quick stop for a milkshake",swarm,6284fe1e7e6ab071c39bd414
"2022-05-19 07:17:13","Cray Valley Golf Course","Golf Course",,,,"United Kingdom",51.405371000377,0.1258545157709,"Early morning today - BNI meeting 💼",swarm,6285eef9e865213a512dbf8f
"2022-05-19 08:34:24","David Lloyd Beckenham","Gym and Studio","Stanhope Grove",Beckenham,"Greater London","United Kingdom",51.394227799609,-0.037358520645039,,swarm,6286011087a4a04b091e6264
"2022-05-20 21:16:23","David Lloyd","Gym and Studio","Hannibal Way",Croydon,"Greater London","United Kingdom",51.357142317141,-0.12212066640328,"Good evening at the gym and then spa with mum.",swarm,6288052763d8e657cf0f7b56
"2022-05-21 12:25:00","Lloyd Park",Park,"Coombe Rd",Croydon,"Greater London","United Kingdom",51.363881695269,-0.078687660574749,,swarm,6288da1cd3a1cb4a2fc012ee
"2022-05-22 16:25:27","David Lloyd","Gym and Studio","Hannibal Way",Croydon,"Greater London","United Kingdom",51.357142317141,-0.12212066640328,"Afternoon tennis with mum 🎾",swarm,628a63f7909df622055890a0
"2022-05-23 12:03:35","David Lloyd","Gym and Studio","Hannibal Way",Croydon,"Greater London","United Kingdom",51.357142317141,-0.12212066640328,,swarm,628b781798254b072f46be9e
"2022-05-23 12:24:44","Purley War Memorial Hospital",Hospital,"856 Brighton Road",Purley,"Greater London","United Kingdom",51.339896002736,-0.11439881174691,,swarm,628b7d0c047080638679d0cb
"2022-05-24 02:55:24","Purley Beeches",Park,,,,"United Kingdom",51.340565479506,-0.091184377670288,,swarm,628c491c059ffd137890dc76
"2022-05-24 03:02:32","Wettern Tree Garden",Park,,"South Croydon","Greater London","United Kingdom",51.343577251329,-0.09280830514212,,swarm,628c4ac8b38d730b8ca62278
"2022-05-24 03:02:55","Drayson Design",Office,,,,"United Kingdom",51.340028882662,-0.092047667110407,,swarm,628c4adf059ffd1378937941
"2022-05-24 12:14:30","Toby Carvery South Croydon","English Restaurant","415 Brighton Rd",London,"Greater London","United Kingdom",51.349458958985,-0.10002670914363,,swarm,628ccc26769d5b1aa29cd015
"2022-05-25 19:19:30","David Lloyd","Gym and Studio","Hannibal Way",Croydon,"Greater London","United Kingdom",51.357142317141,-0.12212066640328,,swarm,628e81420eb02a3133965e5d
"2022-05-26 05:09:21",McDonald's,"Fast Food Restaurant","Sevenoaks Way",Orpington,"Greater London","United Kingdom",51.40223701661,0.11262013828783,,swarm,628f0b81e87f70468150a5f7
"2022-05-26 05:19:54","Cray Valley Golf Course","Golf Course",,,,"United Kingdom",51.405371000377,0.1258545157709,,swarm,628f0dfa55dfbf6eb07dee3f
"2022-05-26 08:42:31",Starbucks,"Coffee Shop","119 London Rd N",Surrey,Surrey,"United Kingdom",51.287179,-0.154956,,swarm,628f3d7743e97316d7ab0fc5
"2022-05-26 14:25:30","The Woodcote Group Practice at Purley","Doctor's Office","32 Foxley Lane",Purley,"Greater London","United Kingdom",51.341187,-0.124318,,swarm,628f8dda7a1c3c0ccf3f25c3
"2022-05-27 11:19:39","David Lloyd","Gym and Studio","Festival Leisure Park, Pipps Hill Rd",Basildon,Essex,"United Kingdom",51.586298501604,0.46323334804186,,swarm,6290b3cba2eef711532fdfdc
"2022-05-27 16:32:16","Molo Lounge",Café,"195-197 High St",Essex,Essex,"United Kingdom",51.539651,0.712272,,swarm,6290fd10cdd1074a71b9d2d4
"2022-05-29 12:59:41",Harvester,"English Restaurant","Arterial Rd",Essex,Essex,"United Kingdom",51.493979656391,0.3038625226077,"Lunch with Lyn and Bill",swarm,62936e3d0b5f1458f39e5a46
"2022-05-29 14:38:39","Flying Tiger Copenhagen","Arts and Crafts Store",,Essex,Essex,"United Kingdom",51.486351,0.283685,,swarm,6293856f3399d45609bb9a60
"2022-05-29 15:03:15","Apple Lakeside","Electronics Store","West Thurrock Way",Essex,Essex,"United Kingdom",51.4886063,0.2831271,,swarm,62938b33ffa2bc1f632386a5
"2022-05-29 15:42:17",Next,"Clothing Store","76-77 W Thurrock Way",Essex,Essex,"United Kingdom",51.48871523,0.28397412,,swarm,62939459cad1f22a86b8564b
"2022-05-29 16:07:23","House of Fraser","Department Store","Lakeside Shopping Centre, West Thurrock",Grays,Thurrock,"United Kingdom",51.485259048464,0.28398458859377,,swarm,62939a3bd4b0f906cc9752cd
"2022-05-30 05:09:26",Starbucks,"Coffee Shop","119 London Rd N",Surrey,Surrey,"United Kingdom",51.287179,-0.154956,,swarm,62945186ee0cfe05e398f68f
"2022-05-30 07:18:40","London Heathrow Airport (LHR)","International Airport","Nelson Rd",London,"Greater London","United Kingdom",51.469996053362,-0.45897960662842,,swarm,62946fd0b19d246b11144532
"2022-05-30 11:48:06","David Lloyd","Gym and Studio","Hannibal Way",Croydon,"Greater London","United Kingdom",51.357142317141,-0.12212066640328,"Breakfast and Spa with Jonathan",swarm,6294aef6bcc0fb0e5baab4dd
"2022-05-30 13:13:15",Currys,"Electronics Store","12 Trojan Way, Purley Way",Croydon,"Greater London","United Kingdom",51.373038604021,-0.1192531501256,,swarm,6294c2ebd1332076690af37b
"2022-05-30 14:06:54","Toby Carvery South Croydon","English Restaurant","415 Brighton Rd",London,"Greater London","United Kingdom",51.349458958985,-0.10002670914363,,swarm,6294cf7e148b4d4fe143ce0d
"2022-05-30 17:33:56","Lakeside Karting","Go Kart Track","Arterial Rd.",Purfleet,Essex,"United Kingdom",51.492903761253,0.28628982897232,,swarm,6295000485d88d7d1c08da01
"2022-05-30 19:18:40","Five Guys","Burger Joint","Lakeside Food Ct Unit 420-421",Essex,Essex,"United Kingdom",51.488646421152,0.2838738411665,,swarm,62951890cf5423252a502ac9
"2022-05-31 09:39:20","Sanderstead Railway Station (SNR)","Rail Station","Station Approach","Greater London","Greater London","United Kingdom",51.348359353708,-0.093648288193846,"Off to London to sightsee!",swarm,6295e248ca695a4fe79e0dd4
"2022-05-31 10:15:09","Westminster Bridge",Bridge,"Westminster Bridge Rd.",London,"Greater London","United Kingdom",51.500868916203,-0.12141823768616,,swarm,6295eaadd8385b05e6e3e2ab
"2022-05-31 11:00:20","Piccadilly Circus",Plaza,Piccadilly,London,"Greater London","United Kingdom",51.509961100167,-0.13465225696564,,swarm,6295f5447cf4ba1a376ef9cb
"2022-05-31 13:09:57","Black Sheep Coffee","Coffee Shop","81 Southwark St",Southwark,"Greater London","United Kingdom",51.505480470261,-0.099492965238035,,swarm,629613a5a57afa2b16a665da
"2022-05-31 14:46:54","Nicholson’s Ale & Gin",Pub,,London,"Greater London","United Kingdom",51.507279674596,-0.077981297757211,"Looking out on to the Thames with a cider",swarm,62962a5ecf87df72748062bf
"2022-05-31 15:48:14","London Blackfriars Railway Station (BFR)","Rail Station","Queen Victoria St",Blackfriars,"Greater London","United Kingdom",51.510596836307,-0.10318683054408,,swarm,629638be13bb2c31a6852e5a
"2022-05-31 16:23:38","BOXPARK Croydon","Food Court","99 George St",Croydon,"Greater London","United Kingdom",51.374933238518,-0.093814732770976,,swarm,6296410a2e57d90d6361c3dc
"2022-05-31 16:46:35","Fairfield Halls","Concert Hall","Park Lane",Croydon,"Greater London","United Kingdom",51.372405824697,-0.096195208930238,,swarm,6296466b75e72a0db2b8725e
"2022-05-31 17:47:32","David Lloyd","Gym and Studio","Hannibal Way",Croydon,"Greater London","United Kingdom",51.357142317141,-0.12212066640328,,swarm,629654b4d263d8394d6722f6
"2022-05-31 19:30:58","Pizza Hut",Pizzeria,"The Colonnades, Purley Way",Croydon,"Greater London","United Kingdom",51.3560531,-0.1144847,,swarm,62966cf233162a214da707b9
"2022-06-01 10:24:42","Coco & Nut Coffee Co","Coffee Shop","6 Station Parade, Sanderstead Road",London,"Greater London","United Kingdom",51.348268,-0.094371,"Lunch coffee with Jonathan",swarm,62973e6a0d85eb293ddfdf61
"2022-06-02 06:59:42",Starbucks,"Coffee Shop","119 London Rd N",Surrey,Surrey,"United Kingdom",51.287179,-0.154956,,swarm,62985fde444a56312408fcb0
"2022-06-02 17:54:30","South Terminal","Airport Terminal","LGW Airport",Crawley,"West Sussex","United Kingdom",51.156367370622,-0.16286373138428,,swarm,6298f9568f2982329b1dc049
"2022-06-02 17:54:49","London Gatwick Airport (LGW)","International Airport","A23 Airport Way",Crawley,"West Sussex","United Kingdom",51.158703779449,-0.17425775527954,,swarm,6298f9698373ce7b5b2137af
"2022-06-02 17:55:01","Security/Passport Control","Border Crossing","South Terminal",Crawley,"West Sussex","United Kingdom",51.156660731735,-0.16347824901375,,swarm,6298f97530e2c704d5486a35
"2022-06-02 18:09:21","No1 Lounge","Airport Lounge","South Terminal",Crawley,"West Sussex","United Kingdom",51.15519123598,-0.16359329223633,"First lounge at Gatwick Airport looking out onto the runway",swarm,6298fcd18f2982329b23e0d2
"2022-06-02 19:51:37","Gate 15","Airport Gate","South Terminal",Crawley,"West Sussex","United Kingdom",51.155891889511,-0.16673965610305,,swarm,629914c9a8a5b8076fdc5aa1
"2022-06-03 11:32:08","Super Bock Arena - Pavilhão Rosa Mota","Concert Hall","R. de Dom Manuel II",Porto,"Porto District",Portugal,41.146915,-8.62587,"First day of Wordcamp",swarm,6299f138e1318f74504dbc08
"2022-06-03 18:37:42","NEYA Hotel Porto",Hotel,"Rua de Monchique, 35",Porto,"Porto District",Portugal,41.144795369475,-8.6249196171541,"Elementor community meet-up WCEU-22",swarm,629a54f6f501e3193395def5
"2022-06-04 12:50:59","Super Bock Arena - Pavilhão Rosa Mota","Concert Hall","R. de Dom Manuel II",Porto,"Porto District",Portugal,41.146915,-8.62587,"Second day of WordCamp",swarm,629b55330d08d320f1721131
"2022-06-04 13:30:00",Okra,Pizzeria,"Rua Adolfo Casais Monteiro, 94",Porto,Norte,Portugal,41.149285962864,-8.6228265496748,"Pizza for lunch with the Apex squad",swarm,629b5e58a31e8c7f1c3e593d
"2022-06-04 17:19:10","Garden Porto",Café,"Rua Fernandes Tomás, 985",Porto,"Porto District",Portugal,41.150665,-8.609979,"Cute café with amazing coffee",swarm,629b940e4243fa1702104636
"2022-06-05 16:11:38",7groaster,Café,"Rua de França, 26","Vila Nova de Gaia","Porto District",Portugal,41.136979288459,-8.6139559960917,"Found a roastery tucked away from the main riverside",swarm,629cd5ba38854b7816fd4bae
"2022-06-06 05:23:26","Francisco Sá Carneiro Airport (OPO) (Aeroporto Francisco Sá Carneiro)","International Airport","Pedras Rubras",Maia,"Porto District",Portugal,41.236933614499,-8.6718634759535,"Early flight back to London",swarm,629d8f4e92930f73ef6f8ca4
"2022-06-06 10:41:19","Security/Passport Control","Border Crossing","South Terminal",Crawley,"West Sussex","United Kingdom",51.156660731735,-0.16347824901375,"Made it back to London",swarm,629dd9cf179c3566795c710b
"2022-06-06 10:41:47","London Gatwick Airport (LGW)","International Airport","A23 Airport Way",Crawley,"West Sussex","United Kingdom",51.158703779449,-0.17425775527954,,swarm,629dd9eb45af2b6bcdd66ba5
"2022-06-06 10:41:54","South Terminal","Airport Terminal","LGW Airport",Crawley,"West Sussex","United Kingdom",51.156367370622,-0.16286373138428,,swarm,629dd9f2dbbb626e27bf0f83
"2022-06-11 20:55:09",Cineworld,"Movie Theater","Crawley Leisure Park",Crawley,"West Sussex","United Kingdom",51.120552477041,-0.18990119754983,"New Jurassic World film",swarm,62a5012d0d41e613ba2a2468
"2022-06-14 19:14:20","Cineworld Basildon","Movie Theater","Festival Leisure Park",Basildon,Essex,"United Kingdom",51.584978767341,0.46266873338631,"2nd time watching",swarm,62a8de0c7182c64ebf9eb9e1
"2022-06-16 10:33:59","Purley Beeches",Park,,,,"United Kingdom",51.340565479506,-0.091184377670288,"Morning walk with Marty",swarm,62ab0717a5763d4e02c4a476
"2022-06-17 08:22:50","Purley Beeches",Park,,,,"United Kingdom",51.340565479506,-0.091184377670288,"Dog walk and some fresh air before meeting today",swarm,62ac39da635ef23ccaf83696
"2022-06-17 11:12:48","David Lloyd Beckenham","Gym and Studio","Stanhope Grove",Beckenham,"Greater London","United Kingdom",51.394227799609,-0.037358520645039,,swarm,62ac61b008fdd273e2123909
"2022-06-18 08:15:22","Purley Beeches",Park,,,,"United Kingdom",51.340565479506,-0.091184377670288,,swarm,62ad899a7a60af1b2c07fc6e
"2022-06-18 08:44:27","Coco & Nut Coffee Co","Coffee Shop","6 Station Parade, Sanderstead Road",London,"Greater London","United Kingdom",51.348268,-0.094371,"They do really nice Oat lattes",swarm,62ad906b18b0c1498a865587
"2022-06-19 08:09:59","Purley Beeches",Park,,,,"United Kingdom",51.340565479506,-0.091184377670288,"Marty was being a little model this morning! 😍",swarm,62aed9d77351bc06314c61bf
"2022-06-20 07:51:13","Purley Beeches",Park,,,,"United Kingdom",51.340565479506,-0.091184377670288,"Nice breeze this morning",swarm,62b026f15180e42610dc291a
"2022-06-20 14:12:48","David Lloyd","Gym and Studio","Hannibal Way",Croydon,"Greater London","United Kingdom",51.357142317141,-0.12212066640328,"Monday means gym day!",swarm,62b080602314fd794c29cff2
"2022-06-20 18:50:32","Riddlesdown Common","Other Great Outdoors",,,,"United Kingdom",51.317342675395,-0.069841040630365,"Walk with Mum and Robyn and all the dogs 🐶",swarm,62b0c178fb9ba330e7e1e089
"2022-06-21 08:12:29","Purley Beeches",Park,,,,"United Kingdom",51.340565479506,-0.091184377670288,,swarm,62b17d6d625d087b739fb95b
"2022-06-21 12:39:54","Teal Cafe",Café,"London Rd",Sevenoaks,Kent,"United Kingdom",51.237403,0.212329,"Lunch meeting with Emma",swarm,62b1bc1add584f14e95c6f22
"2022-06-21 18:51:18","David Lloyd","Gym and Studio","Hannibal Way",Croydon,"Greater London","United Kingdom",51.357142317141,-0.12212066640328,"Spa and then some work with Shaan this evening",swarm,62b21326ca55a67d0416df29
"2022-06-22 08:53:11","Purley Beeches",Park,,,,"United Kingdom",51.340565479506,-0.091184377670288,,swarm,62b2d8778824434b7e9be7fb
"2022-06-22 10:28:36","David Lloyd","Gym and Studio","Hannibal Way",Croydon,"Greater London","United Kingdom",51.357142317141,-0.12212066640328,"Sitting out in the sun",swarm,62b2eed4d1979617038cf855
"2022-06-24 11:07:42","London Heathrow Airport (LHR)","International Airport","Nelson Rd",London,"Greater London","United Kingdom",51.469996053362,-0.45897960662842,"Picking up dad from the airport",swarm,62b59afee3da2c46b349d589
"2022-06-24 11:08:08","Terminal 3","Airport Terminal","LHR Airport",Hillingdon,"Greater London","United Kingdom",51.47141288111,-0.45979499816895,,swarm,62b59b188853e62365079a4b
"2022-06-25 21:57:30","Hollywood Bowl","Bowling Alley","Knights Park","Tunbridge Wells",Kent,"United Kingdom",51.152841123768,0.29686220385402,"Good evening of bowling with my BNI group",swarm,62b784ca3d57a71741c08adb
"2022-06-25 21:58:07","Clacket Lane Westbound Motorway Services (RoadChef)","Rest Area","Btw Jct 5 & 6, M25",Westerham,Kent,"United Kingdom",51.270818652421,0.039527540456649,"Short break on the way home",swarm,62b784ef5e70353389c51d7c
"2022-06-26 08:21:50","Purley Beeches",Park,,,,"United Kingdom",51.340565479506,-0.091184377670288,,swarm,62b8171ee1b1685e66a7b5fd
"2022-06-26 09:01:05","Coco & Nut Coffee Co","Coffee Shop","6 Station Parade, Sanderstead Road",London,"Greater London","United Kingdom",51.348268,-0.094371,"Croissant and coffee with mum",swarm,62b82051538c3e37957badde
"2022-06-26 15:54:44","The Crown",Pub,"28 Wickham Rd",London,"Greater London","United Kingdom",51.373578286128,-0.0542782270838,,swarm,62b88144ed2e5a1537a7711f
"2022-06-27 08:58:24","Purley Beeches",Park,,,,"United Kingdom",51.340565479506,-0.091184377670288,,swarm,62b971300100525dfa80b0f3
"2022-06-27 10:55:45","David Lloyd","Gym and Studio","Hannibal Way",Croydon,"Greater London","United Kingdom",51.357142317141,-0.12212066640328,"Tough morning in the gym today. Really struggled",swarm,62b98cb1d5cb0b15a8dc88ae
"2022-06-28 08:58:03","Purley Beeches",Park,,,,"United Kingdom",51.340565479506,-0.091184377670288,"Nice breeze this morning",swarm,62bac29bb14ae46c9bd787ce
"2022-06-29 12:48:31","David Lloyd","Gym and Studio","Hannibal Way",Croydon,"Greater London","United Kingdom",51.357142317141,-0.12212066640328,"Good coaching session today",swarm,62bc4a1fe37e453af56617e1
"2022-07-14 09:27:59","Purley Beeches",Park,,,,"United Kingdom",51.340565479506,-0.091184377670288,"First walk with Marty since the hospital",swarm,62cfe19fd9010540be9b08fc
"2022-07-16 10:44:06",Starbucks,"Coffee Shop","119 London Rd N",Surrey,Surrey,"United Kingdom",51.287179,-0.154956,"Trying the new Passion Fruit & Raspberry Frappe",swarm,62d296768d2f4c1ccb85d036
"2022-07-16 15:22:38","Toby Carvery South Croydon","English Restaurant","415 Brighton Rd",London,"Greater London","United Kingdom",51.349458958985,-0.10002670914363,,swarm,62d2d7bedd561c08b68d0758
"2022-07-17 11:59:42","YO! Sushi","Sushi Restaurant","Unit 97, Intu Bromley Shopping Centre, High Street",Kent,Kent,"United Kingdom",51.403704,0.016866,"Lunch with mum",swarm,62d3f9aed74aac7ad25e76b8
"2022-07-17 18:51:27",Cineworld,"Movie Theater","Crawley Leisure Park",Crawley,"West Sussex","United Kingdom",51.120552477041,-0.18990119754983,"with Gordon",swarm,62d45a2f0845411d10e9a08c
"2022-07-19 07:25:53","Purley Beeches",Park,,,,"United Kingdom",51.340565479506,-0.091184377670288,"Trees keeping me cool this morning",swarm,62d65c811fd03e131016eb40
"2022-07-20 16:52:09","University of Essex",University,"Wivenhoe Pk",Colchester,Essex,"United Kingdom",51.876729417437,0.94598293304443,"Robyn and Ben’s graduation",swarm,62d832b9ed0a27094154cec5
"2022-07-20 18:41:59","The Whalebone",Gastropub,"Chapel Rd",Fingringhoe,Essex,"United Kingdom",51.845032,0.944055,"The bacon cheese burger was very yummy",swarm,62d84c77de3cf23c7771ffa3
"2022-07-21 07:49:15","Cray Valley Golf Course","Golf Course",,,,"United Kingdom",51.405371000377,0.1258545157709,"Good to be back at BNI",swarm,62d904fb1daa242c8700c0ea
"2022-07-22 11:49:05",Specsavers,"Eyecare Store","146 High St",Bromley,"Greater London","United Kingdom",51.404467551131,0.01480837754949,,swarm,62da8eb1f781d30455b96195
"2022-07-23 09:21:41","Purley Beeches",Park,,,,"United Kingdom",51.340565479506,-0.091184377670288,"Lots of dogs here today! 🐶",swarm,62dbbda58068d94a819d8bbf
"2022-07-24 13:45:03","Botley Hill Farmhouse",Gastropub,"Limpsfield Rd",Warlingham,Surrey,"United Kingdom",51.281810163243,-0.0012107636951732,"Lovely meal for Robyn’s 21st Birthday!",swarm,62dd4cdfa5944c206d32238b
"2022-07-25 07:58:02","Purley Beeches",Park,,,,"United Kingdom",51.340565479506,-0.091184377670288,,swarm,62de4d0aab4ef61221f3117b
"2022-07-25 08:19:47","Coco & Nut Coffee Co","Coffee Shop","6 Station Parade, Sanderstead Road",London,"Greater London","United Kingdom",51.348268,-0.094371,"Oat latte this morning on my walk",swarm,62de52237c4db7550599aac0
"2022-07-26 08:19:30","Purley Beeches",Park,,,,"United Kingdom",51.340565479506,-0.091184377670288,,swarm,62dfa392a1010e2658a1a2ee
"2022-07-27 10:08:58","Kenley Aerodrome",Airport,"Hayes Lane",Surrey,Surrey,"United Kingdom",51.302516478938,-0.099422468927832,"Nice walk with Annie, Pippa & Marty",swarm,62e10ebac60afb5fcda1a5af
"2022-07-27 12:57:42","David Lloyd","Gym and Studio","Hannibal Way",Croydon,"Greater London","United Kingdom",51.357142317141,-0.12212066640328,,swarm,62e136465865e958d4ecd3d6
"2022-07-28 09:21:02","Cray Valley Golf Course","Golf Course",,,,"United Kingdom",51.405371000377,0.1258545157709,,swarm,62e254fe85407a576060f83b
"2022-07-29 11:07:19","Costa Coffee","Coffee Shop","25 Limpsfield Rd",London,"Greater London","United Kingdom",51.334122,-0.076524,"With mum and dad",swarm,62e3bf67b0c53d0c1af3fb3b
"2022-07-29 17:25:08","Bromley Football Club","Soccer Club","Hayes Ln",Bromley,"Greater London","United Kingdom",51.390220220586,0.020521652890151,"Great BNI networking event at Green Club tonight",swarm,62e417f46b6a453cffeb8ccb
"2022-07-29 21:02:13",McDonald's,"Fast Food Restaurant","518/522 Wickham Rd",Croydon,"Greater London","United Kingdom",51.376534056928,-0.034863194965769,,swarm,62e44ad5ca0ded6218afc023
"2022-07-30 12:10:16",Game,"Video Games Store","80 North End",Croydon,"Greater London","United Kingdom",51.376335155618,-0.10143926640173,"Just bought a Meta Quest 2! Very excited!",swarm,62e51fa8970c787ed4888387
"2022-07-30 12:17:06",Starbucks,"Coffee Shop","Centrale Shopping Centre, Unit 79",London,"Greater London","United Kingdom",51.375851,-0.103119,"Trying a new strawberry vanilla latte and gingerbread coffee cup",swarm,62e52142711c332dc546b41b
"2022-07-31 10:06:08","Purley Beeches",Park,,,,"United Kingdom",51.340565479506,-0.091184377670288,"Little drizzle on our walk today",swarm,62e65410c8467c1d4d66a94c
"2022-07-31 17:54:26","Purley Bury Tennis Club","Tennis Club",.,.,,"United Kingdom",51.337948,-0.102981,"Watching the Lionesses in the Euro Final! ⚽️",swarm,62e6c1d253b0bd50b16d6d14
"2022-08-01 09:46:41","Purley Beeches",Park,,,,"United Kingdom",51.340565479506,-0.091184377670288,,swarm,62e7a1012117fb0ca3b6ce2b
"2022-08-02 09:40:06","Purley Beeches",Park,,,,"United Kingdom",51.340565479506,-0.091184377670288,,swarm,62e8f0f62ba98d4e61be1d34
"2022-08-02 11:58:00","David Lloyd","Gym and Studio","Hannibal Way",Croydon,"Greater London","United Kingdom",51.357142317141,-0.12212066640328,,swarm,62e9114864c3443098eea7fd
"2022-08-03 09:48:56","Coco & Nut Coffee Co","Coffee Shop","6 Station Parade, Sanderstead Road",London,"Greater London","United Kingdom",51.348268,-0.094371,"Morning coffee and walk with Marty",swarm,62ea4488b43ae65ba9d39493
"2022-08-03 16:51:11",Cineworld,"Movie Theater","Crawley Leisure Park",Crawley,"West Sussex","United Kingdom",51.120552477041,-0.18990119754983,"Watching Bullet Train with Dad",swarm,62eaa77f4200f77f19ea2bae
"2022-08-03 19:25:26",McDonald's,"Fast Food Restaurant","Crawley Leisure Park London Road",Crawley,"West Sussex","United Kingdom",51.120467230698,-0.18887020191288,"Dinner to end the evening",swarm,62eacba6da03a33f3dacfa32
"2022-08-04 05:34:32","Cray Valley Golf Course","Golf Course",,,,"United Kingdom",51.405371000377,0.1258545157709,"Great view this morning at BNI",swarm,62eb5a680c775752746ed8a4
"2022-08-04 08:53:36","David Lloyd","Gym and Studio","Hannibal Way",Croydon,"Greater London","United Kingdom",51.357142317141,-0.12212066640328,,swarm,62eb89102629d23894dcebc2
"2022-08-05 08:56:40","Purley Beeches",Park,,,,"United Kingdom",51.340565479506,-0.091184377670288,,swarm,62ecdb4801cef96e7f725f28
"2022-08-05 09:42:09","David Lloyd Beckenham","Gym and Studio","Stanhope Grove",Beckenham,"Greater London","United Kingdom",51.394227799609,-0.037358520645039,,swarm,62ece5f1b503071317ff6427
"2022-08-05 16:40:13",ALDI,Supermarket,,"South Croydon","Greater London","United Kingdom",51.345030889708,-0.059178270486297,,swarm,62ed47ed74555a00a585b183
"2022-08-06 08:42:51","Lloyd Park",Park,"Coombe Rd",Croydon,"Greater London","United Kingdom",51.363881695269,-0.078687660574749,,swarm,62ee298b61a75909b1655d9f
"2022-08-07 13:17:52","The Barley Mow",Pub,"Tandridge Lane",Oxted,Surrey,"United Kingdom",51.238550291323,-0.034142618188933,,swarm,62efbb808117135932904a6e
"2022-08-08 09:18:47","Purley Beeches",Park,,,,"United Kingdom",51.340565479506,-0.091184377670288,"Very warm this morning in the sun ☀️",swarm,62f0d4f78abadf76bf29760c
"2022-08-09 10:46:02","The Old Forge Deli","Breakfast Spot",,,,"United Kingdom",51.247645,-0.067139,,swarm,62f23aeae0107e4b55c20b55
"2022-08-09 17:06:35","David Lloyd","Gym and Studio","Hannibal Way",Croydon,"Greater London","United Kingdom",51.357142317141,-0.12212066640328,,swarm,62f2941b038e567746d0579f
"2022-08-10 09:37:15","Chessington World of Adventures Resort","Amusement Park","Leatherhead Rd",Chessington,"Greater London","United Kingdom",51.3472173,-0.3192127,"Spending the day with Lyn and Robyn",swarm,62f37c4b9c979f2326d05b78
"2022-08-10 10:15:03","Dragon's Fury",Attraction,"Chessington World of Adventures",Chessington,"Greater London","United Kingdom",51.347824913403,-0.31916039591531,,swarm,62f3852792ded26267ef120f
"2022-08-10 11:38:14","Market Square Pizza & Pasta",Pizzeria,"Chessington World of Adventures","Greater London","Greater London","United Kingdom",51.348824789383,-0.31667590834765,"Quick fuel stop",swarm,62f398a64cee470c3962f78b
"2022-08-10 11:38:53","Tomb Blaster",Attraction,"Chessington World of Adventures","Greater London","Greater London","United Kingdom",51.348961006801,-0.31915761131974,"Time to shoot some dots",swarm,62f398cdcf940a19819cedc6
"2022-08-10 12:53:29","Zufari: Ride Into Africa!",Attraction,"Chessington World of Adventures","Greater London","Greater London","United Kingdom",51.349738086672,-0.31930569358595,"Into the wild!",swarm,62f3aa4932f35f64edb1669f
"2022-08-11 05:12:30","Cray Valley Golf Course","Golf Course",,,,"United Kingdom",51.405371000377,0.1258545157709,,swarm,62f48fbede12395927ab4218
"2022-08-12 09:33:47","Roundshaw Common",Park,,,,"United Kingdom",51.35000178263,-0.12167371809483,"Morning walk with Buddy",swarm,62f61e7bd6783e66712caa28
"2022-08-13 09:29:31","Roundshaw Common",Park,,,,"United Kingdom",51.35000178263,-0.12167371809483,"Slightly cooler today",swarm,62f76efb95ba3e46ecfd6ef5
"2022-08-13 12:18:34","Roundshaw Park",Park,"Forrester Drive","Greater London","Greater London","United Kingdom",51.352668712434,-0.13663484178572,,swarm,62f7969a6ca463361a7c5e41
"2022-08-14 11:11:30","Roundshaw Common",Park,,,,"United Kingdom",51.35000178263,-0.12167371809483,,swarm,62f8d86200b0616e2c4fcda5
"2022-08-15 09:50:24","Roundshaw Common",Park,,,,"United Kingdom",51.35000178263,-0.12167371809483,"Cooler with the clouds out",swarm,62fa16e002ff306e23344491
"2022-08-23 17:05:34",McDonald's,"Fast Food Restaurant","Crawley Leisure Park London Road",Crawley,"West Sussex","United Kingdom",51.120467230698,-0.18887020191288,"Enjoying a bbq chicken legend 🐓",swarm,630508de963bd71b3873030d
"2022-08-23 17:33:14",Cineworld,"Movie Theater","Crawley Leisure Park",Crawley,"West Sussex","United Kingdom",51.120552477041,-0.18990119754983,"Watching Orphan: First Kill",swarm,63050f5a39f6c75cad8a44a3
"2022-08-24 09:19:55","David Lloyd Beckenham","Gym and Studio","Stanhope Grove",Beckenham,"Greater London","United Kingdom",51.394227799609,-0.037358520645039,,swarm,6305ed3b182bb855920ff0a0
"2022-08-24 17:50:15","The Artful Duke",Gastropub,"196-198 High St",Bromley,"Greater London","United Kingdom",51.405831,0.013766,"Beers with Peers 🍻",swarm,630664d72cb5b92f6583ce63
"2022-08-25 05:16:39","Cray Valley Golf Course","Golf Course",,,,"United Kingdom",51.405371000377,0.1258545157709,,swarm,630705b7c6350f69d6cbc751
"2022-08-25 16:42:20","Purley Beeches",Park,,,,"United Kingdom",51.340565479506,-0.091184377670288,"Walk with Lyn and Robyn and dogs",swarm,6307a66c5c900765ae023df9
"2022-08-26 20:01:21","David Lloyd Beckenham","Gym and Studio","Stanhope Grove",Beckenham,"Greater London","United Kingdom",51.394227799609,-0.037358520645039,"Good day working with Georgia today",swarm,63092691e414c44d050167a3
"2022-08-27 07:58:45","The Ivy Castle View","English Restaurant","Tunsgate Quarter, 98-110 High St",Guildford,Surrey,"United Kingdom",51.235068,-0.572189,,swarm,6309ceb56d49a314db0e91e7
"2022-08-27 11:30:14",Wagamama,"Asian Restaurant","25-29 High St",Guildford,Surrey,"United Kingdom",51.235150220502,-0.57615711670769,"Wagamamas after a great Alice in Wonderland game — with Gordon",swarm,630a0046b8da60417f7f8f87
"2022-08-28 09:49:09","Coco & Nut Coffee Co","Coffee Shop","6 Station Parade, Sanderstead Road",London,"Greater London","United Kingdom",51.348268,-0.094371,"Coffee and cake with Mum and Marty",swarm,630b3a15b237f5777cfc892f
"2022-08-29 12:11:59","David Lloyd","Gym and Studio","Hannibal Way",Croydon,"Greater London","United Kingdom",51.357142317141,-0.12212066640328,"First day back in the Gym since June! 💪🏻",swarm,630cad0f01f7fd4769141558
"2022-08-29 17:47:15","The White Lion",Pub,"3 Farleigh Rd",Warlingham,Surrey,"United Kingdom",51.309434104635,-0.054103120178815,"Nice bank holiday dinner with mum and dad — with Gordon",swarm,630cfba345bb63000112d307
"2022-08-30 16:35:32","David Lloyd Beckenham","Gym and Studio","Stanhope Grove",Beckenham,"Greater London","United Kingdom",51.394227799609,-0.037358520645039,"Coffee = Brain Power 🧠",swarm,630e3c5436fc6955fcd1d5cc
"2022-09-01 05:23:29","Cray Valley Golf Course","Golf Course",,,,"United Kingdom",51.405371000377,0.1258545157709,"Early start at BNI this morning",swarm,631041d14e04fe3920c1958d
"2022-09-01 08:52:27",Starbucks,"Coffee Shop","Springvale Retail Park",Orpington,"Greater London","United Kingdom",51.397188,0.113468,,swarm,631072cb3e605138aab7ef7b
"2022-09-02 12:58:19","The Hangar Cafe",Café,"Fairoaks Airport","Surrey Heath",Surrey,"United Kingdom",51.351378556344,-0.56239446847864,,swarm,6311fdeb93d32c354d60ead4
"2022-09-02 13:06:21","Fairoaks Airport",Airport,"Chertsey Rd",Chobham,Surrey,"United Kingdom",51.351383457052,-0.56246327121834,"What a great experience. Flew over the McLaren Technology Centre 🏎️",swarm,6311ffcd0ddcdf7635fbf0d3
"2022-09-03 10:48:20","David Lloyd","Gym and Studio","Hannibal Way",Croydon,"Greater London","United Kingdom",51.357142317141,-0.12212066640328,,swarm,631330f40b8e5377901e3074
"2022-09-05 09:50:35","David Lloyd","Gym and Studio","Hannibal Way",Croydon,"Greater London","United Kingdom",51.357142317141,-0.12212066640328,"Feels good to be back in the gym 💪🏻",swarm,6315c66b7d9a60149c1fe0d0
"2022-09-08 07:31:04","Cray Valley Golf Course","Golf Course",,,,"United Kingdom",51.405371000377,0.1258545157709,"Good education slot this morning at BNI about “what is your Why”",swarm,63199a38fbd06868be17bad9
"2022-09-08 19:10:23","David Lloyd Beckenham","Gym and Studio","Stanhope Grove",Beckenham,"Greater London","United Kingdom",51.394227799609,-0.037358520645039,"Very sad news this evening while working 👑",swarm,631a3e1f33029a2b71ebcac2
"2022-09-09 08:31:32",Starbucks,"Coffee Shop","Dunmow Rd, Bishop's Stortford","Bishop's Stortford",Hertfordshire,"United Kingdom",51.87173,0.194654,,swarm,631af9e481736960580e2d34
"2022-09-09 14:48:59","David Lloyd","Gym and Studio","Festival Leisure Park, Pipps Hill Rd",Basildon,Essex,"United Kingdom",51.586298501604,0.46323334804186,"Very empty David Lloyd’s today while working",swarm,631b525b7b3f4d5aede0b4d2
"2022-09-10 09:59:58","Purley Beeches",Park,,,,"United Kingdom",51.340565479506,-0.091184377670288,"It’s been a while. Looks like they’re setting up some sort of dog show today.",swarm,631c601e3460655c20703ba2
"2022-09-10 10:57:01","Star Barbers",Barbershop,"47 Limpsfield Road","South Croydon","Greater London","United Kingdom",51.333373,-0.076256,"New haircut!",swarm,631c6d7d9adb001738c35bfd
"2022-09-11 10:02:42","Purley Beeches",Park,,,,"United Kingdom",51.340565479506,-0.091184377670288,"Morning walk",swarm,631db2422832411012a8e8d1
"2022-09-12 15:40:08","David Lloyd","Gym and Studio","Hannibal Way",Croydon,"Greater London","United Kingdom",51.357142317141,-0.12212066640328,"Monday means gym and client work",swarm,631f52d83d1fdc02590c0e0d
"2022-09-13 18:30:04",Wagamama,"Asian Restaurant","unit 9, crawley leisure park",Crawley,"West Sussex","United Kingdom",51.120215997746,-0.18956623057832,"Dinner with mum",swarm,6320cc2c61e73d57e6c126fd
"2022-09-13 19:27:02",Cineworld,"Movie Theater","Crawley Leisure Park",Crawley,"West Sussex","United Kingdom",51.120552477041,-0.18990119754983,"Watching Three Thousand Years of Longing 🍿",swarm,6320d98679605f286a2d18be
"2022-09-14 10:28:16","David Lloyd","Gym and Studio","Hannibal Way",Croydon,"Greater London","United Kingdom",51.357142317141,-0.12212066640328,"Back and chest today. Nice morning coffee with mum",swarm,6321acc0e0139e028bb0b330
"2022-09-15 05:28:52","Cray Valley Golf Course","Golf Course",,,,"United Kingdom",51.405371000377,0.1258545157709,,swarm,6322b814ed44c52333829be0
"2022-09-16 16:17:53","David Lloyd","Gym and Studio","Hannibal Way",Croydon,"Greater London","United Kingdom",51.357142317141,-0.12212066640328,,swarm,6324a1b17abcbc672ea637ee
"2022-09-17 18:21:40",KFC,"Fast Food Restaurant","11 High St",Purley,"Greater London","United Kingdom",51.3397928,-0.1141255,"Picking up dinner for the family",swarm,6326103484d1b56d6d079226
"2022-09-18 07:49:37","Purley Oaks Railway Station (PUO)","Rail Station","Brantwood Road","South Croydon","Greater London","United Kingdom",51.34691357283,-0.098642662731793,,swarm,6326cd919193f1073902c55d
"2022-09-18 08:17:46","London Bridge Railway Station (LBG)","Rail Station","Station Approach",London,"Greater London","United Kingdom",51.504308877716,-0.084721292993725,,swarm,6326d42a801827072f402963
"2022-09-18 08:39:45","London Euston Railway Station (EUS)","Rail Station","Euston Rd",Euston,"Greater London","United Kingdom",51.528144245237,-0.13328563557286,,swarm,6326d951aeb69a00968a16e9
"2022-09-18 10:44:51","Royal National Hotel",Hotel,"38-51 Bedford Way",London,"Greater London","United Kingdom",51.523593719155,-0.12753350414534,"Lego Show with Lyn",swarm,6326f6a3c2b89179bcef648e
"2022-09-18 12:23:02",Starbucks,"Coffee Shop","Tavistock Sq",London,"Greater London","United Kingdom",51.52526,-0.128263,"Coffee and lots of mini Legos",swarm,63270da62719ca35ded6661b
"2022-09-18 13:35:57","Taco Bell","Fast Food Restaurant","75 Southampton Row",Bloomsbury,"Greater London","United Kingdom",51.52032884,-0.12301291,"Lyns first time trying Taco Bell",swarm,63271ebd452c8d01aa4ac126
"2022-09-18 14:20:10","Apple Covent Garden","Electronics Store","No. 1-7 The Piazza",London,"Greater London","United Kingdom",51.512214,-0.123568,"No iPhone 14 pros in stock ☹️",swarm,6327291a4f3e55694ef99599
"2022-09-18 14:32:59","Benjamin Pollock's Toy Shop","Toy Store","44 The Market",London,"Greater London","United Kingdom",51.511835986163,-0.12256814618052,"Full of amazing miniature theatres",swarm,63272c1bb861364d9bf1c6c3
"2022-09-18 15:28:24","London Victoria Railway Station (VIC)","Rail Station","Buckingham Palace Rd",London,"Greater London","United Kingdom",51.495090297497,-0.14485399055221,"New dot matrix displays",swarm,6327391852383b62426beff7
"2022-09-18 16:12:00","East Croydon Railway Station (ECR)","Rail Station","George St",Croydon,"Greater London","United Kingdom",51.37614758063,-0.092609076685877,,swarm,63274350df7df94ea73fb170
"2022-09-18 16:16:34","Sanderstead Railway Station (SNR)","Rail Station","Station Approach","Greater London","Greater London","United Kingdom",51.348359353708,-0.093648288193846,,swarm,63274462890fb0560473a6be
"2022-09-21 11:22:17","Costa Coffee","Coffee Shop","Colonnades Leisure Park",Purley,"Greater London","United Kingdom",51.355805975209,-0.11556530144625,,swarm,632af3e9e575c21f22f80ca7
"2022-09-21 11:37:16","David Lloyd","Gym and Studio","Hannibal Way",Croydon,"Greater London","United Kingdom",51.357142317141,-0.12212066640328,,swarm,632af76cf87778244db18c5c
"2022-09-22 05:42:21","Cray Valley Golf Course","Golf Course",,,,"United Kingdom",51.405371000377,0.1258545157709,"Beautiful sunrise this morning",swarm,632bf5bd90deeb503a6f0bec
"2022-09-22 18:03:04","Sanderstead Recreation Ground",Park,,Croydon,"Greater London","United Kingdom",51.333022166743,-0.077073608437305,,swarm,632ca358fba65126c4ebc499
"2022-09-23 09:53:07","Purley Beeches",Park,,,,"United Kingdom",51.340565479506,-0.091184377670288,"Not a fan of the rain this morning",swarm,632d820309a02329d94cf20d
"2022-09-23 10:48:46","Costa Coffee","Coffee Shop","Colonnades Leisure Park",Purley,"Greater London","United Kingdom",51.355805975209,-0.11556530144625,,swarm,632d8f0e09a02329d9509a0b
"2022-09-23 10:58:44","David Lloyd","Gym and Studio","Hannibal Way",Croydon,"Greater London","United Kingdom",51.357142317141,-0.12212066640328,,swarm,632d9164e3f79026527bda49
"2022-09-24 10:05:06","Purley Beeches",Park,,,,"United Kingdom",51.340565479506,-0.091184377670288,,swarm,632ed652457f7b78a02b011e
"2022-09-24 18:05:09","Hollywood Bowl","Bowling Alley","Knights Park","Tunbridge Wells",Kent,"United Kingdom",51.152841123768,0.29686220385402,,swarm,632f46d5a18d536ce16400b8
"2022-09-25 16:08:30","David Lloyd","Gym and Studio","Hannibal Way",Croydon,"Greater London","United Kingdom",51.357142317141,-0.12212066640328,"Sunday Tennis with Mum 🎾",swarm,63307cfe0e09f54b1cefcf29
"2022-09-26 13:27:14","Whyteleafe Café",Café,"Godstone Road",Whyteleafe,Surrey,"United Kingdom",51.309075983351,-0.079769927997981,,swarm,6331a8b28b6ab5162c2d881c
"2022-09-26 14:33:10","Wraysbury Tyres","Fuel Station",,Whyteleafe,Surrey,"United Kingdom",51.309331251147,-0.081256886440042,,swarm,6331b8262d92bd2a2d39600a
"2022-09-28 09:35:55","David Lloyd","Gym and Studio","Hannibal Way",Croydon,"Greater London","United Kingdom",51.357142317141,-0.12212066640328,"Back workout this morning",swarm,6334157bf2d0453683eeec28
"2022-09-29 05:31:07","Cray Valley Golf Course","Golf Course",,,,"United Kingdom",51.405371000377,0.1258545157709,,swarm,63352d9b3088a208f8cc94ae
"2022-09-30 13:42:57","David Lloyd","Gym and Studio","Hannibal Way",Croydon,"Greater London","United Kingdom",51.357142317141,-0.12212066640328,"Today’s work view",swarm,6336f26155e4bb0d07ea5e00
"2022-10-01 10:43:23","Oaks Park Tea Rooms","Tea Room","Oaks Park",Surrey,Surrey,"United Kingdom",51.33562,-0.1703417301178,,swarm,633819cb51fdbd31a5170a77
"2022-10-02 10:55:28","David Lloyd","Gym and Studio","Hannibal Way",Croydon,"Greater London","United Kingdom",51.357142317141,-0.12212066640328,"Blaze HIT workout and breakfast this morning with mum",swarm,63396e20c3717857690b2c82
"2022-10-03 10:13:27","Costa Coffee","Coffee Shop","Colonnades Leisure Park",Purley,"Greater London","United Kingdom",51.355805975209,-0.11556530144625,"Grabbing a gingerbread latte this morning",swarm,633ab5c745c2cd4b5004792b
"2022-10-03 14:41:11","David Lloyd","Gym and Studio","Hannibal Way",Croydon,"Greater London","United Kingdom",51.357142317141,-0.12212066640328,,swarm,633af4876f4e982d66e0149c
"2022-10-04 09:58:37","Purley Beeches",Park,,,,"United Kingdom",51.340565479506,-0.091184377670288,"Getting slightly colder, but not cold enough for a jacket yet.",swarm,633c03cd6c4485742057787c
"2022-10-05 13:02:46","David Lloyd","Gym and Studio","Hannibal Way",Croydon,"Greater London","United Kingdom",51.357142317141,-0.12212066640328,"My first time playing squash today! A lot of fun 🎉",swarm,633d8076a6bed52d2c68850f
"2022-10-06 05:21:01","Cray Valley Golf Course","Golf Course",,,,"United Kingdom",51.405371000377,0.1258545157709,,swarm,633e65bd25501d50c9c5a941
"2022-10-07 09:27:04","Contingent works","Coworking Space","Broadway Buildings",Bromley,"Greater London","United Kingdom",51.402477040183,0.016245708537832,"Found a new coworking space in Bromley.",swarm,633ff0e8cedd5c517cdca7e1
"2022-10-07 12:05:03","YO! Sushi","Sushi Restaurant","Unit 97, Intu Bromley Shopping Centre, High Street",Kent,Kent,"United Kingdom",51.403704,0.016866,"Pumpkin Katsu curry for lunch",swarm,634015ef00ffd82900e5ca8f
"2022-10-07 12:17:06","Apple Bromley","Electronics Store","The Glades Bromley Shopping Centre",Bromley,"Greater London","United Kingdom",51.402863,0.0163385,,swarm,634018c20e3405504bea4624
"2022-10-09 11:16:25","David Lloyd","Gym and Studio","Hannibal Way",Croydon,"Greater London","United Kingdom",51.357142317141,-0.12212066640328,"Good Blaze session this morning. Now for bacon rolls 😊",swarm,6342ad89d4a7b74c4e4b0201
"2022-10-10 08:25:37","Purley Beeches",Park,,,,"United Kingdom",51.340565479506,-0.091184377670288,"Definitely getting into winter when the coat comes out 👎🏻",swarm,6343d701be23e362197706b3
"2022-10-11 16:34:58","Sanderstead Recreation Ground",Park,,Croydon,"Greater London","United Kingdom",51.333022166743,-0.077073608437305,,swarm,63459b3285ac6d1460ae0549
"2022-10-12 12:04:07",Foresters,Pub,"88 Victoria Rd",Horley,Surrey,"United Kingdom",51.171958,-0.164145,,swarm,6346ad3734b6ff63e8f18971
"2022-10-12 12:05:40","Gatwick Escape Rooms","Escape Room","117 Victoria Road",Horley,Surrey,"United Kingdom",51.171806433162,-0.16458037064169,"Great day with Dad, Paul and Hayley, three escape rooms",swarm,6346ad944ac4ab452e65c487
"2022-10-12 12:19:52",Foresters,Pub,"88 Victoria Rd",Horley,Surrey,"United Kingdom",51.171958,-0.164145,"Chicken Katsu curry for lunch",swarm,6346b0e83a38ee417f1497d3
"2022-10-13 10:49:33","British Airways Check-in","Airport Ticket Counter","South Terminal",Crawley,"West Sussex","United Kingdom",51.155473864313,-0.16172647476196,,swarm,6347ed3d585cf672aadfc664
"2022-10-13 10:58:03","Security/Passport Control","Border Crossing","South Terminal",Crawley,"West Sussex","United Kingdom",51.156660731735,-0.16347824901375,,swarm,6347ef3b39e51367e7007d1e
"2022-10-13 11:44:04",wagamama,"Asian Restaurant","South Terminal","West Sussex","West Sussex","United Kingdom",51.1560848,-0.1628532,"Enjoying chicken yakisoba",swarm,6347fa046a67b7023e1b4d77
"2022-10-13 13:16:25",Starbucks,"Coffee Shop","South Terminal",Crawley,"West Sussex","United Kingdom",51.155870900592,-0.16295586111782,,swarm,63480fa988045e0f313a0ebb
"2022-10-13 13:16:39","Gate 27","Airport Gate","South Terminal",Crawley,"West Sussex","United Kingdom",51.155130483352,-0.17094466206964,,swarm,63480fb73b8cb735800b5c94
"2022-10-13 23:58:10","LIRR - Jamaica Station","Rail Station","Sutphin Blvd & Archer Ave",Queens,NY,"United States",40.699345716127,-73.808394177688,,swarm,6348a61233bd820e9fafaada
"2022-10-14 01:26:55","HI New York City Hostel",Hostel,"891 Amsterdam Ave","New York",NY,"United States",40.798743541047,-73.966611759081,,swarm,6348badfc03c045ca52c45cd
"2022-10-14 10:25:15","The Flame Diner",Diner,"893 9th Ave","New York",NY,"United States",40.768437085599,-73.985318177893,"Ordered a Breakfast burrito",swarm,6349390b5ee9616d064ab5da
"2022-10-14 11:38:30",Devoción,"Coffee Shop","25 E 20th St","New York",NY,"United States",40.73903611149,-73.989068751576,"Coffee shop 1",swarm,63494a36e8b0283d8841dc99
"2022-10-14 16:29:38","Apple SoHo","Electronics Store","103 Prince St","New York",NY,"United States",40.725029693816,-73.999134653859,,swarm,63498e72cd7d66561bf0befe
"2022-10-14 17:38:20",Starbucks,"Coffee Shop","405 Broadway","New York",NY,"United States",40.718801966759,-74.002431214668,,swarm,63499e8c77dd62666a8db5e9
"2022-10-14 19:09:25","Ghostbusters Headquarters","Public and Social Service","14 N Moore St","New York",NY,"United States",40.719782665227,-74.006805352724,"I stumbled across the HQ while looking for the subway station 😂",swarm,6349b3e5bcd0cb5e0da2021c
"2022-10-14 19:44:53","HI New York City Hostel",Hostel,"891 Amsterdam Ave","New York",NY,"United States",40.798743541047,-73.966611759081,,swarm,6349bc35348f6a4bd8785b00
"2022-10-15 11:58:03","Ghostbusters Headquarters","Public and Social Service","14 N Moore St","New York",NY,"United States",40.719782665227,-74.006805352724,,swarm,634aa04b7f61b1713e283681
"2022-10-15 14:59:48",Starbucks,"Coffee Shop","122 Greenwich Ave","New York",NY,"United States",40.739376,-74.00261,"Finally found a place to sit and work",swarm,634acae40c2ba16feb25547b
"2022-10-15 21:05:25","HI New York City Hostel",Hostel,"891 Amsterdam Ave","New York",NY,"United States",40.798743541047,-73.966611759081,,swarm,634b20950decd73074fee120
"2022-10-16 11:10:55","Brooklyn Bridge Park",Park,"Furman St",Brooklyn,NY,"United States",40.702282,-73.996456,,swarm,634be6bfad37a8746f98b543
"2022-10-16 12:49:21","Ellen's Stardust Diner",Diner,"1650 Broadway","New York",NY,"United States",40.762081351884,-73.983527958539,"Breakfast time",swarm,634bfdd11414da5eaef98792
"2022-10-16 13:57:49","HI New York City Hostel",Hostel,"891 Amsterdam Ave","New York",NY,"United States",40.798743541047,-73.966611759081,,swarm,634c0ddd5f53c07f5ac973bc
"2022-10-17 09:37:10",McDonald's,"Fast Food Restaurant","429 7th Ave","New York",NY,"United States",40.750538,-73.990644,"Breakfast time",swarm,634d2246c042ae5b3f9069a3
"2022-10-17 10:53:59","U.S. Customs & Immigration","Border Crossing","Terminal 8",Jamaica,NY,"United States",40.646841217273,-73.789816061619,,swarm,634d344778a93659d558ddae
"2022-10-17 11:02:26","Terminal 8","Airport Terminal","John F. Kennedy International Airport",Queens,NY,"United States",40.647701084016,-73.790626328182,,swarm,634d3642989809021b3de196
"2022-10-17 14:13:20","John F. Kennedy International Airport (JFK)","International Airport","JFK Expy",Queens,NY,"United States",40.64512191837,-73.784608840942,"Flight JFK to CLE",swarm,634d6300cf0d1d64adde32d5
"2022-10-17 19:30:53",Starbucks,"Coffee Shop","35830 Detroit Rd",Avon,OH,"United States",41.458363,-82.01557,,swarm,634dad6db2934e37985c5c85
"2022-10-17 19:41:40",Target,"Big Box Store","35830 Detroit Rd",Avon,OH,"United States",41.463409144991,-82.010097656295,,swarm,634daff409bd204bb985575f
"2022-10-18 14:30:52",Starbucks,"Coffee Shop","30225 Detroit Rd",Westlake,OH,"United States",41.4627651,-81.9551434,,swarm,634eb89ce831b74bfd5749b7
"2022-10-18 14:48:00","Trader Joe's","Grocery Store","175 Market St",Westlake,OH,"United States",41.457252332179,-81.951448186076,,swarm,634ebca0a12fdc1276402134
"2022-10-19 14:57:12",Starbucks,"Coffee Shop","35830 Detroit Rd",Avon,OH,"United States",41.458363,-82.01557,,swarm,6350104833558a77753c6575
"2022-10-19 16:06:00","Metroparks Rocky River Nature Center",Park,"24000 Valley Pkwy","North Olmsted",OH,"United States",41.408998697277,-81.882242625158,,swarm,63502068c122455ed7e0b723
"2022-10-21 15:18:57",Starbucks,"Coffee Shop","32435 Cook Rd","North Ridgeville",OH,"United States",41.384883,-81.977066,,swarm,6352b8611666045d3e5ce94e
"2022-10-21 20:45:57",Ohio,,"800 Brick Mill Run",Westlake,OH,"United States",41.433426221242,-82.160550134339,,swarm,635305055a74a66753df41e1
"2022-10-21 22:08:24","Angelo's Pizza",Pizzeria,"13715 Madison Ave",Cleveland,OH,"United States",41.476957197552,-81.788374694024,,swarm,63531858cc01da14468fff3a
"2022-10-22 17:57:47","Dunkin' / Baskin-Robbins","Donut Shop","26963 Lorain Rd","North Olmsted",OH,"United States",41.416957105715,-81.92063824661,,swarm,63542f1b78a93659d5d6531f
"2022-10-22 19:06:42","Taste of Jamaica","Caribbean Restaurant","5104 Mayfield Rd",Lyndhurst,OH,"United States",41.5187984983,-81.495737703888,,swarm,63543f42dc74036224d11371
"2022-10-22 23:13:05","Ramada by Wyndham Cleveland Airport West",Hotel,"22115 Brookpark Rd","Fairview Park",OH,"United States",41.42079006438,-81.866351783156,,swarm,6354790112ac561b32fe8d4c
"2022-10-23 16:27:02","Cilantro Taqueria","Taco Restaurant","24950 Lorain Rd","North Olmsted",OH,"United States",41.425404667834,-81.898469008017,,swarm,63556b56f397f5647fee7f38
"2022-10-23 17:10:33","Trader Joe's","Grocery Store","175 Market St",Westlake,OH,"United States",41.457252332179,-81.951448186076,,swarm,635575893e9da10053ba1615
"2022-10-23 18:44:43",Starbucks,"Coffee Shop","32435 Cook Rd","North Ridgeville",OH,"United States",41.384883,-81.977066,,swarm,63558b9bb81fb0678c59cd01
"2022-10-24 00:24:12","Cleveland Hopkins International Airport (CLE)","International Airport","5300 Riverside Dr",Cleveland,OH,"United States",41.411103017194,-81.838757713159,"Night in CLE airport",swarm,6355db2c357df37932fa313e
"2022-10-24 20:51:34","Chicago O'Hare International Airport (ORD)","International Airport","10000 W O’Hare Ave",Chicago,IL,"United States",41.977030312559,-87.904798017698,"London bound",swarm,6356fad6f0752a102a721fd3
"2022-10-25 06:06:16","Terminal 5","Airport Terminal","LHR Airport",Hillingdon,"Greater London","United Kingdom",51.471680202166,-0.4879903793335,,swarm,63577cd8123d412c93bcd839
"2022-10-26 11:38:29","Sanderstead Railway Station (SNR)","Rail Station","Station Approach","Greater London","Greater London","United Kingdom",51.348359353708,-0.093648288193846,"Off to London for Crystal Maze",swarm,63591c352090385952f11884
"2022-10-26 12:37:25","Piccadilly Circus",Plaza,Piccadilly,London,"Greater London","United Kingdom",51.509961100167,-0.13465225696564,,swarm,63592a05dae0c608246a4c1a
"2022-10-26 16:03:40","YO! Sushi","Sushi Restaurant","15 Woodstock St",London,"Greater London","United Kingdom",51.514077941375,-0.14753710509672,"Lunch with Dad after Crystal Maze",swarm,63595a5cf67fc67231ba8bc8
"2022-10-26 20:20:04","David Lloyd","Gym and Studio","Hannibal Way",Croydon,"Greater London","United Kingdom",51.357142317141,-0.12212066640328,"Good gym workout",swarm,63599674bd43023be476df6a
"2022-10-27 05:22:46","Cray Valley Golf Course","Golf Course",,,,"United Kingdom",51.405371000377,0.1258545157709,,swarm,635a15a680af84374005dd58
"2022-10-27 08:00:08",Starbucks,"Coffee Shop","Springvale Retail Park",Orpington,"Greater London","United Kingdom",51.397188,0.113468,,swarm,635a3a88896b977a850a9bc5
"2022-10-28 09:32:06","Coco & Nut Coffee Co","Coffee Shop","6 Station Parade, Sanderstead Road",London,"Greater London","United Kingdom",51.348268,-0.094371,"Morning dog walk stop with mum",swarm,635ba1969b8eab2c0ab29174
"2022-10-28 14:26:25","David Lloyd","Gym and Studio","Hannibal Way",Croydon,"Greater London","United Kingdom",51.357142317141,-0.12212066640328,"Back day at gym",swarm,635be6917c36085178b45bc0
"2022-10-29 10:20:08","David Lloyd","Gym and Studio","Hannibal Way",Croydon,"Greater London","United Kingdom",51.357142317141,-0.12212066640328,"Gym with Aaron",swarm,635cfe5877e2fc27c8e964cb
"2022-10-31 18:17:00","David Lloyd","Gym and Studio","Hannibal Way",Croydon,"Greater London","United Kingdom",51.357142317141,-0.12212066640328,"Today we played squash",swarm,6360111c68fcf64475f257ce
"2022-11-01 20:12:29",Cineworld,"Movie Theater","Crawley Leisure Park",Crawley,"West Sussex","United Kingdom",51.120552477041,-0.18990119754983,"Watching Bros",swarm,63617dad8d96fb08aa549fc0
"2022-11-02 19:06:46","David Lloyd","Gym and Studio","Hannibal Way",Croydon,"Greater London","United Kingdom",51.357142317141,-0.12212066640328,,swarm,6362bfc6823e3069db5ef0e6
"2022-11-02 19:20:10","Pizza Hut",Pizzeria,"The Colonnades, Purley Way",Croydon,"Greater London","United Kingdom",51.3560531,-0.1144847,,swarm,6362c2eae683536bdc77b7cc
"2022-11-03 06:20:47","Cray Valley Golf Course","Golf Course",,,,"United Kingdom",51.405371000377,0.1258545157709,,swarm,63635dbfdc187c22b136325c
"2022-11-03 10:39:38","David Lloyd","Gym and Studio","Hannibal Way",Croydon,"Greater London","United Kingdom",51.357142317141,-0.12212066640328,,swarm,63639a6ab720c36c8af75ddc
"2022-11-06 12:58:50","Coco & Nut Coffee Co","Coffee Shop","6 Station Parade, Sanderstead Road",London,"Greater London","United Kingdom",51.348268,-0.094371,"Walk to coffee shop Marty",swarm,6367af8a01393a7eb233e4f8
"2022-11-07 10:30:02","David Lloyd","Gym and Studio","Hannibal Way",Croydon,"Greater London","United Kingdom",51.357142317141,-0.12212066640328,"Good workout this morning",swarm,6368de2afe3d367f4cdfe9cd
"2022-11-08 16:31:23",Starbucks,"Coffee Shop","330 Purley Way",Croydon,"Greater London","United Kingdom",51.372027986436,-0.11886066301759,"Coffee lunch with Codie",swarm,636a845b45d99f4a2f018f5c
"2022-11-09 10:08:58","Purley Oaks Railway Station (PUO)","Rail Station","Brantwood Road","South Croydon","Greater London","United Kingdom",51.34691357283,-0.098642662731793,"Meetings up in London today",swarm,636b7c3a01f39c7e5b80e473
"2022-11-09 10:49:14","London Bridge Railway Station (LBG)","Rail Station","Station Approach",London,"Greater London","United Kingdom",51.504308877716,-0.084721292993725,,swarm,636b85aa048d545930b37975
"2022-11-09 11:03:24","Canada Water Plaza",Plaza,"Deal Porter Sq","Surrey Quay","Greater London","United Kingdom",51.497728560485,-0.048997160876311,,swarm,636b88fcc2bf9819d25267c9
"2022-11-09 11:11:41",Starbucks,"Coffee Shop","13-15 Surrey Quays Rd",London,"Greater London","United Kingdom",51.494898,-0.046504,"Coffee and some work before my meeting",swarm,636b8aed0fd729116481bbea
"2022-11-09 18:28:36","Costa Coffee","Coffee Shop","126 Cannon St",London,"Greater London","United Kingdom",51.510879182688,-0.08691739223219,,swarm,636bf154f4a055010df67825
"2022-11-09 18:53:23","London Bridge Railway Station (LBG)","Rail Station","Station Approach",London,"Greater London","United Kingdom",51.504308877716,-0.084721292993725,,swarm,636bf723ec71cd5e70fb69ba
"2022-11-10 06:22:28","Cray Valley Golf Course","Golf Course",,,,"United Kingdom",51.405371000377,0.1258545157709,,swarm,636c98a440784027e3761aeb
"2022-11-10 20:08:36","David Lloyd","Gym and Studio","Hannibal Way",Croydon,"Greater London","United Kingdom",51.357142317141,-0.12212066640328,"Great evening at the spa. Well needed!",swarm,636d5a44358f137dc25fa63f
"2022-11-12 13:27:53","David Lloyd","Gym and Studio","Hannibal Way",Croydon,"Greater London","United Kingdom",51.357142317141,-0.12212066640328,"Coffee with mum ☕️",swarm,636f9f5927592f52631a8e07
"2022-11-13 09:56:47","David Lloyd","Gym and Studio","Hannibal Way",Croydon,"Greater London","United Kingdom",51.357142317141,-0.12212066640328,"Coffee and bacon roll",swarm,6370bf5f28e05727914175cb
"2022-11-14 15:05:55","Purley Oaks Railway Station (PUO)","Rail Station","Brantwood Road","South Croydon","Greater London","United Kingdom",51.34691357283,-0.098642662731793,,swarm,63725953d1fd515aa98e4bb3
"2022-11-14 15:48:23","London Bridge Railway Station (LBG)","Rail Station","Station Approach",London,"Greater London","United Kingdom",51.504308877716,-0.084721292993725,"Random trip to London",swarm,6372634764a7ae37df90ee5a
"2022-11-14 19:56:29",wagamama,"Asian Restaurant","riverside level, royal festival hall, southbank",Waterloo,"Greater London","United Kingdom",51.5058093,-0.1174239,"Dinner for 1",swarm,63729d6de789370cc92fb19c
"2022-11-14 20:04:25","Jubilee Gardens",Park,"Belvedere Rd","South Bank","Greater London","United Kingdom",51.503900958821,-0.11833906173706,"Christmas market by the river",swarm,63729f4958bd8f2e9227894e
"2022-11-16 21:00:51","David Lloyd","Gym and Studio","Hannibal Way",Croydon,"Greater London","United Kingdom",51.357142317141,-0.12212066640328,"Productive evening at David Lloyds",swarm,63754f833cdfc130722215c7
"2022-11-17 06:11:59","Cray Valley Golf Course","Golf Course",,,,"United Kingdom",51.405371000377,0.1258545157709,"Good morning meeting at BNI",swarm,6375d0af8d7e7d7ab5ca4631
"2022-11-17 13:00:26","David Lloyd Beckenham","Gym and Studio","Stanhope Grove",Beckenham,"Greater London","United Kingdom",51.394227799609,-0.037358520645039,"Nice coffee catch up with Melanie and Terry plus catching up on work.",swarm,6376306a0ff0cf7bedb223d2
"2022-11-29 10:49:22","Purley Oaks Railway Station (PUO)","Rail Station","Brantwood Road","South Croydon","Greater London","United Kingdom",51.34691357283,-0.098642662731793,"Off to London on my birthday!",swarm,6385e3b2b9a07d17ce657e1b
"2022-11-29 13:35:36","Yorkshire Burrito","English Restaurant","54-56 Camden Lock Pl",London,"Greater London","United Kingdom",51.541162443992,-0.14627695083618,"Very very yummy",swarm,63860aa8e8f92d568ea249df
"2022-11-30 22:12:35","David Lloyd","Gym and Studio","Hannibal Way",Croydon,"Greater London","United Kingdom",51.357142317141,-0.12212066640328,"Trying to get all my admin work sorted",swarm,6387d5537f575b0c6c37a032
"2022-12-01 06:22:59","Cray Valley Golf Course","Golf Course",,,,"United Kingdom",51.405371000377,0.1258545157709,,swarm,63884843594e317b29c3c0ad
"2022-12-01 09:54:28","Croham Hurst",Forest,"Upper Selsdon Road",Croydon,"Greater London","United Kingdom",51.351377060944,-0.083349003279606,"Very cold and foggy this morning walking Bear and Beanie 🐶",swarm,638879d4a5a5ce5e7020101f
"2022-12-01 11:16:14","David Lloyd","Gym and Studio","Hannibal Way",Croydon,"Greater London","United Kingdom",51.357142317141,-0.12212066640328,,swarm,63888cfec9ff6f69c5036146
"2022-12-02 12:26:32",Halfords,"Automotive Repair Shop","550-570, Purley Way",Croydon,"Greater London","United Kingdom",51.36215726544,-0.11821633185504,"Getting my headlight fixed",swarm,6389eef8a7919444bcf11045
"2022-12-02 16:42:42","David Lloyd","Gym and Studio","Hannibal Way",Croydon,"Greater London","United Kingdom",51.357142317141,-0.12212066640328,"Very cold leaving today",swarm,638a2b028b4dfe6874776978
"2022-12-03 13:11:53","Costa Coffee","Coffee Shop",,,,"United Kingdom",51.337005,-0.117788,"Little bit of Christmas shopping and some coffee",swarm,638b4b19b2ca3707b5dcbeac
"2022-12-03 22:16:40","Camden Arms",Pub,"1 High St",Pembury,Kent,"United Kingdom",51.142605791397,0.32169342041016,"BNI Christmas meal and accidental matching jumper with Ian!!",swarm,638bcac8a871477201f5937e
"2022-12-04 19:16:13","Drayson Design",Office,,,,"United Kingdom",51.340028882662,-0.092047667110407,,swarm,638cf1fd37f5c25c71c0db17
"2022-12-05 10:45:46","FILTR by Coromandel Coast","Distribution Center","53 Limpsfield Rd",London,"Greater London","United Kingdom",51.33308,-0.07613,"Hot chocolate and croissant with Lyn and Mum",swarm,638dcbdad4250148b9c5fd1f
"2022-12-05 11:12:46","David Lloyd","Gym and Studio","Hannibal Way",Croydon,"Greater London","United Kingdom",51.357142317141,-0.12212066640328,,swarm,638dd22e4b357c032c80572b
"2022-12-07 18:39:39","Pizza Hut",Pizzeria,"Crawley Leisure Park Unit 5, Crawley Leisure Park",Crawley,"West Sussex","United Kingdom",51.120078748638,-0.18915787207038,"Pizza before the cinema",swarm,6390ddeb5aaefd78d726f60e
"2022-12-07 18:54:47",Cineworld,"Movie Theater","Crawley Leisure Park",Crawley,"West Sussex","United Kingdom",51.120552477041,-0.18990119754983,"Watching Roald Dahl’s Matilda the musical with Mum, Gordon and Lyn",swarm,6390e177e8d8295dd7df056a
"2022-12-08 06:29:57","Cray Valley Golf Course","Golf Course",,,,"United Kingdom",51.405371000377,0.1258545157709,,swarm,63918465d434a07c5d989686
"2022-12-10 15:07:01","Toby Carvery South Croydon","English Restaurant","415 Brighton Rd",London,"Greater London","United Kingdom",51.349458958985,-0.10002670914363,"Lunch with the family",swarm,6394a095d602410f51d048a6
"2022-12-14 16:55:06","Costa Coffee","Coffee Shop",,,,"United Kingdom",51.337005,-0.117788,"Nice to see Annie today!",swarm,6399ffea95fc8a4ba390c396
"2022-12-17 16:00:15","The Quayside",Pub,"67 Harbour St",Whitstable,Kent,"United Kingdom",51.361909814961,1.0258290048907,"Lovely lunch with family",swarm,639de78f6e85f5247e0da1de
"2022-12-18 12:27:26",Costco,"Warehouse or Wholesale Store","Imperial Way",Croydon,"Greater London","United Kingdom",51.353892941382,-0.11702695671053,"Shopping trip with Lyn and Bill",swarm,639f072ec4084c7b2c6c95b5
"2022-12-21 13:46:54","Chopstix Noodle Bar","Noodle Restaurant","130 High St",London,"Greater London","United Kingdom",51.404305241132,0.015026022321041,"Some yummy noodles and sweet and sour chicken 🍜",swarm,63a30e4ec4ed1a4cd6d130e8
"2022-12-21 14:38:52","Apple Bromley","Electronics Store","The Glades Bromley Shopping Centre",Bromley,"Greater London","United Kingdom",51.402863,0.0163385,"Oops…. Might have bought a new watch strap 😃 ITS BRIGHT ORANGE",swarm,63a31a7c07449c0c374828e3
"2022-12-22 12:12:06","Coco & Nut Coffee Co","Coffee Shop","6 Station Parade, Sanderstead Road",London,"Greater London","United Kingdom",51.348268,-0.094371,"Trying the mango tango smoothie",swarm,63a449963575ae4dd621acc1
"2022-12-23 18:36:06","David Lloyd","Gym and Studio","Hannibal Way",Croydon,"Greater London","United Kingdom",51.357142317141,-0.12212066640328,"Worked on my dynamic open graph images for my website",swarm,63a5f5161257612f76d6dec9
"2022-12-26 11:39:16","Reigate Hill Lookout","Scenic Lookout","Reigate Hill",Reigate,Surrey,"United Kingdom",51.253743565945,-0.20967900753021,,swarm,63a987e454a133435043c38a
"2022-12-26 12:09:19","The Sportsman",Pub,"Mogador Rd","Lower Kingswood",Surrey,"United Kingdom",51.264167842705,-0.22435198155071,,swarm,63a98eef3bcb71487f6ec30d
"2022-12-27 09:34:52","Costa Coffee","Coffee Shop","Colonnades Leisure Park",Purley,"Greater London","United Kingdom",51.355805975209,-0.11556530144625,"Coffee on our way to London",swarm,63aabc3ca9dd2e02d56c74fc
"2022-12-27 11:30:17","Camera World","Camera Store","14 Wells St",London,"Greater London","United Kingdom",51.516878524737,-0.13734199409596,"New Peak Design Duffel bag 😃",swarm,63aad749f58c0463a2920858
"2022-12-27 12:40:35","YO! Sushi","Sushi Restaurant","15 Woodstock St",London,"Greater London","United Kingdom",51.514077941375,-0.14753710509672,"Sushi for lunch with myMum",swarm,63aae7c3754ede76f0d91002
"2022-12-27 13:07:04",Starbucks,"Coffee Shop","Waterloo Station",London,"Greater London","United Kingdom",51.503259838875,-0.11340379714966,"1 Gingerbread Latte for Taylor",swarm,63aaedf82ae22b163705c423
"2022-12-30 12:44:05","Costa Coffee","Coffee Shop","Colonnades Leisure Park",Purley,"Greater London","United Kingdom",51.355805975209,-0.11556530144625,"Using my Costa gift cards from Christmas",swarm,63aedd159145244017f498bc
"2022-12-30 16:31:37","David Lloyd","Gym and Studio","Hannibal Way",Croydon,"Greater London","United Kingdom",51.357142317141,-0.12212066640328,"Wine Friday with friends",swarm,63af12694083676128d0c67f
"2022-12-31 15:18:16","David Lloyd","Gym and Studio","Hannibal Way",Croydon,"Greater London","United Kingdom",51.357142317141,-0.12212066640328,"Squash and Pilates🧘🏻‍♂️ this morning, then coffee with Robyn, Ollie and Mum ☕️",swarm,63b052b894ebdd049e224fbe
"2023-01-03 11:17:20","Costa Coffee","Coffee Shop","25 Limpsfield Rd",London,"Greater London","United Kingdom",51.334122,-0.076524,"Using my new Environmentally friendly, #saveTheTurtles coffee cup ♻️",swarm,63b40ec0111a4b5fb712a640
"2023-01-03 16:50:24","Star Barbers",Barbershop,"47 Limpsfield Road","South Croydon","Greater London","United Kingdom",51.333373,-0.076256,"I needed a haircut",swarm,63b45cd0877f8531131be53a
"2023-01-04 23:18:27","All Saints Church Hall","Conference Room",,,,"United Kingdom",51.336372019075,-0.07528337320735,"Tech rehearsal for panto done this evening!",swarm,63b609435e71542b675ac740
"2023-01-05 06:54:50","Cray Valley Golf Course","Golf Course",,,,"United Kingdom",51.405371000377,0.1258545157709,,swarm,63b6743a7a619c6d8612d9fc
"2023-01-05 14:26:56","The White Lion",Pub,"3 Farleigh Rd",Warlingham,Surrey,"United Kingdom",51.309434104635,-0.054103120178815,"Lovely lunch with Emma and Gordon",swarm,63b6de30ca45a45562ddf9a1
"2023-01-06 13:26:51","Costa Coffee","Coffee Shop","172 Addington Road",London,"Greater London","United Kingdom",51.343828800971,-0.06173190702038,"Using my new coffee cup",swarm,63b8219bade69e1ad1b3a318
"2023-01-06 16:31:05","Priscilla's Tea Room","Tea Room","52 Limpsfield Rd","South Croydon","Greater London","United Kingdom",51.333328023424,-0.07667096630528,"Hot chocolate with Mum",swarm,63b84cc9bedd4b05d9635bc0
"2023-01-07 14:02:40","All Saints Church Hall","Conference Room",,,,"United Kingdom",51.336372019075,-0.07528337320735,,swarm,63b97b8046bc5066af89ec07
"2023-01-07 21:14:48","The White Lion",Pub,"3 Farleigh Rd",Warlingham,Surrey,"United Kingdom",51.309434104635,-0.054103120178815,"Pub after first 2 panto performances",swarm,63b9e0c849936240d178913a
"2023-01-08 14:07:42","All Saints Church Hall","Conference Room",,,,"United Kingdom",51.336372019075,-0.07528337320735,,swarm,63bace2e9f99bb1cdd91fbf2
"2023-01-09 14:43:44","Costa Coffee","Coffee Shop","Colonnades Leisure Park",Purley,"Greater London","United Kingdom",51.355805975209,-0.11556530144625,,swarm,63bc2820076db874aa4dc79a
"2023-01-11 19:49:03","All Saints Church Hall","Conference Room",,,,"United Kingdom",51.336372019075,-0.07528337320735,,swarm,63bf12affc23a92d7fec0fa7
"2023-01-12 06:27:44","Cray Valley Golf Course","Golf Course",,,,"United Kingdom",51.405371000377,0.1258545157709,,swarm,63bfa860edb8bf114d835219
"2023-01-12 13:30:48","David Lloyd","Gym and Studio","Hannibal Way",Croydon,"Greater London","United Kingdom",51.357142317141,-0.12212066640328,,swarm,63c00b889d1c3e306e8cb19c
"2023-01-13 19:31:35","All Saints Church Hall","Conference Room",,,,"United Kingdom",51.336372019075,-0.07528337320735,,swarm,63c1b197a43a27334f096f50
"2023-01-13 22:13:58","Warlingham Rugby Club","Rugby Pitch",,,,"United Kingdom",51.315390649586,-0.064091887977139,,swarm,63c1d7a64caa582f25651dee
"2023-01-14 14:29:38","All Saints Church Hall","Conference Room",,,,"United Kingdom",51.336372019075,-0.07528337320735,,swarm,63c2bc523ac49043c0800d02
"2023-01-14 18:32:02","Toby Carvery South Croydon","English Restaurant","415 Brighton Rd",London,"Greater London","United Kingdom",51.349458958985,-0.10002670914363,,swarm,63c2f522956d60682daef745
"2023-01-15 10:24:53",Halfords,"Automotive Repair Shop","550-570, Purley Way",Croydon,"Greater London","United Kingdom",51.36215726544,-0.11821633185504,"Getting a new headlight",swarm,63c3d475bb004b7555c448ff
"2023-01-15 11:34:05","David Lloyd","Gym and Studio","Hannibal Way",Croydon,"Greater London","United Kingdom",51.357142317141,-0.12212066640328,"Coffee date with Mum ☕️",swarm,63c3e4ad1777c2136bffd2dc
"2023-01-15 19:17:39","New Wimbledon Theatre",Theater,"93 The Broadway",London,"Greater London","United Kingdom",51.419261211713,-0.20147502824003,"Spirit of the dance “clippity cloppity”",swarm,63c45153c581c82a333a0f54
"2023-01-15 21:35:15","Burger King","Fast Food Restaurant","Priory Retail Park, Christchurch Road",London,"Greater London","United Kingdom",51.416606105356,-0.17949631199097,,swarm,63c47193970dee70c09482e2
"2023-01-19 13:52:22","David Lloyd","Gym and Studio","Hannibal Way",Croydon,"Greater London","United Kingdom",51.357142317141,-0.12212066640328,,swarm,63c94b16587678326ea13681
"2023-01-26 20:58:00","Croydon University Hospital",Hospital,"530 London Rd","Thornton Heath","Greater London","United Kingdom",51.389446064181,-0.11048569951554,"Surgery went well. Now on the ward recovering",swarm,63d2e958f8098f60876deb3f
"2023-02-10 10:30:12","David Lloyd","Gym and Studio","Hannibal Way",Croydon,"Greater London","United Kingdom",51.357142317141,-0.12212066640328,"Coffee with Georgia ☕️",swarm,63e61cb42a1692147c8244ff
"2023-02-10 13:03:11",IKEA,"Furniture and Home Store","Valley Retail Pk",London,"Greater London","United Kingdom",51.380414092988,-0.12379648941807,"IKEA Hot dog for lunch! 🌭",swarm,63e6408f34bb7c6c894ee165
"2023-02-10 14:04:24","Croydon University Hospital",Hospital,"530 London Rd","Thornton Heath","Greater London","United Kingdom",51.389446064181,-0.11048569951554,"Having my 8 weekly infusion",swarm,63e64ee8639f5c612e31179a
"2023-02-12 11:59:24","Priscilla's Tea Room","Tea Room","52 Limpsfield Rd","South Croydon","Greater London","United Kingdom",51.333328023424,-0.07667096630528,"Little pit stop on our walk",swarm,63e8d49c5392057d86c8d25b
"2023-02-12 15:06:56","David Lloyd","Gym and Studio","Hannibal Way",Croydon,"Greater London","United Kingdom",51.357142317141,-0.12212066640328,"First time going to the Spa with my bag.",swarm,63e900905b71a378ac237f97
"2023-02-14 18:51:43",Wagamama,"Asian Restaurant","unit 9, crawley leisure park",Crawley,"West Sussex","United Kingdom",51.120215997746,-0.18956623057832,"Valentine’s Day family dinner",swarm,63ebd83f0abcfe075cba417a
"2023-02-14 20:31:32",Starbucks,"Coffee Shop","Ifield Ave",Crawley,"West Sussex","United Kingdom",51.12078,-0.189631,,swarm,63ebefa4a142c3741a411f00
"2023-02-14 20:47:09",Cineworld,"Movie Theater","Crawley Leisure Park",Crawley,"West Sussex","United Kingdom",51.120552477041,-0.18990119754983,"Watching Plane — with Gordon",swarm,63ebf34df995d84baac67466
"2023-02-15 10:40:04","Purley Beeches",Park,,,,"United Kingdom",51.340565479506,-0.091184377670288,"Morning loop with Marty 🐶",swarm,63ecb684743279009df1af18
"2023-02-15 18:04:07","East Croydon Railway Station (ECR)","Rail Station","George St",Croydon,"Greater London","United Kingdom",51.37614758063,-0.092609076685877,"Off to London",swarm,63ed1e97d7f6661595b75117
"2023-02-15 19:50:52","Honest Burgers","Burger Joint","6 Bermondsey St, London Bridge",London,"Greater London","United Kingdom",51.504213723043,-0.083509378706511,"Burgers, chips & onion rings with Lindsay",swarm,63ed379cfa449045f5f07fc9
"2023-02-17 10:55:46","Purley Beeches",Park,,,,"United Kingdom",51.340565479506,-0.091184377670288,,swarm,63ef5d32690c2370497a8830
"2023-02-17 19:32:05","David Lloyd Beckenham","Gym and Studio","Stanhope Grove",Beckenham,"Greater London","United Kingdom",51.394227799609,-0.037358520645039,"Coffee this evening with Georgia! ☕️",swarm,63efd635b7b6b91ae8b47a76
"2023-02-20 10:30:12","Costa Coffee","Coffee Shop","25 Limpsfield Rd",London,"Greater London","United Kingdom",51.334122,-0.076524,,swarm,63f34bb418dfe3317e33aa35
"2023-02-20 12:30:04",IKEA,"Furniture and Home Store","Valley Retail Pk",London,"Greater London","United Kingdom",51.380414092988,-0.12379648941807,"Got some stuff for my desk",swarm,63f367ccdcec9218e2821424
"2023-02-21 16:27:58","Costa Coffee","Coffee Shop","Colonnades Leisure Park",Purley,"Greater London","United Kingdom",51.355805975209,-0.11556530144625,,swarm,63f4f10e1ecca47595d705a2
"2023-02-21 16:38:40","David Lloyd","Gym and Studio","Hannibal Way",Croydon,"Greater London","United Kingdom",51.357142317141,-0.12212066640328,,swarm,63f4f3901ecca47595d70ba3
"2023-02-22 11:07:32","Purley Beeches",Park,,,,"United Kingdom",51.340565479506,-0.091184377670288,"Banana and Nutella protein shake this morning",swarm,63f5f7741ecca4759563960f
"2023-02-22 14:43:50","David Lloyd","Gym and Studio","Hannibal Way",Croydon,"Greater London","United Kingdom",51.357142317141,-0.12212066640328,"Gym and Lunch with Robyn",swarm,63f62a26af3fb10972756a83
"2023-02-22 17:40:27",Cineworld,"Movie Theater","Crawley Leisure Park",Crawley,"West Sussex","United Kingdom",51.120552477041,-0.18990119754983,"Watching Ant-Man and the Wasp Quantumania with Karis",swarm,63f6538b6490e029fa69e245
"2023-02-23 06:18:53","Cray Valley Golf Course","Golf Course",,,,"United Kingdom",51.405371000377,0.1258545157709,,swarm,63f7054d5e53623b868dc6fb
"2023-02-23 15:40:16","David Lloyd","Gym and Studio","Hannibal Way",Croydon,"Greater London","United Kingdom",51.357142317141,-0.12212066640328,"Some custom block work this afternoon",swarm,63f788e070aa201da3e9b560
"2023-02-24 18:53:39","David Lloyd","Gym and Studio","Hannibal Way",Croydon,"Greater London","United Kingdom",51.357142317141,-0.12212066640328,"Weekly coffee with Georgia",swarm,63f907b3d32cb67fd5934f78
"2023-02-25 09:43:04","David Lloyd","Gym and Studio","Hannibal Way",Croydon,"Greater London","United Kingdom",51.357142317141,-0.12212066640328,,swarm,63f9d828274605329cb29e23
"2023-02-25 19:20:56",Currys,"Electronics Store","12 Trojan Way, Purley Way",Croydon,"Greater London","United Kingdom",51.373038604021,-0.1192531501256,"Treated myself to a new coffee machine 😃",swarm,63fa5f98488e40458d01ba32
"2023-03-02 06:15:51","Cray Valley Golf Course","Golf Course",,,,"United Kingdom",51.405371000377,0.1258545157709,,swarm,64003f173ae1830a53d8fc4d
"2023-03-02 20:15:13","David Lloyd","Gym and Studio","Hannibal Way",Croydon,"Greater London","United Kingdom",51.357142317141,-0.12212066640328,"Productive day",swarm,640103d10407b12d343f9b4a
"2023-03-04 09:52:48","David Lloyd","Gym and Studio","Hannibal Way",Croydon,"Greater London","United Kingdom",51.357142317141,-0.12212066640328,"Breakfast with Mum then Squash",swarm,640314f0422e5f6f50f64161
"2023-03-04 19:33:34","JRC Global Buffet","Asian Restaurant","Unit 6C, Hesterman Way",Croydon,"Greater London","United Kingdom",51.377678,-0.125836,"Grampie’s birthday meal",swarm,64039d0e7ec61154c433de54
"2023-03-05 15:50:29","The Harrow Inn",Gastropub,"309 Farleigh Rd",Surrey,Surrey,"United Kingdom",51.319470407272,-0.042833620950886,,swarm,6404ba4552dff3243aa5121e
"2023-03-06 06:14:23","David Lloyd","Gym and Studio","Hannibal Way",Croydon,"Greater London","United Kingdom",51.357142317141,-0.12212066640328,,swarm,640584bfe2a20e2774abb8fe
"2023-03-09 06:17:36","Cray Valley Golf Course","Golf Course",,,,"United Kingdom",51.405371000377,0.1258545157709,,swarm,64097a0066c5240be7c1197c
"2023-03-10 06:19:39","Warren Sports Club",Park,"Prestons Rd","Greater London","Greater London","United Kingdom",51.370420087311,0.0087093429087577,"Visited BNI Spitfires this morning",swarm,640acbfb91924506b3fe4435
"2023-03-10 10:44:59",Starbucks,"Coffee Shop","Cobham Services (Extra)",Downside,Surrey,"United Kingdom",51.304564,-0.405472,"Stopped for coffee on the way to collect Dad from Heathrow",swarm,640b0a2bfdbc48221194121f
"2023-03-10 11:22:03","T3 Short Stay Car Park",Parking,"Camberly Rd",Hillingdon,"Greater London","United Kingdom",51.471519809721,-0.45578241348267,,swarm,640b12db01b88f0688858f04
"2023-03-10 16:26:53",Starbucks,"Coffee Shop","330 Purley Way",Croydon,"Greater London","United Kingdom",51.372027986436,-0.11886066301759,"Starbucks number 2",swarm,640b5a4d6db69e69a390323b
"2023-03-10 16:52:05","David Lloyd","Gym and Studio","Hannibal Way",Croydon,"Greater London","United Kingdom",51.357142317141,-0.12212066640328,,swarm,640b603546d93546e41e8473
"2023-03-11 14:27:28","David Lloyd","Gym and Studio","Hannibal Way",Croydon,"Greater London","United Kingdom",51.357142317141,-0.12212066640328,"In the Business area today",swarm,640c8fd0c37c2911c2556077
"2023-03-12 23:56:50",Starbucks,"Coffee Shop","Cobham Services (Extra)",Downside,Surrey,"United Kingdom",51.304564,-0.405472,"Late night working",swarm,640e66c2369798286eba5ca9
"2023-03-13 11:40:12","Sanderstead Railway Station (SNR)","Rail Station","Station Approach","Greater London","Greater London","United Kingdom",51.348359353708,-0.093648288193846,,swarm,640f0b9c49052b2b114ef569
"2023-03-13 11:45:06","East Croydon Railway Station (ECR)","Rail Station","George St",Croydon,"Greater London","United Kingdom",51.37614758063,-0.092609076685877,,swarm,640f0cc2dc69f23d868b9e78
"2023-03-13 15:16:20",Starbucks,"Coffee Shop","175 Tottenham Court Rd",London,"Greater London","United Kingdom",51.522361576168,-0.1357493599863,"Coffee with the green mermaid 🧜‍♀️",swarm,640f3e4470426b3fb39aa0e5
"2023-03-13 18:52:44",Inamo,"Japanese Restaurant","134-136 Wardour St",London,"Greater London","United Kingdom",51.514467383554,-0.13450288664238,"Unlimited sushi with Georgia",swarm,640f70fc5cff107e8ef3fd1d
"2023-03-14 10:55:17",Starbucks,"Coffee Shop","330 Purley Way",Croydon,"Greater London","United Kingdom",51.372027986436,-0.11886066301759,"Coffee with Codie",swarm,641052957f68cc79c54ffe0e
"2023-03-15 09:36:08","Purley Beeches",Park,,,,"United Kingdom",51.340565479506,-0.091184377670288,"1°C this morning on my walk",swarm,6411918865dccb0b7cc8ec7b
"2023-03-15 19:47:07","David Lloyd","Gym and Studio","Hannibal Way",Croydon,"Greater London","United Kingdom",51.357142317141,-0.12212066640328,"Coffee with Mum and Lyn",swarm,641220bb99beb508565ab21a
"2023-03-16 10:31:36",Starbucks,"Coffee Shop","119 London Rd N",Surrey,Surrey,"United Kingdom",51.287179,-0.154956,"Coffee with Emily",swarm,6412f0088a37b56e3e4719fb
"2023-03-17 16:39:46","David Lloyd","Gym and Studio","Hannibal Way",Croydon,"Greater London","United Kingdom",51.357142317141,-0.12212066640328,"Ultimate Co-working setup",swarm,641497d2443f6639150b851f
"2023-03-19 14:47:14","The Barley Mow",Pub,"Tandridge Lane",Oxted,Surrey,"United Kingdom",51.238550291323,-0.034142618188933,"Mother’s Day lunch",swarm,641720725b2a706f314dfa2d
"2023-03-20 09:10:42","Oakley House",Structure,"358 Bromley Common",Bromley,"Greater London","United Kingdom",51.380986203546,0.038594695423696,"BNI training",swarm,64182312e79b8479a71890af
"2023-03-22 10:43:02","Purley Beeches",Park,,,,"United Kingdom",51.340565479506,-0.091184377670288,"Wet and drizzly… where’s the nice weather",swarm,641adbb6711dcd477c9c796e
"2023-03-23 06:25:35","Cray Valley Golf Course","Golf Course",,,,"United Kingdom",51.405371000377,0.1258545157709,"Lovely sunrise at BNI this morning",swarm,641bf0dfd7fb8c30bdf1357f
"2023-03-23 15:03:10",Starbucks,"Coffee Shop","119 London Rd N",Surrey,Surrey,"United Kingdom",51.287179,-0.154956,"Nice change of scenery. I also missed my favourite Starbucks",swarm,641c6a2e4288fc170c608980
"2023-03-24 13:18:10","David Lloyd","Gym and Studio","Hannibal Way",Croydon,"Greater London","United Kingdom",51.357142317141,-0.12212066640328,,swarm,641da312a407c457d9b36fe9
"2023-03-24 19:32:27","The Cricketers (Harvester)","English Restaurant","36 Addington Village Rd",Croydon,"Greater London","United Kingdom",51.357783806056,-0.032917917589999,"Dinner for Bills birthday",swarm,641dfacb5262ef14b1094b6e
"2023-03-25 11:05:07","Smak Bites","Coffee Shop","59 Limpsfield Road",London,"Greater London","United Kingdom",51.332896,-0.076019,"Coffee with Mum",swarm,641ed5637338884775f8caaf
"2023-03-26 09:55:40","David Lloyd","Gym and Studio","Hannibal Way",Croydon,"Greater London","United Kingdom",51.357142317141,-0.12212066640328,,swarm,6420169c4431f129d32b5f11
"2023-03-27 17:22:19","David Lloyd","Gym and Studio","Hannibal Way",Croydon,"Greater London","United Kingdom",51.357142317141,-0.12212066640328,"Spa and dinner with mum and dad",swarm,6421d0cbe1ac561888066b12
"2023-03-28 14:39:16","David Lloyd","Gym and Studio","Brighton Marina Village",Brighton,"East Sussex","United Kingdom",50.812247,-0.1069904,"First time seeing a David Lloyd “Workstation” area",swarm,6422fc144431f129d368b96d
"2023-03-28 14:40:06","Malmaison Brighton",Hotel,Waterfront,"Brighton Marina Village","East Sussex","United Kingdom",50.812138157977,-0.10202088733961,"Nice seafront view",swarm,6422fc462fc852285bb482b8
"2023-03-28 17:22:48","Caxton Arms",Pub,"36 North Gardens",Brighton,"East Sussex","United Kingdom",50.826881109812,-0.14249877702668,"Brighton Wordpress Meetup",swarm,6423226840ff9e5ad2b7a0e1
"2023-03-28 20:23:19","Taco Bell","Fast Food Restaurant","95-99 Western Rd",Brighton,"East Sussex","United Kingdom",50.824707151577,-0.15219540718495,"Burrito for dinner",swarm,64234cb7ccc8456ff760687c
"2023-03-29 17:27:36",Cineworld,"Movie Theater","Crawley Leisure Park",Crawley,"West Sussex","United Kingdom",51.120552477041,-0.18990119754983,"Watching John Wick with Karis",swarm,6424750801a35e5a5232a097
"2023-03-30 05:11:40","Cray Valley Golf Course","Golf Course",,,,"United Kingdom",51.405371000377,0.1258545157709,"Last meeting as President",swarm,64251a0ce4e4803db825e737
"2023-03-30 11:15:23","David Lloyd","Gym and Studio","Baugh Rd",Sidcup,"Greater London","United Kingdom",51.422602,0.11576,"Todays work setup",swarm,64256f4b5387e73d7b20dd5d
"2023-03-31 17:40:53","David Lloyd","Gym and Studio","Hannibal Way",Croydon,"Greater London","United Kingdom",51.357142317141,-0.12212066640328,#WineFriday,swarm,64271b25d0abc0150d837ca3
"2023-04-01 15:36:35","David Lloyd","Gym and Studio","Hannibal Way",Croydon,"Greater London","United Kingdom",51.357142317141,-0.12212066640328,"Squash this morning, then Tennis. Very tired now 💤",swarm,64284f83366ba814bce65a2b
"2023-04-05 10:08:34","Coco & Nut Coffee Co","Coffee Shop","6 Station Parade, Sanderstead Road",London,"Greater London","United Kingdom",51.348268,-0.094371,"Caramel latte on my walk with Marty",swarm,642d48a29050760fdea5d441
"2023-04-05 16:54:36","Costa Coffee","Coffee Shop","25 Limpsfield Rd",London,"Greater London","United Kingdom",51.334122,-0.076524,"Quick coffee stop",swarm,642da7cc0451694bbff87ce8
"2023-04-06 07:23:28","Cray Valley Golf Course","Golf Course",,,,"United Kingdom",51.405371000377,0.1258545157709,"First meeting under new leadership team",swarm,642e7370c834eb45c9a076e3
"2023-04-06 19:55:57","David Lloyd","Gym and Studio","Hannibal Way",Croydon,"Greater London","United Kingdom",51.357142317141,-0.12212066640328,"Nice game of tennis with Tom today",swarm,642f23cd28c9ec230f5ce500
"2023-04-07 15:35:19","The Sportsman",Pub,"Mogador Rd","Lower Kingswood",Surrey,"United Kingdom",51.264167842705,-0.22435198155071,"Burger and nachos for lunch",swarm,643038372b28464cb4e167fe
"2023-04-08 09:17:10","David Lloyd","Gym and Studio","Hannibal Way",Croydon,"Greater London","United Kingdom",51.357142317141,-0.12212066640328,,swarm,64313116f9e0a855cac8868c
"2023-04-09 18:19:21","New Bamboo","Chinese Restaurant","23 Limpsfield Rd","South Croydon","Greater London","United Kingdom",51.334189208498,-0.076788010673469,"Picking up dinner",swarm,643301a96ad3507a0b0f8ef0
"2023-04-10 15:30:16",Starbucks,"Coffee Shop","119 London Rd N",Surrey,Surrey,"United Kingdom",51.287179,-0.154956,"Coffee with Annie",swarm,64342b88901b10534a2dc75f
"2023-04-11 09:10:28","Purley Beeches",Park,,,,"United Kingdom",51.340565479506,-0.091184377670288,"Walk with Marty",swarm,6435240447abae5af40d71e0
"2023-04-13 05:45:34","Cray Valley Golf Course","Golf Course",,,,"United Kingdom",51.405371000377,0.1258545157709,"Pretty sunrise this morning",swarm,643796feed6485433d9c03e6
"2023-04-13 10:35:11",Starbucks,"Coffee Shop","Springvale Retail Park",Orpington,"Greater London","United Kingdom",51.397188,0.113468,"Coffee pit stop",swarm,6437dadf7899bf0b14be4ecd
"2023-04-15 13:44:38","David Lloyd","Gym and Studio","Hannibal Way",Croydon,"Greater London","United Kingdom",51.357142317141,-0.12212066640328,"Squash tournament",swarm,643aaa461f6dcf17f322bec4
"2023-04-17 06:57:45","David Lloyd","Gym and Studio","Hannibal Way",Croydon,"Greater London","United Kingdom",51.357142317141,-0.12212066640328,"Breakfast and coffee with mum",swarm,643cede9e4e88c440d169dce
"2023-04-18 11:49:41","London Heathrow Airport (LHR)","International Airport","Nelson Rd",London,"Greater London","United Kingdom",51.469996053362,-0.45897960662842,"Waiting for Jonathan and his GF to arrive",swarm,643e83d53a9877006e552e18
"2023-04-18 15:31:40","Toby Carvery South Croydon","English Restaurant","415 Brighton Rd",London,"Greater London","United Kingdom",51.349458958985,-0.10002670914363,,swarm,643eb7dcf9ac172f70a38831
"2023-04-18 20:50:59","David Lloyd","Gym and Studio","Hannibal Way",Croydon,"Greater London","United Kingdom",51.357142317141,-0.12212066640328,"Spa with Jonathan",swarm,643f02b36625267d728ddcc0
"2023-04-19 13:13:51",Starbucks,"Coffee Shop","175 Tottenham Court Rd",London,"Greater London","United Kingdom",51.522361576168,-0.1357493599863,,swarm,643fe90fb44679214eebc289
"2023-04-19 18:23:34","Prince of Wales Theatre",Theater,"31 Coventry St",London,"Greater London","United Kingdom",51.510131870542,-0.13159433168327,"Watching Book of Mormon with Jonathan and Bronwynn",swarm,644031a69521682a62210780
"2023-04-21 10:22:00","David Lloyd","Gym and Studio","Hannibal Way",Croydon,"Greater London","United Kingdom",51.357142317141,-0.12212066640328,,swarm,644263c82e18ff53ece5e801
"2023-04-21 15:15:55","Decathlon Croydon","Sporting Goods Retail","Purley Way",Croydon,"Greater London","United Kingdom",51.3773097,-0.1190401,,swarm,6442a8abe4bc9e09ddd44d4e
"2023-04-21 18:40:38","The Barn Theatre",Theater,,,,"United Kingdom",51.259952125144,-0.0024490639293113,,swarm,6442d8a67766d70a544055ba
"2023-04-25 09:57:09","Purley Beeches",Park,,,,"United Kingdom",51.340565479506,-0.091184377670288,"We have nice weather finally",swarm,6447a3f58a8e5c782a56238a
"2023-04-26 10:14:56","Coco & Nut Coffee Co","Coffee Shop","6 Station Parade, Sanderstead Road",London,"Greater London","United Kingdom",51.348268,-0.094371,"Coffee with Ellie and Marty",swarm,6448f9a0a6d9dc77ed5d9a16
"2023-04-27 15:19:10","Costa Coffee","Coffee Shop","Colonnades Leisure Park",Purley,"Greater London","United Kingdom",51.355805975209,-0.11556530144625,"Late lunch and coffee break",swarm,644a926e5b779e17b78aff0f
"2023-04-28 10:24:37","Coco & Nut Coffee Co","Coffee Shop","6 Station Parade, Sanderstead Road",London,"Greater London","United Kingdom",51.348268,-0.094371,"Coffee walk with Marty",swarm,644b9ee5e9cee011e3baccf4
"2023-04-28 18:44:58","David Lloyd Raynes Park","Gym and Studio","Bushey Rd, Raynes Park",London,"Greater London","United Kingdom",51.405641991645,-0.22250852922062,"First time at Raynes Park",swarm,644c142a58890d069b3db732
"2023-04-29 16:22:09",Costco,"Warehouse or Wholesale Store","Imperial Way",Croydon,"Greater London","United Kingdom",51.353892941382,-0.11702695671053,"Shopping with Lyn",swarm,644d4431783c4b1b685a3b40
"2023-04-30 12:57:18","David Lloyd","Gym and Studio","Hannibal Way",Croydon,"Greater London","United Kingdom",51.357142317141,-0.12212066640328,"Tennis session with Tom",swarm,644e65ae4d4cbe18710b4302
"2023-04-30 13:25:11",Starbucks,"Coffee Shop","330 Purley Way",Croydon,"Greater London","United Kingdom",51.372027986436,-0.11886066301759,"Free reward coffee",swarm,644e6c377a4d7972640d43d2
"2023-05-01 11:08:16","David Lloyd","Gym and Studio","Hannibal Way",Croydon,"Greater London","United Kingdom",51.357142317141,-0.12212066640328,"Tennis tournament today 🎾",swarm,644f9da007519f533e93962d
"2023-05-01 18:29:33",Starbucks,"Coffee Shop","119 London Rd N",Surrey,Surrey,"United Kingdom",51.287179,-0.154956,"Started reading “Make time” by Jake Knapp 📕",swarm,6450050ddd85760c1cc7fcf8
"2023-05-02 19:52:39","Five Guys","Burger Joint","Southbury Leisure Park",London,"Greater London","United Kingdom",51.650543680182,-0.062821784721221,"Bacon cheeseburger and milkshake with Ellie",swarm,64516a07177d85420e156316
"2023-05-02 19:53:49",Cineworld,"Movie Theater","Southbury Leisure Park, 208 Southbury Rd",London,"Greater London","United Kingdom",51.649705657649,-0.060422505443991,"Watching Missing with Ellie",swarm,64516a4de7635c1382b176b7
"2023-05-03 12:06:10","Costa Coffee","Coffee Shop",Tesco,"Highams Park","Greater London","United Kingdom",51.608011750778,-0.0018450429714046,"Morning coffee with Ellie",swarm,64524e329692967683417cdf
"2023-05-04 05:26:18","Cray Valley Golf Course","Golf Course",,,,"United Kingdom",51.405371000377,0.1258545157709,,swarm,645341fac8841c09d3a0d5cf
"2023-05-04 12:14:10","David Lloyd","Gym and Studio","Darenth Rd",Dartford,Kent,"United Kingdom",51.441662475342,0.22739713768242,"Visited a new David Lloyds today",swarm,6453a1924f40da72863d5df0
"2023-05-06 08:59:47","Coco & Nut Coffee Co","Coffee Shop","6 Station Parade, Sanderstead Road",London,"Greater London","United Kingdom",51.348268,-0.094371,"Coffee with Mum this morning",swarm,6456170308cb5844ba0ddb12
"2023-05-06 09:15:35","David Lloyd","Gym and Studio","Hannibal Way",Croydon,"Greater London","United Kingdom",51.357142317141,-0.12212066640328,,swarm,64561ab7f7c7a334e6fcfc2e
"2023-05-07 12:00:33","Coco & Nut Coffee Co","Coffee Shop","6 Station Parade, Sanderstead Road",London,"Greater London","United Kingdom",51.348268,-0.094371,"Coffee stop on walk with Mum and Marty",swarm,645792e1f19b5f4a2f0145e6
"2023-05-07 12:50:43","David Lloyd","Gym and Studio","Hannibal Way",Croydon,"Greater London","United Kingdom",51.357142317141,-0.12212066640328,,swarm,64579ea3534cab5524a00ec7
"2023-05-09 19:40:25","David Lloyd","Gym and Studio","Hannibal Way",Croydon,"Greater London","United Kingdom",51.357142317141,-0.12212066640328,"Cyclone Spin Class with Mum 🚲",swarm,645aa1a962030f73096289b7
"2023-05-11 00:08:30",Starbucks,"Coffee Shop","Cobham Services (Extra)",Downside,Surrey,"United Kingdom",51.304564,-0.405472,"Last minute presentation preparation before BNI in the morning",swarm,645c31fe6e11560958936c8a
"2023-05-11 05:22:54","Cray Valley Golf Course","Golf Course",,,,"United Kingdom",51.405371000377,0.1258545157709,,swarm,645c7baed1265b6ec72b19e2
"2023-05-11 14:59:59","East Croydon Railway Station (ECR)","Rail Station","George St",Croydon,"Greater London","United Kingdom",51.37614758063,-0.092609076685877,,swarm,645d02ef56a954066b51cfb5
"2023-05-11 15:21:31","London Victoria Railway Station (VIC)","Rail Station","Buckingham Palace Rd",London,"Greater London","United Kingdom",51.495090297497,-0.14485399055221,,swarm,645d07fbf2d6ac237e36a966
"2023-05-11 17:17:44","Pizza Hut",Pizzeria,"Piccadilly Circus, 29-31 Regent Street",Piccadilly,"Greater London","United Kingdom",51.509347667735,-0.13475231962605,"Dinner with Ellie",swarm,645d233802c9d53d678a197d
"2023-05-11 17:18:16",Waterstones,Bookstore,"203-206 Piccadilly",London,"Greater London","United Kingdom",51.508894423664,-0.1356919256925,"Looking for books for Ellie",swarm,645d2358fd4c252fabb77b3f
"2023-05-11 18:19:12","Prince of Wales Theatre",Theater,"31 Coventry St",London,"Greater London","United Kingdom",51.510131870542,-0.13159433168327,"Watching Book Of Mormon for the 2nd time with Ellie",swarm,645d31a0e6e4654be3a5256c
"2023-05-12 08:50:31","David Lloyd","Gym and Studio","Hannibal Way",Croydon,"Greater London","United Kingdom",51.357142317141,-0.12212066640328,,swarm,645dfdd7fc775e5c00be6a5c
"2023-05-15 04:21:35","North Terminal","Airport Terminal","LGW Airport",Crawley,"West Sussex","United Kingdom",51.160577333498,-0.17775966578251,"Off to Milan!",swarm,6461b34fa75ef230f9df93c6
"2023-05-15 04:22:03",Starbucks,"Coffee Shop","North Terminal",Gatwick,Surrey,"United Kingdom",51.160158,-0.178904,"Coffee acquired",swarm,6461b36b481f760dc6cc3534
"2023-05-15 08:29:52","Milan Malpensa Airport (MXP) (Aeroporto di Milano Malpensa)","International Airport","Aeroporto di Milano Malpensa",Ferno,Lombardy,Italy,45.629810061648,8.7172436714172,"Landed in Milan! Flight was good",swarm,6461ed803bca513e23adbb70
"2023-05-15 10:15:53","Milano Centrale Railway Station (Stazione Milano Centrale)","Rail Station","Piazza Duca d'Aosta 1",Milan,Lombardy,Italy,45.486101863899,9.2044149043795,,swarm,64620659362b8e0089616384
"2023-05-15 12:07:44","Starbucks Reserve Roastery","Coffee Shop","Piazza Cordusio 3",Milan,Lombardy,Italy,45.464920264792,9.1861528158188,"This is the coolest roastery. Trying not to buy every Starbucks mug😂",swarm,646220903bca513e23490c52
"2023-05-15 14:49:37","Apple Piazza Liberty","Electronics Store","Piazza Del Liberty, 1",Milan,Lombardy,Italy,45.4653731,9.1939751,"Found the Apple Store on my walk!",swarm,64624681996957234ef5e732
"2023-05-16 07:20:33","Quo Milano",Hostel,"9 Viale Regina Margherita",Milan,Lombardy,Italy,45.458210394935,9.2047184118582,,swarm,64632ec1ef63ec1c067d6859
"2023-05-16 12:01:14","Starbucks Reserve Roastery","Coffee Shop","Piazza Cordusio 3",Milan,Lombardy,Italy,45.464920264792,9.1861528158188,"Productive morning with Cappuccino and Chocolate Croissant",swarm,6463708aff371b70642c379f
"2023-05-16 13:47:19","Quo Milano",Hostel,"9 Viale Regina Margherita",Milan,Lombardy,Italy,45.458210394935,9.2047184118582,,swarm,646389675bdccf6efe00fc63
"2023-05-17 12:34:09",Starbucks,"Coffee Shop","Via Lentasio 1",Milan,Lombardy,Italy,45.458198171152,9.1916250113628,"Went to buy the “You are here” series mug",swarm,6464c9c10e3f6c346dd5d8ba
"2023-05-17 12:52:57","Milan Cadorna Railway Station (Stazione Milano Cadorna)","Rail Station","Piazzale Luigi Cadorna",Milan,Lombardy,Italy,45.468179393765,9.1759170983361,,swarm,6464ce299ab67e5fa96bc65a
"2023-05-17 15:39:36","Milan Malpensa Airport (MXP) (Aeroporto di Milano Malpensa)","International Airport","Aeroporto di Milano Malpensa",Ferno,Lombardy,Italy,45.629810061648,8.7172436714172,"Waiting for flight home",swarm,6464f5388607263ba51989ce
"2023-05-17 19:26:37","North Terminal","Airport Terminal","LGW Airport",Crawley,"West Sussex","United Kingdom",51.160577333498,-0.17775966578251,"Andddd I’m back in London! ✈️",swarm,64652a6d2340e0092c8e55f8
"2023-05-20 12:41:41","Riddle And Finns","Seafood Restaurant","65 Kings Rd",Brighton,"East Sussex","United Kingdom",50.820275191886,-0.14507919515319,"Lyns birthday meal — with Gordon",swarm,6468c005ab61932c3e77dc81
"2023-05-20 16:53:52","Brighton Palace Pier",Pier,"Madeira Dr",Brighton,"East Sussex","United Kingdom",50.816618907054,-0.13686776161194,"Such a lovely day!",swarm,6468fb20410921055b2d49d5
"2023-05-21 09:45:16","Purley Beeches",Park,,,,"United Kingdom",51.340565479506,-0.091184377670288,"Walk with the family",swarm,6469e82cefd452678cdf68d7
"2023-05-21 10:27:48","Coco & Nut Coffee Co","Coffee Shop","6 Station Parade, Sanderstead Road",London,"Greater London","United Kingdom",51.348268,-0.094371,"Coffee &. Ham and cheese croissant 🥐",swarm,6469f22404d6362cd885f495
"2023-05-21 14:17:07",Dunelm,"Furniture and Home Store","Valley Retail Park, Daniell Way",Croydon,"Greater London","United Kingdom",51.3786619,-0.1262031,"New shoes from JD and now coffee",swarm,646a27e31e00392403b66343
"2023-05-22 05:59:19","Purley Beeches",Park,,,,"United Kingdom",51.340565479506,-0.091184377670288,"Earliest walk I’ve done in a while",swarm,646b04b7efadd256fc22691e
"2023-05-22 14:10:08","David Lloyd","Gym and Studio","Hannibal Way",Croydon,"Greater London","United Kingdom",51.357142317141,-0.12212066640328,,swarm,646b77c03210ac13ec496957
"2023-05-25 09:55:14","Costa Coffee","Coffee Shop","172 Addington Road",London,"Greater London","United Kingdom",51.343828800971,-0.06173190702038,"Costa cooler",swarm,646f3082b0201b309435773e
"2023-05-25 17:21:51","David Lloyd","Gym and Studio","Hannibal Way",Croydon,"Greater London","United Kingdom",51.357142317141,-0.12212066640328,,swarm,646f992fc261134d8854c5aa
"2023-05-26 14:35:05",Starbucks,"Coffee Shop","119 London Rd N",Surrey,Surrey,"United Kingdom",51.287179,-0.154956,"Strawberries and cream Frappe with Ellie",swarm,6470c39954cf946c1eded0bc
"2023-05-26 19:26:34","The Harrow Inn",Gastropub,"309 Farleigh Rd",Surrey,Surrey,"United Kingdom",51.319470407272,-0.042833620950886,"Pub dinner",swarm,647107eaf90a8e14232dad7a
"2023-05-27 12:31:31","David Lloyd","Gym and Studio","Hannibal Way",Croydon,"Greater London","United Kingdom",51.357142317141,-0.12212066640328,,swarm,6471f823aa566f4a1a998eb5
"2023-05-28 13:31:54","David Lloyd","Gym and Studio","Hannibal Way",Croydon,"Greater London","United Kingdom",51.357142317141,-0.12212066640328,,swarm,647357ca9c46421f69819501
"2023-05-29 17:36:53","Toby Carvery South Croydon","English Restaurant","415 Brighton Rd",London,"Greater London","United Kingdom",51.349458958985,-0.10002670914363,"My Fav 🤩",swarm,6474e2b5065ad55ee3e5143d
"2023-05-31 10:46:17",Starbucks,"Coffee Shop","119 London Rd N",Surrey,Surrey,"United Kingdom",51.287179,-0.154956,,swarm,647725795dbd545707d2430d
"2023-05-31 17:07:51",Costco,"Warehouse or Wholesale Store","Imperial Way",Croydon,"Greater London","United Kingdom",51.353892941382,-0.11702695671053,,swarm,64777ee77c168f6fb59929df
"2023-06-01 05:40:04","Cray Valley Golf Course","Golf Course",,,,"United Kingdom",51.405371000377,0.1258545157709,,swarm,64782f3497f6026217298de5
"2023-06-01 18:24:59","David Lloyd","Gym and Studio","Hannibal Way",Croydon,"Greater London","United Kingdom",51.357142317141,-0.12212066640328,,swarm,6478e27bf22c4b0d8a265a40
"2023-06-03 08:41:49","Newport Pagnell Northbound Services (Welcome Break)","Rest Area","Btw Jct 14 & 15, M1","Newport Pagnell",Buckinghamshire,"United Kingdom",52.083234017408,-0.74913827435666,,swarm,647afccd0051612da389aace
"2023-06-03 12:31:57","The Canal House","Cocktail Bar","12 Bridge St",Birmingham,"West Midlands","United Kingdom",52.477364952822,-1.9088530540466,,swarm,647b32bda5130a4da19e189a
"2023-06-03 20:25:15","Welcome Break Oxford Services M40","Rest Area","M40 Motorway",Waterstock,Oxfordshire,"United Kingdom",51.738239970517,-1.0971653707567,"Burger King dinner for 1",swarm,647ba1ab43f61f33e38831d2
"2023-06-05 06:55:52","David Lloyd","Gym and Studio","Hannibal Way",Croydon,"Greater London","United Kingdom",51.357142317141,-0.12212066640328,"Omelette for Breakfast",swarm,647d86f858e1d4357e6ff2cb
"2023-06-06 08:11:55","Costa Coffee","Coffee Shop","25 Limpsfield Rd",London,"Greater London","United Kingdom",51.334122,-0.076524,"Morning coffee walk with Sarah",swarm,647eea4bf43d046f98d45fb2
"2023-06-06 18:15:20","David Lloyd","Gym and Studio","Hannibal Way",Croydon,"Greater London","United Kingdom",51.357142317141,-0.12212066640328,"Cyclone spin class complete with Mum",swarm,647f77b8d7bf8a2ad3040100
"2023-06-07 12:42:54","London Heathrow Airport (LHR)","International Airport","Nelson Rd",London,"Greater London","United Kingdom",51.469996053362,-0.45897960662842,"Trip to WordCamp Europe in Athens. Part 1 - LHR -> AMS",swarm,64807b4ea269835873eb96ea
"2023-06-07 15:18:35","Amsterdam Airport Schiphol (AMS)","International Airport","Evert van de Beekstraat 202",Schiphol,"North Holland",Netherlands,52.308570459608,4.762122631073,"Made it to Amsterdam!",swarm,64809fcb3516105b45cf0d95
"2023-06-07 22:38:44","Athens International Airport Eleftherios Venizelos (ATH) (Διεθνής Αερολιμένας Αθηνών Ελευθέριος Βενιζέλος)","International Airport","Αττική Οδός",Spata,Attica,Greece,37.936475394068,23.946720102238,"Finally landed in Greece!!",swarm,648106f429e15e74242dd33b
"2023-06-08 09:22:37",Starbucks,"Coffee Shop","Μιχαλακοπούλου 27",Athens,Attica,Greece,37.975699180218,23.752076366076,"Ooops…. Didn’t check the “Contributors day” on my ticket. Waiting until 2pm to register",swarm,64819ddd4dbb43707b54c854
"2023-06-08 13:02:45","Megaron Athens International Conference Center (MAICC)","Convention Center","Λεωφ. Βασιλίσσης Σοφίας",Athens,Attica,Greece,37.980882565696,23.753208818056,"Met the awesome Jewel | Day 1",swarm,6481d175cba8ba0bedaebd09
"2023-06-08 15:11:36",Bedbox,Hostel,"Πολυκλείτου 11",Athens,Attica,Greece,37.978977449655,23.727529691205,"SCORE! The hostel has a balcony",swarm,6481efa80edde97f172c6928
"2023-06-08 17:15:43","Στην Αιόλου όπως παλιά","Meze Restaurant","Αιόλου 31",Athens,Attica,Greece,37.977339744964,23.727880540604,"No idea what the name of the restaurant is, or if it’s the correct place. But food was good",swarm,64820cbf4eec027e27997534
"2023-06-09 13:41:03","Megaron Athens International Conference Center (MAICC)","Convention Center","Λεωφ. Βασιλίσσης Σοφίας",Athens,Attica,Greece,37.980882565696,23.753208818056,"Day 2",swarm,64832befd3fd055fbf919724
"2023-06-09 14:34:05","Acropolis of Athens (Ακρόπολη Αθηνών)",Hill,"Ακρόπολη Αθηνών",Athens,Attica,Greece,37.971190738752,23.726548701525,"It’s a long ol’ walk",swarm,6483385d658741744f16968b
"2023-06-09 14:38:00","Parthenon (Παρθενώνας)","Historic and Protected Site","Ακρόπολη Αθηνών",Athens,Attica,Greece,37.971500734765,23.726614415646,"The obligatory “tourist” photo",swarm,64833948e5ec8f48f0a9451b
"2023-06-09 15:37:37",StreetWok,"Asian Restaurant","Αιόλου 21",Athens,Attica,Greece,37.976907019508,23.727675933766,"Chicken teriyaki and rice",swarm,648347411555b87bf4944792
"2023-06-09 15:58:41",Bedbox,Hostel,"Πολυκλείτου 11",Athens,Attica,Greece,37.978977449655,23.727529691205,,swarm,64834c313257145360bff52c
"2023-06-10 07:28:52",Starbucks,"Coffee Shop","Μητροπόλεως 80",Athens,Attica,Greece,37.976123812529,23.727390716665,,swarm,648426344b19d4412ec7c93c
"2023-06-10 07:57:01","Megaron Athens International Conference Center (MAICC)","Convention Center","Λεωφ. Βασιλίσσης Σοφίας",Athens,Attica,Greece,37.980882565696,23.753208818056,,swarm,64842ccdc05e7310ef645dd1
"2023-06-10 14:56:58","WordCamp Europe 2023",Conference,,Athens,Attica,Greece,37.980718,23.753724,"Day 3 complete. Next year we go to Italy 🇮🇹",swarm,64848f3ae640627b43f5c9a0
"2023-06-10 20:53:58","Athens International Airport Eleftherios Venizelos (ATH) (Διεθνής Αερολιμένας Αθηνών Ελευθέριος Βενιζέλος)","International Airport","Αττική Οδός",Spata,Attica,Greece,37.936475394068,23.946720102238,"Flights delayed until 2:55am! I want my bed 😂",swarm,6484e2e6a760450a7b88b15f
"2023-06-11 03:44:51","London Gatwick Airport (LGW)","International Airport","A23 Airport Way",Crawley,"West Sussex","United Kingdom",51.158703779449,-0.17425775527954,"Feeling slightly less tired",swarm,6485433301b9cf4a075c5e07
"2023-06-12 08:22:06","Purley Beeches",Park,,,,"United Kingdom",51.340565479506,-0.091184377670288,"Walking through Purley Beeches doesn’t have the same vibe as the Acropolis",swarm,6486d5aeb08e3b72b116217b
"2023-06-13 16:48:12","David Lloyd","Gym and Studio","Hannibal Way",Croydon,"Greater London","United Kingdom",51.357142317141,-0.12212066640328,,swarm,64889dcc28fb7703a935af67
"2023-06-14 14:35:43","Sanderstead Railway Station (SNR)","Rail Station","Station Approach","Greater London","Greater London","United Kingdom",51.348359353708,-0.093648288193846,,swarm,6489d03f9933ee6d91d3d0c7
"2023-06-14 16:31:46","Honest Burgers","Burger Joint","24 Fulham Palace Rd",London,"Greater London","United Kingdom",51.491061352312,-0.22405070145854,"Dinner with Paul and dad",swarm,6489eb721923a16c6fb1b084
"2023-06-14 17:18:57","Eventim Apollo","Concert Hall","45 Queen Caroline St",London,"Greater London","United Kingdom",51.490729476131,-0.22442579269409,"Penn & Teller",swarm,6489f681d75c1169a4f47453
"2023-06-15 05:57:52","Cray Valley Golf Course","Golf Course",,,,"United Kingdom",51.405371000377,0.1258545157709,,swarm,648aa86014572e43c7db6a12
"2023-06-15 21:27:47","David Lloyd","Gym and Studio","Hannibal Way",Croydon,"Greater London","United Kingdom",51.357142317141,-0.12212066640328,"Squash and then dinner with mum and dad",swarm,648b82530ce2e150cf66d90c
"2023-06-18 11:56:14",Cineworld,"Movie Theater","Southbury Leisure Park, 208 Southbury Rd",London,"Greater London","United Kingdom",51.649705657649,-0.060422505443991,"Watching Guardians of the Galaxy with Ellie",swarm,648ef0de171b471e70efb16e
"2023-06-19 12:10:00",Starbucks,"Coffee Shop","119 London Rd N",Surrey,Surrey,"United Kingdom",51.287179,-0.154956,,swarm,64904598070d06634ef47980
"2023-06-20 08:15:59","FILTR by Coromandel Coast","Distribution Center","53 Limpsfield Rd",London,"Greater London","United Kingdom",51.33308,-0.07613,,swarm,6491603fe876cf4a336b50b1
"2023-06-20 08:44:20","Sanderstead Recreation Ground",Park,,Croydon,"Greater London","United Kingdom",51.333022166743,-0.077073608437305,"Someone is in trouble….",swarm,649166e469733254cd826202
"2023-06-20 10:42:00","Star Barbers",Barbershop,"47 Limpsfield Road","South Croydon","Greater London","United Kingdom",51.333373,-0.076256,"Needed a haircut",swarm,6491827865828518e86c8fce
"2023-06-20 18:23:58","David Lloyd","Gym and Studio","Hannibal Way",Croydon,"Greater London","United Kingdom",51.357142317141,-0.12212066640328,"Cyclone with mum",swarm,6491eebe65828518e81bc3ad
"2023-06-21 18:32:18","David Lloyd","Gym and Studio","Hannibal Way",Croydon,"Greater London","United Kingdom",51.357142317141,-0.12212066640328,"Tennis earlier and now watching mum play squash",swarm,64934232c0edad5701b98eac
"2023-06-22 05:25:42","Cray Valley Golf Course","Golf Course",,,,"United Kingdom",51.405371000377,0.1258545157709,,swarm,6493db5684d03a3ca2356d59
"2023-06-23 06:09:20","David Lloyd","Gym and Studio","Hannibal Way",Croydon,"Greater London","United Kingdom",51.357142317141,-0.12212066640328,"Good PT session this morning with Liam",swarm,649537105bf4a307a48951fe
"2023-06-23 09:16:36","Purley Beeches",Park,,,,"United Kingdom",51.340565479506,-0.091184377670288,"Dogs radiate so much happiness",swarm,649562f4bf0ad968f3821c59
"2023-06-23 13:25:46","The Garden at 120",Garden,"120 Fenchurch St",London,"Greater London","United Kingdom",51.512101155839,-0.080798864364624,,swarm,64959d5afb875353d39da409
"2023-06-23 17:28:41","Swingers - The Crazy Golf Club","Mini Golf Course","8 Brown's Buildings",London,"Greater London","United Kingdom",51.514201573626,-0.080383367011078,"Great night with BNI friends",swarm,6495d649f6167f2eb1972f41
"2023-06-24 11:54:00",Starbucks,"Coffee Shop","119 London Rd N",Surrey,Surrey,"United Kingdom",51.287179,-0.154956,"Redeemed my free coffee",swarm,6496d958ba3dab4b6e70720f
"2023-06-24 14:54:17","David Lloyd","Gym and Studio","Hannibal Way",Croydon,"Greater London","United Kingdom",51.357142317141,-0.12212066640328,,swarm,64970399439b5168f4475484
"2023-06-25 09:44:47",Costco,"Warehouse or Wholesale Store","Imperial Way",Croydon,"Greater London","United Kingdom",51.353892941382,-0.11702695671053,,swarm,64980c8fe0b7292cbc52fb56
"2023-06-25 11:14:00","David Lloyd","Gym and Studio","Hannibal Way",Croydon,"Greater London","United Kingdom",51.357142317141,-0.12212066640328,,swarm,64982178439b5168f44758de
"2023-06-25 22:56:55","London Gatwick Airport (LGW)","International Airport","A23 Airport Way",Crawley,"West Sussex","United Kingdom",51.158703779449,-0.17425775527954,"Picking up mum from the airport",swarm,6498c63796bc98045974308d
"2023-06-27 08:26:20","Costa Coffee","Coffee Shop","25 Limpsfield Rd",London,"Greater London","United Kingdom",51.334122,-0.076524,"My turn to buy the coffee on my weekly walk with Sarah",swarm,649a9d2ca215fe005d58f846
"2023-06-28 05:02:48","David Lloyd","Gym and Studio","Hannibal Way",Croydon,"Greater London","United Kingdom",51.357142317141,-0.12212066640328,"Arm workout and spa",swarm,649bbef836d61568e16a667c
"2023-06-28 08:11:58","Purley Beeches",Park,,,,"United Kingdom",51.340565479506,-0.091184377670288,"Perfect timing #firstTry",swarm,649beb4e629ae836a214382f
"2023-06-28 19:09:58",Cineworld,"Movie Theater","Crawley Leisure Park",Crawley,"West Sussex","United Kingdom",51.120552477041,-0.18990119754983,"Day 1 release: Indiana Jones and the Dial of Destiny in 4DX",swarm,649c858670c6326291e0049d
"2023-06-29 05:31:03","Cray Valley Golf Course","Golf Course",,,,"United Kingdom",51.405371000377,0.1258545157709,,swarm,649d17170391a247f2bc4716
"2023-06-29 08:07:50",Starbucks,"Coffee Shop","Springvale Retail Park",Orpington,"Greater London","United Kingdom",51.397188,0.113468,,swarm,649d3bd68b803d5169c7166a
"2023-06-29 09:21:15","Purley Beeches",Park,,,,"United Kingdom",51.340565479506,-0.091184377670288,,swarm,649d4d0b97af3113763295c5
"2023-06-29 20:58:25","David Lloyd","Gym and Studio","Hannibal Way",Croydon,"Greater London","United Kingdom",51.357142317141,-0.12212066640328,"Robyn and Ollie used the guest passes before they ran out",swarm,649df07144b3c74f89d84fb7
"2023-06-30 08:30:09",Starbucks,"Coffee Shop","330 Purley Way",Croydon,"Greater London","United Kingdom",51.372027986436,-0.11886066301759,"Coffee catchup with Codie",swarm,649e92912720ad0db8a33aa2
"2023-06-30 14:00:07","David Lloyd","Gym and Studio","Hannibal Way",Croydon,"Greater London","United Kingdom",51.357142317141,-0.12212066640328,"Good PT session with Liam",swarm,649edfe71b8cec6df4e76e26
"2023-07-01 17:22:01","Toby Carvery South Croydon","English Restaurant","415 Brighton Rd",London,"Greater London","United Kingdom",51.349458958985,-0.10002670914363,,swarm,64a060b9b878bc003d73ee50
"2023-07-02 09:47:11","Lloyd Park",Park,"Coombe Rd",Croydon,"Greater London","United Kingdom",51.363881695269,-0.078687660574749,,swarm,64a1479fa118ab258f41732a
"2023-07-03 04:49:42",Starbucks,"Coffee Shop","North Terminal",Gatwick,Surrey,"United Kingdom",51.160158,-0.178904,"Got my Starbucks and sausage bap 😋",swarm,64a25366b67d9e02fc58f523
"2023-07-03 04:50:25","London Gatwick Airport (LGW)","International Airport","A23 Airport Way",Crawley,"West Sussex","United Kingdom",51.158703779449,-0.17425775527954,"Off to Copenhagen",swarm,64a25391c3272c4f3c13adb7
"2023-07-03 08:26:40","Copenhagen Airport (CPH) (Københavns Lufthavn)","International Airport","Lufthavnsboulevarden 6",Kastrup,"Capital Region",Denmark,55.628347265195,12.646636962891,"And….. I’ve landed",swarm,64a28640dbc7aa299418888a
"2023-07-03 11:48:50","Espresso House","Coffee Shop","Kongens Nytorv 24","København K","Capital Region",Denmark,55.681499501365,12.58539449198,"Cute coffee shop",swarm,64a2b5a2b3aaf50791f0a59a
"2023-07-03 13:19:17","Generator Copenhagen",Hostel,"Adelgade 5-7",Copenhagen,"Capital Region",Denmark,55.682836051619,12.582453948188,"Enjoying a drink while watching Wimbledon",swarm,64a2cad54e80df01830c54f5
"2023-07-03 14:49:35","H.C. Andersens Cafe",Café,,,,Denmark,55.679417510956,12.592843561321,"That was a yummy Bacon cheese burger",swarm,64a2dfffe926db090508e3f4
"2023-07-04 08:35:36","Espresso House","Coffee Shop","Kongens Nytorv 24","København K","Capital Region",Denmark,55.681499501365,12.58539449198,,swarm,64a3d9d88acef048c9974c15
"2023-07-04 18:55:39","Pizza Huset",Pizzeria,"Gothersgade 21",Copenhagen,"Capital Region",Denmark,55.681984673126,12.58360106445,"Pizza pizza pizza!!! 🍕",swarm,64a46b2bd972c616f69137ad
"2023-07-05 07:46:17","Generator Copenhagen",Hostel,"Adelgade 5-7",Copenhagen,"Capital Region",Denmark,55.682836051619,12.582453948188,"Lovely hostel",swarm,64a51fc997b89635d02ed39e
"2023-07-05 10:11:03","Espresso House","Coffee Shop","Kongens Nytorv 24","København K","Capital Region",Denmark,55.681499501365,12.58539449198,"Cute coffee shop",swarm,64a541b75bce195cad716b38
"2023-07-05 12:44:30","Yo! Sushi","Sushi Restaurant","Terminal 3",Copenhagen,"Capital Region",Denmark,55.628295534949,12.648885620337,"Sushi is yummy no matter where",swarm,64a565aebaac7125f3a3d7c1
"2023-07-05 14:57:56","Copenhagen Airport (CPH) (Københavns Lufthavn)","International Airport","Lufthavnsboulevarden 6",Kastrup,"Capital Region",Denmark,55.628347265195,12.646636962891,"Waiting to board my flight",swarm,64a584f41f6b173f2c3397bb
"2023-07-05 18:23:07","London Gatwick Airport (LGW)","International Airport","A23 Airport Way",Crawley,"West Sussex","United Kingdom",51.158703779449,-0.17425775527954,"Another month another trip complete",swarm,64a5b50b9e54ac743cdf8f1f
"2023-07-06 06:14:10","Cray Valley Golf Course","Golf Course",,,,"United Kingdom",51.405371000377,0.1258545157709,,swarm,64a65bb2a6148521fc3fc294
"2023-07-06 14:41:41","David Lloyd","Gym and Studio","Hannibal Way",Croydon,"Greater London","United Kingdom",51.357142317141,-0.12212066640328,,swarm,64a6d2a58c227375ff02ab9e
"2023-07-07 08:15:41","Selsdon Recreation Ground",Park,"Woodland Gardens",Croydon,"Greater London","United Kingdom",51.341330949067,-0.057223750420477,"Lovely walk with Sarah",swarm,64a7c9add3acec190161f8f6
"2023-07-07 10:31:10","David Lloyd","Gym and Studio","Hannibal Way",Croydon,"Greater London","United Kingdom",51.357142317141,-0.12212066640328,,swarm,64a7e96e24e78061907c9455
"2023-07-10 05:54:17","David Lloyd","Gym and Studio","Hannibal Way",Croydon,"Greater London","United Kingdom",51.357142317141,-0.12212066640328,,swarm,64ab9d095f87af00e3f0e924
"2023-07-11 13:00:48","Costa Coffee","Coffee Shop","33-34 Market Square",Bromley,"Greater London","United Kingdom",51.405567732147,0.015203908660539,,swarm,64ad528094cc81371f2bd363
"2023-07-11 13:52:05","Apple Bromley","Electronics Store","The Glades Bromley Shopping Centre",Bromley,"Greater London","United Kingdom",51.402863,0.0163385,,swarm,64ad5e85a8605c6b9edc8f43
"2023-07-11 14:25:44","Burger King","Fast Food Restaurant","115-117 High St",London,"Greater London","United Kingdom",51.403739847366,0.015461542099092,,swarm,64ad66682efe6200e2a14564
"2023-07-11 16:21:42","David Lloyd","Gym and Studio","Hannibal Way",Croydon,"Greater London","United Kingdom",51.357142317141,-0.12212066640328,,swarm,64ad819665b5491469e7120d
"2023-07-13 05:20:39","Cray Valley Golf Course","Golf Course",,,,"United Kingdom",51.405371000377,0.1258545157709,,swarm,64af89a74d579537a1b1823c
"2023-07-13 08:09:52","Westcombe Park Rugby Club","Rugby Pitch",,Orpington,"Greater London","United Kingdom",51.363718158491,0.11367576414944,,swarm,64afb15013a3ed5f949309ab
"2023-07-14 16:32:21","David Lloyd","Gym and Studio","Hannibal Way",Croydon,"Greater London","United Kingdom",51.357142317141,-0.12212066640328,"2 tennis sessions",swarm,64b17895b4533f69ac70c14c
"2023-07-15 18:40:41","David Lloyd","Gym and Studio","Hannibal Way",Croydon,"Greater London","United Kingdom",51.357142317141,-0.12212066640328,"Grand Slam Doubles Tournament with Jo 🎾",swarm,64b2e829c2416200fe795a00
"2023-07-16 07:45:38","Costa Coffee","Coffee Shop","Colonnades Leisure Park",Purley,"Greater London","United Kingdom",51.355805975209,-0.11556530144625,,swarm,64b3a022eb58bf65ca014957
"2023-07-17 07:17:26","David Lloyd","Gym and Studio","Hannibal Way",Croydon,"Greater London","United Kingdom",51.357142317141,-0.12212066640328,"Gym session and breakfast with mum",swarm,64b4eb06c1f9b6513e58549e
"2023-07-18 08:41:27","Sanderstead Recreation Ground",Park,,Croydon,"Greater London","United Kingdom",51.333022166743,-0.077073608437305,"Weekly walk with Sarah",swarm,64b65037079eb4609f736817
"2023-07-18 11:13:48",Corza,Café,"111 High St",London,"Greater London","United Kingdom",51.376807493746,-0.019766123480739,"Power hour with Darren",swarm,64b673ec6ef55566901b4b8d
"2023-07-18 18:08:48","Slim Chickens","Fried Chicken Joint","Unit 12 Crawley Leisure Park",Crawley,"West Sussex","United Kingdom",51.120955806487,-0.19083380699158,"First time at Slim Chickens. BBQ honey chicken was amazing — with Gordon",swarm,64b6d530168a7c0d101c2d6e
"2023-07-18 18:09:19",Cineworld,"Movie Theater","Crawley Leisure Park",Crawley,"West Sussex","United Kingdom",51.120552477041,-0.18990119754983,"Watching Mission Impossible — with Gordon",swarm,64b6d54f2367b764168eb085
"2023-07-20 05:37:09","Cray Valley Golf Course","Golf Course",,,,"United Kingdom",51.405371000377,0.1258545157709,,swarm,64b8c805a34a2242d8988827
"2023-07-23 15:51:45","David Lloyd","Gym and Studio","Hannibal Way",Croydon,"Greater London","United Kingdom",51.357142317141,-0.12212066640328,"Came 2nd in squash tournament",swarm,64bd4c9198c42e16b95e12c2
"2023-07-25 18:31:59","Slim Chickens","Fried Chicken Joint","Unit 12 Crawley Leisure Park",Crawley,"West Sussex","United Kingdom",51.120955806487,-0.19083380699158,"Went for the bbq honey burger again!",swarm,64c0151f75ab2370aaf7166f
"2023-07-25 18:32:24",Cineworld,"Movie Theater","Crawley Leisure Park",Crawley,"West Sussex","United Kingdom",51.120552477041,-0.18990119754983,"Watching Oppenheimer — with Gordon",swarm,64c01538b7c0ac5937ce3f33
"2023-07-26 20:02:30","David Lloyd","Gym and Studio","Hannibal Way",Croydon,"Greater London","United Kingdom",51.357142317141,-0.12212066640328,"Good tennis doubles this evening 🎾",swarm,64c17bd68dbe6a7d4c955768
"2023-07-27 05:33:40","Cray Valley Golf Course","Golf Course",,,,"United Kingdom",51.405371000377,0.1258545157709,,swarm,64c201b4e4e2df6f9daabb86
"2023-07-27 09:07:46","Kenley Aerodrome",Airport,"Hayes Lane",Surrey,Surrey,"United Kingdom",51.302516478938,-0.099422468927832,"Nice walk with Lyn and the dogs 🐶",swarm,64c233e2b19e2c00a71a7e9f
"2023-07-28 05:37:24","David Lloyd","Gym and Studio","Hannibal Way",Croydon,"Greater London","United Kingdom",51.357142317141,-0.12212066640328,,swarm,64c35414fd49a611d568620d
"2023-07-29 08:55:27","David Lloyd","Gym and Studio","Hannibal Way",Croydon,"Greater London","United Kingdom",51.357142317141,-0.12212066640328,,swarm,64c4d3ff90f5d41b7dabedff
"2023-07-29 20:01:59","Pizza Hut",Pizzeria,"The Colonnades, Purley Way",Croydon,"Greater London","United Kingdom",51.3560531,-0.1144847,"Pizza Hut with Lyn and Bill",swarm,64c570377ee3c17a5de78abc
"2023-07-30 08:29:10","Toby Carvery South Croydon","English Restaurant","415 Brighton Rd",London,"Greater London","United Kingdom",51.349458958985,-0.10002670914363,"Breakfast with DL friends",swarm,64c61f5650c4a8652dea1af2
"2023-07-31 04:50:02","David Lloyd","Gym and Studio","Hannibal Way",Croydon,"Greater London","United Kingdom",51.357142317141,-0.12212066640328,,swarm,64c73d7aa37fab18e148e85e
"2023-07-31 18:01:32","David Lloyd Beckenham","Gym and Studio","Stanhope Grove",Beckenham,"Greater London","United Kingdom",51.394227799609,-0.037358520645039,"Coffee with Georgia",swarm,64c7f6fc3e34fc6db6479d94
"2023-08-01 10:49:03","Lloyd Park",Park,"Coombe Rd",Croydon,"Greater London","United Kingdom",51.363881695269,-0.078687660574749,"Lovely walk with Lyn and Mum",swarm,64c8e31f3b202f0ecccef69f
"2023-08-01 16:49:01","David Lloyd","Gym and Studio","Hannibal Way",Croydon,"Greater London","United Kingdom",51.357142317141,-0.12212066640328,,swarm,64c9377d19fe4e67e904e7a3
"2023-08-02 18:20:56",Cineworld,"Movie Theater","Crawley Leisure Park",Crawley,"West Sussex","United Kingdom",51.120552477041,-0.18990119754983,,swarm,64ca9e881c34e74e5aa75ee2
"2023-08-03 05:26:02","Cray Valley Golf Course","Golf Course",,,,"United Kingdom",51.405371000377,0.1258545157709,,swarm,64cb3a6a664a451f7d8b6a41
"2023-08-03 16:05:47","Decathlon Croydon","Sporting Goods Retail","Purley Way",Croydon,"Greater London","United Kingdom",51.3773097,-0.1190401,"New gym wear!!! 🎾",swarm,64cbd05b6471bd6c8c92a4ce
"2023-08-03 17:01:26",Starbucks,"Coffee Shop","330 Purley Way",Croydon,"Greater London","United Kingdom",51.372027986436,-0.11886066301759,,swarm,64cbdd668fee49264e0593e0
"2023-08-03 17:22:58","David Lloyd","Gym and Studio","Hannibal Way",Croydon,"Greater London","United Kingdom",51.357142317141,-0.12212066640328,,swarm,64cbe272fd65093bc14aa6ac
"2023-08-04 09:00:43",Starbucks,"Coffee Shop","Springvale Retail Park",Orpington,"Greater London","United Kingdom",51.397188,0.113468,"121 with Harry",swarm,64ccbe3bfcf5d351e0df9865
"2023-08-05 17:25:50","The Oxted Inn",Pub,"Units 1-4 Hoskins Walk",Oxted,Surrey,"United Kingdom",51.257543321699,-0.00461791336073,,swarm,64ce861e6dec35576ecf66c5
"2023-08-06 09:45:14",Vampire,Attraction,"Chessington World of Adventures",Chessington,"Greater London","United Kingdom",51.346974908234,-0.31596100449967,"Vampire ride — with Gordon",swarm,64cf6baa1cebfc0baeeffa82
"2023-08-06 09:45:40","Chessington World of Adventures Resort","Amusement Park","Leatherhead Rd",Chessington,"Greater London","United Kingdom",51.3472173,-0.3192127,"Been a while since I’ve been here",swarm,64cf6bc4766d12073eff1799
"2023-08-06 10:49:21","Mandrill Mayhem",Attraction,"Chessington World of Adventures",Chessington,"Greater London","United Kingdom",51.34716,-0.31766945,"First time on this new ride",swarm,64cf7ab1fd65093bc172fd11
"2023-08-06 11:03:55","Mandrill Mayhem",Attraction,"Chessington World of Adventures",Chessington,"Greater London","United Kingdom",51.34716,-0.31766945,"First time on this new ride",swarm,64cf7e1bb0357e55ee525cc0
"2023-08-06 12:17:04",Rattlesnake,Attraction,"Chessington World of Adventures","Greater London","Greater London","United Kingdom",51.34889722341,-0.31774932125576,"with Gordon",swarm,64cf8f401ceecf1ada06060c
"2023-08-06 13:15:20","Tomb Blaster",Attraction,"Chessington World of Adventures","Greater London","Greater London","United Kingdom",51.348961006801,-0.31915761131974,"with Gordon",swarm,64cf9ce8e2f0ea6408601c4b
"2023-08-06 14:26:35","Tiger Rock",Attraction,"Chessington World of Adventures Resort",Chessington,"Greater London","United Kingdom",51.348369522412,-0.32079219818115,"Not looking forward to getting wet",swarm,64cfad9b8fee49264e8be5e1
"2023-08-06 15:43:45","Dragon's Fury",Attraction,"Chessington World of Adventures",Chessington,"Greater London","United Kingdom",51.347824913403,-0.31916039591531,"with Gordon",swarm,64cfbfb197ff98419498191a
"2023-08-06 17:24:55",Kobra,Attraction,"Chessington World of Adventures",Chessington,"Greater London","United Kingdom",51.347870137351,-0.32020470607178,"Last ride of the day",swarm,64cfd7670184ef52ab692b3b
"2023-08-07 08:53:55","David Lloyd","Gym and Studio","Hannibal Way",Croydon,"Greater London","United Kingdom",51.357142317141,-0.12212066640328,"Great workout this morning",swarm,64d0b123ac52eb675f52fb5a
"2023-08-07 09:11:54","Purley Beeches",Park,,,,"United Kingdom",51.340565479506,-0.091184377670288,,swarm,64d0b55a8efb6e155c0e6e71
"2023-08-07 10:32:35",Starbucks,"Coffee Shop","119 London Rd N",Surrey,Surrey,"United Kingdom",51.287179,-0.154956,"Coffee with Robyn",swarm,64d0c8430f806d6cc2735981
"2023-08-07 17:20:52","David Lloyd Beckenham","Gym and Studio","Stanhope Grove",Beckenham,"Greater London","United Kingdom",51.394227799609,-0.037358520645039,"Busy day, getting some work in before my networking event this evening",swarm,64d127f40f806d6cc273c0e8
"2023-08-07 19:51:44","Oakley House",Structure,"358 Bromley Common",Bromley,"Greater London","United Kingdom",51.380986203546,0.038594695423696,"Finished the day with some BNI training",swarm,64d14b50e3dd7204b62674da
"2023-08-08 09:20:29","Purley Beeches",Park,,,,"United Kingdom",51.340565479506,-0.091184377670288,"The less glamorous side of walking a dog in the rain",swarm,64d208dd1cebfc0bae7d03b8
"2023-08-08 19:52:23",Cineworld,"Movie Theater","Crawley Leisure Park",Crawley,"West Sussex","United Kingdom",51.120552477041,-0.18990119754983,"Weekly cinema trip with Dad to see Joy Ride",swarm,64d29cf728776a4d24e0ec42
"2023-08-10 07:36:52","Cray Valley Golf Course","Golf Course",,,,"United Kingdom",51.405371000377,0.1258545157709,"Great BNI meeting this morning",swarm,64d4939472139349294b8e7c
"2023-08-10 10:23:22","Roundshaw Park",Park,"Forrester Drive","Greater London","Greater London","United Kingdom",51.352668712434,-0.13663484178572,,swarm,64d4ba9a86f00119b6572eda
"2023-08-11 06:45:22","David Lloyd","Gym and Studio","Hannibal Way",Croydon,"Greater London","United Kingdom",51.357142317141,-0.12212066640328,,swarm,64d5d90237dba0323451dece
"2023-08-11 07:48:43","Roundshaw Park",Park,"Forrester Drive","Greater London","Greater London","United Kingdom",51.352668712434,-0.13663484178572,,swarm,64d5e7dbd6fe655189d4abc8
"2023-08-11 08:16:59","Roundshaw Common",Park,,,,"United Kingdom",51.35000178263,-0.12167371809483,,swarm,64d5ee7b77216a2e80ff6d48
"2023-08-12 09:46:19","Roundshaw Common",Park,,,,"United Kingdom",51.35000178263,-0.12167371809483,,swarm,64d754eb34a2e164170f6c9b
"2023-08-12 10:16:41","Roundshaw Park",Park,"Forrester Drive","Greater London","Greater London","United Kingdom",51.352668712434,-0.13663484178572,,swarm,64d75c0948a0cc76f2396549
"2023-08-14 03:43:50","London Gatwick Airport (LGW)","International Airport","A23 Airport Way",Crawley,"West Sussex","United Kingdom",51.158703779449,-0.17425775527954,"Another month, another city",swarm,64d9a2f697ff984194822152
"2023-08-14 05:01:17",Starbucks,"Coffee Shop","North Terminal",Gatwick,Surrey,"United Kingdom",51.160158,-0.178904,"Had my Starbucks and sausage bap",swarm,64d9b51dac52eb675fcfbba4
"2023-08-14 05:52:44","North Terminal","Airport Terminal","LGW Airport",Crawley,"West Sussex","United Kingdom",51.160577333498,-0.17775966578251,,swarm,64d9c12cc3f0b2158e0f89fa
"2023-08-14 08:08:42","Berlin Brandenburg Willy Brandt Airport (BER) (Flughafen Berlin Brandenburg Willy Brandt)","International Airport","Willy-Brandt-Platz 1",Schönefeld,Brandenburg,Germany,52.364515580485,13.511037826538,"I made it to Berlin ✈️",swarm,64d9e10a6dec35576ec8c24b
"2023-08-14 12:28:02","Berlin TV Tower (Berliner Fernsehturm)","Scenic Lookout","Panoramastr. 1",Berlin,Berlin,Germany,52.520908358017,13.40939283371,"Found this whatever it is",swarm,64da1dd268b0ad3c57af2e75
"2023-08-14 14:33:57",Burgermeister,"Burger Joint","Oberbaumstraße 8, 10997 Berlin, Germany",,,Germany,52.520374,13.413373,"Lunch was good",swarm,64da3b558e714d651ef7096a
"2023-08-14 14:34:29",Starbucks,"Coffee Shop","Alexanderplatz 2",Berlin,Berlin,Germany,52.520786419762,13.413482107373,"Picked up the mug",swarm,64da3b7532a7c8023424b622
"2023-08-14 21:51:36","Generator Berlin Mitte",Hostel,"Oranienburger Str. 65",Berlin,Berlin,Germany,52.525161,13.391215,,swarm,64daa1e8c6dafa12699413e9
"2023-08-15 10:07:13","East Side Gallery",Monument,Mühlenstr.,Berlin,Berlin,Germany,52.503415842163,13.44397187233,,swarm,64db4e514e6f7b7153a548bd
"2023-08-15 11:19:27","Berlin Ostbahnhof","Rail Station","Koppenstr. 3",Berlin,Berlin,Germany,52.510422825717,13.434841632843,"This is a confusing station 😂 lots of construction",swarm,64db5f3fd9ed343db4f7f75d
"2023-08-15 11:36:08","Einstein Kaffee",Café,"Alexanderstr. 13",Berlin,Berlin,Germany,52.521136674266,13.414633344363,,swarm,64db6328f28aca24b89655b1
"2023-08-15 13:52:36","Espresso House","Coffee Shop",Friedrichstraße,Berlin,Berlin,Germany,52.52595,13.386996,,swarm,64db8324e3a45c727d55e68d
"2023-08-15 18:08:46","Generator Berlin Mitte",Hostel,"Oranienburger Str. 65",Berlin,Berlin,Germany,52.525161,13.391215,"Last night",swarm,64dbbf2ef395a34326467b7f
"2023-08-15 18:54:20",Frittenwerk,Friterie,"Brunnenstr. 1",Berlin,Berlin,Germany,52.530055024604,13.401321995879,"Potatoes galore",swarm,64dbc9dc6d359437ed5ba0f7
"2023-08-16 07:48:32","Generator Berlin Mitte",Hostel,"Oranienburger Str. 65",Berlin,Berlin,Germany,52.525161,13.391215,"Very nice hostel. Would stay again",swarm,64dc7f5056ef6e5fb3e15091
"2023-08-16 07:59:01","Espresso House","Coffee Shop",Friedrichstraße,Berlin,Berlin,Germany,52.52595,13.386996,"Some solid work this morning",swarm,64dc81c58fee49264e0477c1
"2023-08-16 13:21:14",Asiagourmet,"Asian Restaurant","Terminal 1",Schönefeld,Brandenburg,Germany,52.364096288216,13.508291244507,"Sweet and sour chicken and rice 🍚",swarm,64dccd4aff3f6212528f63e6
"2023-08-16 14:20:00","Berlin Brandenburg Willy Brandt Airport (BER) (Flughafen Berlin Brandenburg Willy Brandt)","International Airport","Willy-Brandt-Platz 1",Schönefeld,Brandenburg,Germany,52.364515580485,13.511037826538,"Time to go home",swarm,64dcdb10ca1e960e9b21c086
"2023-08-16 18:58:03","North Terminal Shuttle Station","Airport Tram Station","North Terminal",Crawley,"West Sussex","United Kingdom",51.16111603587,-0.17588098167966,,swarm,64dd1c3b89fa0f566f48aabb
"2023-08-16 19:10:29","London Gatwick Airport (LGW)","International Airport","A23 Airport Way",Crawley,"West Sussex","United Kingdom",51.158703779449,-0.17425775527954,"And back to reality :(",swarm,64dd1f25f608e57def30a076
"2023-08-16 19:24:59","East Croydon Railway Station (ECR)","Rail Station","George St",Croydon,"Greater London","United Kingdom",51.37614758063,-0.092609076685877,"What an idiot. Walked to the wrong end of the train only to walk all the way back down the other end",swarm,64dd228bfe1fe11311736c10
"2023-08-17 05:28:40","Cray Valley Golf Course","Golf Course",,,,"United Kingdom",51.405371000377,0.1258545157709,,swarm,64ddb008aeb62177ade2f23d
"2023-08-17 08:03:52",Starbucks,"Coffee Shop","Springvale Retail Park",Orpington,"Greater London","United Kingdom",51.397188,0.113468,,swarm,64ddd4680a64fc1d779b5795
"2023-08-18 05:50:11","David Lloyd","Gym and Studio","Hannibal Way",Croydon,"Greater London","United Kingdom",51.357142317141,-0.12212066640328,,swarm,64df069323ac44140734edea
"2023-08-22 19:40:59","Slim Chickens","Fried Chicken Joint","Unit 12 Crawley Leisure Park",Crawley,"West Sussex","United Kingdom",51.120955806487,-0.19083380699158,"Honey BBQ burger again! 😍",swarm,64e50f4b371665016c1b4c5a
"2023-08-22 19:41:16",Cineworld,"Movie Theater","Crawley Leisure Park",Crawley,"West Sussex","United Kingdom",51.120552477041,-0.18990119754983,"Watching Strays",swarm,64e50f5c0ce5eb31b48062ae
"2023-08-23 12:59:31",Costco,"Warehouse or Wholesale Store","1 Shadbolt Av",London,"Greater London","United Kingdom",51.609612884746,-0.031615087697418,"Ellie’s first time at Costco",swarm,64e602b33b3e535febb68df5
"2023-08-24 05:14:32","Cray Valley Golf Course","Golf Course",,,,"United Kingdom",51.405371000377,0.1258545157709,,swarm,64e6e738fe3f8c66a1d8e83d
"2023-08-24 09:18:21","Purley Beeches",Park,,,,"United Kingdom",51.340565479506,-0.091184377670288,,swarm,64e7205d5352c6081d541f63
"2023-08-24 21:03:10",Starbucks,"Coffee Shop","Cobham Services (Extra)",Downside,Surrey,"United Kingdom",51.304564,-0.405472,,swarm,64e7c58ef44f1a67484ed1b4
"2023-08-25 07:58:09","David Lloyd","Gym and Studio","Hannibal Way",Croydon,"Greater London","United Kingdom",51.357142317141,-0.12212066640328,,swarm,64e85f114f021262429e1547
"2023-08-26 14:36:25","Seasalter Beach",Beach,,,,"United Kingdom",51.346310492688,0.98293911562964,,swarm,64ea0de9cba4dc7fef6de9c7
"2023-08-26 16:43:37",Prezzo,"Italian Restaurant","28 High St",Canterbury,Kent,"United Kingdom",51.279650935313,1.07862334457,,swarm,64ea2bb949aa7d70e45cadf4
"2023-08-28 13:59:33","Costa Coffee","Coffee Shop","Colonnades Leisure Park",Purley,"Greater London","United Kingdom",51.355805975209,-0.11556530144625,,swarm,64eca84519bf8435cdacd302
"2023-08-28 14:12:35",Costco,"Warehouse or Wholesale Store","Imperial Way",Croydon,"Greater London","United Kingdom",51.353892941382,-0.11702695671053,"Got a new jacket",swarm,64ecab533b3e535feb5d357e
"2023-08-30 07:25:07","Coco & Nut Coffee Co","Coffee Shop","6 Station Parade, Sanderstead Road",London,"Greater London","United Kingdom",51.348268,-0.094371,"Marty got a pup cup!",swarm,64eeeed3669af16daa20d325
"2023-08-30 19:00:26",McDonald's,"Fast Food Restaurant","Crawley Leisure Park London Road",Crawley,"West Sussex","United Kingdom",51.120467230698,-0.18887020191288,"BBQ double quarter pounder… so a half pounder?",swarm,64ef91cabb5c60619deba234
"2023-08-30 19:01:16",Cineworld,"Movie Theater","Crawley Leisure Park",Crawley,"West Sussex","United Kingdom",51.120552477041,-0.18990119754983,"Watching Blue Beetle — with Gordon",swarm,64ef91fcbe44677ece9d6ac0
"2023-08-31 05:31:37","Cray Valley Golf Course","Golf Course",,,,"United Kingdom",51.405371000377,0.1258545157709,,swarm,64f025b937bb843e6572e575
"2023-08-31 08:14:19",Starbucks,"Coffee Shop","Springvale Retail Park",Orpington,"Greater London","United Kingdom",51.397188,0.113468,,swarm,64f04bdb214d483a1afb465e
"2023-08-31 13:35:11","David Lloyd","Gym and Studio","Hannibal Way",Croydon,"Greater London","United Kingdom",51.357142317141,-0.12212066640328,,swarm,64f0970f5dc70f7882186e31
"2023-09-01 21:11:19","The Mount",Vineyard,"Church St",Kent,Kent,"United Kingdom",51.335104290845,0.18376533848308,"BNI Social",swarm,64f253774596634346e6ca2e
"2023-09-02 10:39:36","Coco & Nut Coffee Co","Coffee Shop","6 Station Parade, Sanderstead Road",London,"Greater London","United Kingdom",51.348268,-0.094371,"Coffee with mum",swarm,64f310e8a6c7f55a3534b894
"2023-09-02 11:01:23","Purley Oaks Railway Station (PUO)","Rail Station","Brantwood Road","South Croydon","Greater London","United Kingdom",51.34691357283,-0.098642662731793,,swarm,64f31603b3dbf50c5f70ff6f
"2023-09-02 11:40:53","Black Sheep Coffee","Coffee Shop","31 Eastcheap",London,"Greater London","United Kingdom",51.510754251734,-0.083890584539129,,swarm,64f31f459ab8934d83ada440
"2023-09-02 11:48:12","The Garden at 120",Garden,"120 Fenchurch St",London,"Greater London","United Kingdom",51.512101155839,-0.080798864364624,,swarm,64f320fc9ab8934d83ada189
"2023-09-02 14:04:36","London Bridge Railway Station (LBG)","Rail Station","Station Approach",London,"Greater London","United Kingdom",51.504308877716,-0.084721292993725,,swarm,64f340f4b3dbf50c5f70ceb4
"2023-09-02 16:12:06","David Lloyd","Gym and Studio","Hannibal Way",Croydon,"Greater London","United Kingdom",51.357142317141,-0.12212066640328,,swarm,64f35ed67a64a7177d381682
"2023-09-03 14:00:45","David Lloyd","Gym and Studio","Hannibal Way",Croydon,"Greater London","United Kingdom",51.357142317141,-0.12212066640328,,swarm,64f4918d26e0c447b9a338dc
"2023-09-04 07:57:00","Purley Beeches",Park,,,,"United Kingdom",51.340565479506,-0.091184377670288,,swarm,64f58dccc0a8cf3859b2e0cd
"2023-09-04 18:34:39","Purley Oaks Railway Station (PUO)","Rail Station","Brantwood Road","South Croydon","Greater London","United Kingdom",51.34691357283,-0.098642662731793,,swarm,64f6233f1294485a9d6aede4
"2023-09-05 08:18:39",Starbucks,"Coffee Shop","119 London Rd N",Surrey,Surrey,"United Kingdom",51.287179,-0.154956,,swarm,64f6e45f9e0d2178911422f2
"2023-09-06 08:19:32","David Lloyd","Gym and Studio","Hannibal Way",Croydon,"Greater London","United Kingdom",51.357142317141,-0.12212066640328,,swarm,64f83614c1013c538af11a14
"2023-09-06 17:49:20",ALDI,Supermarket,,"South Croydon","Greater London","United Kingdom",51.345030889708,-0.059178270486297,,swarm,64f8bba0a0e93f4182d6ac12
"2023-09-07 05:05:32","Westcombe Park Rugby Club","Rugby Pitch",,Orpington,"Greater London","United Kingdom",51.363718158491,0.11367576414944,,swarm,64f95a1c9d40441b192e37f0
"2023-09-07 09:01:21","Costa Coffee","Coffee Shop","Clacket Lane Anti-Clockwise Motorway Services",Surrey,Surrey,"United Kingdom",51.273574070597,0.038613692160413,,swarm,64f99161dced1a234bcffdc3
"2023-09-07 11:28:59","The Garden at 120",Garden,"120 Fenchurch St",London,"Greater London","United Kingdom",51.512101155839,-0.080798864364624,,swarm,64f9b3fb1294485a9d6ac677
"2023-09-07 12:25:30","Liverpool Street (Elizabeth Line)","Rail Station","17 Moorfields",London,"Greater London","United Kingdom",51.517741481959,-0.083770751953125,"Met up with Mike from The Claw (UKMadLZ)",swarm,64f9c13af9c19659d19123b4
"2023-09-08 07:49:31","David Lloyd","Gym and Studio","Hannibal Way",Croydon,"Greater London","United Kingdom",51.357142317141,-0.12212066640328,,swarm,64fad20bb3dbf50c5f24ec68
"2023-09-09 09:32:21",Starbucks,"Coffee Shop","330 Purley Way",Croydon,"Greater London","United Kingdom",51.372027986436,-0.11886066301759,"Trying the pumpkin spice iced latte",swarm,64fc3ba5f9c19659d1b56197
"2023-09-11 05:12:37","London Gatwick Airport (LGW)","International Airport","A23 Airport Way",Crawley,"West Sussex","United Kingdom",51.158703779449,-0.17425775527954,"Time for Take Off. Amsterdam here I come",swarm,64fea1c58e86495ad1d585a0
"2023-09-11 10:41:40","Generator Amsterdam",Hostel,"Mauritskade 57",Amsterdam,"North Holland",Netherlands,52.360802303257,4.9189664530234,,swarm,64feeee4caea9e408192ea80
"2023-09-11 12:24:21",Starbucks,"Coffee Shop","Damrak 80-81",Amsterdam,"North Holland",Netherlands,52.374207474673,4.8945788778661,"Got my mug",swarm,64ff06f5d2aa5f39c81394f2
"2023-09-11 15:24:42","House Of Fries Amsterdam",Restaurant,"Damstraat 22, 1012 JM Amsterdam, The Netherlands",Amsterdam,"North Holland",Netherlands,52.372262,4.894844,"Bacon and cheese",swarm,64ff313a1294485a9d59f8ab
"2023-09-11 16:11:18","Generator Amsterdam",Hostel,"Mauritskade 57",Amsterdam,"North Holland",Netherlands,52.360802303257,4.9189664530234,,swarm,64ff3c265336a857ef3a74de
"2023-09-12 14:52:25","Kanarie Club","Modern European Restaurant","Bellamyplein 51",Amsterdam,"North Holland",Netherlands,52.367348146383,4.867791407662,"Awesome spot!",swarm,65007b29a82a927ef43c80c3
"2023-09-12 15:23:45","Anne Frank House (Anne Frank Huis)","Historic and Protected Site","Westermarkt 20",Amsterdam,"North Holland",Netherlands,52.375066672281,4.8839002847672,,swarm,650082815ab700039ea1c3a9
"2023-09-12 15:55:17",Dunkin',"Donut Shop","Leidsestraat 45",Amsterdam,"North Holland",Netherlands,52.365705105117,4.8858876778564,,swarm,650089e5a174fd462da32536
"2023-09-12 18:00:34","Generator Amsterdam",Hostel,"Mauritskade 57",Amsterdam,"North Holland",Netherlands,52.360802303257,4.9189664530234,,swarm,6500a742a0e93f4182a8e650
"2023-09-13 08:08:27",Orff,Café,"Jodenbreestraat 5",Amsterdam,"North Holland",Netherlands,52.369427,4.901958,"Cafe latte",swarm,65016dfb5f410a701835d96f
"2023-09-13 08:48:10","The Smallest House in Amsterdam (Het Kleinste Huis)","Historic and Protected Site","Oude Hoogstraat 22",Amsterdam,"North Holland",Netherlands,52.37118107385,4.897763655387,,swarm,6501774ad2aa5f39c8931deb
"2023-09-13 09:30:50",Starbucks,"Coffee Shop","Damrak 80-81",Amsterdam,"North Holland",Netherlands,52.374207474673,4.8945788778661,"Pumpkin spice latte",swarm,6501814a0cdfe307ca2ff359
"2023-09-13 11:30:41",Foodhallen,"Food Court","Bellamyplein 51",Amsterdam,"North Holland",Netherlands,52.366944407967,4.868240438051,,swarm,65019d611de6693e9958b8a8
"2023-09-13 15:31:35","Amsterdam Airport Schiphol (AMS)","International Airport","Evert van de Beekstraat 202",Schiphol,"North Holland",Netherlands,52.308570459608,4.762122631073,"Waiting for my flight",swarm,6501d5d79e2b2d7a1da46fe2
"2023-09-13 20:04:11","London Gatwick Airport (LGW)","International Airport","A23 Airport Way",Crawley,"West Sussex","United Kingdom",51.158703779449,-0.17425775527954,"I managed to lose my hat 😂",swarm,650215bb95d12048337e27ae
"2023-09-14 05:23:16","Westcombe Park Rugby Club","Rugby Pitch",,Orpington,"Greater London","United Kingdom",51.363718158491,0.11367576414944,,swarm,650298c4dc1d4c617c1d5d60
"2023-09-14 19:51:20","The George Inn",Pub,"75-77 Borough High St",Southwark,"Greater London","United Kingdom",51.504227535149,-0.090275741585712,"Met up with Sophie and Joe",swarm,650364386dbc56075e36a435
"2023-09-15 08:01:26","David Lloyd","Gym and Studio","Hannibal Way",Croydon,"Greater London","United Kingdom",51.357142317141,-0.12212066640328,,swarm,65040f564abe6049aec458fc
"2023-09-18 05:45:47","David Lloyd","Gym and Studio","Hannibal Way",Croydon,"Greater London","United Kingdom",51.357142317141,-0.12212066640328,,swarm,6507e40b327d4a3edec32575
"2023-09-18 08:18:59","Costa Coffee","Coffee Shop","25 Limpsfield Rd",London,"Greater London","United Kingdom",51.334122,-0.076524,,swarm,650807f31b063e607468bee3
"2023-09-18 08:43:54","Sanderstead Recreation Ground",Park,,Croydon,"Greater London","United Kingdom",51.333022166743,-0.077073608437305,"Walk with Sarah",swarm,65080dca6073cf51e3df216a
"2023-09-20 10:22:41",Starbucks,"Coffee Shop","St Pancras International Station, Unit 24",London,"Greater London","United Kingdom",51.532091963574,-0.12600374247995,,swarm,650ac7f1e9a2cb0524f3d786
"2023-09-20 10:53:52","London St Pancras International Eurostar Terminal","Rail Station","St Pancras International Station",London,"Greater London","United Kingdom",51.531688089777,-0.12613641845489,"Waiting for Adrien!",swarm,650acf40be8ad555f7cd535c
"2023-09-20 13:27:29","The Garden at 120",Garden,"120 Fenchurch St",London,"Greater London","United Kingdom",51.512101155839,-0.080798864364624,,swarm,650af341d134850cf56a3055
"2023-09-20 16:02:48","London Liverpool Street Railway Station (LST)","Rail Station",Bishopsgate,London,"Greater London","United Kingdom",51.518046191603,-0.081431406543642,,swarm,650b17a8e0ce96633c323414
"2023-09-20 16:24:49","Generator London",Hostel,"37 Tavistock Pl","Greater London","Greater London","United Kingdom",51.526354632823,-0.12445518694818,,swarm,650b1cd187653a43220b2f37
"2023-09-20 17:49:36","London Victoria Railway Station (VIC)","Rail Station","Buckingham Palace Rd",London,"Greater London","United Kingdom",51.495090297497,-0.14485399055221,,swarm,650b30b087653a43220b2c22
"2023-09-21 05:23:20","Westcombe Park Rugby Club","Rugby Pitch",,Orpington,"Greater London","United Kingdom",51.363718158491,0.11367576414944,,swarm,650bd3483db75033bbe9b65c
"2023-09-21 17:45:36","David Lloyd","Gym and Studio","Hannibal Way",Croydon,"Greater London","United Kingdom",51.357142317141,-0.12212066640328,,swarm,650c81402183b607b85c1afc
"2023-09-22 08:11:15","David Lloyd","Gym and Studio","Hannibal Way",Croydon,"Greater London","United Kingdom",51.357142317141,-0.12212066640328,,swarm,650d4c23e0ce96633c32111e
"2023-09-25 05:28:40","David Lloyd","Gym and Studio","Hannibal Way",Croydon,"Greater London","United Kingdom",51.357142317141,-0.12212066640328,"Workout 1/3 this week",swarm,65111a881b063e6074cd0a40
"2023-09-25 08:19:52","Costa Coffee","Coffee Shop","25 Limpsfield Rd",London,"Greater London","United Kingdom",51.334122,-0.076524,"Morning coffee with Sarah",swarm,651142a8eb5fb01b6db556ff
"2023-09-26 19:37:00",Wagamama,"Asian Restaurant","unit 9, crawley leisure park",Crawley,"West Sussex","United Kingdom",51.120215997746,-0.18956623057832,,swarm,651332dc8921fc726b214a7d
"2023-09-26 19:55:33",Cineworld,"Movie Theater","Crawley Leisure Park",Crawley,"West Sussex","United Kingdom",51.120552477041,-0.18990119754983,"Watching Dumb Money",swarm,6513373587653a43224d87fb
"2023-09-27 20:31:20","David Lloyd","Gym and Studio","Hannibal Way",Croydon,"Greater London","United Kingdom",51.357142317141,-0.12212066640328,"New record: 15 hours at David Lloyd",swarm,65149118e9a2cb052430df02
"2023-09-28 05:53:42","Westcombe Park Rugby Club","Rugby Pitch",,Orpington,"Greater London","United Kingdom",51.363718158491,0.11367576414944,,swarm,651514e6a700c0360feb1b88
"2023-09-29 18:34:42","Westcombe Park Rugby Club","Rugby Pitch",,Orpington,"Greater London","United Kingdom",51.363718158491,0.11367576414944,"Quiz Night with BNI friends",swarm,651718c2f91308736205043e
"2023-10-02 18:01:47",Costco,"Warehouse or Wholesale Store","Imperial Way",Croydon,"Greater London","United Kingdom",51.353892941382,-0.11702695671053,"Sophie’s first time at Costco!",swarm,651b058ba700c0360f319b38
"2023-10-04 06:52:31","David Lloyd","Gym and Studio","Hannibal Way",Croydon,"Greater London","United Kingdom",51.357142317141,-0.12212066640328,,swarm,651d0bafe1e24404adc978d1
"2023-10-04 17:28:57",Cineworld,"Movie Theater","Crawley Leisure Park",Crawley,"West Sussex","United Kingdom",51.120552477041,-0.18990119754983,"Watching Expend4bles with Sophie and Dad — with Gordon",swarm,651da0d9df47b32aeb782dc6
"2023-10-05 05:36:33","Westcombe Park Rugby Club","Rugby Pitch",,Orpington,"Greater London","United Kingdom",51.363718158491,0.11367576414944,,swarm,651e4b6101d7fe561f622c33
"2023-10-05 21:46:13","Coco & Nut Coffee Co","Coffee Shop","6 Station Parade, Sanderstead Road",London,"Greater London","United Kingdom",51.348268,-0.094371,,swarm,651f2ea538bbf60d084773af
"2023-10-06 11:34:32","David Lloyd","Gym and Studio","Hannibal Way",Croydon,"Greater London","United Kingdom",51.357142317141,-0.12212066640328,,swarm,651ff0c8be901a06dee89080
"2023-10-08 07:53:01","FILTR by Coromandel Coast","Distribution Center","53 Limpsfield Rd",London,"Greater London","United Kingdom",51.33308,-0.07613,,swarm,65225fdd99fd723a6075ef29
"2023-10-08 09:56:21","Decathlon Croydon","Sporting Goods Retail","Purley Way",Croydon,"Greater London","United Kingdom",51.3773097,-0.1190401,,swarm,65227cc5e26666393a2cfcb2
"2023-10-08 10:41:31",Dunelm,"Furniture and Home Store","Valley Retail Park, Daniell Way",Croydon,"Greater London","United Kingdom",51.3786619,-0.1262031,,swarm,6522875bd82e8733a8702ea7
"2023-10-08 11:02:13","Sports Direct","Sporting Goods Retail","Daniell Way",Croydon,"Greater London","United Kingdom",51.379777373833,-0.12709154923574,,swarm,65228c357c222434c724ea38
"2023-10-09 06:47:36","David Lloyd","Gym and Studio","Hannibal Way",Croydon,"Greater London","United Kingdom",51.357142317141,-0.12212066640328,"Gym complete ✅",swarm,6523a2080c33e279350933e0
"2023-10-09 08:10:41","Sanderstead Recreation Ground",Park,,Croydon,"Greater London","United Kingdom",51.333022166743,-0.077073608437305,,swarm,6523b5814aee115e73f4737f
"2023-10-10 06:51:23",Starbucks,"Coffee Shop","Cobham Services (Extra)",Downside,Surrey,"United Kingdom",51.304564,-0.405472,"Coffee to start the journey",swarm,6524f46b3434a9103a0d790d
"2023-10-10 10:14:57","Alton Towers Car Park",Parking,"Alton Towers Resort",Alton,Staffordshire,"United Kingdom",52.987252208622,-1.8809366226196,,swarm,652524218b53eb43174f8dcb
"2023-10-10 17:03:44","Splash Landings Hotel",Hotel,"Alton Towers Resort",Alton,Staffordshire,"United Kingdom",52.9853909,-1.8760299,,swarm,652583f0ea03e76d6622faee
"2023-10-10 17:04:11","Alton Towers Waterpark","Water Park","Alton Towers Waterpark, Alton Towers Resort",Alton,Staffordshire,"United Kingdom",52.9848996,-1.876118,"The lazy river wasn’t very lazy…..",swarm,6525840ba63ef502b352ca0f
"2023-10-10 17:04:42","Extraordinary Golf","Golf Course","Alton Towers Resort",Alton,Staffordshire,"United Kingdom",52.985449315966,-1.8780239666726,"Our 9, 18 hole game of golf",swarm,6525842ad5887b2bddeb3988
"2023-10-10 19:30:05","Rollercoaster Restaurant",Restaurant,"Forbidden Valley",Alton,Staffordshire,"United Kingdom",52.9864239121,-1.882692573015,,swarm,6525a63d7ca8c6016a1432e2
"2023-10-11 09:22:30","Wicker Man",Attraction,"Alton Towers Resort",Alton,Staffordshire,"United Kingdom",52.989051234585,-1.8888633171342,"Complete ✅",swarm,65266956ba856030671d9d7e
"2023-10-11 09:39:35",Rita,Attraction,"Dark Forest",Alton,Staffordshire,"United Kingdom",52.985023061093,-1.8908998257599,"Complete ✅",swarm,65266d5789b4ec5396556e03
"2023-10-11 10:16:44",Oblivion,Attraction,X-Sector,Alton,Staffordshire,"United Kingdom",52.986544,-1.896498,"Complete ✅",swarm,6526760c222aec36a08c9c41
"2023-10-11 10:19:49","The Smiler",Attraction,X-Sector,Alton,Staffordshire,"United Kingdom",52.987326894066,-1.8952076074838,"Complete ✅",swarm,652676c5e2be131549395cb1
"2023-10-11 12:41:53",Galactica,Attraction,"Forbidden Valley",Alton,Staffordshire,"United Kingdom",52.985647860539,-1.8820651575783,"Complete ✅",swarm,65269811afcf9a550b8e3a02
"2023-10-11 13:55:47",THI3TEEN,Attraction,"Dark Forest",Alton,Staffordshire,"United Kingdom",52.984788388053,-1.8901014412444,,swarm,6526a96358c82b1de8b730bb
"2023-10-13 07:07:43","Purley Beeches",Park,,,,"United Kingdom",51.340565479506,-0.091184377670288,"Bit wet today",swarm,6528ecbf9b167f78faf5ec10
"2023-10-14 08:50:04","London Victoria Railway Station (VIC)","Rail Station","Buckingham Palace Rd",London,"Greater London","United Kingdom",51.495090297497,-0.14485399055221,"Got my coffee",swarm,652a563cbc96dc09f1ffa59a
"2023-10-14 09:24:57","Victoria Coach Station","Bus Station","164 Buckingham Palace Rd",London,"Greater London","United Kingdom",51.49248635715,-0.14864480724774,"Waiting to leave",swarm,652a5e6977cf9960bae550ee
"2023-10-14 11:06:50","London Luton Airport (LTN)","International Airport","Airport Way",Luton,Luton,"United Kingdom",51.879943297349,-0.37525662793642,"I’ve arrived at the airport.",swarm,652a764a9ee90d0df1700641
"2023-10-14 11:07:10","Security Zone 2","Airport Service","LTN Airport",Luton,Luton,"United Kingdom",51.879739858916,-0.37579138080706,"Security is very busy",swarm,652a765e27c6271a79288901
"2023-10-14 19:44:40","Skopje International Airport (SKP) (Меѓународен Аеродром Скопје)","International Airport",Petrovec,Skopje,"Greater Skopje","North Macedonia",41.960830414496,21.627058982849,"Picked up by Darko",swarm,652aefa8385af20752c2bbf2
"2023-10-14 19:45:03",Amigos,"Mexican Restaurant","Ljubljanska 4",Skopje,"Greater Skopje","North Macedonia",42.004893,21.390695,,swarm,652aefbf896c9a4b05a0b988
"2023-10-15 11:46:23",Матка,"Nature Preserve","Кањон Матка / Canyon Matka",Skopje,"Greater Skopje","North Macedonia",41.952093124174,21.299142837524,"Canyon Matka. Very pretty 😍",swarm,652bd10fe1bc6e344bbd92f9
"2023-10-15 13:41:27","St. Patrick (Ирски паб „Свети Патрик“)","Irish Pub","Kej 13ti noemvri",Skopje,"Greater Skopje","North Macedonia",41.99504148305,21.435541212559,"Irish Pub ☘️",swarm,652bec0705dddb6059822794
"2023-10-17 14:55:22","East Gate Mall","Shopping Mall","Беласица 2",Скопје,"Greater Skopje","North Macedonia",41.997639,21.451884,,swarm,652ea05a8c7379533eae94a8
"2023-10-17 17:14:02","Skopje International Airport (SKP) (Меѓународен Аеродром Скопје)","International Airport",Petrovec,Skopje,"Greater Skopje","North Macedonia",41.960830414496,21.627058982849,,swarm,652ec0da213e432c2f7ccfd0
"2023-10-17 22:32:48","London Luton Airport (LTN)","International Airport","Airport Way",Luton,Luton,"United Kingdom",51.879943297349,-0.37525662793642,"Back in London… sort of",swarm,652f0b9046b7f31b995a1848
"2023-10-18 00:02:16","Victoria Bus Station","Bus Station","Victoria St",Victoria,"Greater London","United Kingdom",51.496103921743,-0.14418369620123,"And the bus journey from Central London begins",swarm,652f20886f9955410002bd2c
"2023-10-21 17:26:55","David Lloyd","Gym and Studio","Hannibal Way",Croydon,"Greater London","United Kingdom",51.357142317141,-0.12212066640328,"First place in the Squash Tournament 🏆🥇",swarm,653409df3c6011004a928b8a
"2023-10-22 08:37:19","Coco & Nut Coffee Co","Coffee Shop","6 Station Parade, Sanderstead Road",London,"Greater London","United Kingdom",51.348268,-0.094371,,swarm,6534df3fdd84ac68734b3948
"2023-10-22 10:57:33",Starbucks,"Coffee Shop","330 Purley Way",Croydon,"Greater London","United Kingdom",51.372027986436,-0.11886066301759,,swarm,6535001d2b9e8915590266de
"2023-10-22 11:35:10",Costco,"Warehouse or Wholesale Store","Imperial Way",Croydon,"Greater London","United Kingdom",51.353892941382,-0.11702695671053,,swarm,653508eec00e13707af02380
"2023-10-22 16:31:25","David Lloyd","Gym and Studio","Hannibal Way",Croydon,"Greater London","United Kingdom",51.357142317141,-0.12212066640328,,swarm,65354e5d635e6b5d3e5853af
"2023-10-24 19:02:58","Five Guys","Burger Joint","Unit 4 Crawley Leisure Park",Crawley,"West Sussex","United Kingdom",51.1196824,-0.1886799,,swarm,653814e2b9767602c52a9b9f
"2023-10-24 19:03:35",Cineworld,"Movie Theater","Crawley Leisure Park",Crawley,"West Sussex","United Kingdom",51.120552477041,-0.18990119754983,"Watching The Creator in Screen X — with Gordon",swarm,6538150787a57c26bb50e8ed
"2023-10-25 19:05:39","Coco & Nut Coffee Co","Coffee Shop","6 Station Parade, Sanderstead Road",London,"Greater London","United Kingdom",51.348268,-0.094371,,swarm,65396703ded7c729930d89c4
"2023-10-26 05:29:15","Westcombe Park Rugby Club","Rugby Pitch",,Orpington,"Greater London","United Kingdom",51.363718158491,0.11367576414944,,swarm,6539f92b8dbfb677c295637b
"2023-10-26 12:15:48","Purley Oaks Railway Station (PUO)","Rail Station","Brantwood Road","South Croydon","Greater London","United Kingdom",51.34691357283,-0.098642662731793,,swarm,653a5874dab14914fd117495
"2023-10-26 12:30:43","East Croydon Railway Station (ECR)","Rail Station","George St",Croydon,"Greater London","United Kingdom",51.37614758063,-0.092609076685877,,swarm,653a5bf38af7331d7d0f881d
"2023-10-26 17:47:17","London Waterloo East Railway Station (WAE)","Rail Station","Sandell St",London,"Greater London","United Kingdom",51.504047596423,-0.10928584626367,,swarm,653aa625b58b404bdba0fbb3
"2023-10-27 11:31:37","David Lloyd","Gym and Studio","Hannibal Way",Croydon,"Greater London","United Kingdom",51.357142317141,-0.12212066640328,,swarm,653b9f995515c3074f005561
"2023-10-28 11:09:52","Coco & Nut Coffee Co","Coffee Shop","6 Station Parade, Sanderstead Road",London,"Greater London","United Kingdom",51.348268,-0.094371,,swarm,653cec00b0cd887319c441e5
"2023-10-29 16:59:13","Oakley House",Structure,"358 Bromley Common",Bromley,"Greater London","United Kingdom",51.380986203546,0.038594695423696,,swarm,653e8f619e7da1246c2531d7
"2023-10-30 15:47:20","David Lloyd","Gym and Studio","Hannibal Way",Croydon,"Greater London","United Kingdom",51.357142317141,-0.12212066640328,,swarm,653fd00863bcdc026ea77625
"2023-11-01 06:29:17","David Lloyd","Gym and Studio","Hannibal Way",Croydon,"Greater London","United Kingdom",51.357142317141,-0.12212066640328,,swarm,6541f03d45eafa42489995b3
"2023-11-01 20:56:57",Cineworld,"Movie Theater","Crawley Leisure Park",Crawley,"West Sussex","United Kingdom",51.120552477041,-0.18990119754983,"Watching cat person — with Gordon",swarm,6542bb99569b630bde98a26c
"2023-11-02 06:38:07","Westcombe Park Rugby Club","Rugby Pitch",,Orpington,"Greater London","United Kingdom",51.363718158491,0.11367576414944,,swarm,654343cf1e8af3698031417b
"2023-11-02 16:56:14","David Lloyd","Gym and Studio","Hannibal Way",Croydon,"Greater London","United Kingdom",51.357142317141,-0.12212066640328,,swarm,6543d4aee345754531e83e37
"2023-11-06 09:15:34","Sanderstead Recreation Ground",Park,,Croydon,"Greater London","United Kingdom",51.333022166743,-0.077073608437305,,swarm,6548aeb67222542faf4e5200
"2023-11-07 09:20:55","David Lloyd","Gym and Studio","Hannibal Way",Croydon,"Greater London","United Kingdom",51.357142317141,-0.12212066640328,,swarm,654a0177c3024d222c20396d
"2023-11-08 18:27:43",Cineworld,"Movie Theater","Crawley Leisure Park",Crawley,"West Sussex","United Kingdom",51.120552477041,-0.18990119754983,,swarm,654bd31fbcf4a3186b289d97
"2023-11-09 19:01:49","David Lloyd","Gym and Studio","Hannibal Way",Croydon,"Greater London","United Kingdom",51.357142317141,-0.12212066640328,,swarm,654d2c9da9d0ba3d7dce4b4e
"2023-11-11 16:31:44","David Lloyd","Gym and Studio","Hannibal Way",Croydon,"Greater London","United Kingdom",51.357142317141,-0.12212066640328,,swarm,654fac70c754eb40e19d5e1a
"2023-11-13 13:02:58","David Lloyd","Gym and Studio","Hannibal Way",Croydon,"Greater London","United Kingdom",51.357142317141,-0.12212066640328,,swarm,65521e8266748a248299700d
"2023-11-14 10:06:37","Costa Coffee","Coffee Shop","33-34 Market Square",Bromley,"Greater London","United Kingdom",51.405567732147,0.015203908660539,,swarm,655346adc3024d222c1fb485
"2023-11-14 12:02:34",Starbucks,"Coffee Shop","119 London Rd N",Surrey,Surrey,"United Kingdom",51.287179,-0.154956,,swarm,655361dac3024d222c1fb287
"2023-11-15 18:34:13",Cineworld,"Movie Theater","Crawley Leisure Park",Crawley,"West Sussex","United Kingdom",51.120552477041,-0.18990119754983,,swarm,65550f25347d1030db2485a7
"2023-11-16 06:47:10","Westcombe Park Rugby Club","Rugby Pitch",,Orpington,"Greater London","United Kingdom",51.363718158491,0.11367576414944,,swarm,6555baee32d3bb0f6a5bcf73
"2023-11-16 16:40:24","Purley Railway Station (PUR)","Rail Station","Station Approach",Purley,"Greater London","United Kingdom",51.337301392194,-0.11392966835929,,swarm,655645f8375acc71083e429d
"2023-11-16 20:21:53","Purley Railway Station (PUR)","Rail Station","Station Approach",Purley,"Greater London","United Kingdom",51.337301392194,-0.11392966835929,,swarm,655679e14777753b03690837
"2023-11-17 07:01:46","David Lloyd","Gym and Studio","Hannibal Way",Croydon,"Greater London","United Kingdom",51.357142317141,-0.12212066640328,,swarm,65570fda564ed86f22beae0c
"2023-11-18 14:23:30","Costa Coffee","Coffee Shop","Colonnades Leisure Park",Purley,"Greater London","United Kingdom",51.355805975209,-0.11556530144625,,swarm,6558c8e20194b720c201a5cd
"2023-11-19 17:47:44","David Lloyd","Gym and Studio","Hannibal Way",Croydon,"Greater London","United Kingdom",51.357142317141,-0.12212066640328,,swarm,655a4a407c0f720920d8f5ac
"2023-11-20 04:35:25","London Gatwick Airport (LGW)","International Airport","A23 Airport Way",Crawley,"West Sussex","United Kingdom",51.158703779449,-0.17425775527954,,swarm,655ae20d564ed86f22bdfb5d
"2023-11-20 05:00:19",Starbucks,"Coffee Shop","North Terminal",Gatwick,Surrey,"United Kingdom",51.160158,-0.178904,,swarm,655ae7e3347d1030db245e2f
"2023-11-27 09:08:25","Sanderstead Recreation Ground",Park,,Croydon,"Greater London","United Kingdom",51.333022166743,-0.077073608437305,,swarm,65645c8923fa5559a4fd550a
"2023-11-27 09:18:37","Costa Coffee","Coffee Shop","25 Limpsfield Rd",London,"Greater London","United Kingdom",51.334122,-0.076524,,swarm,65645eed6c9e3212c7d84142
"2023-11-27 09:53:08","Sanderstead Recreation Ground",Park,,Croydon,"Greater London","United Kingdom",51.333022166743,-0.077073608437305,,swarm,65646704a981ba1a02421a30
"2023-11-27 14:02:03","Croydon University Hospital",Hospital,"530 London Rd","Thornton Heath","Greater London","United Kingdom",51.389446064181,-0.11048569951554,,swarm,6564a15b865a4f1f8f8a47f5
"2023-11-27 14:09:28","Costa Coffee","Coffee Shop","Thornton Rd",Croydon,"Greater London","United Kingdom",51.389124102759,-0.11142850141735,,swarm,6564a3187e18d31bb620b319
"2023-11-28 17:36:06",Cineworld,"Movie Theater","Crawley Leisure Park",Crawley,"West Sussex","United Kingdom",51.120552477041,-0.18990119754983,,swarm,6566250646c80e25d92a7a05
"2023-11-29 19:28:51","Tai Tung","Chinese Restaurant","544 Purley Way",Croydon,"Greater London","United Kingdom",51.362799152871,-0.11907801605277,,swarm,656790f3613be067d0214ff6
"2023-11-30 06:32:40","Westcombe Park Rugby Club","Rugby Pitch",,Orpington,"Greater London","United Kingdom",51.363718158491,0.11367576414944,,swarm,65682c8806b20a6060992b48
"2023-12-01 12:08:25","David Lloyd","Gym and Studio","Hannibal Way",Croydon,"Greater London","United Kingdom",51.357142317141,-0.12212066640328,,swarm,6569ccb9fe156a4c38bd3e25
"2023-12-02 18:28:33","David Lloyd","Gym and Studio","Hannibal Way",Croydon,"Greater London","United Kingdom",51.357142317141,-0.12212066640328,,swarm,656b77513863eb7b59c7d0f8
"2023-12-03 08:43:01","Sanderstead Railway Station (SNR)","Rail Station","Station Approach","Greater London","Greater London","United Kingdom",51.348359353708,-0.093648288193846,,swarm,656c3f95fe156a4c38bd30b8
"2023-12-03 09:46:43",Starbucks,"Coffee Shop","112-116 New Oxford St",Bloomsbury,"Greater London","United Kingdom",51.516645,-0.129358,,swarm,656c4e83d0a07155fcc67655
"2023-12-04 04:25:17","London Gatwick Airport (LGW)","International Airport","A23 Airport Way",Crawley,"West Sussex","United Kingdom",51.158703779449,-0.17425775527954,,swarm,656d54ad2d3b7a19e675b516
"2023-12-04 08:00:11","Václav Havel Airport Prague (PRG) (Letiště Václava Havla Praha)","International Airport","Aviatická 1017/2",Prague,"Capital City of Prague","Czech Republic",50.10775831,14.26760547,,swarm,656d870b3207c8542c3d76c4
"2023-12-04 17:21:26","The MadHouse Prague",Hostel,"Spálená 39",Prague,"Capital City of Prague","Czech Republic",50.081178160246,14.419495482123,,swarm,656e0a966a219a09daec3ff3
"2023-12-04 22:53:51","Chapeau Rouge","Night Club","Jakubská 647/2",Prague,"Capital City of Prague","Czech Republic",50.088018603396,14.424636722426,,swarm,656e587f43a47456fe1f247b
"2023-12-05 15:11:02",McDonald's,"Fast Food Restaurant","Václavské nám. 838/9",Prague,"Capital City of Prague","Czech Republic",50.083479196869,14.425055533648,,swarm,656f3d86a6e99652776ac1bd
"2023-12-05 16:21:39","The MadHouse Prague",Hostel,"Spálená 39",Prague,"Capital City of Prague","Czech Republic",50.081178160246,14.419495482123,,swarm,656f4e13b2ef35020dcc44f5
"2023-12-06 18:23:46","Václav Havel Airport Prague (PRG) (Letiště Václava Havla Praha)","International Airport","Aviatická 1017/2",Prague,"Capital City of Prague","Czech Republic",50.10775831,14.26760547,,swarm,6570bc32f2a36b5047f49499
"2023-12-06 22:37:42","London Gatwick Airport (LGW)","International Airport","A23 Airport Way",Crawley,"West Sussex","United Kingdom",51.158703779449,-0.17425775527954,,swarm,6570f7b68775266715944780
"2023-12-07 06:44:50","Westcombe Park Rugby Club","Rugby Pitch",,Orpington,"Greater London","United Kingdom",51.363718158491,0.11367576414944,,swarm,657169e27507054d5fce7097
"2023-12-09 18:25:44","The Mount",Vineyard,"Church St",Kent,Kent,"United Kingdom",51.335104290845,0.18376533848308,,swarm,6574b12823fa5559a4fc9051
"2023-12-10 10:10:14","Coco & Nut Coffee Co","Coffee Shop","6 Station Parade, Sanderstead Road",London,"Greater London","United Kingdom",51.348268,-0.094371,,swarm,65758e861de4ff69f6e9a7f8
"2023-12-10 22:35:48",Starbucks,"Coffee Shop","Cobham Services (Extra)",Downside,Surrey,"United Kingdom",51.304564,-0.405472,,swarm,65763d44613be067d04ce7b7
"2023-12-11 09:07:07","Sanderstead Recreation Ground",Park,,Croydon,"Greater London","United Kingdom",51.333022166743,-0.077073608437305,,swarm,6576d13b7e5bb75aa8c7510b
"2023-12-11 09:12:53","FILTR by Coromandel Coast","Distribution Center","53 Limpsfield Rd",London,"Greater London","United Kingdom",51.33308,-0.07613,,swarm,6576d2957e3b8f68ba721db6
"2023-12-11 12:41:15","David Lloyd","Gym and Studio","Hannibal Way",Croydon,"Greater London","United Kingdom",51.357142317141,-0.12212066640328,,swarm,6577036bb56d7a2456420d4c
"2023-12-13 12:48:56","David Lloyd","Gym and Studio","Hannibal Way",Croydon,"Greater London","United Kingdom",51.357142317141,-0.12212066640328,,swarm,6579a83894ff04400ad7d1fb
"2023-12-13 19:00:45",Cineworld,"Movie Theater","Crawley Leisure Park",Crawley,"West Sussex","United Kingdom",51.120552477041,-0.18990119754983,,swarm,6579ff5deb1e5c65ef12e47a
"2023-12-14 06:48:24","Westcombe Park Rugby Club","Rugby Pitch",,Orpington,"Greater London","United Kingdom",51.363718158491,0.11367576414944,,swarm,657aa5381e85ab05b1a84f01
"2023-12-14 15:29:46","David Lloyd","Gym and Studio","Hannibal Way",Croydon,"Greater London","United Kingdom",51.357142317141,-0.12212066640328,,swarm,657b1f6acffcbd163876198c
"2023-12-14 21:52:28",McDonald's,"Fast Food Restaurant","Unit 7A The Colonnades",Croydon,"Greater London","United Kingdom",51.356721626095,-0.11491119861603,,swarm,657b791cc368682aa3df6672
"2023-12-14 22:21:41","Tesco Extra",Supermarket,"8 Purley Rd",Surrey,Surrey,"United Kingdom",51.336900736556,-0.11711909030902,,swarm,657b7ff585dfa959e3380b4a
"2023-12-15 11:47:04","Star Barbers",Barbershop,"47 Limpsfield Road","South Croydon","Greater London","United Kingdom",51.333373,-0.076256,,swarm,657c3cb87e5bb75aa8c71a59
"2023-12-15 18:53:01","David Lloyd","Gym and Studio","Hannibal Way",Croydon,"Greater London","United Kingdom",51.357142317141,-0.12212066640328,,swarm,657ca08def62ab36c9d8e55a
"2023-12-16 11:07:10","Coco & Nut Coffee Co","Coffee Shop","6 Station Parade, Sanderstead Road",London,"Greater London","United Kingdom",51.348268,-0.094371,,swarm,657d84de925e547c4da15b96
"2024-01-20 13:05:00","The Briar Rose",Pub,"25 Bennetts Hill",Birmingham,"West Midlands","United Kingdom",52.479921171289,-1.9002350469741,,swarm,65abc4fc8f92261a5e0243a6
"2024-01-20 16:00:48","Birmingham New Street Railway Station (BHM)","Rail Station","New St",Birmingham,"West Midlands","United Kingdom",52.477780739434,-1.8989741885443,,swarm,65abee308c830272b8abc53c
"2024-01-20 18:19:15","London Victoria Railway Station (VIC)","Rail Station","Buckingham Palace Rd",London,"Greater London","United Kingdom",51.495090297497,-0.14485399055221,,swarm,65ac0ea37d00ee1618fe69f4
"2024-01-22 11:06:53",Starbucks,"Coffee Shop","Rambla Canaletas 89",Barcelona,Catalonia,Spain,41.381909989677,2.1721139949749,"Found a Starbucks!!",swarm,65ae4c4d76724374356a0348
"2024-01-22 12:21:00","Apple Passeig de Gràcia","Electronics Store","Passeig De Gràcia, 1",Barcelona,Catalonia,Spain,41.3879896,2.1694681,"I found the Apple Store",swarm,65ae5dacc4a24e39e8c0a862
"2024-01-22 17:10:24",365.Cafè,"Coffee Shop","Vilà Vilà 97",Barcelona,Catalonia,Spain,41.374451666249,2.1675375101566,,swarm,65aea180d21ff403180e30e3
"2024-01-23 16:38:54","The Basilica of the Sagrada Familia (Temple Expiatori de la Sagrada Família)",Church,"C. de Mallorca, 401",Barcelona,Catalonia,Spain,41.403519293054,2.1743541955948,,swarm,65afeb9e4ac81b35a0afd037
"2024-01-24 12:03:27",Starbucks,"Coffee Shop","Gran Via de les Corts Catalanes, 389-391",Barcelona,Catalonia,Spain,41.376558063924,2.1505334601853,,swarm,65b0fc8fac3ee8123699e366
"2024-01-24 18:03:07","Barcelona–El Prat Josep Tarradellas Airport (BCN) (Aeroport Josep Tarradellas Barcelona-El Prat)","International Airport","Ctra. de El Prat de Llobregat","El Prat de Llobregat",Catalonia,Spain,41.295606993123,2.0762228965759,"Home time!",swarm,65b150dbf905551e34402291
"2024-01-26 08:07:29","David Lloyd","Gym and Studio","Hannibal Way",Croydon,"Greater London","United Kingdom",51.357142317141,-0.12212066640328,,swarm,65b36841274ef7100af4da79
"2024-01-26 21:32:45","Coco & Nut Coffee Co","Coffee Shop","6 Station Parade, Sanderstead Road",London,"Greater London","United Kingdom",51.348268,-0.094371,,swarm,65b424fd8c3889542d22122a
"2024-02-24 13:16:51","Purley Oaks Railway Station (PUO)","Rail Station","Brantwood Road","South Croydon","Greater London","United Kingdom",51.34691357283,-0.098642662731793,,swarm,65d9ec43b30533202b40ec33
"2024-02-24 15:34:27","TeamSport Go Karting Docklands","Go Kart Track","3 Herringham Rd",Charlton,"Greater London","United Kingdom",51.494227331233,0.035630737138562,"Go Karting with BNI",swarm,65da0c831bb75b7b05140a5b
"2024-02-25 11:43:06",BP,"Fuel Station","43-47 Godstone Rd",Whyteleafe,Surrey,"United Kingdom",51.313436240576,-0.081789292074567,,swarm,65db27cad8b3867c9b8dd444
"2024-02-26 05:14:05","London Gatwick Airport (LGW)","International Airport","A23 Airport Way",Crawley,"West Sussex","United Kingdom",51.158703779449,-0.17425775527954,"To Zurich we fly ✈️",swarm,65dc1e1d6010872a58544d8c
"2024-02-26 05:14:33",Starbucks,"Coffee Shop","North Terminal",Gatwick,Surrey,"United Kingdom",51.160158,-0.178904,"Latte and sausage bap. Standard stuff",swarm,65dc1e396e74447dad818363
"2024-02-26 08:38:58","Zurich Airport (ZRH) (Flughafen Zürich)","International Airport",Flughafenstrasse,Kloten,Zurich,Switzerland,47.452730401917,8.5610318183899,"Landed safe and sound",swarm,65dc4e22569b8f6c9b962605
"2024-02-26 08:39:29","Zurich Airport Railway Station (Bahnhof Zürich Flughafen)","Rail Station",Flughafenstrasse,Kloten,Zurich,Switzerland,47.450350767105,8.5625231266022,"Double decker trains are very fancy",swarm,65dc4e4150b702220f106b8a
"2024-02-26 10:22:35",Tibits,"Vegan and Vegetarian Restaurant","Seefeldstr. 2",Zurich,Zurich,Switzerland,47.365085584056,8.5478950356122,"Met up with my friend Matty_twoshoes for lunch",swarm,65dc666bd47a9f6b438d7fef
"2024-02-26 13:16:11","MEININGER Hotel Zürich Greencity",Hotel,"Maneggstrasse 41",Zurich,Zurich,Switzerland,47.341634015556,8.5201382629165,,swarm,65dc8f1bb68cd51c4105ba45
"2024-02-27 10:03:47",Uetliberg,Mountain,Uetliberg,Zurich,Zurich,Switzerland,47.34952105562,8.492003364991,"Great view of Zurich",swarm,65ddb383b8e3936927c10002
"2024-02-27 10:31:55",Starbucks,"Coffee Shop","Badenerstr. 21",Zurich,Zurich,Switzerland,47.373592581765,8.5298632880486,,swarm,65ddba1be99e41178bf95f8b
"2024-02-27 16:11:35","Burger Meister","Burger Joint",,,,Switzerland,47.374622579602,8.5246759236502,"Burgers here are sooo good",swarm,65de09b725cf6b5a35a664fe
"2024-02-28 13:56:50","Zurich Main Station (Zürich Hauptbahnhof)","Rail Station","Bahnhofplatz 15",Zurich,Zurich,Switzerland,47.37854412908,8.5366447584196,"About to board the train back to the airport",swarm,65df3ba299560f1bb0c39317
"2024-02-28 18:27:38","Zurich Airport (ZRH) (Flughafen Zürich)","International Airport",Flughafenstrasse,Kloten,Zurich,Switzerland,47.452730401917,8.5610318183899,"Time to go home!!",swarm,65df7b1aeb814b1361f4454a
"2024-02-29 07:04:20","Westcombe Park Rugby Club","Rugby Pitch",,Orpington,"Greater London","United Kingdom",51.363718158491,0.11367576414944,,swarm,65e02c74f2039045cd7b5c36
"2024-02-29 22:42:48","BOXPARK Wembley","Food Court","Olympic Way",Wembley,"Greater London","United Kingdom",51.560469383219,-0.28007731579528,,swarm,65e108685faed45e9dba6322
"2024-02-29 23:36:54","London Victoria Railway Station (VIC)","Rail Station","Buckingham Palace Rd",London,"Greater London","United Kingdom",51.495090297497,-0.14485399055221,,swarm,65e1151654c7fa6e3bfe5b81
"2024-03-04 06:58:54","David Lloyd","Gym and Studio","Hannibal Way",Croydon,"Greater London","United Kingdom",51.357142317141,-0.12212066640328,"Missed the gym last week. Back to it!",swarm,65e5712e54c7fa6e3bfe0752
"2024-03-10 10:17:23","London Gatwick Airport (LGW)","International Airport","A23 Airport Way",Crawley,"West Sussex","United Kingdom",51.158703779449,-0.17425775527954,"Off to Lisbon",swarm,65ed88b303af396128e7ba70
"2024-03-11 14:18:49","Praça do Comércio",Plaza,"Pç. do Comércio",Lisbon,Lisbon,Portugal,38.707316661977,-9.1365759154843,,swarm,65ef12c97cc6a5680be06e2c
"2024-03-13 19:00:08","Lisbon Humberto Delgado Airport (LIS) (Aeroporto de Lisboa Humberto Delgado)","International Airport","Alameda das Comunidades Portuguesas",Lisbon,Lisbon,Portugal,38.770898510646,-9.1307973861694,"Home time",swarm,65f1f7b8a848a6764831a5ef
"2024-03-31 09:32:01",Colossus,Attraction,"Thorpe Park",Chertsey,Surrey,"United Kingdom",51.403209447109,-0.51293520656358,"2nd train of the day",swarm,66092d91ef8c4748f5b5d18a
"2024-03-31 09:32:27","Saw - The Ride",Attraction,"Thorpe Park",Chertsey,Surrey,"United Kingdom",51.402537969852,-0.51147538966196,,swarm,66092dab1aa04b7e0475704b
"2024-03-31 09:49:46","Nemesis Inferno",Attraction,"Thorpe Park",Chertsey,Surrey,"United Kingdom",51.403548271895,-0.51607166632447,,swarm,660931ba7f33a36dc13aacc4
"2024-03-31 10:38:22",Stealth,Attraction,"Thorpe Park",Chertsey,Surrey,"United Kingdom",51.404995431324,-0.51560754260796,,swarm,66093d1e39ab8a7742fe2cdb
"2024-03-31 12:27:17","The Swarm",Attraction,"Thorpe Park",Chertsey,Surrey,"United Kingdom",51.405575590806,-0.51545767664654,"with Gordon",swarm,660956a5d6012672d28fcaab
"2024-04-16 18:39:13",Argos,"Warehouse or Wholesale Store",,Crawley,"West Sussex","United Kingdom",51.123738,-0.192694,"Proud owner of a Ninja Air Fryer",swarm,661ec5d1cece0a67a7fdc1a3
"2024-04-16 20:05:52",Cineworld,"Movie Theater","Crawley Leisure Park",Crawley,"West Sussex","United Kingdom",51.120552477041,-0.18990119754983,"Oh yeah, I forgot Swarm existed. Watching Amy Winehouse — with Gordon",swarm,661eda20eada414b35445ddc
"2024-04-21 14:58:16","London Gatwick Airport (LGW)","International Airport","A23 Airport Way",Crawley,"West Sussex","United Kingdom",51.158703779449,-0.17425775527954,"Delayed by 2 hours! Heading to Budapest 🇭🇺",swarm,66252988f1f3912392950351
"2024-04-21 19:21:50","Meininger Budapest Great Market Hall",Hotel,"Csarnok tér 2",Budapest,"Budapest County",Hungary,47.485984,19.060148,,swarm,6625674ebf203874e7e90d0b
"2024-04-21 19:46:57","Burger King","Fast Food Restaurant","Vámház krt. 2.",Budapest,"Budapest County",Hungary,47.487457,19.057963,,swarm,66256d31dd391611908dd739
"2024-04-22 08:51:16","Starbucks Fővám tér","Coffee Shop","Fővám Tér 5",Budapest,"Budapest County",Hungary,47.487705,19.057242,,swarm,66262504df92455935553af6
"2024-04-22 14:02:16","Simon's Burger Astoria","Burger Joint","Vitkovics Mihály utca 8",Budapest,"Budapest County",Hungary,47.495009357495,19.056645780802,"This place gives me Five Guys Vibes",swarm,66266de8e24a8b407499f724
"2024-04-23 11:38:22","Drum Cafe",Café,"Dob u. 2.",Budapest,"Budapest County",Hungary,47.496305854615,19.059092795797,,swarm,66279daee7423b55fc5a0dd6
"2024-04-23 12:38:56","Vörösmarty tér",Plaza,"Vörösmarty tér",Budapest,"Budapest County",Hungary,47.496472544831,19.050703346729,,swarm,6627abe0c4458e4b5d6497fc
"2024-04-23 12:55:27","Flying Tiger Copenhagen","Gift Store","Váci u. 22.",Budapest,"Budapest County",Hungary,47.493956591246,19.052664631609,,swarm,6627afbf4b3d1550b9bf7b7b
"2024-04-23 13:15:21","Szent Gellért lépcső",Monument,,Budapest,"Budapest County",Hungary,47.489566099089,19.045549661932,,swarm,6627b469a12abe7229d7ead3
"2024-04-23 13:28:26","Statue of Liberty (Szabadság Szobor)",Monument,"Citadella sétány",Budapest,"Budapest County",Hungary,47.48671912573,19.048082828522,,swarm,6627b77a62a4d17ec9e8841f
"2024-04-23 13:40:10","Gellért-hegyi csúszdák",Playground,Gellért-hegy,Budapest,"Budapest County",Hungary,47.485058445998,19.050026730765,,swarm,6627ba3ac66e8d6643ee3b21
"2024-04-23 13:46:44","Szent Gellért tér",Plaza,"Szent Gellért tér",Budapest,"Budapest County",Hungary,47.483659304241,19.053243004594,,swarm,6627bbc41666eb138fd520a3
"2024-04-23 13:53:44","Starbucks Fővám tér","Coffee Shop","Fővám Tér 5",Budapest,"Budapest County",Hungary,47.487705,19.057242,,swarm,6627bd6868507c1894dced82
"2024-04-24 09:26:32","Széchenyi Thermal Bath (Széchenyi Gyógyfürdő és Uszoda)",Spa,"Állatkerti körút 9-11.",Budapest,"Budapest County",Hungary,47.518302066358,19.08239364624,"Well worth the visit!",swarm,6628d048dd13fe15f9a3aaf1
"2024-04-24 09:44:57","Starbucks Fővám tér","Coffee Shop","Fővám Tér 5",Budapest,"Budapest County",Hungary,47.487705,19.057242,,swarm,6628d499169b31133dc51159
"2024-04-24 16:21:05","Budapest Liszt Ferenc International Airport (BUD) (Budapest Liszt Ferenc nemzetközi repülőtér)","International Airport","Budapest Airport",Budapest,"Budapest County",Hungary,47.430900229348,19.260798463708,"Home time",swarm,66293171e0c9b844e5c426b0
"2024-04-25 12:22:18","David Lloyd","Gym and Studio","Hannibal Way",Croydon,"Greater London","United Kingdom",51.357142317141,-0.12212066640328,,swarm,662a4afaebce304810e7055e
"2024-04-25 19:00:40",Starbucks,"Coffee Shop","119 London Rd N",Surrey,Surrey,"United Kingdom",51.287179,-0.154956,,swarm,662aa858dfa60a2f22b30290
"2024-04-26 08:48:41","David Lloyd","Gym and Studio","Hannibal Way",Croydon,"Greater London","United Kingdom",51.357142317141,-0.12212066640328,,swarm,662b6a698778a41a9f71255a
"2024-04-26 12:43:46","Sofra Grill","Turkish Restaurant","29 Brighton Rd",Sutton,"Greater London","United Kingdom",51.358117370284,-0.19083062468157,,swarm,662ba18214ae0c09f720e41d
"2024-04-27 14:05:36","Westcombe Park Rugby Club","Rugby Pitch",,Orpington,"Greater London","United Kingdom",51.363718158491,0.11367576414944,,swarm,662d06303ce159402535442a
"2024-04-29 05:13:03","David Lloyd","Gym and Studio","Hannibal Way",Croydon,"Greater London","United Kingdom",51.357142317141,-0.12212066640328,,swarm,662f2c5f4fd3986684ac88b3
"2024-05-01 09:28:52","Canary Wharf London Underground Station","Metro Station","Heron Quays Rd",London,"Greater London","United Kingdom",51.503588680256,-0.019348817780048,"Meeting in Canary Warf today",swarm,66320b54dbc7a266d1e6e5b5
"2024-05-01 10:14:49",T4,"Bubble Tea Shop","Crossrail Place",London,"Greater London","United Kingdom",51.505703,-0.016591,"Having my first bubble tea at T4",swarm,66321619dbc7a266d1040e34
"2024-05-01 14:45:27","London Bridge Railway Station (LBG)","Rail Station","Station Approach",London,"Greater London","United Kingdom",51.504308877716,-0.084721292993725,"Grabbed a Korean chicken wrap from Leon",swarm,66325587ce35925fa1ec2ce0
"2024-05-01 18:59:38",Cineworld,"Movie Theater","Crawley Leisure Park",Crawley,"West Sussex","United Kingdom",51.120552477041,-0.18990119754983,"Watching Challenger — with Gordon",swarm,6632911aea28d63e5a3159cc
"2024-05-01 19:00:12","Pizza Hut",Pizzeria,"Crawley Leisure Park Unit 5, Crawley Leisure Park",Crawley,"West Sussex","United Kingdom",51.120078748638,-0.18915787207038,"Pizza for dinner — with Gordon",swarm,6632913cd31631575a905bd2
"2024-05-02 05:18:01","Westcombe Park Rugby Club","Rugby Pitch",,Orpington,"Greater London","United Kingdom",51.363718158491,0.11367576414944,,swarm,6633220989b7e27200bf7268
"2024-05-04 09:37:54","Coco & Nut Coffee Co","Coffee Shop","6 Station Parade, Sanderstead Road",London,"Greater London","United Kingdom",51.348268,-0.094371,,swarm,663601f23cce007d6d5d9803
"2024-05-07 04:54:42","David Lloyd","Gym and Studio","Hannibal Way",Croydon,"Greater London","United Kingdom",51.357142317141,-0.12212066640328,"PT Session with Liam",swarm,6639b4129357313e38993600
"2024-05-08 18:22:23","Five Guys","Burger Joint","Unit 4 Crawley Leisure Park",Crawley,"West Sussex","United Kingdom",51.1196824,-0.1886799,"Peanut butter and Biscoff milkshake is 🔥",swarm,663bc2df94549d6f6e88d460
"2024-05-08 18:22:58",Cineworld,"Movie Theater","Crawley Leisure Park",Crawley,"West Sussex","United Kingdom",51.120552477041,-0.18990119754983,"Watching The Fall Guy — with Gordon",swarm,663bc30231440a58ea093e9b
"2024-05-09 05:18:21","Westcombe Park Rugby Club","Rugby Pitch",,Orpington,"Greater London","United Kingdom",51.363718158491,0.11367576414944,,swarm,663c5c9d76ec026b6dd8b545
"2024-05-10 11:25:08","Coco & Nut Coffee Co","Coffee Shop","6 Station Parade, Sanderstead Road",London,"Greater London","United Kingdom",51.348268,-0.094371,,swarm,663e041451b17809051e8fcf
"2024-05-12 23:07:32",McDonald's,"Fast Food Restaurant","Unit 7A The Colonnades",Croydon,"Greater London","United Kingdom",51.356721626095,-0.11491119861603,,swarm,66414bb4cd0da822b65a15b5
"2024-05-14 04:33:41",Starbucks,"Coffee Shop","Cobham Services (Extra)",Downside,Surrey,"United Kingdom",51.304564,-0.405472,,swarm,6642e9a5416ff43d50c7d5e4
"2024-05-14 05:38:32","London Heathrow Airport (LHR)","International Airport","Nelson Rd",London,"Greater London","United Kingdom",51.469996053362,-0.45897960662842,"Waiting for Luke at Arrivals",swarm,6642f8d8484da705641d6729
"2024-05-29 06:20:33","David Lloyd","Gym and Studio","Hannibal Way",Croydon,"Greater London","United Kingdom",51.357142317141,-0.12212066640328,,swarm,6656c9311928d86db74055ba
"2024-05-29 11:10:13","Purley Oaks Railway Station (PUO)","Rail Station","Brantwood Road","South Croydon","Greater London","United Kingdom",51.34691357283,-0.098642662731793,,swarm,66570d154604d56d3effda51
"2024-05-29 11:57:40",Starbucks,"Coffee Shop","223-227 Borough High St",London,"Greater London","United Kingdom",51.500896,-0.093399,,swarm,66571834e702e56de3373a53
"2024-05-29 14:06:48",VIVOBAREFOOT,"Shoe Store","64 Neal St","Greater London","Greater London","United Kingdom",51.514632428837,-0.1262516203876,"Bought my first ever Barefoot shoes",swarm,66573678b4a3bb30ed9da01a
"2024-05-29 15:38:30","Charing Cross Railway Station (CHX)","Rail Station",Strand,London,"Greater London","United Kingdom",51.507963391841,-0.12455842443734,,swarm,66574bf6eb99f21362838b3c
"2024-05-29 15:51:32","London Bridge Railway Station (LBG)","Rail Station","Station Approach",London,"Greater London","United Kingdom",51.504308877716,-0.084721292993725,,swarm,66574f04080ea442be230560
"2024-05-29 20:07:19",Cineworld,"Movie Theater","Crawley Leisure Park",Crawley,"West Sussex","United Kingdom",51.120552477041,-0.18990119754983,"Watching Hitman — with Gordon",swarm,66578af71f87ed63885ae0ca
"2024-06-02 11:52:10",Starbucks,"Coffee Shop","119 London Rd N",Surrey,Surrey,"United Kingdom",51.287179,-0.154956,,swarm,665c5cea51b39e0a23a4957e
"2024-06-02 18:08:27",Cineworld,"Movie Theater","Crawley Leisure Park",Crawley,"West Sussex","United Kingdom",51.120552477041,-0.18990119754983,"Watched The Strangers: Chapter 1 — with Gordon",swarm,665cb51ba2096d43f34e1ed0
"2024-06-04 05:07:32","David Lloyd","Gym and Studio","Hannibal Way",Croydon,"Greater London","United Kingdom",51.357142317141,-0.12212066640328,,swarm,665ea114219362457240b616
"2024-06-05 18:20:10",Cineworld,"Movie Theater","Crawley Leisure Park",Crawley,"West Sussex","United Kingdom",51.120552477041,-0.18990119754983,,swarm,6660ac5a67b6611bfab8f5a3
"2024-06-05 21:03:58",BP,"Fuel Station","Woodfield Rd",Crawley,"West Sussex","United Kingdom",51.121317320463,-0.18036247406455,,swarm,6660d2be35e95733e51d9977
"2024-06-06 05:24:18","Westcombe Park Rugby Club","Rugby Pitch",,Orpington,"Greater London","United Kingdom",51.363718158491,0.11367576414944,,swarm,6661480207c1b26e7a8b7bd5
"2024-06-06 09:18:02",McDonald's,"Fast Food Restaurant","113 Hastings Rd",London,"Greater London","United Kingdom",51.375484351234,0.044921901947192,,swarm,66617eca6bc8d31efec39ddf
"2024-06-08 10:46:53","Coco & Nut Coffee Co","Coffee Shop","6 Station Parade, Sanderstead Road",London,"Greater London","United Kingdom",51.348268,-0.094371,"Coffee with Mum and Marty",swarm,6664369dfb91086efdd487a0
"2024-06-09 16:03:32","Toby Carvery South Croydon","English Restaurant","415 Brighton Rd",London,"Greater London","United Kingdom",51.349458958985,-0.10002670914363,,swarm,6665d254cbe1cd74d23aa674
"2024-06-09 21:00:50",Starbucks,"Coffee Shop","Cobham Services (Extra)",Downside,Surrey,"United Kingdom",51.304564,-0.405472,,swarm,666618026695186ce7962551
"2024-06-10 04:56:42","David Lloyd","Gym and Studio","Hannibal Way",Croydon,"Greater London","United Kingdom",51.357142317141,-0.12212066640328,,swarm,6666878af05372346f0de437
"2024-06-10 18:25:51","The Harrow Inn",Gastropub,"309 Farleigh Rd",Surrey,Surrey,"United Kingdom",51.319470407272,-0.042833620950886,,swarm,6667452f2bbe30559a5bbe83
"2024-06-11 08:26:25","David Lloyd","Gym and Studio","Hannibal Way",Croydon,"Greater London","United Kingdom",51.357142317141,-0.12212066640328,,swarm,66680a3174fe461033a44d68
"2024-06-11 16:09:06",McDonald's,"Fast Food Restaurant","Crawley Leisure Park London Road",Crawley,"West Sussex","United Kingdom",51.120467230698,-0.18887020191288,"Double quarter pounder",swarm,666876a2d8cbd04aa5127882
"2024-06-11 16:09:40",Cineworld,"Movie Theater","Crawley Leisure Park",Crawley,"West Sussex","United Kingdom",51.120552477041,-0.18990119754983,"Watching Bad Boys: Ride or Die",swarm,666876c408225661d053a4f9
"2024-06-12 03:21:13","South Terminal","Airport Terminal","LGW Airport",Crawley,"West Sussex","United Kingdom",51.156367370622,-0.16286373138428,,swarm,66691429271ffc0cae11e1cf
"2024-06-12 09:22:03","Turin Caselle Airport (TRN) (Aeroporto di Torino Caselle)","International Airport","Strada San Maurizio 12","Caselle Torinese",Piedmont,Italy,45.191687746853,7.6441414571493,"Landed in Turin for WCEU 🙌🏻 — with Gordon",swarm,666968bbf5ef9e009c52b826
"2024-06-12 20:06:26","Hotel Giotto",Hotel,"Via Giotto 27",Turin,Piedmont,Italy,45.044627075258,7.674896153514,,swarm,6669ffc27bcb1e253a5f478a
"2024-06-13 06:33:52","Lingotto Fiere Sala Gialla","Event Space","Via Nizza 294",Turin,Piedmont,Italy,45.029830932617,7.662965297699,,swarm,666a92d08ffcd24eb821749e
"2024-06-13 20:52:46","Hotel Giotto",Hotel,"Via Giotto 27",Turin,Piedmont,Italy,45.044627075258,7.674896153514,,swarm,666b5c1e34d2cc40edfc8d51
"2024-06-14 06:51:37","Lingotto Fiere","Convention Center","Via Nizza 294",Turin,Piedmont,Italy,45.028709650468,7.6636075973511,,swarm,666be8796386e409ccedbab4
"2024-06-14 18:37:10","Ramen Station Ristorante",Restaurant,"Via Mazzini, 8/M",Turin,Piedmont,Italy,45.063160890423,7.6829970649917,,swarm,666c8dd6bc265d5077d5284b
"2024-06-14 19:18:10","The Shamrock Inn","Irish Pub","Corso Vittorio Emanuele II 34",Turin,Piedmont,Italy,45.060836936116,7.6845045216593,,swarm,666c9772fa0ae2283c3985f4
"2024-06-14 21:34:27","Hotel Giotto",Hotel,"Via Giotto 27",Turin,Piedmont,Italy,45.044627075258,7.674896153514,,swarm,666cb763cc071c44de466aab
"2024-06-15 18:18:01","Hotel Giotto",Hotel,"Via Giotto 27",Turin,Piedmont,Italy,45.044627075258,7.674896153514,,swarm,666ddad9179a25149ce091c8
"2024-06-15 19:04:26","Lingotto Fiere Sala Gialla","Event Space","Via Nizza 294",Turin,Piedmont,Italy,45.029830932617,7.662965297699,,swarm,666de5ba1705287df7ab37f0
"2024-06-16 00:14:30","Hotel Giotto",Hotel,"Via Giotto 27",Turin,Piedmont,Italy,45.044627075258,7.674896153514,,swarm,666e2e662bdb3c190deefa93
"2024-06-16 09:44:04",Starbucks,"Coffee Shop","Via Bruno Buozzi 5",Turin,Piedmont,Italy,45.065617768516,7.6803861745849,,swarm,666eb3e4416a325b1249384c
"2024-06-16 12:10:35","Apple via Roma","Electronics Store","Via Roma 82",Turin,Piedmont,Italy,45.069211200807,7.6833862066269,,swarm,666ed63b3a91d726e83393e8
"2024-06-16 13:22:34","Turin Caselle Airport (TRN) (Aeroporto di Torino Caselle)","International Airport","Strada San Maurizio 12","Caselle Torinese",Piedmont,Italy,45.191687746853,7.6441414571493,,swarm,666ee71ac5689f687e5d94be
"2024-06-16 20:12:25","South Terminal","Airport Terminal","LGW Airport",Crawley,"West Sussex","United Kingdom",51.156367370622,-0.16286373138428,,swarm,666f4729120f511ed432be94
"2024-06-18 18:52:40","Five Guys","Burger Joint","Unit 4 Crawley Leisure Park",Crawley,"West Sussex","United Kingdom",51.1196824,-0.1886799,"Had to be done — with Gordon",swarm,6671d7788f210638f3fb75b3
"2024-06-26 19:23:57",Cineworld,"Movie Theater","Crawley Leisure Park",Crawley,"West Sussex","United Kingdom",51.120552477041,-0.18990119754983,"Watching 1999 The Matrix — with Gordon",swarm,667c6acd2f713322b44f7279
"2024-07-03 18:48:38",Cineworld,"Movie Theater","Crawley Leisure Park",Crawley,"West Sussex","United Kingdom",51.120552477041,-0.18990119754983,"Watching A Quiet Place: Day One …. Shhhhhh 🤫 — with Gordon",swarm,66859d06aad4991c8511f589
