occurred_at,status,title,show,author,published,duration,played_up_to,starred,url,podcast_uuid,episode_uuid
"2018-08-30 21:16:56",played,,,,,,831,,,,20bb9158-da91-46fb-82a5-f7b43a2525a9
"2018-09-10 19:20:48",played,,,,,,2023,,,,c689e00c-190a-4985-893c-19ffe9b9581c
"2019-03-23 19:12:36",played,,,,,,2993,,,,5822ba65-c546-462d-8f85-f7abcadb4a8b
"2019-03-23 19:12:36",in-progress,,,,,,1448,,,,fa00a73a-cbac-4b63-a63e-72463ccf0390
"2019-03-23 19:12:36",in-progress,"No Such Thing As A Seven Foot Bond","No Such Thing As A Fish","No Such Thing As A Fish","2018-08-31 18:00:00",2099,666,,https://pdst.fm/e/arttrk.com/p/ABMA5/pscrb.fm/rss/p/prfx.byspotify.com/e/dts.podtrac.com/redirect.mp3/audioboom.com/posts/6990798.mp3?modified=1751549367&sid=2399216&source=rss,e00f3310-8e81-0131-8b7c-723c91aeae46,7a103d3d-725d-44a1-8651-8320ae3625af
"2019-03-23 19:12:36",played,"No Such Thing As A 24-Minute Podcast","No Such Thing As A Fish","No Such Thing As A Fish","2018-08-24 18:00:00",1629,0,,https://pdst.fm/e/arttrk.com/p/ABMA5/pscrb.fm/rss/p/prfx.byspotify.com/e/dts.podtrac.com/redirect.mp3/audioboom.com/posts/6983148.mp3?modified=1751549926&sid=2399216&source=rss,e00f3310-8e81-0131-8b7c-723c91aeae46,d64f1e1b-0d61-434b-9b9a-ba172405f71d
"2019-04-30 19:41:47",in-progress,,,,,,0,,,,e401565f-1fb6-48fc-b4ad-e9775f4b4d5f
"2019-04-30 19:41:47",in-progress,,,,,311,44,,,,25face21-505c-436f-b2b0-08f92b943408
"2019-04-30 19:41:47",in-progress,,,,,648,261,,,,502de9b1-6c68-49f6-a42b-7da3d6d9f872
"2019-04-30 19:41:47",in-progress,,,,,3779,1407,,,,30a79205-fd31-407c-a647-b60d6d320f32
"2019-04-30 19:41:47",in-progress,,,,,4622,159,,,,bbcb9f4f-bcf8-4b6d-b3f8-7d0afe756ef4
"2019-04-30 19:41:47",in-progress,"No Such Thing As A Man In A Wine Bottle","No Such Thing As A Fish","No Such Thing As A Fish","2019-03-29 15:59:25",2251,406,,https://pdst.fm/e/arttrk.com/p/ABMA5/pscrb.fm/rss/p/prfx.byspotify.com/e/dts.podtrac.com/redirect.mp3/audioboom.com/posts/7217172.mp3?modified=1751530718&sid=2399216&source=rss,e00f3310-8e81-0131-8b7c-723c91aeae46,cb372071-5aca-4e5f-8a1d-3d118347037b
"2019-04-30 19:41:47",in-progress,"No Such Thing As A Giant War Sausage","No Such Thing As A Fish","No Such Thing As A Fish","2019-03-15 16:00:00",2046,1731,,https://pdst.fm/e/arttrk.com/p/ABMA5/pscrb.fm/rss/p/prfx.byspotify.com/e/dts.podtrac.com/redirect.mp3/audioboom.com/posts/7203524.mp3?modified=1751531977&sid=2399216&source=rss,e00f3310-8e81-0131-8b7c-723c91aeae46,d8db03a6-74ef-488a-8cb0-0935cb3c0ab1
"2019-06-10 11:35:19",played,"No Such Thing As Mission Impossible For Slugs","No Such Thing As A Fish","No Such Thing As A Fish","2019-05-03 16:00:00",2194,2374,,https://pdst.fm/e/arttrk.com/p/ABMA5/pscrb.fm/rss/p/prfx.byspotify.com/e/dts.podtrac.com/redirect.mp3/audioboom.com/posts/7250830.mp3?modified=1751527718&sid=2399216&source=rss,e00f3310-8e81-0131-8b7c-723c91aeae46,80a5b99e-7ee0-4cec-a567-08786d951e4a
"2019-09-11 23:31:47",played,,,,,2087,2087,,,,4fa1fcd9-ba6c-4a54-aa1d-fea475d382eb
"2019-09-22 23:54:13",played,"No Such Thing As A Safe Robot","No Such Thing As A Fish","No Such Thing As A Fish","2019-05-31 16:00:00",2364,2350,,https://pdst.fm/e/arttrk.com/p/ABMA5/pscrb.fm/rss/p/prfx.byspotify.com/e/dts.podtrac.com/redirect.mp3/audioboom.com/posts/7275399.mp3?modified=1751525329&sid=2399216&source=rss,e00f3310-8e81-0131-8b7c-723c91aeae46,660899ea-a969-4338-bffb-d45755a28254
"2019-11-24 15:51:36",played,,,,,,2755,,,,0859b9af-cc5b-420f-9794-a701a70a1bf5
"2019-11-24 15:51:36",played,"No Such Thing As Pets In Heaven","No Such Thing As A Fish","No Such Thing As A Fish","2019-09-20 14:00:00",2708,2708,,https://pdst.fm/e/arttrk.com/p/ABMA5/pscrb.fm/rss/p/prfx.byspotify.com/e/dts.podtrac.com/redirect.mp3/audioboom.com/posts/7374496.mp3?modified=1751515796&sid=2399216&source=rss,e00f3310-8e81-0131-8b7c-723c91aeae46,2676fe35-e9f6-48fe-9ca3-b9b31b357ef6
"2019-11-24 15:51:36",played,"No Such Thing As Salty Yeti Bones","No Such Thing As A Fish","No Such Thing As A Fish","2019-08-30 14:00:00",2592,2592,,https://pdst.fm/e/arttrk.com/p/ABMA5/pscrb.fm/rss/p/prfx.byspotify.com/e/dts.podtrac.com/redirect.mp3/audioboom.com/posts/7355591.mp3?modified=1751517587&sid=2399216&source=rss,e00f3310-8e81-0131-8b7c-723c91aeae46,55db38d2-97f6-42d0-a5b5-d5d1178d119b
"2019-11-24 15:51:36",played,"No Such Thing As A  Non-Judgemental Herring","No Such Thing As A Fish","No Such Thing As A Fish","2019-06-07 16:00:00",2783,2783,,https://pdst.fm/e/arttrk.com/p/ABMA5/pscrb.fm/rss/p/prfx.byspotify.com/e/dts.podtrac.com/redirect.mp3/audioboom.com/posts/7280612.mp3?modified=1751524822&sid=2399216&source=rss,e00f3310-8e81-0131-8b7c-723c91aeae46,a9e722bb-32e1-4e18-b817-c76f21eaecbf
"2019-11-24 15:51:36",played,"No Such Thing As A Banana With Wifi","No Such Thing As A Fish","No Such Thing As A Fish","2019-09-13 14:00:00",2451,2451,,https://pdst.fm/e/arttrk.com/p/ABMA5/pscrb.fm/rss/p/prfx.byspotify.com/e/dts.podtrac.com/redirect.mp3/audioboom.com/posts/7368306.mp3?modified=1751516371&sid=2399216&source=rss,e00f3310-8e81-0131-8b7c-723c91aeae46,fb0039a8-a137-4b45-8837-7f5f2b4211f1
"2019-11-24 20:16:12",played,"No Such Thing As Giving Birth Up A Climbing Wall","No Such Thing As A Fish","No Such Thing As A Fish","2019-09-06 14:00:00",3151,3151,,https://pdst.fm/e/arttrk.com/p/ABMA5/pscrb.fm/rss/p/prfx.byspotify.com/e/dts.podtrac.com/redirect.mp3/audioboom.com/posts/7361167.mp3?modified=1751517034&sid=2399216&source=rss,e00f3310-8e81-0131-8b7c-723c91aeae46,8a510072-5991-4f8f-932d-66b213f7432a
"2019-11-30 15:38:37",played,"Google Pixel 4 Reactions & a Chat with iJustine & Jenna Ezarik","Waveform: The MKBHD Podcast",MKBHD,"2019-10-18 08:30:00",4799,4799,,https://www.podtrac.com/pts/redirect.mp3/pdst.fm/e/pscrb.fm/rss/p/mgln.ai/e/257/traffic.megaphone.fm/STU5116631885.mp3,7d9a4610-9673-0137-4052-0acc26574db2,5cfac125-d21f-4db0-9295-3cfd6630f1d5
"2019-11-30 15:38:37",played,"Microsoft's New & Future Products and Talking Tesla & Hackintosh w/ Quinn from SnazzyLabs","Waveform: The MKBHD Podcast",MKBHD,"2019-10-04 09:00:00",4543,4543,,https://www.podtrac.com/pts/redirect.mp3/pdst.fm/e/pscrb.fm/rss/p/mgln.ai/e/257/traffic.megaphone.fm/STU4704919282.mp3?updated=1570126646,7d9a4610-9673-0137-4052-0acc26574db2,a90e26bc-2289-4533-b45e-e2fc831e8bd2
"2019-12-31 01:41:12",in-progress,"No Such Thing As A Scuba Diver Covered With Meat","No Such Thing As A Fish","No Such Thing As A Fish","2019-06-14 16:00:00",2331,2072,,https://pdst.fm/e/arttrk.com/p/ABMA5/pscrb.fm/rss/p/prfx.byspotify.com/e/dts.podtrac.com/redirect.mp3/audioboom.com/posts/7287009.mp3?modified=1751524126&sid=2399216&source=rss,e00f3310-8e81-0131-8b7c-723c91aeae46,04190402-3cb6-4239-81c9-f66aaeee3e78
"2020-03-02 11:59:06",in-progress,,,,,1026,66,,,,d2b5ec19-2f7c-440c-bbbe-381abf711259
"2020-03-02 11:59:07",in-progress,"No Such Thing As A 15-Hour Working Week","No Such Thing As A Fish","No Such Thing As A Fish","2019-11-08 14:05:07",3372,185,,https://pdst.fm/e/arttrk.com/p/ABMA5/pscrb.fm/rss/p/prfx.byspotify.com/e/dts.podtrac.com/redirect.mp3/audioboom.com/posts/7418788.mp3?modified=1751511668&sid=2399216&source=rss,e00f3310-8e81-0131-8b7c-723c91aeae46,a178bda1-57fb-424b-a347-5a2ba089898e
"2020-03-02 11:59:08",in-progress,"No Such Thing As A Quintruple-Cooked Chip","No Such Thing As A Fish","No Such Thing As A Fish","2019-10-18 14:00:00",3443,2220,,https://pdst.fm/e/arttrk.com/p/ABMA5/pscrb.fm/rss/p/prfx.byspotify.com/e/dts.podtrac.com/redirect.mp3/audioboom.com/posts/7400016.mp3?modified=1751513440&sid=2399216&source=rss,e00f3310-8e81-0131-8b7c-723c91aeae46,26691d2b-338d-41b6-bed9-f9c897127b30
"2020-03-02 11:59:11",in-progress,"Apple's New Airpods Pro, #TeamTrees, & the Twitch vs Mixer Streaming Platform Battle","Waveform: The MKBHD Podcast",MKBHD,"2019-11-01 07:30:00",4488,1541,,https://www.podtrac.com/pts/redirect.mp3/pdst.fm/e/pscrb.fm/rss/p/mgln.ai/e/257/traffic.megaphone.fm/STU9289121669.mp3,7d9a4610-9673-0137-4052-0acc26574db2,0700d683-ae56-43d9-9768-234bf3b0d93e
"2020-03-02 11:59:12",in-progress,,,,,2312,754,,,,89197428-cfca-40ff-b8b0-f9ed321b4bf9
"2020-03-02 11:59:16",in-progress,,,,,,718,,,,14bba35d-cf4e-4f14-9678-b6b7ab5e06f5
"2020-03-02 11:59:18",in-progress,,,,,562,0,,,,9654d107-be2c-4c22-b97f-bbfc902e0e12
"2020-03-02 11:59:20",in-progress,"No Such Thing As An Innocent Pisces Sign","No Such Thing As A Fish","No Such Thing As A Fish","2019-04-26 16:00:00",2477,1296,,https://pdst.fm/e/arttrk.com/p/ABMA5/pscrb.fm/rss/p/prfx.byspotify.com/e/dts.podtrac.com/redirect.mp3/audioboom.com/posts/7243055.mp3?modified=1751528385&sid=2399216&source=rss,e00f3310-8e81-0131-8b7c-723c91aeae46,373a9cc0-0749-4a3f-a3c5-70e16f16e404
"2020-03-02 11:59:22",in-progress,,,,,,243,,,,3095eb55-7dd3-4cec-9d70-d1db6eaa85d5
"2020-03-02 11:59:23",in-progress,,,,,,726,,,,f7107714-47cc-4c7c-a813-b3345e884328
"2020-03-02 11:59:25",in-progress,,,,,,151,,,,72d2b53b-9cf1-4c01-9ab2-398d011406dc
"2020-03-02 13:55:18",in-progress,"No Such Thing As A Mungmonger","No Such Thing As A Fish","No Such Thing As A Fish","2020-02-28 14:00:00",3068,0,,https://pdst.fm/e/arttrk.com/p/ABMA5/pscrb.fm/rss/p/prfx.byspotify.com/e/dts.podtrac.com/redirect.mp3/audioboom.com/posts/7517598.mp3?modified=1751501422&sid=2399216&source=rss,e00f3310-8e81-0131-8b7c-723c91aeae46,3c7a0d60-bdbc-4fdb-8abe-fa783b46e662
"2020-03-02 16:00:14",in-progress,,,,,0,0,,,,96e05937-8954-46d1-bf61-26e5d2508983
"2020-03-03 10:31:04",in-progress,,,,,0,4466,,,,4b53ecc5-a188-43a5-9776-ca9670f38381
"2020-03-03 11:11:59",played,"No Such Thing As The Best Bubble","No Such Thing As A Fish","No Such Thing As A Fish","2020-02-21 14:00:00",3021,862,,https://pdst.fm/e/arttrk.com/p/ABMA5/pscrb.fm/rss/p/prfx.byspotify.com/e/dts.podtrac.com/redirect.mp3/audioboom.com/posts/7511056.mp3?modified=1751502016&sid=2399216&source=rss,e00f3310-8e81-0131-8b7c-723c91aeae46,bded90a1-3ba4-48a0-ab28-0f742a3b99c3
"2020-04-18 16:28:09",in-progress,,,,,0,0,,,,69d0fb1d-93f1-47c5-bfa7-bcd0862deb13
"2020-04-18 17:38:03",in-progress,"No Such Thing As Panic Buying Frankincense","No Such Thing As A Fish","No Such Thing As A Fish","2020-04-17 14:00:00",0,0,,https://pdst.fm/e/arttrk.com/p/ABMA5/pscrb.fm/rss/p/prfx.byspotify.com/e/dts.podtrac.com/redirect.mp3/audioboom.com/posts/7559203.mp3?modified=1751497282&sid=2399216&source=rss,e00f3310-8e81-0131-8b7c-723c91aeae46,659e55b6-5c53-41ee-a626-0fecf95066fd
"2020-04-18 23:19:23",played,,,,,1454,1454,,,,ccd36bc2-6bb6-4fed-a391-fe115e798e8a
"2020-04-18 23:19:23",played,"No Such Thing As Quentin Tarantino's Bambi","No Such Thing As A Fish","No Such Thing As A Fish","2020-03-13 14:12:22",2979,2979,,https://pdst.fm/e/arttrk.com/p/ABMA5/pscrb.fm/rss/p/prfx.byspotify.com/e/dts.podtrac.com/redirect.mp3/audioboom.com/posts/7530190.mp3?modified=1751500217&sid=2399216&source=rss,e00f3310-8e81-0131-8b7c-723c91aeae46,3f456035-0935-439e-b848-68e534bba9d3
"2020-04-18 23:19:23",in-progress,"No Such Thing As A Dangerous Coconut","No Such Thing As A Fish","No Such Thing As A Fish","2020-03-20 14:00:00",3425,0,,https://pdst.fm/e/arttrk.com/p/ABMA5/pscrb.fm/rss/p/prfx.byspotify.com/e/dts.podtrac.com/redirect.mp3/audioboom.com/posts/7535489.mp3?modified=1751499665&sid=2399216&source=rss,e00f3310-8e81-0131-8b7c-723c91aeae46,53cb41a9-f24d-44a4-956e-45e9efb084dd
"2020-04-18 23:54:12",played,,,,,1623,1623,,,,aea1246a-4dae-4051-a62d-7ff016c72422
"2020-04-22 10:00:29",in-progress,,,,,0,939,,,,4d986046-e268-490f-b9c0-3bb372e8e009
"2020-04-22 10:00:30",in-progress,"Bill Gate's Porsche Taycan & Folding Phone Controversies","Waveform: The MKBHD Podcast",MKBHD,"2020-02-21 08:30:00",3930,3648,,https://www.podtrac.com/pts/redirect.mp3/pdst.fm/e/pscrb.fm/rss/p/mgln.ai/e/257/traffic.megaphone.fm/STU7166580126.mp3?updated=1582238317,7d9a4610-9673-0137-4052-0acc26574db2,d7c7ad72-2212-4624-b251-d6ac6f3e7772
"2020-04-22 10:00:34",in-progress,,,,,0,299,,,,bb33ae34-d7e2-4e90-99e2-2b8d1a4c3f7e
"2020-04-22 10:00:35",in-progress,,,,,4656,93,,,,3922d614-45fe-4f8a-8b38-8ba6604f1d05
"2020-04-23 21:45:59",played,,,,,909,909,,,,e891b9e1-0a32-413d-95e3-88a021245848
"2020-04-23 22:26:13",played,,,,,1764,1764,,,,88eae567-e53f-40ca-80ce-f2bc80ec0ed6
"2020-04-23 22:26:13",played,,,,,2971,2971,,,,da242feb-6ae9-4c20-878f-848fa7b8a9ee
"2020-04-25 19:06:49",in-progress,"No Such Thing As a Leg Made from Milk","No Such Thing As A Fish","No Such Thing As A Fish","2020-04-10 14:00:00",2608,0,,https://pdst.fm/e/arttrk.com/p/ABMA5/pscrb.fm/rss/p/prfx.byspotify.com/e/dts.podtrac.com/redirect.mp3/audioboom.com/posts/7552962.mp3?modified=1751497784&sid=2399216&source=rss,e00f3310-8e81-0131-8b7c-723c91aeae46,1f4d4018-9f34-4c4d-ba90-6318b9f22f16
"2020-04-28 20:51:51",played,,,,,0,0,,,,91896840-0604-4e55-834c-e39f69d80d56
"2020-05-28 03:56:35",in-progress,"No Such Thing As A Frothy Beer","No Such Thing As A Fish","No Such Thing As A Fish","2020-05-15 14:00:00",3053,0,,https://pdst.fm/e/arttrk.com/p/ABMA5/pscrb.fm/rss/p/prfx.byspotify.com/e/dts.podtrac.com/redirect.mp3/audioboom.com/posts/7582319.mp3?modified=1751494770&sid=2399216&source=rss,e00f3310-8e81-0131-8b7c-723c91aeae46,a67d08b2-9c9c-4c01-ad41-2c45977920ed
"2020-05-28 04:57:03",in-progress,"No Such Thing As A Crown Of Willie Thornes","No Such Thing As A Fish","No Such Thing As A Fish","2020-05-22 14:00:00",0,0,,https://pdst.fm/e/arttrk.com/p/ABMA5/pscrb.fm/rss/p/prfx.byspotify.com/e/dts.podtrac.com/redirect.mp3/audioboom.com/posts/7588275.mp3?modified=1751494175&sid=2399216&source=rss,e00f3310-8e81-0131-8b7c-723c91aeae46,5925396c-8403-431d-bc48-4371cf72628a
"2020-05-28 05:15:11",in-progress,,,,,1298,0,,,,c58e1ae2-7eef-48e4-87c7-9f5d932166ea
"2020-05-28 06:11:02",in-progress,"No Such Thing As 'Of Quails and Men'","No Such Thing As A Fish","No Such Thing As A Fish","2020-04-24 14:00:00",3347,0,,https://pdst.fm/e/arttrk.com/p/ABMA5/pscrb.fm/rss/p/prfx.byspotify.com/e/dts.podtrac.com/redirect.mp3/audioboom.com/posts/7564999.mp3?modified=1751496566&sid=2399216&source=rss,e00f3310-8e81-0131-8b7c-723c91aeae46,b0eee774-63e5-4cd3-b510-b27ca18599a9
"2020-05-28 21:00:55",in-progress,,,,,0,591,,,,16361df1-87ea-4dec-9a18-89d7690d7be7
"2020-06-10 05:14:19",played,"No Such Thing As A Hairy Gearstick","No Such Thing As A Fish","No Such Thing As A Fish","2020-05-08 14:00:00",2966,2789,,https://pdst.fm/e/arttrk.com/p/ABMA5/pscrb.fm/rss/p/prfx.byspotify.com/e/dts.podtrac.com/redirect.mp3/audioboom.com/posts/7577302.mp3?modified=1751495428&sid=2399216&source=rss,e00f3310-8e81-0131-8b7c-723c91aeae46,a55b3d07-eefe-421b-a94f-1817bbf3259b
"2020-07-01 13:32:59",played,"No Such Thing As A SCUBA Diver In A Tree","No Such Thing As A Fish","No Such Thing As A Fish","2020-06-26 14:00:00",0,3204,,https://pdst.fm/e/arttrk.com/p/ABMA5/pscrb.fm/rss/p/prfx.byspotify.com/e/dts.podtrac.com/redirect.mp3/audioboom.com/posts/7617059.mp3?modified=1751490641&sid=2399216&source=rss,e00f3310-8e81-0131-8b7c-723c91aeae46,4c0f6b84-b98c-4beb-bf7f-a436c5a9da16
"2020-07-02 00:35:15",played,"No Such Thing As The iSausage","No Such Thing As A Fish","No Such Thing As A Fish","2020-06-22 16:30:00",0,3571,,https://pdst.fm/e/arttrk.com/p/ABMA5/pscrb.fm/rss/p/prfx.byspotify.com/e/dts.podtrac.com/redirect.mp3/audioboom.com/posts/7613539.mp3?modified=1751491280&sid=2399216&source=rss,e00f3310-8e81-0131-8b7c-723c91aeae46,987fc534-b232-45f9-8304-002d363401a6
"2020-07-23 02:34:17",played,,,,,1667,1667,,,,67c648e7-eda2-440d-80b4-fa40baeca4a5
"2020-08-23 18:09:17",played,"No Such Thing As A Babysitter's Trade Union","No Such Thing As A Fish","No Such Thing As A Fish","2020-08-14 14:00:00",3404,3404,,https://pdst.fm/e/arttrk.com/p/ABMA5/pscrb.fm/rss/p/prfx.byspotify.com/e/dts.podtrac.com/redirect.mp3/audioboom.com/posts/7657148.mp3?modified=1751486365&sid=2399216&source=rss,e00f3310-8e81-0131-8b7c-723c91aeae46,88c2f659-7145-4c2b-8e7c-12ab2609bf3b
"2020-08-23 18:16:20",played,,,,,0,1073,,,,833128ee-c685-41c7-88f7-b5e4b61038c0
"2020-08-23 19:35:32",played,"No Such Thing As A Cardigan For Ginger Rogers","No Such Thing As A Fish","No Such Thing As A Fish","2020-08-21 14:00:00",0,3447,,https://pdst.fm/e/arttrk.com/p/ABMA5/pscrb.fm/rss/p/prfx.byspotify.com/e/dts.podtrac.com/redirect.mp3/audioboom.com/posts/7662592.mp3?modified=1751485788&sid=2399216&source=rss,e00f3310-8e81-0131-8b7c-723c91aeae46,da3f3e85-a003-4c41-90d4-0180aecc91c2
"2020-08-25 18:51:07",played,,,,,1943,1943,,,,3d79682a-bfc7-4ae1-93f1-ce0c3975b3c6
"2020-08-25 20:07:10",in-progress,,,,,0,2726,,,,f1437ee5-faa1-40c5-a813-1eb9479ac9ad
"2020-08-28 09:57:08",played,,,,,0,142,,,,831c3ec5-5fb6-478a-9c26-b5f969000f48
"2020-08-31 12:18:32",played,,,,,2040,2040,,,,4d81c9a9-d69c-4477-bd69-4f480eb0c88e
"2020-08-31 12:18:32",played,"No Such Thing As Fingerprints On The Avocados","No Such Thing As A Fish","No Such Thing As A Fish","2020-08-07 15:00:00",3130,3130,,https://pdst.fm/e/arttrk.com/p/ABMA5/pscrb.fm/rss/p/prfx.byspotify.com/e/dts.podtrac.com/redirect.mp3/audioboom.com/posts/7651718.mp3?modified=1751487037&sid=2399216&source=rss,e00f3310-8e81-0131-8b7c-723c91aeae46,69375f60-4b5d-4645-ba9e-58f11bdcc515
"2021-04-28 01:26:29",played,"No Such Thing As George Clooney In A Blackcurrant Suit","No Such Thing As A Fish","No Such Thing As A Fish","2021-04-23 14:00:00",0,3769,,https://pdst.fm/e/arttrk.com/p/ABMA5/pscrb.fm/rss/p/prfx.byspotify.com/e/dts.podtrac.com/redirect.mp3/audioboom.com/posts/7848257.mp3?modified=1751464292&sid=2399216&source=rss,e00f3310-8e81-0131-8b7c-723c91aeae46,b519910c-f308-48a3-ab9a-1877c4d8dfd3
"2021-05-31 12:42:40",in-progress,,,,,0,433,,,,a7aacae1-239d-4a6d-9870-69de712cce76
"2021-08-09 02:54:16",played,"No Such Thing As A Ping Pong Ballbag","No Such Thing As A Fish","No Such Thing As A Fish","2021-06-25 14:00:00",2887,2887,,https://pdst.fm/e/arttrk.com/p/ABMA5/pscrb.fm/rss/p/prfx.byspotify.com/e/dts.podtrac.com/redirect.mp3/audioboom.com/posts/7892783.mp3?modified=1751458805&sid=2399216&source=rss,e00f3310-8e81-0131-8b7c-723c91aeae46,da4a3014-5612-4aa1-8554-9fca9b335eb6
"2021-09-04 16:37:25",played,"No Such Thing As The Mole Street Journal","No Such Thing As A Fish","No Such Thing As A Fish","2021-06-11 14:00:00",3347,3347,,https://pdst.fm/e/arttrk.com/p/ABMA5/pscrb.fm/rss/p/prfx.byspotify.com/e/dts.podtrac.com/redirect.mp3/audioboom.com/posts/7884440.mp3?modified=1751460053&sid=2399216&source=rss,e00f3310-8e81-0131-8b7c-723c91aeae46,0ff330d4-0ccf-4f2a-9d7d-58a79fefc4e6
"2021-11-12 16:38:10",played,"No Such Thing As An Upside-Down Upside-Down Bat","No Such Thing As A Fish","No Such Thing As A Fish","2021-11-05 14:00:00",3106,3106,,https://pdst.fm/e/arttrk.com/p/ABMA5/pscrb.fm/rss/p/prfx.byspotify.com/e/dts.podtrac.com/redirect.mp3/audioboom.com/posts/7974456.mp3?modified=1751447428&sid=2399216&source=rss,e00f3310-8e81-0131-8b7c-723c91aeae46,87c97811-64a7-49d9-8511-4b824ac66445
"2021-12-19 14:17:50",played,"No Such Thing As A Fourteen Humped Camel","No Such Thing As A Fish","No Such Thing As A Fish","2021-10-08 14:00:00",2554,2554,,https://pdst.fm/e/arttrk.com/p/ABMA5/pscrb.fm/rss/p/prfx.byspotify.com/e/dts.podtrac.com/redirect.mp3/audioboom.com/posts/7956194.mp3?modified=1751449781&sid=2399216&source=rss,e00f3310-8e81-0131-8b7c-723c91aeae46,d087bdce-82c0-44a6-b4a4-b6ad393e5fb5
"2022-02-14 13:01:43",in-progress,"No Such Thing As Sexy Toda Milkman Time","No Such Thing As A Fish","No Such Thing As A Fish","2021-10-29 14:00:00",2823,2823,,https://pdst.fm/e/arttrk.com/p/ABMA5/pscrb.fm/rss/p/prfx.byspotify.com/e/dts.podtrac.com/redirect.mp3/audioboom.com/posts/7969108.mp3?modified=1751448015&sid=2399216&source=rss,e00f3310-8e81-0131-8b7c-723c91aeae46,273e7e9f-a5f5-4cd8-bbb6-9cdf9fde1fba
"2022-02-15 16:16:01",played,"No Such Thing As Squid Playing Games","No Such Thing As A Fish","No Such Thing As A Fish","2022-02-11 14:32:00",0,3554,,https://pdst.fm/e/arttrk.com/p/ABMA5/pscrb.fm/rss/p/prfx.byspotify.com/e/dts.podtrac.com/redirect.mp3/audioboom.com/posts/8028925.mp3?modified=1751439065&sid=2399216&source=rss,e00f3310-8e81-0131-8b7c-723c91aeae46,0aa6992e-8942-49e9-8271-1e08c8960339
"2022-02-15 17:05:16",played,"No Such Thing As A John Lennon Statue in Svalbard","No Such Thing As A Fish","No Such Thing As A Fish","2022-02-04 14:00:00",0,2587,,https://pdst.fm/e/arttrk.com/p/ABMA5/pscrb.fm/rss/p/prfx.byspotify.com/e/dts.podtrac.com/redirect.mp3/audioboom.com/posts/8024403.mp3?modified=1751439587&sid=2399216&source=rss,e00f3310-8e81-0131-8b7c-723c91aeae46,fca2582c-8103-4279-a0a6-afc9df1fda01
"2022-02-15 17:59:30",in-progress,"No Such Thing As Cristiano Ronaldo Eating Pistachios","No Such Thing As A Fish","No Such Thing As A Fish","2022-01-28 14:00:00",0,3250,,https://pdst.fm/e/arttrk.com/p/ABMA5/pscrb.fm/rss/p/prfx.byspotify.com/e/dts.podtrac.com/redirect.mp3/audioboom.com/posts/8020215.mp3?modified=1751440227&sid=2399216&source=rss,e00f3310-8e81-0131-8b7c-723c91aeae46,ed82d013-6bd7-4317-a4d4-f8f10e7f9dfe
"2022-03-01 17:17:45",played,"No Such Thing As A Cheesus Christ","No Such Thing As A Fish","No Such Thing As A Fish","2022-01-21 14:00:00",0,2709,,https://pdst.fm/e/arttrk.com/p/ABMA5/pscrb.fm/rss/p/prfx.byspotify.com/e/dts.podtrac.com/redirect.mp3/audioboom.com/posts/8016372.mp3?modified=1751440793&sid=2399216&source=rss,e00f3310-8e81-0131-8b7c-723c91aeae46,f0433520-85fd-488d-a35d-5b9a85f9f33c
"2022-05-27 14:43:29",played,"No Such Thing As The Ken Ages","No Such Thing As A Fish","No Such Thing As A Fish","2022-05-06 14:00:00",3105,3105,,https://pdst.fm/e/arttrk.com/p/ABMA5/pscrb.fm/rss/p/prfx.byspotify.com/e/dts.podtrac.com/redirect.mp3/audioboom.com/posts/8079045.mp3?modified=1751431813&sid=2399216&source=rss,e00f3310-8e81-0131-8b7c-723c91aeae46,02a0c838-d28b-44a0-b0b8-e8413bffe1da
"2022-07-15 04:20:26",played,,,,,1964,1964,,,,507b2b17-79de-4173-8023-fc608a6ac19c
"2022-07-15 04:20:26",played,,,,,6643,6643,,,,2c687f14-43db-4f27-ad6e-ff05cb5bc1ea
"2022-10-24 17:18:07",in-progress,,,,,,0,,,,3f12bfdd-f248-41a4-9ce2-db8ee1d8bc23
"2022-10-24 17:18:08",in-progress,"No Such Thing As A Tiny Ferris Wheel","No Such Thing As A Fish","No Such Thing As A Fish","2020-03-27 14:00:00",3060,0,,https://pdst.fm/e/arttrk.com/p/ABMA5/pscrb.fm/rss/p/prfx.byspotify.com/e/dts.podtrac.com/redirect.mp3/audioboom.com/posts/7540863.mp3?modified=1751499024&sid=2399216&source=rss,e00f3310-8e81-0131-8b7c-723c91aeae46,40f1873b-c242-4b45-8bd5-2bfc09815ac1
"2022-10-24 17:18:08",in-progress,"No Such Thing As Mambo No. 2","No Such Thing As A Fish","No Such Thing As A Fish","2020-06-05 14:00:00",2961,2299,,https://pdst.fm/e/arttrk.com/p/ABMA5/pscrb.fm/rss/p/prfx.byspotify.com/e/dts.podtrac.com/redirect.mp3/audioboom.com/posts/7599106.mp3?modified=1751493041&sid=2399216&source=rss,e00f3310-8e81-0131-8b7c-723c91aeae46,4a8188b1-e90d-42db-b26d-54e5fd4efca8
"2022-10-24 17:18:11",in-progress,,,,,1637,133,,,,924f68b4-b2b8-4293-8929-dfef272eb07a
"2022-10-24 17:18:11",in-progress,"No Such Thing As An Earwig Family Zoom Chat","No Such Thing As A Fish","No Such Thing As A Fish","2020-06-12 14:00:00",0,2673,,https://pdst.fm/e/arttrk.com/p/ABMA5/pscrb.fm/rss/p/prfx.byspotify.com/e/dts.podtrac.com/redirect.mp3/audioboom.com/posts/7603240.mp3?modified=1751492426&sid=2399216&source=rss,e00f3310-8e81-0131-8b7c-723c91aeae46,93432735-7e0e-4477-b930-cf4502137977
"2022-10-24 17:18:12",in-progress,,,,,,9,,,,50f842f1-d407-4a54-8454-088abfc44138
"2022-10-24 17:18:13",in-progress,,,,,5839,1624,,,,689a2b71-339d-4cfc-9d81-b0fa14341382
"2022-10-24 17:18:13",in-progress,,,,,3264,463,,,,3678c2ab-3df9-4ee8-92bd-730b35ee7af0
"2022-10-24 17:18:14",in-progress,,,,,,3,,,,fe90468a-b95b-4e04-9d7b-34ab885cdecb
"2022-10-24 17:18:14",in-progress,"No Such Thing As A Delicious Emergency Salad","No Such Thing As A Fish","No Such Thing As A Fish","2020-08-28 14:00:00",3346,1560,,https://pdst.fm/e/arttrk.com/p/ABMA5/pscrb.fm/rss/p/prfx.byspotify.com/e/dts.podtrac.com/redirect.mp3/audioboom.com/posts/7668658.mp3?modified=1751485257&sid=2399216&source=rss,e00f3310-8e81-0131-8b7c-723c91aeae46,47590456-dcf5-454e-b5ed-72114bf213df
"2022-10-24 17:18:15",in-progress,,,,,0,30,,,,cfaf253b-df14-46c7-9a95-3b82970913ed
"2022-10-24 17:18:15",in-progress,"No Such Thing As A Squiggly Pineapple","No Such Thing As A Fish","No Such Thing As A Fish","2021-03-05 14:30:00",3653,946,,https://pdst.fm/e/arttrk.com/p/ABMA5/pscrb.fm/rss/p/prfx.byspotify.com/e/dts.podtrac.com/redirect.mp3/audioboom.com/posts/7816132.mp3?modified=1751469045&sid=2399216&source=rss,e00f3310-8e81-0131-8b7c-723c91aeae46,94107958-17f3-4834-acc8-1beee0a036f5
"2022-10-24 17:18:16",in-progress,,,,,0,103,,,,ea062873-204e-4b2c-9848-43fad2fec2d8
"2022-10-24 17:18:16",in-progress,,,,,0,43,,,,e833d194-28f2-4cb9-818d-9c155b3d9615
"2022-10-24 17:18:17",in-progress,"No Such Thing As A Danquito","No Such Thing As A Fish","No Such Thing As A Fish","2021-08-27 14:00:00",3579,253,,https://pdst.fm/e/arttrk.com/p/ABMA5/pscrb.fm/rss/p/prfx.byspotify.com/e/dts.podtrac.com/redirect.mp3/audioboom.com/posts/7930004.mp3?modified=1751453452&sid=2399216&source=rss,e00f3310-8e81-0131-8b7c-723c91aeae46,50c129ae-82d6-47e3-8a30-98bef6ddc7d7
"2022-10-24 17:18:17",in-progress,"No Such Thing As Hamil-Son The Musical","No Such Thing As A Fish","No Such Thing As A Fish","2021-06-04 15:00:00",3126,139,,https://pdst.fm/e/arttrk.com/p/ABMA5/pscrb.fm/rss/p/prfx.byspotify.com/e/dts.podtrac.com/redirect.mp3/audioboom.com/posts/7880735.mp3?modified=1751460642&sid=2399216&source=rss,e00f3310-8e81-0131-8b7c-723c91aeae46,ebf89b6b-d71a-4924-b2eb-a4102d364f6f
"2022-10-24 17:18:18",in-progress,"No Such Thing As A Sausage Swingboat","No Such Thing As A Fish","No Such Thing As A Fish","2021-09-17 14:00:00",3585,3029,,https://pdst.fm/e/arttrk.com/p/ABMA5/pscrb.fm/rss/p/prfx.byspotify.com/e/dts.podtrac.com/redirect.mp3/audioboom.com/posts/7941259.mp3?modified=1751451669&sid=2399216&source=rss,e00f3310-8e81-0131-8b7c-723c91aeae46,b4e4f249-92a4-4825-b997-f691089199ef
"2022-10-24 17:18:19",in-progress,,,,,1349,42,,,,d53744df-f579-48f8-a388-ec72c9aee5fe
"2022-10-24 17:18:20",in-progress,,,,,1087,12,,,,c60e8779-3aea-4bad-ac1b-c75fdafe01ba
"2022-10-24 17:18:20",in-progress,"No Such Thing As Tiddlywinks In The Wild West","No Such Thing As A Fish","No Such Thing As A Fish","2022-02-25 14:00:00",0,1517,,https://pdst.fm/e/arttrk.com/p/ABMA5/pscrb.fm/rss/p/prfx.byspotify.com/e/dts.podtrac.com/redirect.mp3/audioboom.com/posts/8037509.mp3?modified=1751437828&sid=2399216&source=rss,e00f3310-8e81-0131-8b7c-723c91aeae46,0b813a0d-5edc-41b4-9da9-331478938717
"2022-10-24 17:18:21",in-progress,"No Such Thing As SpongeBob with Worms","No Such Thing As A Fish","No Such Thing As A Fish","2022-03-25 14:00:00",0,1309,,https://pdst.fm/e/arttrk.com/p/ABMA5/pscrb.fm/rss/p/prfx.byspotify.com/e/dts.podtrac.com/redirect.mp3/audioboom.com/posts/8053353.mp3?modified=1751435449&sid=2399216&source=rss,e00f3310-8e81-0131-8b7c-723c91aeae46,7929d535-b230-4626-beeb-1f97d21a5b8a
"2022-10-24 17:18:22",in-progress,"No Such Thing As Robinson Two-Soe","No Such Thing As A Fish","No Such Thing As A Fish","2022-07-08 14:00:00",3458,1719,,https://pdst.fm/e/arttrk.com/p/ABMA5/pscrb.fm/rss/p/prfx.byspotify.com/e/dts.podtrac.com/redirect.mp3/audioboom.com/posts/8116542.mp3?modified=1751425869&sid=2399216&source=rss,e00f3310-8e81-0131-8b7c-723c91aeae46,7c31e59d-3689-4840-bd57-23cd018c8118
"2022-10-24 17:18:23",in-progress,,,,,1552,1014,,,,5fc2f038-00d1-4b33-b1ae-55d34fba8069
"2022-10-24 17:18:24",in-progress,"No Such Thing As An Alexa In Heaven","No Such Thing As A Fish","No Such Thing As A Fish","2022-07-22 08:02:00",3949,697,,https://pdst.fm/e/arttrk.com/p/ABMA5/pscrb.fm/rss/p/prfx.byspotify.com/e/dts.podtrac.com/redirect.mp3/audioboom.com/posts/8124759.mp3?modified=1751424699&sid=2399216&source=rss,e00f3310-8e81-0131-8b7c-723c91aeae46,09de92e1-f4b4-4a07-886c-65c91e2c1589
"2022-10-24 17:18:25",in-progress,,,,,1984,909,,,,5a59d2cb-c20b-48d0-8933-b07fc5a06bf3
"2022-10-24 17:18:26",in-progress,,,,,2428,365,,,,a29fa470-1284-4471-ac5d-0f274ef51951
"2022-10-24 17:18:26",in-progress,,,,,153,120,,,,c4eefa4d-9af1-41e8-8044-d6d4a5c39002
"2022-11-11 00:13:59",played,"Mrs Beard reveals all about BeardMeatsFood | #7","Breaking Beard Podcast","BeardMeatsFood and Josh Gudgeon","2021-12-20 15:56:14",5377,3125,,https://traffic.megaphone.fm/APO7417591256.mp3,70d97140-1ffd-013a-d5da-0acc26574db2,e7a847eb-ec96-480a-83ee-f3d38bb02040
"2022-12-21 13:02:18",played,"No Such Thing As Deckchair Wrestling","No Such Thing As A Fish","No Such Thing As A Fish","2022-11-04 00:01:00",4022,4001,,https://pdst.fm/e/arttrk.com/p/ABMA5/pscrb.fm/rss/p/prfx.byspotify.com/e/dts.podtrac.com/redirect.mp3/audioboom.com/posts/8188148.mp3?modified=1751415703&sid=2399216&source=rss,e00f3310-8e81-0131-8b7c-723c91aeae46,fb08f72e-ad1a-4816-b334-302f5593aa67
"2022-12-21 16:04:56",played,"No Such Thing As An Acoustic Tram","No Such Thing As A Fish","No Such Thing As A Fish","2022-12-16 00:01:00",3456,3414,,https://pdst.fm/e/arttrk.com/p/ABMA5/pscrb.fm/rss/p/prfx.byspotify.com/e/dts.podtrac.com/redirect.mp3/audioboom.com/posts/8214057.mp3?modified=1751412039&sid=2399216&source=rss,e00f3310-8e81-0131-8b7c-723c91aeae46,a17339e5-9822-4f3b-abb3-3f7a0374e2f4
"2023-01-30 14:56:02",played,"No Such Thing As Glass in the Future","No Such Thing As A Fish","No Such Thing As A Fish","2022-12-09 00:01:00",3366,3366,,https://pdst.fm/e/arttrk.com/p/ABMA5/pscrb.fm/rss/p/prfx.byspotify.com/e/dts.podtrac.com/redirect.mp3/audioboom.com/posts/8210548.mp3?modified=1751412641&sid=2399216&source=rss,e00f3310-8e81-0131-8b7c-723c91aeae46,6d553308-36b0-4943-bc40-70ea4f4ec164
"2023-01-31 07:17:23",played,"No Such Thing As A Suspicious Duffel Bag","No Such Thing As A Fish","No Such Thing As A Fish","2022-12-02 00:01:00",3574,3574,,https://pdst.fm/e/arttrk.com/p/ABMA5/pscrb.fm/rss/p/prfx.byspotify.com/e/dts.podtrac.com/redirect.mp3/audioboom.com/posts/8205871.mp3?modified=1751413254&sid=2399216&source=rss,e00f3310-8e81-0131-8b7c-723c91aeae46,640e674d-3f21-4ca4-96b1-28758f3a6d51
"2023-01-31 07:17:23",played,"No Such Thing As An Edam Tuba","No Such Thing As A Fish","No Such Thing As A Fish","2022-12-22 23:55:00",2225,2225,,https://pdst.fm/e/arttrk.com/p/ABMA5/pscrb.fm/rss/p/prfx.byspotify.com/e/dts.podtrac.com/redirect.mp3/audioboom.com/posts/8220184.mp3?modified=1751411370&sid=2399216&source=rss,e00f3310-8e81-0131-8b7c-723c91aeae46,da6e403b-24b3-44df-a3af-9f6f9d46efe6
"2023-01-31 08:04:15",played,"No Such Thing As A Midsummer Night's Bream","No Such Thing As A Fish","No Such Thing As A Fish","2022-11-25 00:01:00",3548,3548,,https://pdst.fm/e/arttrk.com/p/ABMA5/pscrb.fm/rss/p/prfx.byspotify.com/e/dts.podtrac.com/redirect.mp3/audioboom.com/posts/8202037.mp3?modified=1751413876&sid=2399216&source=rss,e00f3310-8e81-0131-8b7c-723c91aeae46,b035a120-c709-4085-a8d9-071d4706d84a
"2023-02-10 04:15:40",played,"No Such Thing As James Cameron's Worms","No Such Thing As A Fish","No Such Thing As A Fish","2022-11-18 00:01:00",3634,3634,,https://pdst.fm/e/arttrk.com/p/ABMA5/pscrb.fm/rss/p/prfx.byspotify.com/e/dts.podtrac.com/redirect.mp3/audioboom.com/posts/8198531.mp3?modified=1751414488&sid=2399216&source=rss,e00f3310-8e81-0131-8b7c-723c91aeae46,434966c2-8b51-4a04-85a0-9805b3e26b71
"2023-02-17 00:50:08",played,"No Such Thing As Lemming Atlantis","No Such Thing As A Fish","No Such Thing As A Fish","2022-11-11 00:01:00",3097,3097,,https://pdst.fm/e/arttrk.com/p/ABMA5/pscrb.fm/rss/p/prfx.byspotify.com/e/dts.podtrac.com/redirect.mp3/audioboom.com/posts/8194424.mp3?modified=1751415060&sid=2399216&source=rss,e00f3310-8e81-0131-8b7c-723c91aeae46,7d3e1ac1-5870-4726-93df-f9412608a726
"2023-02-17 21:53:12",played,"No Such Thing As BIG SHERLOCK HOLMES","No Such Thing As A Fish","No Such Thing As A Fish","2019-05-24 16:00:00",2531,2531,,https://pdst.fm/e/arttrk.com/p/ABMA5/pscrb.fm/rss/p/prfx.byspotify.com/e/dts.podtrac.com/redirect.mp3/audioboom.com/posts/7269654.mp3?modified=1751525934&sid=2399216&source=rss,e00f3310-8e81-0131-8b7c-723c91aeae46,8a6d7210-4a2d-4d1d-9902-d4a1a68b0110
"2023-02-17 21:56:57",played,"No Such Thing As An Average Bucket","No Such Thing As A Fish","No Such Thing As A Fish","2023-02-02 23:55:00",3389,3389,,https://pdst.fm/e/arttrk.com/p/ABMA5/pscrb.fm/rss/p/prfx.byspotify.com/e/dts.podtrac.com/redirect.mp3/audioboom.com/posts/8240700.mp3?modified=1751407873&sid=2399216&source=rss,e00f3310-8e81-0131-8b7c-723c91aeae46,03db5445-e7eb-493b-95b8-55d9e684bd47
"2023-02-17 21:56:57",played,"No Such Thing As A Bee On The Moon","No Such Thing As A Fish","No Such Thing As A Fish","2022-12-29 23:55:00",2428,2428,,https://pdst.fm/e/arttrk.com/p/ABMA5/pscrb.fm/rss/p/prfx.byspotify.com/e/dts.podtrac.com/redirect.mp3/audioboom.com/posts/8220494.mp3?modified=1751410794&sid=2399216&source=rss,e00f3310-8e81-0131-8b7c-723c91aeae46,0cd281eb-cbba-43f1-8a33-656b12430c27
"2023-02-17 21:56:57",played,"No Such Thing As An Especially Attractive Barge","No Such Thing As A Fish","No Such Thing As A Fish","2023-01-26 23:55:00",3242,3242,,https://pdst.fm/e/arttrk.com/p/ABMA5/pscrb.fm/rss/p/prfx.byspotify.com/e/dts.podtrac.com/redirect.mp3/audioboom.com/posts/8236607.mp3?modified=1751408443&sid=2399216&source=rss,e00f3310-8e81-0131-8b7c-723c91aeae46,219e1ef3-11fe-45cf-8ec7-2c44663b28df
"2023-02-17 21:56:57",played,"No Such Thing As A Luigi Board","No Such Thing As A Fish","No Such Thing As A Fish","2023-01-20 00:01:00",3373,3373,,https://pdst.fm/e/arttrk.com/p/ABMA5/pscrb.fm/rss/p/prfx.byspotify.com/e/dts.podtrac.com/redirect.mp3/audioboom.com/posts/8232766.mp3?modified=1751409034&sid=2399216&source=rss,e00f3310-8e81-0131-8b7c-723c91aeae46,6f03a0ba-528d-4129-95e2-0472640fb4cd
"2023-02-17 21:56:57",played,"No Such Thing as Proust's Sausage Roll","No Such Thing As A Fish","No Such Thing As A Fish","2023-01-05 23:55:00",3888,3888,,https://pdst.fm/e/arttrk.com/p/ABMA5/pscrb.fm/rss/p/prfx.byspotify.com/e/dts.podtrac.com/redirect.mp3/audioboom.com/posts/8224917.mp3?modified=1751410280&sid=2399216&source=rss,e00f3310-8e81-0131-8b7c-723c91aeae46,82011758-ce53-4b2e-86a3-42df562367d0
"2023-02-17 21:56:57",played,"No Such Thing as the Milkmaid's Tale","No Such Thing As A Fish","No Such Thing As A Fish","2023-01-12 23:55:00",3893,3893,,https://pdst.fm/e/arttrk.com/p/ABMA5/pscrb.fm/rss/p/prfx.byspotify.com/e/dts.podtrac.com/redirect.mp3/audioboom.com/posts/8228739.mp3?modified=1751409678&sid=2399216&source=rss,e00f3310-8e81-0131-8b7c-723c91aeae46,82615fc6-32dc-43ed-9a80-ae2816731652
"2023-02-17 21:56:57",played,"No Such Thing As An Itching Powder Guild","No Such Thing As A Fish","No Such Thing As A Fish","2023-02-10 00:01:00",3615,3615,,https://pdst.fm/e/arttrk.com/p/ABMA5/pscrb.fm/rss/p/prfx.byspotify.com/e/dts.podtrac.com/redirect.mp3/audioboom.com/posts/8244678.mp3?modified=1751407265&sid=2399216&source=rss,e00f3310-8e81-0131-8b7c-723c91aeae46,943e637f-620f-4222-b485-5cf70cb30d04
"2023-02-18 14:42:45",played,"No Such Thing As Political Moss","No Such Thing As A Fish","No Such Thing As A Fish","2023-02-16 23:55:00",3583,3583,,https://pdst.fm/e/arttrk.com/p/ABMA5/pscrb.fm/rss/p/prfx.byspotify.com/e/dts.podtrac.com/redirect.mp3/audioboom.com/posts/8247878.mp3?modified=1751406680&sid=2399216&source=rss,e00f3310-8e81-0131-8b7c-723c91aeae46,64e44e1f-a14e-475e-81f1-e336e128d099
"2023-02-19 19:20:06",played,,,,,785,785,,,,785e4833-5c54-4798-adec-de357e50e5b1
"2023-02-19 20:26:20",played,"Lateral: Trailer","Lateral with Tom Scott","Tom Scott and David Bodycombe","2022-10-03 16:33:30",45,39,,https://traffic.megaphone.fm/PAD9855524037.mp3?updated=1698753220,7073c8a0-29b8-013b-ef68-0acc26574db2,5946fe48-4fdb-4417-b0dd-a4a2055cfe7e
"2023-02-20 23:03:20",in-progress,"The elevator where you're ""born again""","Lateral with Tom Scott","Tom Scott and David Bodycombe","2022-10-14 16:00:00",2605,2605,,https://traffic.megaphone.fm/PAD4173127213.mp3?updated=1698765747,7073c8a0-29b8-013b-ef68-0acc26574db2,db621710-ecad-494f-b614-2198e83ba0d3
"2023-03-06 09:25:10",in-progress,,,,,,0,,,,b46e9ced-4f74-4e98-a766-6ea27b8a94ab
"2023-03-06 09:25:10",played,"No Such Thing As Free Laundry","No Such Thing As A Fish","No Such Thing As A Fish","2023-02-23 23:55:00",4168,4168,,https://pdst.fm/e/arttrk.com/p/ABMA5/pscrb.fm/rss/p/prfx.byspotify.com/e/dts.podtrac.com/redirect.mp3/audioboom.com/posts/8252288.mp3?modified=1751406093&sid=2399216&source=rss,e00f3310-8e81-0131-8b7c-723c91aeae46,91663d6f-8f74-497b-8151-fe28404b7cdc
"2023-03-23 09:58:48",played,"No Such Thing As A Rubik's Tube","No Such Thing As A Fish","No Such Thing As A Fish","2023-03-09 23:55:00",3556,3556,,https://pdst.fm/e/arttrk.com/p/ABMA5/pscrb.fm/rss/p/prfx.byspotify.com/e/dts.podtrac.com/redirect.mp3/audioboom.com/posts/8261048.mp3?modified=1751404883&sid=2399216&source=rss,e00f3310-8e81-0131-8b7c-723c91aeae46,2f6e9b67-2e11-42cf-8b03-816fe6dfa083
"2023-03-28 10:51:41",played,"No Such Thing As A Walking Stick Full of Bagels","No Such Thing As A Fish","No Such Thing As A Fish","2023-03-16 23:55:00",3629,3457,,https://pdst.fm/e/arttrk.com/p/ABMA5/pscrb.fm/rss/p/prfx.byspotify.com/e/dts.podtrac.com/redirect.mp3/audioboom.com/posts/8265046.mp3?modified=1751404250&sid=2399216&source=rss,e00f3310-8e81-0131-8b7c-723c91aeae46,a6217833-9bfd-4259-a150-b888e384ec37
"2023-04-20 16:37:25",played,"No Such Thing As A Toin Coss","No Such Thing As A Fish","No Such Thing As A Fish","2023-03-23 23:55:00",3917,3917,,https://pdst.fm/e/arttrk.com/p/ABMA5/pscrb.fm/rss/p/prfx.byspotify.com/e/dts.podtrac.com/redirect.mp3/audioboom.com/posts/8268918.mp3?modified=1751403691&sid=2399216&source=rss,e00f3310-8e81-0131-8b7c-723c91aeae46,7c9cdf16-ac9e-4909-88e7-a1078db246d5
"2023-06-02 14:03:27",played,"No Such Thing As A Remote Controlled Cabbie","No Such Thing As A Fish","No Such Thing As A Fish","2023-04-13 23:55:00",3814,3814,,https://pdst.fm/e/arttrk.com/p/ABMA5/pscrb.fm/rss/p/prfx.byspotify.com/e/dts.podtrac.com/redirect.mp3/audioboom.com/posts/8280770.mp3?modified=1751401879&sid=2399216&source=rss,e00f3310-8e81-0131-8b7c-723c91aeae46,e018b87c-4609-440a-9c85-9328483c82f2
"2023-06-02 15:11:39",played,"Simone Giertz: EVs, Viral Robots, and Becoming a Product Designer","Waveform: The MKBHD Podcast",MKBHD,"2023-05-26 09:00:00",4151,4151,,https://www.podtrac.com/pts/redirect.mp3/pdst.fm/e/pscrb.fm/rss/p/mgln.ai/e/257/traffic.megaphone.fm/VMP3897652855.mp3?updated=1685062437,7d9a4610-9673-0137-4052-0acc26574db2,5e4971c9-3b26-405f-ae15-84017513b3a4
"2023-06-02 16:08:45",played,"Losing golf balls for fun","Lateral with Tom Scott","Tom Scott and David Bodycombe","2023-05-19 15:15:00",2229,2229,,https://traffic.megaphone.fm/PAD9004754277.mp3?updated=1698787896,7073c8a0-29b8-013b-ef68-0acc26574db2,6111df9a-6150-41b4-adda-b80549388e22
"2023-06-03 09:21:30",played,"Six unnecessary doorknobs","Lateral with Tom Scott","Tom Scott and David Bodycombe","2023-06-02 15:15:00",2558,2558,,https://traffic.megaphone.fm/PAD2506114483.mp3?updated=1698787996,7073c8a0-29b8-013b-ef68-0acc26574db2,c0aed0a6-23f1-46f8-b49b-e6d4a0aea9eb
"2023-06-03 20:26:37",played,"Crooked camel competitions","Lateral with Tom Scott","Tom Scott and David Bodycombe","2023-05-26 15:15:00",2946,2946,,https://traffic.megaphone.fm/PAD9143823688.mp3?updated=1698787962,7073c8a0-29b8-013b-ef68-0acc26574db2,f9809adc-16ea-42d1-b6b0-e5cc7c13e68c
"2023-06-03 21:07:21",played,"The genius of cheese slices","Lateral with Tom Scott","Tom Scott and David Bodycombe","2023-05-12 15:15:00",2373,2373,,https://traffic.megaphone.fm/PAD6288786571.mp3?updated=1698787877,7073c8a0-29b8-013b-ef68-0acc26574db2,221531e5-632d-4c7f-b079-9da69ba8fc66
"2023-06-03 22:24:32",in-progress,,,,,1083,617,,,,76a7140a-e578-4c9d-9fde-70691b2ff94e
"2023-06-03 22:24:32",played,"The orchestrated in-joke","Lateral with Tom Scott","Tom Scott and David Bodycombe","2023-05-05 15:15:00",2195,2195,,https://traffic.megaphone.fm/PAD6570194731.mp3?updated=1698787839,7073c8a0-29b8-013b-ef68-0acc26574db2,6a08f0e9-fc91-4cf5-b582-7598dbb7da9b
"2023-06-15 16:50:30",in-progress,"The passenger going nowhere","Lateral with Tom Scott","Tom Scott and David Bodycombe","2023-04-28 15:15:00",2546,2344,,https://traffic.megaphone.fm/PAD2426462355.mp3?updated=1698787812,7073c8a0-29b8-013b-ef68-0acc26574db2,712271e7-a5cc-4f64-8c63-e93b785557bf
"2023-06-16 11:15:59",in-progress,,,,,567,286,,,,027ba5b0-f148-41b1-b95a-3ff2a2b6470e
"2023-06-17 15:50:28",played,,,,,494,494,,,,a6d83c7f-08a7-41a3-bf29-dbca9878fde3
"2023-06-17 21:13:38",played,"No Such Thing As Parachuting Into Hollyoaks","No Such Thing As A Fish","No Such Thing As A Fish","2023-06-08 23:55:00",3549,3549,,https://pdst.fm/e/arttrk.com/p/ABMA5/pscrb.fm/rss/p/prfx.byspotify.com/e/dts.podtrac.com/redirect.mp3/audioboom.com/posts/8313774.mp3?modified=1751397055&sid=2399216&source=rss,e00f3310-8e81-0131-8b7c-723c91aeae46,1dff552a-fbb3-45c9-afe3-5199e85ef066
"2023-06-19 10:28:07",played,,,,,470,470,,,,e6d7674c-dadc-462f-84e1-9b133ae5da8b
"2023-06-21 09:34:33",played,,,,,440,440,,,,da93891f-e31c-47d7-be5f-b2438b736ba4
"2023-06-22 10:07:13",in-progress,,,,,,3,,,,7cbf0020-5fff-4fdb-afa7-141e09a1a910
"2023-06-23 00:25:46",played,,,,,491,491,,,,2e30790f-482b-4bdd-96f5-2290e8e16ffa
"2023-06-23 00:29:37",played,,,,,681,681,,,,3b4bf359-57bf-40d4-9147-13698522b8b7
"2023-06-23 10:45:38",played,,,,,473,473,,,,542bda17-49aa-4a92-81f4-b84243323049
"2023-06-26 09:10:43",in-progress,"Selfies with number 57","Lateral with Tom Scott","Tom Scott and David Bodycombe","2023-06-09 15:15:00",2696,2634,,https://traffic.megaphone.fm/PAD2168353568.mp3?updated=1698788007,7073c8a0-29b8-013b-ef68-0acc26574db2,60aae0b6-1125-4990-a009-06beee8c2768
"2023-06-26 09:52:37",played,,,,,586,569,,,,0f735a1a-8f34-42bb-9582-4d64c202b1b4
"2023-06-26 09:52:37",in-progress,,,,,,0,,,,512cd803-4b3a-450a-9381-d9df3866feb0
"2023-06-28 09:21:26",played,,,,,571,571,,,,ce517492-9191-43c0-a5b1-5c35114b0418
"2023-07-13 18:36:55",played,,,,,504,504,,,,41407f2e-baf4-4768-84b2-ecb01fafc9b4
"2023-07-16 23:56:57",played,,,,,467,467,,,,951f0e66-7cd1-4e05-a201-e1d78c8eb49e
"2023-07-17 08:59:36",played,,,,,386,386,,,,c8edddd1-a12b-46f2-9a7c-7288558fc894
"2023-07-18 08:28:04",in-progress,,,,,386,33,,,,d747dd57-22d4-4361-9466-2dcfae5b2a16
"2023-07-25 09:31:22",played,,,,,440,440,,,,e14d614c-350c-45a0-b9e5-3616966f2812
"2023-07-26 08:18:21",played,,,,,427,427,,,,3e1f8b15-0cf9-49e2-95dc-eb971b6da0b5
"2023-08-05 17:02:22",played,,,,,509,509,,,,ab22e8f1-e82d-40a4-8cbd-d2f1a34a3ce5
"2023-08-07 16:40:26",in-progress,,,,,651,27,,,,c915eec7-0130-4418-bebf-223f8c9f921a
"2023-08-07 16:40:30",in-progress,,,,,2013,1534,,,,aa61618c-f542-4c0c-aefc-04dbb770fd65
"2023-08-07 16:40:32",in-progress,"No Such Thing As Rivets On A Tombstone","No Such Thing As A Fish","No Such Thing As A Fish","2023-06-15 23:55:00",3849,2402,,https://pdst.fm/e/arttrk.com/p/ABMA5/pscrb.fm/rss/p/prfx.byspotify.com/e/dts.podtrac.com/redirect.mp3/audioboom.com/posts/8317450.mp3?modified=1751396468&sid=2399216&source=rss,e00f3310-8e81-0131-8b7c-723c91aeae46,23266be7-6d30-484c-b13f-c9b8b73d3773
"2023-08-07 17:25:45",played,"Six unopenable letterboxes","Lateral with Tom Scott","Tom Scott and David Bodycombe","2023-08-04 15:15:00",2419,2419,,https://traffic.megaphone.fm/PAD5315152748.mp3?updated=1698789358,7073c8a0-29b8-013b-ef68-0acc26574db2,26ad3024-c990-4453-8c58-1b889f09f56d
"2023-08-07 17:26:17",played,,,,,573,573,,,,a934f213-84ea-4627-8a4a-7dfc679bd073
"2023-08-07 17:26:29",in-progress,,,,,448,39,,,,0cbb9b0e-7ffc-49ac-bfc6-bf0f08975d54
"2023-08-10 20:07:37",played,,,,,484,510,,,,1fe82574-e14a-4b25-87dc-b90ff5bd486a
"2023-08-10 20:54:46",in-progress,"Everything Changing on the iPhone 15","Waveform: The MKBHD Podcast",MKBHD,"2023-08-04 09:00:00",4864,4853,,https://www.podtrac.com/pts/redirect.mp3/pdst.fm/e/pscrb.fm/rss/p/mgln.ai/e/257/traffic.megaphone.fm/VMP8810402348.mp3?updated=1691116849,7d9a4610-9673-0137-4052-0acc26574db2,08b4924e-a4e0-4a75-9a1b-c430e0936e42
"2023-08-12 08:28:50",played,"Giant concrete balls","Lateral with Tom Scott","Tom Scott and David Bodycombe","2023-07-28 15:15:00",2681,2681,,https://traffic.megaphone.fm/PAD3826951256.mp3?updated=1698789297,7073c8a0-29b8-013b-ef68-0acc26574db2,8b4d5ce4-3749-4796-8b76-429cf875163e
"2023-08-12 18:26:32",played,"No Such Thing As Whistling At A Fact","No Such Thing As A Fish","No Such Thing As A Fish","2023-08-03 23:55:00",3133,3133,,https://pdst.fm/e/arttrk.com/p/ABMA5/pscrb.fm/rss/p/prfx.byspotify.com/e/dts.podtrac.com/redirect.mp3/audioboom.com/posts/8344633.mp3?modified=1751391625&sid=2399216&source=rss,e00f3310-8e81-0131-8b7c-723c91aeae46,194a7462-59d9-4725-8836-6b1212b0bdff
"2023-08-12 18:31:45",in-progress,,,,,537,0,,,,542fe108-78bd-4f54-9f6f-de5343001c87
"2023-08-12 18:31:45",played,,,,,505,505,,,,5f86eb38-afca-4630-8874-09f02aad682e
"2023-08-12 20:48:01",played,"TV directing in reverse","Lateral with Tom Scott","Tom Scott and David Bodycombe","2023-08-11 15:15:00",2403,2403,,https://traffic.megaphone.fm/PAD2107379214.mp3?updated=1698789454,7073c8a0-29b8-013b-ef68-0acc26574db2,a6ce4eae-2658-4bf0-9ef5-d150733a5477
"2023-08-12 20:53:12",in-progress,"Swimming without water","Lateral with Tom Scott","Tom Scott and David Bodycombe","2023-07-14 15:15:00",2829,205,,https://traffic.megaphone.fm/PAD8734912138.mp3?updated=1698789250,7073c8a0-29b8-013b-ef68-0acc26574db2,34a45387-58e3-42ee-9ac1-d716f8f06206
"2023-08-13 22:09:33",played,,,,,5567,5567,,,,b26d6458-55e7-4e2c-94bd-f8000a6abd5d
"2023-08-13 22:16:54",in-progress,,,,,434,434,,,,a76fa83d-b6d1-4a5e-8eec-acbee3e85585
"2023-08-13 23:00:23",played,"Barefoot job applications","Lateral with Tom Scott","Tom Scott and David Bodycombe","2023-07-21 15:15:00",2604,2604,,https://traffic.megaphone.fm/PAD8005113192.mp3?updated=1698789277,7073c8a0-29b8-013b-ef68-0acc26574db2,b5648408-4720-4316-8263-3c4849720031
"2023-08-14 14:23:57",played,,,,,441,441,,,,0b96fd7b-6804-4a51-87d4-750f198451f9
"2023-08-16 09:08:43",played,,,,,425,421,,,,7a457747-454f-41d8-bc98-88f0785511f7
"2023-08-16 09:09:07",in-progress,,,,,3188,2871,,,,36fc2501-88f8-47b7-a9a8-8e10db981f6e
"2023-08-22 09:21:59",in-progress,,,,,345,345,,,,7c319514-bda3-4106-a99e-938f33d50207
"2023-08-28 08:38:42",played,,,,,294,294,,,,46bab6ea-2780-400b-b3fb-2b5e4817799c
"2023-08-29 06:58:33",played,,,,,1447,1447,,,,3575b13b-33c1-4a75-b4de-bf2f29570595
"2023-08-29 12:07:32",played,,,,,6112,6105,,,,9d62ea5e-916d-45eb-8d77-6c3cac9a6583
"2023-08-29 12:16:18",played,,,,,519,509,,,,c01d93bc-ea65-46a1-a86d-9714e05041db
"2023-08-30 09:53:28",played,,,,,3121,3121,,,,0cd6715b-57db-4688-9faf-8d4af07a1a76
"2023-08-30 11:06:16",in-progress,,,,,2832,2832,,,,1cf44b7c-d765-4f26-afb3-de4952485f33
"2023-09-04 08:47:58",played,,,,,353,353,,,,c6abc9b3-56a6-4519-863f-94121e5a97df
"2023-09-04 21:48:29",played,"Apples for General Lee?","Lateral with Tom Scott","Tom Scott and David Bodycombe","2023-09-01 15:15:00",2761,2761,,https://traffic.megaphone.fm/PAD6144353435.mp3?updated=1698789582,7073c8a0-29b8-013b-ef68-0acc26574db2,3ff50d45-04ea-4d66-b21e-6f2fdd106e50
"2023-09-05 11:00:08",in-progress,,,,,402,401,,,,4e9c2837-bff6-41a5-9db3-32fe77010c31
"2023-10-14 10:25:11",played,,,,,3658,3658,,,,4c1ee95f-5d36-4f3b-9518-9cb47f749d6c
"2023-10-14 10:25:11",played,"Snap! Hacker! Pop!","Lateral with Tom Scott","Tom Scott and David Bodycombe","2023-09-29 15:15:00",2701,2701,,https://traffic.megaphone.fm/PAD7351356808.mp3?updated=1698789747,7073c8a0-29b8-013b-ef68-0acc26574db2,2808edbd-c947-4b65-96b3-6d9d5f7469ae
"2023-10-23 08:36:24",in-progress,,,,,3160,28,,,,dd787d70-f4b1-498f-b7f6-c47549c9d515
"2023-10-23 08:36:24",in-progress,"Square-eyed dogs","Lateral with Tom Scott","Tom Scott and David Bodycombe","2023-10-06 15:15:00",2518,2241,,https://traffic.megaphone.fm/PAD9802079730.mp3?updated=1698789782,7073c8a0-29b8-013b-ef68-0acc26574db2,5bee50bb-4746-4be3-abf3-5f775507d882
"2023-10-23 08:36:24",in-progress,,,,,2641,20,,,,b3e2685b-c0fd-4b9e-b1bb-4578517fc7a2
"2023-10-23 09:35:16",played,,,,,2546,2546,,,,16f6e94e-0067-4535-97ff-a50635da7b68
"2023-10-23 09:35:16",played,,,,,,1759,,,,6ae29ce1-d61b-4665-b585-d84a6ec5e1e5
"2023-10-24 12:30:49",played,,,,,3297,3297,,,,8b9835ce-a3ca-480b-ad3f-077dfae1ebd0
"2023-10-25 08:20:10",in-progress,,,,,3429,3429,,,,99f61936-aea5-4945-a991-4594eaad9a38
"2023-10-25 09:57:13",in-progress,,,,,1971,884,,,,cd2f138f-8d1e-4d56-9938-2450d0944f0f
"2023-10-25 14:16:55",in-progress,"The New Apple Pencil is Really Confusing","Waveform: The MKBHD Podcast",MKBHD,"2023-10-20 09:00:00",4965,3984,,https://www.podtrac.com/pts/redirect.mp3/pdst.fm/e/pscrb.fm/rss/p/mgln.ai/e/257/traffic.megaphone.fm/VMP5618558063.mp3?updated=1698089606,7d9a4610-9673-0137-4052-0acc26574db2,1fab7d0f-e303-40ca-8cd5-c7e3ecb84827
"2023-10-26 06:25:38",played,"Smearing honey on doors","Lateral with Tom Scott","Tom Scott and David Bodycombe","2023-10-20 15:15:00",2657,2657,,https://traffic.megaphone.fm/PAD2891812195.mp3?updated=1698790524,7073c8a0-29b8-013b-ef68-0acc26574db2,4c109b69-db9a-433f-bcc4-e86e94120552
"2023-10-29 13:42:46",in-progress,,,,,3032,193,,,,0ca6ffba-2d08-49df-aa16-1bc4a68a9a69
"2023-10-29 15:27:32",played,,,,,3732,3732,,,,f459cd3d-110d-4b26-a50e-c5f7f9c4cb31
"2023-10-29 15:27:32",played,,,,,2230,2230,,,,b1e6ad59-034b-4040-894b-73aacddf241d
"2023-10-30 12:18:19",in-progress,,,,,7886,2696,,,,f3ec46a5-341d-4908-a83a-bb5d262ab141
"2023-10-30 18:22:39",played,,,,,762,762,,,,f08c6d9f-2caf-40cf-a0d6-a8cdb589a632
"2023-10-31 13:28:02",played,,,,,3325,3325,,,,b3030b52-a329-4e8e-ba81-9f0cb3da0113
"2023-11-02 10:06:32",played,,,,,3427,3427,,,,02405d62-3f98-42d6-91f7-77ed5694989c
"2023-11-05 08:14:26",played,,,,,4252,3809,,,,d77a9c10-87bc-442d-ba81-07f4cd7d7413
"2023-11-05 08:14:26",played,,,,,1447,1446,,,,c764a945-7aae-4877-96ba-2a033c8052bd
"2023-11-09 18:49:00",played,,,,,2469,2469,,,,42a04dcd-8052-480c-ac7b-863de2f711b3
"2023-11-10 12:25:56",played,"Octopodes in trees","Lateral with Tom Scott","Tom Scott and David Bodycombe","2023-10-27 15:15:00",2646,2646,,https://traffic.megaphone.fm/PAD6371186256.mp3?updated=1698790494,7073c8a0-29b8-013b-ef68-0acc26574db2,e93539c9-1ff9-4227-aa33-824de538360e
"2023-11-15 12:30:40",in-progress,,,,,6045,56,,,,a3d8129a-f4b7-4fad-8137-e1de95b2fc5d
"2023-11-16 10:52:44",played,"World-famous battery packs","Lateral with Tom Scott","Tom Scott and David Bodycombe","2023-11-03 15:15:00",2505,2505,,https://traffic.megaphone.fm/PAD5598535519.mp3?updated=1698799853,7073c8a0-29b8-013b-ef68-0acc26574db2,631874e4-9810-4c2a-bedd-be0d8eaf1333
"2023-11-18 14:56:17",in-progress,,,,,492,78,,,,bae8c439-28d5-4b3c-877b-0b9fc25d79f1
"2023-11-18 14:56:19",in-progress,"No Such Thing As A Short Dalek","No Such Thing As A Fish","No Such Thing As A Fish","2023-07-13 23:55:00",3612,3600,,https://pdst.fm/e/arttrk.com/p/ABMA5/pscrb.fm/rss/p/prfx.byspotify.com/e/dts.podtrac.com/redirect.mp3/audioboom.com/posts/8334356.mp3?modified=1751393480&sid=2399216&source=rss,e00f3310-8e81-0131-8b7c-723c91aeae46,9eaa09c9-b361-4dc7-97ab-cd47aba41d27
"2023-11-18 14:56:21",in-progress,"No Such Thing As The Beurre War","No Such Thing As A Fish","No Such Thing As A Fish","2023-08-10 23:55:00",3190,465,,https://pdst.fm/e/arttrk.com/p/ABMA5/pscrb.fm/rss/p/prfx.byspotify.com/e/dts.podtrac.com/redirect.mp3/audioboom.com/posts/8347329.mp3?modified=1751390950&sid=2399216&source=rss,e00f3310-8e81-0131-8b7c-723c91aeae46,dba9515e-86cf-45bd-8f4d-825e9ee2acf6
"2023-11-18 14:56:23",in-progress,"Mr. Kill Gun Die","Lateral with Tom Scott","Tom Scott and David Bodycombe","2023-08-25 15:15:00",2616,2676,,https://traffic.megaphone.fm/PAD2107722679.mp3?updated=1698789547,7073c8a0-29b8-013b-ef68-0acc26574db2,0faa8fb5-3533-449f-ac43-6a25faa7c71d
"2023-11-18 14:56:24",in-progress,"No Such Thing As A Furby in Space","No Such Thing As A Fish","No Such Thing As A Fish","2023-07-20 23:55:00",3260,33,,https://pdst.fm/e/arttrk.com/p/ABMA5/pscrb.fm/rss/p/prfx.byspotify.com/e/dts.podtrac.com/redirect.mp3/audioboom.com/posts/8337790.mp3?modified=1751392840&sid=2399216&source=rss,e00f3310-8e81-0131-8b7c-723c91aeae46,980b2506-b13d-4f32-ba5e-f7c34ee2207a
"2023-11-18 15:18:36",played,,,,,2164,2164,,,,0b2755c4-c457-44ee-b223-161168d03afe
"2023-11-19 20:57:33",in-progress,,,,,2592,385,,,,d9919564-c9a9-44db-a56b-5fd4f2b96d28
"2023-11-20 15:09:25",in-progress,,,,,2485,128,,,,7e865dd3-bbac-4a88-bd6d-554068f411bf
"2023-11-22 05:51:10",in-progress,,,,,3687,2190,,,,e0dfff8d-40f1-4419-97d9-75ec44ea0db4
"2023-11-22 05:51:10",in-progress,"Dare you brave this shopping mall?","Lateral with Tom Scott","Tom Scott and David Bodycombe","2023-07-07 15:15:00",3114,3125,,https://traffic.megaphone.fm/PAD6416593410.mp3?updated=1698789149,7073c8a0-29b8-013b-ef68-0acc26574db2,b43266bb-73f3-455b-bf92-5b76294e3bdd
"2023-11-23 06:07:33",played,,,,,1580,1580,,,,d5884ab4-3680-4546-9e3a-3fcb3e60db16
"2023-11-23 06:07:33",played,"Computers that love '7'","Lateral with Tom Scott","Tom Scott and David Bodycombe","2023-11-10 00:05:00",2395,351,,https://traffic.megaphone.fm/PAD1368930805.mp3?updated=1698800005,7073c8a0-29b8-013b-ef68-0acc26574db2,77b84e1a-f43c-4760-8a2c-c8063fe9af47
"2023-12-03 09:41:47",played,"Straight-line sports","Lateral with Tom Scott","Tom Scott and David Bodycombe","2023-11-17 15:15:00",3104,3104,,https://traffic.megaphone.fm/PAD6297101859.mp3?updated=1699623824,7073c8a0-29b8-013b-ef68-0acc26574db2,02b69325-119f-4d5f-86d1-d8bc877e0a8b
"2023-12-03 09:41:47",in-progress,,,,,2918,14,,,,10178a6f-6a67-4fba-b1f3-afb3a01a34d0
"2023-12-04 05:48:51",played,"The car crash 'dummy'","Lateral with Tom Scott","Tom Scott and David Bodycombe","2023-04-07 15:00:00",2428,0,,https://traffic.megaphone.fm/PAD8866215409.mp3?updated=1698787674,7073c8a0-29b8-013b-ef68-0acc26574db2,915764cf-259a-4daa-b551-6e39f5790232
"2023-12-05 23:41:44",played,,,,,1289,1288,,,,a56bebea-248c-45ad-9180-0a75fab04354
"2023-12-06 07:58:16",played,"The world's longest ship","Lateral with Tom Scott","Tom Scott and David Bodycombe","2023-12-01 15:15:00",2752,20,,https://traffic.megaphone.fm/PAD3190316304.mp3?updated=1700533921,7073c8a0-29b8-013b-ef68-0acc26574db2,49960dfd-2b15-405c-a536-580dd9da9488
"2023-12-06 07:58:16",played,,,,,3173,2824,,,,7e5445b8-7cfd-4d65-b413-77a50d7e303b
"2023-12-06 07:58:16",played,,,,,,0,,,,a3bafdd2-f11e-4d9b-a3d5-d9699c20454b
"2023-12-07 05:39:18",played,,,,,3705,3705,,,,e25b78b5-9915-4f0c-9357-fff7d5988805
"2023-12-07 05:39:18",played,"The player on both teams","Lateral with Tom Scott","Tom Scott and David Bodycombe","2023-11-24 15:15:00",2457,2457,,https://traffic.megaphone.fm/PAD1956886681.mp3?updated=1700343621,7073c8a0-29b8-013b-ef68-0acc26574db2,b3cfda8d-44c0-43b6-8e3e-60a0a7cba20b
"2023-12-07 22:04:43",played,"Apple Adds RCS and OpenAI Explodes!","Waveform: The MKBHD Podcast",MKBHD,"2023-11-24 09:00:00",5236,5236,,https://www.podtrac.com/pts/redirect.mp3/pdst.fm/e/pscrb.fm/rss/p/mgln.ai/e/257/traffic.megaphone.fm/VMP5656818627.mp3?updated=1700785172,7d9a4610-9673-0137-4052-0acc26574db2,b6d59674-43db-4919-b930-1c2b8adaaa6c
"2023-12-22 22:29:47",in-progress,,,,,3675,0,,,,ee39aaad-99cd-49d6-b934-c5f98a69c682
"2024-01-04 23:32:47",played,"The lifesaving blackout","Lateral with Tom Scott","Tom Scott and David Bodycombe","2023-12-15 15:15:00",2780,2780,,https://traffic.megaphone.fm/PAD7494788136.mp3?updated=1702480252,7073c8a0-29b8-013b-ef68-0acc26574db2,84a347cd-98df-4f96-9012-51fd84a1e9ba
"2024-01-09 04:44:12",in-progress,,,,,1520,27,,,,9edf359e-6ec6-4aa4-876a-19997f794d7b
"2024-01-09 10:28:40",played,,,,,3520,3520,,,,3c26189e-86a2-48a4-a635-451b62be45f2
"2024-01-09 10:28:40",played,,,,,1678,1678,,,,a22adb78-a550-44ca-9a22-e33f8b3eb2d3
"2024-01-09 10:28:40",played,,,,,3147,3147,,,,e98bbfbb-d0c5-4960-9877-aaad459e8c75
"2024-01-09 10:28:40",played,,,,,2924,2924,,,,ed211b3b-4eb6-42fc-81b3-1da95c4d550e
"2024-01-09 10:28:40",played,"Black and white bowties","Lateral with Tom Scott","Tom Scott and David Bodycombe","2023-12-29 15:15:00",2664,2664,,https://traffic.megaphone.fm/PAD3618769430.mp3?updated=1703268291,7073c8a0-29b8-013b-ef68-0acc26574db2,14350b44-28ca-4fa9-9ded-1e9f2e85fbff
"2024-01-09 10:28:40",played,"Waveform Awards: Looking Back and Peeking Ahead!","Waveform: The MKBHD Podcast",MKBHD,"2023-12-29 09:00:00",4613,4613,,https://www.podtrac.com/pts/redirect.mp3/pdst.fm/e/pscrb.fm/rss/p/mgln.ai/e/257/traffic.megaphone.fm/VMP9852531180.mp3?updated=1703266879,7d9a4610-9673-0137-4052-0acc26574db2,15e2217c-cf98-4738-b594-53c6b29009e2
"2024-01-09 10:28:40",played,"Samsung S24 Rumors and Our Favorite Tech of 2023","Waveform: The MKBHD Podcast",MKBHD,"2024-01-05 09:00:00",6129,6129,,https://www.podtrac.com/pts/redirect.mp3/pdst.fm/e/pscrb.fm/rss/p/mgln.ai/e/257/traffic.megaphone.fm/VMP3492507677.mp3?updated=1704415344,7d9a4610-9673-0137-4052-0acc26574db2,c21814bb-e6c0-4074-beb9-a7bc7525c46a
"2024-01-22 06:58:07",played,"Air-conditioned pilots","Lateral with Tom Scott","Tom Scott and David Bodycombe","2024-01-05 15:15:00",2708,2708,,https://traffic.megaphone.fm/PAD5359147720.mp3?updated=1703268477,7073c8a0-29b8-013b-ef68-0acc26574db2,a3c523b9-80ce-4ee0-b60c-4c83e5e85005
"2024-01-22 11:43:17",played,,,,,3405,3405,,,,b03583b0-ca6c-4e29-bfd2-d51542d337df
"2024-01-22 11:43:17",played,,,,,2251,2251,,,,9f220cc0-6d28-41e4-8cb5-e8ea8a8283d3
"2024-01-22 11:43:17",played,,,,,1141,1141,,,,a989d33d-7a78-4bf5-b119-f5de57d7f1e0
"2024-01-22 11:43:17",played,,,,,3020,3020,,,,abf4b202-5ed3-4f2d-80e3-cc8e6003ca2d
"2024-01-22 13:04:57",played,,,,,1253,1253,,,,3f027d72-a6d7-4a6b-b693-62e9c2b2e569
"2024-01-22 16:01:11",played,,,,,4703,4703,,,,a10c2c80-e5bb-4cd6-95b3-3aa1ab40d9c8
"2024-01-22 16:29:35",played,,,,,159,159,,,,3675d680-1da3-4606-ad3c-c76dc0de4d49
"2024-01-22 16:40:29",played,,,,,1297,1297,,,,50b53d82-0332-4ab9-a2a0-61d3d2ff8719
"2024-01-24 17:36:38",played,,,,,1491,1491,,,,8d2afae7-cc3f-41c8-ba1a-f623032812cb
"2024-01-24 17:36:38",played,,,,,3429,3429,,,,8da45f0a-b89a-44ca-a4cc-2f235f34cf08
"2024-01-24 17:36:38",played,,,,,4538,4538,,,,539f3aa7-6219-4687-a6e1-ea67c6e815e2
"2024-01-24 17:36:38",played,"The lock-breaking pencil","Lateral with Tom Scott","Tom Scott and David Bodycombe","2024-01-12 15:01:00",2464,2464,,https://traffic.megaphone.fm/PAD5055455945.mp3?updated=1705072144,7073c8a0-29b8-013b-ef68-0acc26574db2,c8e65f4e-efbf-4497-af84-bc66d50c252e
"2024-01-25 09:16:56",played,"The colour sequence secret","Lateral with Tom Scott","Tom Scott and David Bodycombe","2024-01-19 15:15:00",2927,2927,,https://traffic.megaphone.fm/PAD6304105758.mp3?updated=1704884281,7073c8a0-29b8-013b-ef68-0acc26574db2,d9e5b142-7629-461a-acb6-2be60e615e50
"2024-01-25 09:16:56",played,"The Rabbit R1 Is the Weirdest CES Gadget","Waveform: The MKBHD Podcast",MKBHD,"2024-01-12 09:00:00",5254,5254,,https://www.podtrac.com/pts/redirect.mp3/pdst.fm/e/pscrb.fm/rss/p/mgln.ai/e/257/traffic.megaphone.fm/VMP6811621935.mp3?updated=1705023458,7d9a4610-9673-0137-4052-0acc26574db2,ae78cb18-9aee-4667-a580-c3d65b273698
"2024-01-25 09:16:56",played,,,,,2385,2385,,,,93a4a3db-b090-4830-8694-9358c3bfcb10
"2024-01-25 20:24:45",played,,,,,4729,4729,,,,e44ad8dd-4968-401d-9413-a00d9e660dd7
"2024-01-25 22:24:20",played,,,,,3167,3167,,,,3b384195-c2c6-4cb2-8f2a-63443f5877cb
"2024-01-28 15:39:02",played,"Galaxy S24 and Vision Pro are Here!","Waveform: The MKBHD Podcast",MKBHD,"2024-01-19 09:00:00",4756,4756,,https://www.podtrac.com/pts/redirect.mp3/pdst.fm/e/pscrb.fm/rss/p/mgln.ai/e/257/traffic.megaphone.fm/VMP3549636338.mp3?updated=1705632035,7d9a4610-9673-0137-4052-0acc26574db2,394e0f5c-947e-4594-8e2f-236d8cb20d8c
"2024-01-29 14:32:57",played,,,,,662,662,,,,638204cd-c12d-4281-9000-5e7fe6803304
"2024-01-30 16:29:57",played,,,,,3719,3719,,,,ded69ebc-a376-4d34-8384-7b56d74aaa4d
"2024-02-01 06:58:22",played,,,,,2114,2067,,,,a727d1fa-6a89-42bd-acec-bd5f0af6f32a
"2024-02-01 10:49:08",played,,,,,1635,1635,,,,1d6985a1-a496-4d27-bf63-205bb3b81b00
"2024-02-06 21:36:35",played,"Bright green icing","Lateral with Tom Scott","Tom Scott and David Bodycombe","2024-01-26 15:15:00",2430,2430,,https://traffic.megaphone.fm/PAD6981381621.mp3?updated=1705367180,7073c8a0-29b8-013b-ef68-0acc26574db2,80a0174e-e768-42d9-b3f7-37627eca10e8
"2024-02-13 06:08:20",played,"New Pixel 8 and OnePlus Phones!","Waveform: The MKBHD Podcast",MKBHD,"2024-01-26 09:00:00",4329,4329,,https://www.podtrac.com/pts/redirect.mp3/pdst.fm/e/pscrb.fm/rss/p/mgln.ai/e/257/traffic.megaphone.fm/VMP4531566718.mp3?updated=1706235922,7d9a4610-9673-0137-4052-0acc26574db2,0ba6ca8d-f4be-4d2f-9bec-c693243e2a96
"2024-02-26 04:45:00",played,,,,,1803,1803,,,,162a0d23-3466-4825-a3f0-59f5dffb6382
"2024-02-26 04:45:00",played,,,,,3451,3451,,,,8a9d0a0c-63a6-455b-bae6-5b70cf66b435
"2024-02-26 04:45:00",played,,,,,1614,1614,,,,227cbf30-e7fd-4230-b8d0-6d6afcc9e853
"2024-02-26 06:26:47",played,"The sushi blockbuster","Lateral with Tom Scott","Tom Scott and David Bodycombe","2024-02-16 15:15:00",2805,2805,,https://traffic.megaphone.fm/PAD9324067477.mp3?updated=1707133680,7073c8a0-29b8-013b-ef68-0acc26574db2,0345ab9a-0706-4cfa-8655-27984b46b3a4
"2024-02-27 12:52:32",played,"A very speedy spider","Lateral with Tom Scott","Tom Scott and David Bodycombe","2024-02-02 15:15:00",2306,2306,,https://traffic.megaphone.fm/PAD4765927649.mp3?updated=1705514148,7073c8a0-29b8-013b-ef68-0acc26574db2,94b6baff-3ad4-4403-9e3b-58ce3341bdb6
"2024-02-29 06:13:15",played,,,,,4122,4122,,,,136c8631-a557-41ac-868d-e5c5fd604d11
"2024-02-29 06:13:15",played,,,,,,879,,,,0d20ff75-7c0f-48f5-afc8-1a3462a15a40
"2024-02-29 06:13:15",played,"How Teenage Engineering Makes Cool Stuff!","Waveform: The MKBHD Podcast",MKBHD,"2024-01-31 17:00:00",3185,1483,,https://www.podtrac.com/pts/redirect.mp3/pdst.fm/e/pscrb.fm/rss/p/mgln.ai/e/257/traffic.megaphone.fm/VMP3360424147.mp3?updated=1706731214,7d9a4610-9673-0137-4052-0acc26574db2,be04ceff-7e60-4f3c-b17e-22b178d275e7
"2024-02-29 06:13:15",played,"All About Apple Vision Pro!","Waveform: The MKBHD Podcast",MKBHD,"2024-02-02 09:00:00",6003,6142,,https://www.podtrac.com/pts/redirect.mp3/pdst.fm/e/pscrb.fm/rss/p/mgln.ai/e/257/traffic.megaphone.fm/VMP7259187151.mp3?updated=1706848898,7d9a4610-9673-0137-4052-0acc26574db2,e36274d4-8f1f-4a00-a326-5b7c528db3f6
"2024-02-29 06:13:15",played,,,,,2219,2355,,,,4419fb78-c8ce-4611-bc9f-a5fc30b2650c
"2024-02-29 06:13:15",played,,,,,1524,1646,,,,5d314602-60c7-46e4-bde3-5cc634816961
"2024-02-29 06:13:15",played,,,,,1815,1815,,,,e7731e58-89ff-4137-ae0d-62fc368a3a47
"2024-02-29 14:41:03",played,"Waveform Trivia Finale - The Closest One Yet!","Waveform: The MKBHD Podcast",MKBHD,"2024-02-06 17:00:00",5710,5710,,https://www.podtrac.com/pts/redirect.mp3/pdst.fm/e/pscrb.fm/rss/p/mgln.ai/e/257/traffic.megaphone.fm/VMP6168700020.mp3?updated=1707242779,7d9a4610-9673-0137-4052-0acc26574db2,9f07ed4f-516f-4e3f-87bb-c51584269118
"2024-03-01 06:00:57",played,,,,,,1397,,,,b97189c1-3037-4cb5-a122-365d68b1cf96
"2024-03-01 06:00:57",played,"Holding up a desk lamp","Lateral with Tom Scott","Tom Scott and David Bodycombe","2024-02-09 15:15:00",2716,2716,,https://traffic.megaphone.fm/PAD6692317770.mp3?updated=1707133662,7073c8a0-29b8-013b-ef68-0acc26574db2,2c2571f4-477b-4f4d-9129-23e15e7bd153
"2024-03-01 06:00:57",played,,,,,1830,1830,,,,23c6f38f-ded6-454e-a62a-4148c2c5f1bd
"2024-03-08 09:39:32",played,,,,,3109,3109,,,,80ee8b0e-6a2b-406b-b5ce-0a0d2a2c94a3
"2024-03-16 22:00:06",played,,,,,4521,1747,,,,b6c62d8c-e68b-462c-967e-c8dcd154a5dd
"2024-03-16 22:00:06",played,,,,,4228,4228,,,,edf288f2-d758-4dbc-8786-8135ea636db4
"2024-03-16 22:00:06",played,,,,,538,538,,,,539f0234-91ed-4a44-a2b8-46aef95ea6e5
"2024-03-16 22:00:06",played,,,,,604,604,,,,6277818e-428d-468e-a39d-bdbe267bde2f
"2024-03-16 22:00:06",played,"Resurrecting mammoths","Lateral with Tom Scott","Tom Scott and David Bodycombe","2024-03-01 15:15:00",2304,2304,,https://traffic.megaphone.fm/PAD1235765337.mp3?updated=1708113785,7073c8a0-29b8-013b-ef68-0acc26574db2,5bb30a8c-6725-4bc3-ab6c-8cfb67d8f7b7
"2024-03-16 22:00:06",played,"The End of Google Bard as We Know It!","Waveform: The MKBHD Podcast",MKBHD,"2024-02-09 09:00:00",5208,5208,,https://www.podtrac.com/pts/redirect.mp3/pdst.fm/e/pscrb.fm/rss/p/mgln.ai/e/257/traffic.megaphone.fm/VMP8390019084.mp3?updated=1707492789,7d9a4610-9673-0137-4052-0acc26574db2,da835275-186c-4e85-8081-53fdaec0ed0b
"2024-03-16 22:00:06",played,,,,,3212,3212,,,,21a009b5-702e-4839-981f-b483875a6aa3
"2024-03-16 22:00:06",played,,,,,2733,2733,,,,36763793-6ba3-4b85-a6e2-a5f0ba6c788b
"2024-03-25 19:26:37",played,,,,,1689,1689,,,,a640b4b9-5cde-45f7-8d0f-06692b706429
"2024-04-29 22:59:04",played,,,,,3306,3306,,,,e1277c3e-b9c2-4077-ace9-96e69b115a90
"2024-06-15 09:42:17",played,"526. No Such Thing As An Angry Banana","No Such Thing As A Fish - Club Fish (via Patreon)","No Such Thing As A Fish","2024-04-12 00:05:01",3236,3236,,https://c10.patreonusercontent.com/4/patreon-media/p/post/102001508/92ef32597030417ea5182cbc9ebac080/eyJhIjoxLCJpc19hdWRpbyI6MSwicCI6MX0%3D/1.mp3?token-hash=eC_K99WANx4BkBWK8XFSiozkUx1Kll6QfScO82eAUx4%3D&token-time=1755043200,161a2a80-1b72-013c-f610-0acc26574db2,e8a36cf3-f734-47e5-9f64-edc05bd97b4c
"2024-07-28 17:45:17",in-progress,"Our 2024 Belgian GP predictions","P1 with Matt and Tommy",Stak,"2024-07-25 15:17:25",1716,0,,https://sphinx.acast.com/p/open/s/63e24225436c36001119fc66/e/66a25e7522781665a99ddef7/media.mp3,b5dfd840-8a8f-013b-f2f5-0acc26574db2,5aa65a58-8428-4969-9b84-6538f3256eed
"2024-07-28 17:45:17",in-progress,"Reaction to Belgian GP qualifying","P1 with Matt and Tommy",Stak,"2024-07-27 17:26:55",1483,215,,https://sphinx.acast.com/p/open/s/63e24225436c36001119fc66/e/66a51fd030d20f0a5f23d799/media.mp3,b5dfd840-8a8f-013b-f2f5-0acc26574db2,8bf1ab95-1b99-422b-8590-3398156fcdb5
"2024-07-28 17:45:17",in-progress,"Reaction to Belgian GP practice","P1 with Matt and Tommy",Stak,"2024-07-26 18:35:11",1465,0,,https://sphinx.acast.com/p/open/s/63e24225436c36001119fc66/e/66a3de506208aa89fe8a62fb/media.mp3,b5dfd840-8a8f-013b-f2f5-0acc26574db2,ed5b1968-2f40-420c-ade7-ea19b5bd12a4
"2024-07-29 09:15:53",in-progress,"Belgian GP Race Review","P1 with Matt and Tommy",Stak,"2024-07-28 17:57:58",4024,0,,https://sphinx.acast.com/p/open/s/63e24225436c36001119fc66/e/66a6789672497b6115b8deeb/media.mp3,b5dfd840-8a8f-013b-f2f5-0acc26574db2,b744efdb-4411-478d-9241-45e632f82a60
"2024-07-29 12:27:19",played,"540. No Such Thing As The Three Gorgeous Dams","No Such Thing As A Fish - Club Fish (via Patreon)","No Such Thing As A Fish","2024-07-19 00:05:01",3646,3646,,https://c10.patreonusercontent.com/4/patreon-media/p/post/108368605/41d961fb7f284e6882c7746906415aba/eyJhIjoxLCJpc19hdWRpbyI6MSwicCI6MX0%3D/1.mp3?token-hash=SHQ-qdiEA2eeDEqwGOF5tXm-6_jyHtar3NYCwcTwNC4%3D&token-time=1755043200,161a2a80-1b72-013c-f610-0acc26574db2,ac925e46-de20-432d-be11-ecb62815db1d
"2024-08-21 14:47:49",in-progress,"Bonus: Drop Us A Line - August 2024","No Such Thing As A Fish - Club Fish (via Patreon)","No Such Thing As A Fish","2024-08-20 14:00:12",1735,1735,,https://c10.patreonusercontent.com/4/patreon-media/p/post/110445781/b8c3284bfb494affaacf17e8a469f5d6/eyJhIjoxLCJpc19hdWRpbyI6MSwicCI6MX0%3D/1.mp3?token-hash=LGADWjBYLouMtTnhfByj8j26DhuhQ41Yg_fVFX9itSY%3D&token-time=1755043200,161a2a80-1b72-013c-f610-0acc26574db2,3e53ea61-282a-4134-ae26-fbafd0a9a08b
"2024-12-03 18:25:38",in-progress,"Mexico City GP Race Review","P1 with Matt and Tommy",Stak,"2024-10-27 23:56:51",3052,0,,https://sphinx.acast.com/p/open/s/63e24225436c36001119fc66/e/671ed3432a0f79a144ebe6a6/media.mp3,b5dfd840-8a8f-013b-f2f5-0acc26574db2,16204e23-02af-494b-91a9-4be4bb5f4e1b
"2024-12-03 18:25:45",in-progress,"Las Vegas GP Driver Ratings: F1-to-10","P1 with Matt and Tommy",Stak,"2024-11-26 05:00:49",3190,448,,https://sphinx.acast.com/p/open/s/63e24225436c36001119fc66/e/674480bfd5818c4c59f8b923/media.mp3,b5dfd840-8a8f-013b-f2f5-0acc26574db2,e0fe7823-f8c1-46cc-8ba8-773440c3ca4a
"2024-12-03 18:25:47",in-progress,"US GP Driver Ratings: F1-to-10","P1 with Matt and Tommy",Stak,"2024-10-21 20:18:32",3249,17,,https://sphinx.acast.com/p/open/s/63e24225436c36001119fc66/e/6716a86983ac9fccac7f7b18/media.mp3,b5dfd840-8a8f-013b-f2f5-0acc26574db2,690647b0-c95b-4024-870d-bfd9ab5463f9
"2024-12-03 18:25:48",in-progress,"Our 2024 mid-season F1 Driver Ratings: P10 to P1","P1 with Matt and Tommy",Stak,"2024-08-12 05:00:02",2178,414,,https://sphinx.acast.com/p/open/s/63e24225436c36001119fc66/e/66b9407a8443e670a6b7f1b7/media.mp3,b5dfd840-8a8f-013b-f2f5-0acc26574db2,4a45033b-5876-4357-850a-1d868e9b8362
"2024-12-06 00:17:48",in-progress,"Full Site Editing and Ollie with Mike McAlister",,,"2024-11-26 22:54:49",2288,2288,,https://webmasters.fm/podcast-download/39/full-site-editing-and-ollie-with-mike-mcalister.mp3,2bb75a00-8b5c-013d-f775-0e51c9cdac59,c2c8e654-80a2-4c2d-83fb-306459adc8fb
"2024-12-06 00:40:18",in-progress,,,,,4062,4062,,,,89c6a206-b150-44b6-8f3c-e6bb40bb8206
"2024-12-06 01:54:08",in-progress,,,,,4426,4426,,,,ab21776c-1b08-4998-ad98-37feb4499e8f
"2024-12-06 01:57:03",in-progress,,,,,1407,165,,,,ab449c0b-6e46-4055-a0a8-9e078bc70ff2
"2024-12-09 19:56:34",in-progress,"122,667 miles","Lateral with Tom Scott","Tom Scott and David Bodycombe","2024-03-08 15:15:00",2626,2626,,https://traffic.megaphone.fm/PAD4990067934.mp3?updated=1709694922,7073c8a0-29b8-013b-ef68-0acc26574db2,3a5b02a7-fd17-4556-a322-77ba13dfb53b
"2025-01-06 09:24:11",played,"Gutenberg on High-stakes Sites and Core Roadmaps with Fabian Kägy",,,"2024-12-04 14:42:24",2395,2395,,https://webmasters.fm/podcast-download/125/gutenberg-on-high-stakes-sites-and-core-roadmaps-with-fabian-kagy.mp3,2bb75a00-8b5c-013d-f775-0e51c9cdac59,cb4f673a-d2f3-414c-ae2b-6fecbd16b996
"2025-01-06 09:24:11",in-progress,"Our 2024 F1 Driver Ratings: P12–P1","P1 with Matt and Tommy",Stak,"2024-12-23 05:00:25",2456,2456,,https://sphinx.acast.com/p/open/s/63e24225436c36001119fc66/e/6760315564b31a647986c32e/media.mp3,b5dfd840-8a8f-013b-f2f5-0acc26574db2,a3b09569-419c-48d6-81f7-1f6fb931cf41
"2025-02-11 18:03:46",played,"No Such Thing As Radioactive Jenga","No Such Thing As A Fish - Club Fish (via Patreon)","No Such Thing As A Fish","2024-09-13 00:05:01",3294,3294,,https://c10.patreonusercontent.com/4/patreon-media/p/post/111920541/3e436744f02d4dfab56caa374ed3bbb9/eyJhIjoxLCJpc19hdWRpbyI6MSwicCI6MX0%3D/1.mp3?token-hash=lBS7L-5uNfYDQ17mL1GZsEx9_bPi_FyR2_j_5Uija7U%3D&token-time=1755043200,161a2a80-1b72-013c-f610-0acc26574db2,cc325e85-b4ba-4169-b113-379de96a27cc
"2025-02-11 18:03:50",played,,,,,1614,39,,,,ef6f7431-862b-48c7-a22d-381ecd575437
"2025-02-11 18:03:51",played,,,,,,16,,,,0359f0ef-3d3c-4e46-b087-48bbb701ea83
"2025-02-11 18:03:58",played,"Nothing 2a See Here!","Waveform: The MKBHD Podcast",MKBHD,"2024-02-16 09:01:00",5369,3727,,https://www.podtrac.com/pts/redirect.mp3/pdst.fm/e/pscrb.fm/rss/p/mgln.ai/e/257/traffic.megaphone.fm/VMP4424307903.mp3?updated=1708050929,7d9a4610-9673-0137-4052-0acc26574db2,12a6e0f6-c623-47c1-b4ee-2db949dedf0b
"2025-02-11 18:04:01",in-progress,,,,,4380,3895,,,,2580f036-e2e9-4c84-9a62-ba188a45e67a
"2025-02-11 18:05:49",played,,,,,3577,3577,,,,1145172a-07e6-4789-a5ba-9ccb6faf9b9f
"2025-02-11 18:05:49",played,"Our 2024 Mexico City GP predictions","P1 with Matt and Tommy",Stak,"2024-10-24 16:02:44",1256,1256,,https://sphinx.acast.com/p/open/s/63e24225436c36001119fc66/e/671a6fc3af78fefdd115e58d/media.mp3,b5dfd840-8a8f-013b-f2f5-0acc26574db2,119edf5d-fe07-4b29-83ee-90c10088aaa8
"2025-02-11 18:05:49",played,"Hungarian GP Driver Ratings: F1-to-10","P1 with Matt and Tommy",Stak,"2024-07-23 22:33:34",2864,2864,,https://sphinx.acast.com/p/open/s/63e24225436c36001119fc66/e/66a021aeb8ba2ed908345370/media.mp3,b5dfd840-8a8f-013b-f2f5-0acc26574db2,25f3dfb8-4661-4418-9315-3dd3f52b4e19
"2025-02-11 18:05:49",played,"Our predictions for the 2025 F1 grid","P1 with Matt and Tommy",Stak,"2024-06-14 13:00:05",2163,2163,,https://sphinx.acast.com/p/open/s/63e24225436c36001119fc66/e/666b0dd2fc8fc300123b58b6/media.mp3,b5dfd840-8a8f-013b-f2f5-0acc26574db2,5d58e997-432e-4481-b28c-8f44d34c1cb7
"2025-02-11 18:05:49",played,"US GP Race Review","P1 with Matt and Tommy",Stak,"2024-10-21 00:03:40",3048,3048,,https://sphinx.acast.com/p/open/s/63e24225436c36001119fc66/e/67158c4dbcdb5585a34dfae6/media.mp3,b5dfd840-8a8f-013b-f2f5-0acc26574db2,7c5abdbd-0c21-446c-bd44-77546b74b4d7
"2025-02-11 18:05:49",played,,,,,2720,2720,,,,98dfd6c0-5fd3-4acb-a4f8-c499affca452
"2025-02-11 18:05:49",played,"Introducing: Football Ramble | Euro 2024 Preview","P1 with Matt and Tommy",Stak,"2024-06-14 05:00:31",3090,3090,,https://sphinx.acast.com/p/open/s/63e24225436c36001119fc66/e/666b2052fc8fc300123d87ab/media.mp3,b5dfd840-8a8f-013b-f2f5-0acc26574db2,f6672e5e-9c05-4b75-93d4-36c8184d9823
"2025-03-19 03:14:18",played,,,,,1787,1787,,,,0b5cbe22-4904-4316-aada-a7221d4c35a5
"2025-03-19 03:14:18",played,"Navigating Accessibility Challenges in Web Development","General Musings with Kevin Powell","Kevin Powell","2025-02-07 15:00:00",886,886,,https://api.riverside.com/hosting-analytics/media/293c3fdf155af0b1e97866a2eaf594cc153c3c4c3a9bdcd5472e54073c0c7523/eyJlcGlzb2RlSWQiOiI2OTY4OGJhZS1mOThmLTQzYmYtOWQzYy04MzQ2NDRmMjEwY2QiLCJwb2RjYXN0SWQiOiI0YWZmNWZjOC04MDNjLTQ5MWUtOWVmZC1jMjg0YzkzODdkYTkiLCJhY2NvdW50SWQiOiI2MDkzNDdiMTc2MjEyNjAwMDNlZTkzMWYiLCJwYXRoIjoibWVkaWEvaW1wb3J0cy9wb2RjYXN0cy80YWZmNWZjOC04MDNjLTQ5MWUtOWVmZC1jMjg0YzkzODdkYTkvZXBpc29kZXMvNjk2ODhiYWUtZjk4Zi00M2JmLTlkM2MtODM0NjQ0ZjIxMGNkL2ZmMmIxMjIzLTAzZWQtNDhmMS1hN2YzLTM3ZjgwNmRhOWE0MS5tcDMifQ==.mp3,06871000-1fff-013c-f628-0acc26574db2,13cdead0-fc0f-48ff-9d3f-a557baf979dc
"2025-03-19 03:14:18",played,,,,,,800,,,,5f218440-b8c4-4457-ae3e-a3f7f50cf324
"2025-03-19 03:14:18",played,"Teaching Front-end, making sense of CSS, and more with Josh Comeau","General Musings with Kevin Powell","Kevin Powell","2025-02-14 14:00:00",2976,2976,,https://api.riverside.com/hosting-analytics/media/d25185bbc1bfcce03360e13c4474694127fd005c3021fd27bf6c879cf6104abb/eyJlcGlzb2RlSWQiOiJlODc2NGI1My04M2JiLTQ3N2UtODIzZi00NmZlYWRhYjIyYjAiLCJwb2RjYXN0SWQiOiI0YWZmNWZjOC04MDNjLTQ5MWUtOWVmZC1jMjg0YzkzODdkYTkiLCJhY2NvdW50SWQiOiI2MDkzNDdiMTc2MjEyNjAwMDNlZTkzMWYiLCJwYXRoIjoibWVkaWEvaW1wb3J0cy9wb2RjYXN0cy80YWZmNWZjOC04MDNjLTQ5MWUtOWVmZC1jMjg0YzkzODdkYTkvZXBpc29kZXMvZTg3NjRiNTMtODNiYi00NzdlLTgyM2YtNDZmZWFkYWIyMmIwLzM3NThlYzFkLTc0ZmMtNDk2NC1iMjlhLTc0NzcyMDI4NzE0My5tcDMifQ==.mp3,06871000-1fff-013c-f628-0acc26574db2,956c88fb-7844-4727-a455-8ce3ae0033a4
"2025-03-19 03:14:18",played,,,,,,791,,,,dc27bb15-c7fb-4042-9700-a937d0bea2ee
"2025-03-19 03:14:18",played,"Bonus: Drop Us A Line - July 2024","No Such Thing As A Fish - Club Fish (via Patreon)","No Such Thing As A Fish","2024-07-23 00:05:00",1878,1878,,https://c10.patreonusercontent.com/4/patreon-media/p/post/108612477/751af308ff6d44d2bf7fd690ae505c30/eyJhIjoxLCJpc19hdWRpbyI6MSwicCI6MX0%3D/1.mp3?token-hash=LbNC7dDetShK8VyDM7czKLWitXlktm7W_r2ENWxfK4A%3D&token-time=1755043200,161a2a80-1b72-013c-f610-0acc26574db2,13e6764b-0980-49e2-ba63-a347eb0e47d9
"2025-03-19 03:14:18",played,"Bonus - Fish Breakfast Club - Episode 1","No Such Thing As A Fish - Club Fish (via Patreon)","No Such Thing As A Fish","2024-11-26 00:01:01",1787,1787,,https://c10.patreonusercontent.com/4/patreon-media/p/post/116681174/6f417ac4968a45daab68b1062f7f67d7/eyJhIjoxLCJpc19hdWRpbyI6MSwicCI6MX0%3D/1.mp3?token-hash=R2JrGgT1tbCNkbarTf-HQOW_gg3JR0XovBA6biRM4fM%3D&token-time=1755043200,161a2a80-1b72-013c-f610-0acc26574db2,18fe4675-adcd-49b7-9757-a83d046934b2
"2025-03-19 03:14:18",played,"541. No Such Thing As A Sycamore In A Silver Coat","No Such Thing As A Fish - Club Fish (via Patreon)","No Such Thing As A Fish","2024-07-26 00:05:00",3362,3362,,https://c10.patreonusercontent.com/4/patreon-media/p/post/108805100/5edcac14428541d3bd7e2ec35f7f45d8/eyJhIjoxLCJpc19hdWRpbyI6MSwicCI6MX0%3D/1.mp3?token-hash=SlVmAEGYCdtdVDCNDIh6ruJgyvfVxud2mJ94G5g7YzA%3D&token-time=1755043200,161a2a80-1b72-013c-f610-0acc26574db2,2a4ed716-8822-460f-a337-c52044773ea8
"2025-03-19 03:14:18",played,"555. No Such Thing As Catherine Of Croydon","No Such Thing As A Fish - Club Fish (via Patreon)","No Such Thing As A Fish","2024-11-01 00:01:00",3072,3072,,https://c10.patreonusercontent.com/4/patreon-media/p/post/114955107/46a32f03850a4d61a38855eb03b5c89d/eyJhIjoxLCJpc19hdWRpbyI6MSwicCI6MX0%3D/1.mp3?token-hash=-JVYOCr4cwRLLPweK-BCkHRbw8Az_G2drc9_ez0wuCY%3D&token-time=1755043200,161a2a80-1b72-013c-f610-0acc26574db2,33184917-4e1e-4442-9aea-3405f07ce3d9
"2025-03-19 03:14:18",played,"564. No Such Thing As Water Floating On Water","No Such Thing As A Fish - Club Fish (via Patreon)","No Such Thing As A Fish","2025-01-03 00:01:00",2757,2757,,https://c10.patreonusercontent.com/4/patreon-media/p/post/118291576/3ae6442ae83d4ccbbbdc8df168f97e6c/eyJhIjoxLCJpc19hdWRpbyI6MSwicCI6MX0%3D/1.mp3?token-hash=eu0a9Gz6NBh-eLjcPSzCPAO8IKBL6bPIKm1Fnl_cwX0%3D&token-time=1755043200,161a2a80-1b72-013c-f610-0acc26574db2,3c2aff19-6ad7-4a7c-a78a-314ab4c94317
"2025-03-19 03:14:18",played,"558. No Such Thing As A Boomerang Shaped Spaceship","No Such Thing As A Fish - Club Fish (via Patreon)","No Such Thing As A Fish","2024-11-22 00:05:00",2889,2889,,https://c10.patreonusercontent.com/4/patreon-media/p/post/116443336/d48da6cda0e84efaa16c9ffffa39d852/eyJhIjoxLCJpc19hdWRpbyI6MSwicCI6MX0%3D/1.mp3?token-hash=qr2S9LWlIFCQKIgG98hV0Z0qRJXbiH4DcXP6m26UkH8%3D&token-time=1755043200,161a2a80-1b72-013c-f610-0acc26574db2,5b8f5c41-e45c-4362-83a2-80988879922c
"2025-03-19 03:14:18",played,"574. No Such Thing As Pyramids in Johannesburg","No Such Thing As A Fish - Club Fish (via Patreon)","No Such Thing As A Fish","2025-03-14 00:01:01",3527,3527,,https://c10.patreonusercontent.com/4/patreon-media/p/post/124280146/18d1d7ff390f45c1aaf059cba64c1c76/eyJhIjoxLCJpc19hdWRpbyI6MSwicCI6MX0%3D/1.mp3?token-hash=L0XXKzs9-jkMgZ9hW7AlivFHWq5Oo7_ImNBWGcSRIsg%3D&token-time=1755043200,161a2a80-1b72-013c-f610-0acc26574db2,a2e2d760-f39d-45d4-b822-41629dabeb2c
"2025-03-19 03:14:18",played,"We Discovered a Better Way to Sit | Ear Biscuits","Ear Biscuits with Rhett & Link",Mythical,"2024-07-22 09:00:00",2046,2046,,https://pdst.fm/e/tracking.swap.fm/track/v9Uiw3bGr54f6BVZKSyc/pscrb.fm/rss/p/serve.castfire.com/audio/8280327/8280327_2026-04-17-210527.192.mp3?rssID=6345,6435f950-1afc-0131-6ed5-723c91aeae46,ac7e9bc4-d1a4-4b8e-b616-24a19e0b62b5
"2025-03-19 03:14:18",played,"BNI 723: Business Matters 107 -  A New CEO! How Long for Change?","BNI & The Power of One","Tim Roberts","2024-07-24 08:00:00",965,965,,https://dts.podtrac.com/redirect.mp3/traffic.libsyn.com/secure/bnipodcast/BNI_723_-_BM_107_-_New_CEO_-_How_Long_for_Change.mp3?dest-id=196481,6cc32550-ddf3-0131-8877-5f4c86fd3263,c63c7293-01b9-4ad8-8b68-1712b033d5f1
"2025-03-19 03:14:18",played,"Unused toy boats","Lateral with Tom Scott","Tom Scott and David Bodycombe","2024-10-11 05:00:00",2535,2535,,https://traffic.megaphone.fm/PAD3256425409.mp3?updated=1727391417,7073c8a0-29b8-013b-ef68-0acc26574db2,330ae9e1-dd7d-481d-a8e7-a71c5be86d40
"2025-03-19 03:14:18",played,"The life-changing drink","Lateral with Tom Scott","Tom Scott and David Bodycombe","2024-11-22 05:00:00",2415,2415,,https://traffic.megaphone.fm/PAD1863995134.mp3?updated=1731023276,7073c8a0-29b8-013b-ef68-0acc26574db2,40ca51a7-fdd3-472c-8211-2aa7e429d69c
"2025-03-19 03:14:18",played,"Jane 'C'eymour","Lateral with Tom Scott","Tom Scott and David Bodycombe","2025-02-07 05:00:00",2386,2386,,https://traffic.megaphone.fm/PAD4773549154.mp3?updated=1738045461,7073c8a0-29b8-013b-ef68-0acc26574db2,955b84e2-a103-4cd6-a582-3f369c603154
"2025-03-19 03:14:18",played,"The empty pizza box","Lateral with Tom Scott","Tom Scott and David Bodycombe","2024-07-26 05:00:00",2774,2774,,https://traffic.megaphone.fm/PAD8324883973.mp3?updated=1721301056,7073c8a0-29b8-013b-ef68-0acc26574db2,ba4c4042-7938-4cbb-a420-fcdc599fa6a4
"2025-03-19 03:14:18",played,"Deliberately faulty rulers","Lateral with Tom Scott","Tom Scott and David Bodycombe","2024-04-12 15:15:00",2615,2615,,https://traffic.megaphone.fm/PAD5856360302.mp3?updated=1711848491,7073c8a0-29b8-013b-ef68-0acc26574db2,be3dcb5e-6859-4e7e-affd-c68e418dee81
"2025-03-19 03:14:18",played,"Sneakily statutory statues","Lateral with Tom Scott","Tom Scott and David Bodycombe","2024-04-05 15:15:00",2764,2748,,https://traffic.megaphone.fm/PAD9446738257.mp3?updated=1712310746,7073c8a0-29b8-013b-ef68-0acc26574db2,cbef5fe2-c890-4426-b828-e36cfe9dde20
"2025-03-19 03:14:18",played,"Driving in both lanes","Lateral with Tom Scott","Tom Scott and David Bodycombe","2024-11-29 05:00:00",2587,2587,,https://traffic.megaphone.fm/PAD6500946579.mp3?updated=1731023252,7073c8a0-29b8-013b-ef68-0acc26574db2,e05b0c11-a932-4454-a754-34572790b866
"2025-03-19 03:14:18",played,"Political proofs","Lateral with Tom Scott","Tom Scott and David Bodycombe","2024-07-19 05:00:00",2934,2934,,https://traffic.megaphone.fm/PAD7953604197.mp3?updated=1720477608,7073c8a0-29b8-013b-ef68-0acc26574db2,e802ca76-61b3-471f-b85a-a926d7cbbc73
"2025-03-19 03:14:18",played,"Move Fast and Break Terms of Service","Waveform: The MKBHD Podcast",MKBHD,"2024-07-19 09:00:00",5711,5711,,https://www.podtrac.com/pts/redirect.mp3/pdst.fm/e/pscrb.fm/rss/p/mgln.ai/e/257/traffic.megaphone.fm/VMP6730039784.mp3?updated=1721358903,7d9a4610-9673-0137-4052-0acc26574db2,aa38eed0-3c0c-4df4-97c1-ffd8f5952837
"2025-03-19 03:14:18",played,"Would You Watch YouTube at 4x Speed?","Waveform: The MKBHD Podcast",MKBHD,"2025-02-07 09:00:00",4688,4688,,https://www.podtrac.com/pts/redirect.mp3/pdst.fm/e/pscrb.fm/rss/p/mgln.ai/e/257/traffic.megaphone.fm/VMP9249331456.mp3?updated=1738940461,7d9a4610-9673-0137-4052-0acc26574db2,d810b249-9de0-4bbd-a361-1932b2e227af
"2025-03-19 08:56:12",played,"570. No Such Thing As Clay Valentines Cards","No Such Thing As A Fish - Club Fish (via Patreon)","No Such Thing As A Fish","2025-02-13 23:55:01",2964,2964,,https://c10.patreonusercontent.com/4/patreon-media/p/post/122119367/b41d7b983db64e42b330044c8db5a37e/eyJhIjoxLCJpc19hdWRpbyI6MSwicCI6MX0%3D/1.mp3?token-hash=gzem9DzcJ8mfnnCsd1z7zvW6c-3EmNI4CE4oHBiSFfU%3D&token-time=1755043200,161a2a80-1b72-013c-f610-0acc26574db2,0b9027c0-025b-452e-8bec-e50e5b65ebe1
"2025-03-19 08:56:12",played,"Bonus - Meet The Elves (Jack Part Two)","No Such Thing As A Fish - Club Fish (via Patreon)","No Such Thing As A Fish","2025-02-17 23:55:01",1332,1332,,https://c10.patreonusercontent.com/4/patreon-media/p/post/122463506/f64456d2e19f4429a02734686d09656f/eyJhIjoxLCJpc19hdWRpbyI6MSwicCI6MX0%3D/1.mp3?token-hash=hL8eZgJ5ei9PIZN7MxWGo6_yLF43MRpS-TbzU8v87F4%3D&token-time=1755043200,161a2a80-1b72-013c-f610-0acc26574db2,b6c3fd09-b94c-402d-8c3f-2ba926922f28
"2025-03-19 08:56:12",played,"Dull white powder","Lateral with Tom Scott","Tom Scott and David Bodycombe","2025-01-03 05:00:00",2908,2908,,https://traffic.megaphone.fm/PAD8120303987.mp3?updated=1735858745,7073c8a0-29b8-013b-ef68-0acc26574db2,b6aabd61-9fb8-4fa3-b324-876650273362
"2025-03-19 08:56:12",played,"The Next iPhone and Pixel BOTH Leaked!","Waveform: The MKBHD Podcast",MKBHD,"2025-02-14 09:00:00",6135,6135,,https://www.podtrac.com/pts/redirect.mp3/pdst.fm/e/pscrb.fm/rss/p/mgln.ai/e/257/traffic.megaphone.fm/VMP8413006698.mp3?updated=1739532744,7d9a4610-9673-0137-4052-0acc26574db2,98f356c5-234d-438b-bbfb-3a4839f6684b
"2025-03-28 10:07:30",played,"The solitary seat","Lateral with Tom Scott","Tom Scott and David Bodycombe","2025-02-14 05:00:00",2989,2989,,https://traffic.megaphone.fm/PAD1246697312.mp3?updated=1738045557,7073c8a0-29b8-013b-ef68-0acc26574db2,11438b9d-9dc9-458a-a9bb-812aeef13bfc
"2025-04-07 14:18:34",played,"Tricycles that lean","Lateral with Tom Scott","Tom Scott and David Bodycombe","2024-05-31 05:00:00",2484,2484,,https://traffic.megaphone.fm/PAD6969401805.mp3?updated=1714741591,7073c8a0-29b8-013b-ef68-0acc26574db2,52dadd2e-121b-406b-91c2-c6b075681a4a
"2025-05-06 10:43:45",in-progress,"The Acquisition (Charlie Javice)",Swindled,Swindled,"2025-04-06 05:00:00",4502,3795,,https://pscrb.fm/rss/p/dts.podtrac.com/redirect.mp3/audioboom.com/posts/8899975.mp3?modified=1778107820&sid=5170514&source=rss,20eee370-ce17-0135-9e60-5bb073f92b78,e4a94bcc-dee1-4a42-ae11-1fec78da1ed7
"2025-05-06 10:43:45",played,"Rory McIlroy's (blank)","Lateral with Tom Scott","Tom Scott and David Bodycombe","2024-06-07 05:00:00",2827,2827,,https://traffic.megaphone.fm/PAD6664837337.mp3?updated=1714744332,7073c8a0-29b8-013b-ef68-0acc26574db2,4555bc6c-ef69-43cb-b298-6c24509a21be
"2025-05-20 01:04:18",in-progress,"Why Your Goals Are Making You Miserable","The Art of Accomplishment","Joe Hudson and Brett Kistler","2025-05-09 20:30:00",1787,1787,,https://afp-933324-injected.calisto.simplecastaudio.com/e83bf197-ae48-4679-bb45-5aa4369b6e74/episodes/a363cb20-c6b1-4078-b93b-fd401d4a685e/audio/128/default.mp3?aid=rss_feed&awCollectionId=e83bf197-ae48-4679-bb45-5aa4369b6e74&awEpisodeId=a363cb20-c6b1-4078-b93b-fd401d4a685e&feed=zksImfUP,01518cc0-3d01-0139-333d-0acc26574db2,f0764999-758e-436d-8475-d016b8847ab2
"2025-06-09 21:41:05",played,"How To Stop Seeking Approval","The Art of Accomplishment","Joe Hudson and Brett Kistler","2025-03-14 19:30:00",1586,1586,,https://afp-933324-injected.calisto.simplecastaudio.com/e83bf197-ae48-4679-bb45-5aa4369b6e74/episodes/60b565c0-6e01-4829-aea0-855035713f33/audio/128/default.mp3?aid=rss_feed&awCollectionId=e83bf197-ae48-4679-bb45-5aa4369b6e74&awEpisodeId=60b565c0-6e01-4829-aea0-855035713f33&feed=zksImfUP,01518cc0-3d01-0139-333d-0acc26574db2,53948fbc-5a58-4d19-a79e-66d3a8c950d2
"2025-06-09 21:41:05",played,"Manhole Easter eggs","Lateral with Tom Scott","Tom Scott and David Bodycombe","2024-06-28 05:00:00",2508,2508,,https://traffic.megaphone.fm/PAD3426527360.mp3?updated=1718285013,7073c8a0-29b8-013b-ef68-0acc26574db2,774b6bf0-4bb7-46a9-ab34-59c3b8d96660
"2025-06-09 21:41:05",played,"Rolling a 7","Lateral with Tom Scott","Tom Scott and David Bodycombe","2024-06-14 05:00:00",2560,2560,,https://traffic.megaphone.fm/PAD2303403199.mp3?updated=1718132773,7073c8a0-29b8-013b-ef68-0acc26574db2,9077e5de-b0a3-409d-808a-5717f0c7e72f
"2025-06-09 21:41:05",played,"A secret base, revealed","Lateral with Tom Scott","Tom Scott and David Bodycombe","2024-07-05 05:00:00",2828,2827,,https://traffic.megaphone.fm/PAD8106278387.mp3?updated=1719440779,7073c8a0-29b8-013b-ef68-0acc26574db2,a0a84ed1-ea6c-40f1-bebc-70193cb82a47
"2025-06-09 21:41:05",played,"Smashing products","Lateral with Tom Scott","Tom Scott and David Bodycombe","2024-06-21 05:00:00",2435,2435,,https://traffic.megaphone.fm/PAD3766197822.mp3?updated=1717204297,7073c8a0-29b8-013b-ef68-0acc26574db2,eefd515d-83f7-49db-b4c2-97a0141994de
"2025-06-18 14:57:33",played,"Inverted guitars","Lateral with Tom Scott","Tom Scott and David Bodycombe","2024-07-12 05:00:00",2765,2765,,https://traffic.megaphone.fm/PAD7527204727.mp3?updated=1719578444,7073c8a0-29b8-013b-ef68-0acc26574db2,4b59fcce-db8c-4f60-a68a-08c14755e359
"2025-07-14 06:37:44",played,"The king of everywhere","Lateral with Tom Scott","Tom Scott and David Bodycombe","2024-08-09 05:00:00",2828,2828,,https://traffic.megaphone.fm/PAD7501888613.mp3?updated=1721859328,7073c8a0-29b8-013b-ef68-0acc26574db2,40f1bb1e-f9f7-4796-b20f-88967352c64c
"2025-07-19 09:39:18",played,"Painting the shark","Lateral with Tom Scott","Tom Scott and David Bodycombe","2024-09-06 05:00:00",2702,2702,,https://traffic.megaphone.fm/PAD7122273829.mp3?updated=1724110739,7073c8a0-29b8-013b-ef68-0acc26574db2,4373a556-05b4-4cce-af31-83e9383a49a2
"2025-07-19 09:39:18",played,"65 luggage bags","Lateral with Tom Scott","Tom Scott and David Bodycombe","2024-08-23 05:00:00",2740,2740,,https://traffic.megaphone.fm/PAD6803209822.mp3?updated=1723072574,7073c8a0-29b8-013b-ef68-0acc26574db2,66b435f3-53c2-48ee-85a4-88a71bce4ac7
"2025-07-19 09:39:18",played,"Mexican Robocop","Lateral with Tom Scott","Tom Scott and David Bodycombe","2024-08-16 05:00:00",2788,2788,,https://traffic.megaphone.fm/PAD1455324687.mp3?updated=1722560246,7073c8a0-29b8-013b-ef68-0acc26574db2,77095859-b756-48a2-b2e6-da6105a997a3
"2025-07-19 09:39:18",played,"Anti-stress vending machines","Lateral with Tom Scott","Tom Scott and David Bodycombe","2024-08-30 05:00:00",2257,2257,,https://traffic.megaphone.fm/PAD2838655453.mp3?updated=1724950910,7073c8a0-29b8-013b-ef68-0acc26574db2,7b6c334e-d945-43b8-87b4-d0f9b438399e
"2025-07-22 21:44:05",played,"George Washington and boxing","Lateral with Tom Scott","Tom Scott and David Bodycombe","2024-09-13 05:00:00",2677,2677,,https://traffic.megaphone.fm/PAD7555392160.mp3?updated=1724337352,7073c8a0-29b8-013b-ef68-0acc26574db2,3b926934-6569-4391-804d-917a6d9e9320
"2025-07-22 21:44:05",played,"The First Steps to Reducing Your Anxiety with author Mel Robbins","A Bit of Optimism","Simon Sinek","2025-01-14 08:00:00",3275,3275,,https://episode.flightcast.com/skeniirc3toyfe6fbzmfs78t.mp3,f384cdb0-81cb-0138-ee1c-0acc26574db2,ea950175-2768-4548-ae6b-cc8f76a8c3e1
"2025-08-13 17:58:04",played,"A greengrocer's book","Lateral with Tom Scott","Tom Scott and David Bodycombe","2024-09-20 05:00:00",2598,2598,,https://traffic.megaphone.fm/PAD9306573062.mp3?updated=1726568123,7073c8a0-29b8-013b-ef68-0acc26574db2,dd074a19-2a8f-4195-a476-4f9efa08b3aa
"2025-08-15 06:23:34",played,"Why the 2025 F1 car launches will be… weird","P1 with Matt and Tommy",Stak,"2025-02-10 05:00:00",1676,1240,,https://sphinx.acast.com/p/open/s/63e24225436c36001119fc66/e/67a6612b9c6f7f7f28edbd6c/media.mp3,b5dfd840-8a8f-013b-f2f5-0acc26574db2,f385635b-f4f8-4d83-948a-a2dc88b27d09
"2025-08-15 06:23:36",played,"Spurs’ Injury Excuses & Roy’s Emotional United Exit | Stick to Football EP 70","Stick to Football","The Overlap","2025-02-13 05:00:00",4757,1056,,https://sphinx.acast.com/p/open/s/65118b05e7b19e00113ac2c0/e/67ab451d9c6f7f7f28ee365f/media.mp3,090a5fe0-3edc-013c-f6d4-0acc26574db2,3f02cd0a-bcf9-4de1-be5d-43d309a7c196
"2025-08-15 06:23:47",played,"Musical fly swatters","Lateral with Tom Scott","Tom Scott and David Bodycombe","2024-08-02 05:00:00",2744,2744,,https://traffic.megaphone.fm/PAD8547061054.mp3?updated=1721426015,7073c8a0-29b8-013b-ef68-0acc26574db2,29337dd1-169a-4ba2-8d29-3177803e55a0
"2025-08-15 06:49:41",played,"The cow's jaw","Lateral with Tom Scott","Tom Scott and David Bodycombe","2025-03-21 05:00:00",2979,2978,,https://traffic.megaphone.fm/PAD3770939440.mp3?updated=1741487170,7073c8a0-29b8-013b-ef68-0acc26574db2,1ec2b566-014e-4b90-8933-10227a59a120
"2025-08-18 17:51:00",played,"Bonus Compilation - June 2025","No Such Thing As A Fish - Club Fish (via Patreon)","No Such Thing As A Fish","2025-06-24 00:01:02",2420,2420,,https://c10.patreonusercontent.com/4/patreon-media/p/post/132097606/9f5f911cd2914a5c96d2f1cdc0306115/eyJhIjoxLCJpc19hdWRpbyI6MSwicCI6MX0%3D/1.mp3?token-hash=ngeJIYOnKUPzrslV_-l_gZJP9CpElMMCsnte7A9ifJk%3D&token-time=1755561600,161a2a80-1b72-013c-f610-0acc26574db2,0b8a0e31-1809-4535-bfbc-88269d9694dc
"2025-08-18 17:51:00",played,"Tuvalu's lost star","Lateral with Tom Scott","Tom Scott and David Bodycombe","2025-06-13 05:00:00",2881,2881,,https://traffic.megaphone.fm/PAD7096611244.mp3?updated=1749772465,7073c8a0-29b8-013b-ef68-0acc26574db2,521a9208-86b1-4e67-8913-8684195ab0da
"2025-08-18 17:51:00",played,"Shooting a finger gun","Lateral with Tom Scott","Tom Scott and David Bodycombe","2025-03-28 05:00:00",2962,2962,,https://traffic.megaphone.fm/PAD9681232825.mp3?updated=1741819038,7073c8a0-29b8-013b-ef68-0acc26574db2,a7e8ec8a-486e-4164-91af-f22484365c30
"2025-08-18 17:51:00",played,"The Brilliance of Boredom with creative polymath Elle Cordova","A Bit of Optimism","Simon Sinek","2025-08-12 08:00:00",3922,3922,,https://episode.flightcast.com/qac5za14s8dp2mm85rdv60ue.mp3,f384cdb0-81cb-0138-ee1c-0acc26574db2,c6dd1a93-54ff-4ccb-bbba-a80508e8b30b
"2025-08-27 18:50:20",played,"Let's visit Greenland!","Lateral with Tom Scott","Tom Scott and David Bodycombe","2025-07-11 05:00:00",3006,3006,,https://traffic.megaphone.fm/PAD9460356563.mp3?updated=1752189576,7073c8a0-29b8-013b-ef68-0acc26574db2,4557cc44-870e-4ced-a35c-8d599d97068e
"2025-11-17 12:43:35",played,"The wooden cat","Lateral with Tom Scott","Tom Scott and David Bodycombe","2025-07-18 05:00:00",2888,2888,,https://traffic.megaphone.fm/PAD2763737541.mp3?updated=1752795574,7073c8a0-29b8-013b-ef68-0acc26574db2,442873fe-7384-412b-8c12-9b6ce53fedf9
"2025-11-24 19:15:15",played,"The Secret to Stopping Fear & Creating the Future You Want with Shonda Rhimes","The Mel Robbins Podcast","Mel Robbins","2025-11-10 05:05:00",5010,5010,,https://dts.podtrac.com/redirect.mp3/pdst.fm/e/stitcher.simplecastaudio.com/b9de9f5f-6dab-4833-b4c2-05f1d28dd998/episodes/bc0cbe15-7146-4f0b-ae18-a913f9873c39/audio/128/default.mp3?aid=rss_feed&awCollectionId=b9de9f5f-6dab-4833-b4c2-05f1d28dd998&awEpisodeId=bc0cbe15-7146-4f0b-ae18-a913f9873c39&feed=UCwaTX1J,7c93f660-1beb-013b-05d4-0acc26574db2,a7eb65f9-45c7-4f9e-8ba8-4ea7cd70c107
"2025-11-26 14:57:18",played,"How to Get Things Done, Stay Focused, and Be More Productive","The Mel Robbins Podcast","Mel Robbins","2025-09-04 05:05:00",4866,4866,,https://dts.podtrac.com/redirect.mp3/pdst.fm/e/stitcher.simplecastaudio.com/b9de9f5f-6dab-4833-b4c2-05f1d28dd998/episodes/f2a304b4-a6fc-49ac-8425-e6a6977cd724/audio/128/default.mp3?aid=rss_feed&awCollectionId=b9de9f5f-6dab-4833-b4c2-05f1d28dd998&awEpisodeId=f2a304b4-a6fc-49ac-8425-e6a6977cd724&feed=UCwaTX1J,7c93f660-1beb-013b-05d4-0acc26574db2,901cb7c6-80c3-4b35-a2fc-3404e58052bd
"2025-12-03 18:43:13",played,"World Leading Therapist: Why You Feel Stuck in Life & How to Get Unstuck","The Mel Robbins Podcast","Mel Robbins","2025-11-24 05:05:00",5591,5591,,https://dts.podtrac.com/redirect.mp3/pdst.fm/e/stitcher.simplecastaudio.com/b9de9f5f-6dab-4833-b4c2-05f1d28dd998/episodes/c937f04d-3b24-4dc8-8551-dd17df8361f7/audio/128/default.mp3?aid=rss_feed&awCollectionId=b9de9f5f-6dab-4833-b4c2-05f1d28dd998&awEpisodeId=c937f04d-3b24-4dc8-8551-dd17df8361f7&feed=UCwaTX1J,7c93f660-1beb-013b-05d4-0acc26574db2,a612c7e4-fb1e-4d31-b20f-bedc31214683
"2025-12-06 10:54:57",played,"Donut security","Lateral with Tom Scott","Tom Scott and David Bodycombe","2025-12-05 05:00:00",2759,2759,,https://traffic.megaphone.fm/PAD9481636572.mp3?updated=1764894973,7073c8a0-29b8-013b-ef68-0acc26574db2,1d5a688c-1271-4915-8261-5321284d864f
"2025-12-06 10:54:57",played,"The user un-friendly library","Lateral with Tom Scott","Tom Scott and David Bodycombe","2024-05-10 05:00:00",2646,2646,,https://traffic.megaphone.fm/PAD8551496901.mp3?updated=1713544455,7073c8a0-29b8-013b-ef68-0acc26574db2,3d26559f-9f6f-487e-833f-2b07e5cfb2cf
"2025-12-06 10:54:57",played,"Women in red","Lateral with Tom Scott","Tom Scott and David Bodycombe","2024-04-26 15:15:00",2397,2397,,https://traffic.megaphone.fm/PAD4524202078.mp3?updated=1712914084,7073c8a0-29b8-013b-ef68-0acc26574db2,45dd3146-e55f-4b09-8ef5-361bc8277a05
"2025-12-06 10:54:57",played,"The identical trainers","Lateral with Tom Scott","Tom Scott and David Bodycombe","2024-04-19 15:15:00",2740,2740,,https://traffic.megaphone.fm/PAD1926848576.mp3?updated=1712348340,7073c8a0-29b8-013b-ef68-0acc26574db2,88a7eb8c-18ea-414c-884d-831055d0ade5
"2025-12-06 10:54:57",played,"Cattle at the office","Lateral with Tom Scott","Tom Scott and David Bodycombe","2024-05-03 05:00:00",2879,2851,,https://traffic.megaphone.fm/PAD1276633257.mp3?updated=1713268195,7073c8a0-29b8-013b-ef68-0acc26574db2,ac0dd6a1-a0b2-4d8a-b0a8-27776b9a148f
"2025-12-06 10:54:57",played,"Leftover contraptions","Lateral with Tom Scott","Tom Scott and David Bodycombe","2024-05-17 05:00:00",2979,2979,,https://traffic.megaphone.fm/PAD2815160535.mp3?updated=1714516544,7073c8a0-29b8-013b-ef68-0acc26574db2,b52b4d01-4ab7-4e35-86c3-b2eb982b4b37
"2025-12-06 10:54:57",played,"Pyromaniac novelties","Lateral with Tom Scott","Tom Scott and David Bodycombe","2024-05-24 05:00:00",2581,2581,,https://traffic.megaphone.fm/PAD6609507984.mp3?updated=1714413610,7073c8a0-29b8-013b-ef68-0acc26574db2,face31b4-c140-4bdb-acc3-43276df9b432
"2026-01-14 15:28:13",played,"Removing the roof","Lateral with Tom Scott","Tom Scott and David Bodycombe","2025-12-26 05:00:00",2884,2884,,https://traffic.megaphone.fm/PAD4543336613.mp3?updated=1766632967,7073c8a0-29b8-013b-ef68-0acc26574db2,9861dc08-e842-4299-8c58-2beffa3fbd69
"2026-01-14 15:28:13",played,"If This Episode Doesn’t Motivate You, Nothing Will","The Mel Robbins Podcast","Mel Robbins","2025-12-04 05:05:00",4976,4976,,https://dts.podtrac.com/redirect.mp3/pdst.fm/e/stitcher.simplecastaudio.com/b9de9f5f-6dab-4833-b4c2-05f1d28dd998/episodes/46051af6-466a-41b0-bb9c-ecf318e41ba6/audio/128/default.mp3?aid=rss_feed&awCollectionId=b9de9f5f-6dab-4833-b4c2-05f1d28dd998&awEpisodeId=46051af6-466a-41b0-bb9c-ecf318e41ba6&feed=UCwaTX1J,7c93f660-1beb-013b-05d4-0acc26574db2,24f54b00-5b2d-4441-b2da-5065499b8607
"2026-02-10 10:27:07",played,"Please don't!","Lateral with Tom Scott","Tom Scott and David Bodycombe","2026-01-09 05:00:00",2629,2629,,https://traffic.megaphone.fm/PAD5329842153.mp3?updated=1767895438,7073c8a0-29b8-013b-ef68-0acc26574db2,8172a2b9-06c8-4e6c-bca7-603af4dc6832
"2026-02-17 15:11:07",played,"The metal bar","Lateral with Tom Scott","Tom Scott and David Bodycombe","2026-02-06 05:00:00",2685,2685,,https://traffic.megaphone.fm/PAD4490312265.mp3?updated=1770249982,7073c8a0-29b8-013b-ef68-0acc26574db2,f5343200-09c7-454c-a41a-e7ea7b36b8c6
"2026-02-20 09:07:03",played,"The unplayable record","Lateral with Tom Scott","Tom Scott and David Bodycombe","2025-11-28 05:00:00",2588,2588,,https://traffic.megaphone.fm/PAD3703357874.mp3?updated=1764254878,7073c8a0-29b8-013b-ef68-0acc26574db2,4b475a0d-683a-4425-ac60-d8114ac2b47f
"2026-02-20 09:07:03",played,"4 negotiation tactics to try in everyday life","Life Kit",NPR,"2026-02-16 08:05:02",1210,1210,,https://tracking.swap.fm/track/XvDEoI11TR00olTUO8US/prfx.byspotify.com/e/play.podtrac.com/npr-510338/npr.simplecastaudio.com/8ae5a040-e346-4b89-ba6b-625f91f1fbd4/episodes/06c5979f-be1c-4c42-8e86-99e1333c8fd5/audio/128/default.mp3?awCollectionId=8ae5a040-e346-4b89-ba6b-625f91f1fbd4&awEpisodeId=06c5979f-be1c-4c42-8e86-99e1333c8fd5&t=podcast&e=nx-s1-5702835&p=510338&d=1210&size=19369109,7160b1f0-4a71-0137-f266-1d245fc5f9cf,6fff793c-7a37-4444-9434-c884758180cc
"2026-03-13 11:13:06",played,"It’s Not Too Late: How to Transform Your Life at Any Moment","The Mel Robbins Podcast","Mel Robbins","2025-10-09 05:05:00",4714,4714,,https://dts.podtrac.com/redirect.mp3/pdst.fm/e/stitcher.simplecastaudio.com/b9de9f5f-6dab-4833-b4c2-05f1d28dd998/episodes/6436c046-0463-4ef7-a467-3cd94522a8a4/audio/128/default.mp3?aid=rss_feed&awCollectionId=b9de9f5f-6dab-4833-b4c2-05f1d28dd998&awEpisodeId=6436c046-0463-4ef7-a467-3cd94522a8a4&feed=UCwaTX1J,7c93f660-1beb-013b-05d4-0acc26574db2,646d3905-f692-4e4f-aa8e-2ef498ba24b8
"2026-03-23 06:55:14",played,"987: Remote Coding Agents","Syntax - Tasty Web Development Treats","Wes Bos & Scott Tolinski - Full Stack JavaScript Web Developers","2026-03-16 11:00:00",2835,2835,,https://traffic.megaphone.fm/FSI5301968170.mp3,fe30f8e0-3da9-0135-9028-63f4b61a9224,946b1704-416a-4a31-9b52-0d6bbcf92b32
"2026-04-06 23:22:32",in-progress,"How to Reinvent Your Life Starting Today","The Mel Robbins Podcast","Mel Robbins","2025-12-08 05:05:00",5607,63,,https://dts.podtrac.com/redirect.mp3/pdst.fm/e/stitcher.simplecastaudio.com/b9de9f5f-6dab-4833-b4c2-05f1d28dd998/episodes/7eb8c821-57d1-4182-9583-524e9151f75b/audio/128/default.mp3?aid=rss_feed&awCollectionId=b9de9f5f-6dab-4833-b4c2-05f1d28dd998&awEpisodeId=7eb8c821-57d1-4182-9583-524e9151f75b&feed=UCwaTX1J,7c93f660-1beb-013b-05d4-0acc26574db2,2ac2d617-a31b-4f08-8d54-db82ebb5939d
"2026-04-07 11:37:36",in-progress,"Sunday Pick: How to find true love (w/ Francesca Hogi) | from How to Be a Better Human","TED Talks Daily",TED,"2026-02-15 07:00:00",2726,138,,https://sphinx.acast.com/p/open/s/67587e77c705e441797aff96/e/698dfe493f15cb4dab328433/media.mp3,04364440-031e-012e-f99b-00163e1b201c,52adc851-7371-4b4c-a36b-b20246f4bf8a
"2026-04-07 11:37:36",in-progress,"592. No Such Thing As A Cat In A Muumuu","No Such Thing As A Fish - Club Fish (via Patreon)","No Such Thing As A Fish","2025-07-18 00:01:01",4602,0,,https://c10.patreonusercontent.com/4/patreon-media/p/post/134342665/d55935ba98f844b1a0787d5836d90536/eyJhIjoxLCJpc19hdWRpbyI6MSwicCI6MX0%3D/1.mp3?token-hash=lfyWqEL52G9ZoxUvwJ-V8eFxoVFmLVq01eRHjYQYHF0%3D&token-time=1755216000,161a2a80-1b72-013c-f610-0acc26574db2,a0aed975-edd7-4918-9cdb-9a72134f5834
"2026-04-07 11:37:36",played,"Christopher Wren's side hustle","Lateral with Tom Scott","Tom Scott and David Bodycombe","2025-07-25 05:00:00",2908,2908,,https://traffic.megaphone.fm/PAD1169384394.mp3?updated=1753410027,7073c8a0-29b8-013b-ef68-0acc26574db2,6f6d1620-8127-4a11-813d-969c075d6d7b
"2026-05-08 13:30:21",in-progress,"Our Favorite Apps of All Time!","Waveform: The MKBHD Podcast",MKBHD,"2026-04-03 09:00:00",6514,5720,,https://www.podtrac.com/pts/redirect.mp3/pdst.fm/e/pscrb.fm/rss/p/mgln.ai/e/257/traffic.megaphone.fm/VMP8261476628.mp3?updated=1775207473,7d9a4610-9673-0137-4052-0acc26574db2,91e9efd9-01c6-48ff-b5a7-7c9692aedf85
"2026-06-16 11:33:16",played,"Half of a mountain","Lateral with Tom Scott","Tom Scott and David Bodycombe","2026-06-05 05:00:00",2734,2734,,https://traffic.megaphone.fm/PAD5909499211.mp3?updated=1778280261,7073c8a0-29b8-013b-ef68-0acc26574db2,945e15f5-ee23-4276-b339-47395ae0747a
"2026-06-27 21:04:02",played,"Dog watches","Lateral with Tom Scott","Tom Scott and David Bodycombe","2026-04-10 05:00:00",2857,2857,,https://traffic.megaphone.fm/PAD4556138609.mp3?updated=1775761584,7073c8a0-29b8-013b-ef68-0acc26574db2,652fb838-5b7e-4441-bcb2-019494fd7a76
"2026-06-27 21:04:02",played,"Betting for free","Lateral with Tom Scott","Tom Scott and David Bodycombe","2025-08-29 05:00:00",2864,2864,,https://traffic.megaphone.fm/PAD5880476136.mp3?updated=1756403279,7073c8a0-29b8-013b-ef68-0acc26574db2,a377b776-8896-4a8d-96a2-c195439d486c
"2026-06-27 21:04:02",in-progress,"The Weirdest Houses I Found On Rightmove...","Breaking Beard Podcast","BeardMeatsFood and Josh Gudgeon","2026-05-10 18:00:00",3409,363,,https://traffic.megaphone.fm/APO4108785094.mp3,70d97140-1ffd-013a-d5da-0acc26574db2,dc23e38f-7bd8-48fc-84a4-a05e511fba39
"2026-06-27 21:04:03",in-progress,"The 7‑Day Habit Reset: Start Today, Feel Different By Next Week","The Mel Robbins Podcast","Mel Robbins","2025-12-01 05:05:00",4510,1917,1,https://dts.podtrac.com/redirect.mp3/pdst.fm/e/stitcher.simplecastaudio.com/b9de9f5f-6dab-4833-b4c2-05f1d28dd998/episodes/e40ff5f0-c2c0-4af8-9a41-5b69aebed74f/audio/128/default.mp3?aid=rss_feed&awCollectionId=b9de9f5f-6dab-4833-b4c2-05f1d28dd998&awEpisodeId=e40ff5f0-c2c0-4af8-9a41-5b69aebed74f&feed=UCwaTX1J,7c93f660-1beb-013b-05d4-0acc26574db2,54868d09-0d7f-403a-b6bb-9f314103f679
