Exercise,Date,Repetitions,Weight (lb),Weight (kg),Duration (seconds),Duration (formatted),Note,Label
Dumbbell Press,2022-03-23 22:03:24,10.0,17.63699536147022,8.0,,,,
Dumbbell Press,2022-03-23 22:03:26,10.0,17.63699536147022,8.0,,,,
Dumbbell Press,2022-03-23 22:04:20,10.0,17.63699536147022,8.0,,,,
Incline Dumbbell Press,2022-03-23 22:04:54,10.0,17.63699536147022,8.0,,,,
Incline Dumbbell Press,2022-03-23 22:04:56,10.0,17.63699536147022,8.0,,,,
Incline Dumbbell Press,2022-03-23 22:04:57,10.0,17.63699536147022,8.0,,,,
Standing Cable Flies,2022-03-23 22:08:19,10.0,13.778902626148609,6.25,,,,
Standing Cable Flies,2022-03-23 22:10:55,10.0,13.778902626148609,6.25,,,,
Standing Cable Flies,2022-03-23 22:14:18,10.0,13.778902626148609,6.25,,,,
Deadlift,2022-03-25 09:12:24,10.0,66.13873260551333,30.0,,,,
Deadlift,2022-03-25 09:15:49,10.0,66.13873260551333,30.0,,,,
Deadlift,2022-03-25 09:19:13,10.0,66.13873260551333,30.0,,,,
Dumbell Rows,2022-03-25 09:24:53,20.0,22.046244201837776,10.0,,,,
Dumbell Rows,2022-03-25 09:29:55,20.0,22.046244201837776,10.0,,,,
Dumbell Rows,2022-03-25 09:33:26,20.0,22.046244201837776,10.0,,,,
Dumbell Shrugs,2022-03-25 09:36:51,10.0,22.046244201837776,10.0,,,,
Dumbell Shrugs,2022-03-25 09:39:29,10.0,22.046244201837776,10.0,,,,
Dumbell Shrugs,2022-03-25 09:42:43,10.0,22.046244201837776,10.0,,,,
Low Cable Row,2022-03-25 09:46:04,10.0,77.16185470643221,35.0,,,,
Low Cable Row,2022-03-25 09:48:47,10.0,77.16185470643221,35.0,,,,
Low Cable Row,2022-03-25 09:51:33,10.0,77.16185470643221,35.0,,,,
Pec Dec Machine,2022-03-25 09:55:01,10.0,60.627171555053884,27.5,,,,
Pec Dec Machine,2022-03-25 09:57:50,10.0,60.627171555053884,27.5,,,,
Pec Dec Machine,2022-03-25 10:00:37,10.0,60.627171555053884,27.5,,,,
Dumbbell Press,2022-03-28 11:39:42,10.0,26.45549304220533,12.0,,,,
Dumbbell Press,2022-03-28 11:43:33,10.0,26.45549304220533,12.0,,,,
Dumbbell Press,2022-03-28 11:48:04,10.0,26.45549304220533,12.0,,,,
Incline Dumbbell Press,2022-03-28 11:52:01,10.0,22.046244201837776,10.0,,,,
Incline Dumbbell Press,2022-03-28 11:55:04,10.0,22.046244201837776,10.0,,,,
Incline Dumbbell Press,2022-03-28 11:57:08,10.0,22.046244201837776,10.0,,,,
Standing Cable Flies,2022-03-28 12:01:31,10.0,13.778902626148609,6.25,,,,
Standing Cable Flies,2022-03-28 12:04:47,10.0,13.778902626148609,6.25,,,,
Standing Cable Flies,2022-03-28 12:09:10,10.0,13.778902626148609,6.25,,,,
Dumbell Rows,2022-03-30 11:42:19,20.0,22.046244201837776,10.0,,,,
Dumbell Rows,2022-03-30 11:47:18,20.0,22.046244201837776,10.0,,,,
Dumbell Rows,2022-03-30 11:48:48,20.0,22.046244201837776,10.0,,,,
Dumbell Shrugs,2022-03-30 11:51:32,10.0,26.45549304220533,12.0,,,,
Dumbell Shrugs,2022-03-30 11:53:10,10.0,26.45549304220533,12.0,,,,
Dumbell Shrugs,2022-03-30 11:55:29,10.0,26.45549304220533,12.0,,,,
Deadlift,2022-03-30 12:00:37,10.0,88.1849768073511,40.0,,,,
Deadlift,2022-03-30 12:05:01,10.0,88.1849768073511,40.0,,,,
Deadlift,2022-03-30 12:07:44,10.0,88.1849768073511,40.0,,,,
Lat Pulldown,2022-03-30 12:18:53,10.0,77.16185470643221,35.0,,,,
Lat Pulldown,2022-03-30 12:21:43,10.0,93.69653785781054,42.5,,,,
Lat Pulldown,2022-03-30 12:24:48,10.0,93.69653785781054,42.5,,,,
Squat,2022-04-01 11:38:48,10.0,88.1849768073511,40.0,,,,
Squat,2022-04-01 11:39:55,10.0,110.23122100918887,50.0,,,,
Squat,2022-04-01 11:42:40,10.0,110.23122100918887,50.0,,,,
Leg Curl,2022-04-01 11:50:48,20.0,39.68323956330799,18.0,,,,
Leg Curl,2022-04-01 11:50:49,20.0,39.68323956330799,18.0,,,,
Leg Curl,2022-04-01 11:50:58,20.0,39.68323956330799,18.0,,,,
Leg Extension,2022-04-01 11:55:08,20.0,48.501737244043106,22.0,,,,
Leg Extension,2022-04-01 11:56:46,20.0,48.501737244043106,22.0,,,,
Leg Extension,2022-04-01 12:02:31,20.0,48.501737244043106,22.0,,,,
Leg Press,2022-04-01 12:03:16,10.0,88.1849768073511,40.0,,,,
Leg Press,2022-04-01 12:04:45,10.0,88.1849768073511,40.0,,,,
Leg Press,2022-04-01 12:06:59,10.0,88.1849768073511,40.0,,,,
Dumbbell Press,2022-04-04 10:45:27,10.0,22.046244201837776,10.0,,,,
Dumbbell Press,2022-04-04 10:48:25,10.0,22.046244201837776,10.0,,,,
Dumbbell Press,2022-04-04 10:51:45,10.0,22.046244201837776,10.0,,,,
Incline Dumbbell Press,2022-04-04 10:57:24,10.0,26.45549304220533,12.0,,,,
Incline Dumbbell Press,2022-04-04 11:00:05,10.0,26.45549304220533,12.0,,,,
Incline Dumbbell Press,2022-04-04 11:06:49,10.0,26.45549304220533,12.0,,,,
Standing Cable Flies,2022-04-04 11:09:44,10.0,11.023122100918888,5.0,,,,
Standing Cable Flies,2022-04-04 11:12:30,10.0,11.023122100918888,5.0,,,,
Standing Cable Flies,2022-04-04 11:15:01,10.0,11.023122100918888,5.0,,,,
Dumbell Shrugs,2022-04-06 10:33:11,10.0,26.45549304220533,12.0,,,,
Dumbell Shrugs,2022-04-06 10:37:46,10.0,30.864741882572886,14.0,,,,
Dumbell Shrugs,2022-04-06 10:39:51,10.0,30.864741882572886,14.0,,,,
Dumbell Rows,2022-04-06 10:41:46,20.0,35.27399072294044,16.0,,,,
Dumbell Rows,2022-04-06 10:44:42,20.0,35.27399072294044,16.0,,,,
Dumbell Rows,2022-04-06 10:47:32,20.0,35.27399072294044,16.0,,,,
Pec Dec Machine,2022-04-06 10:49:58,10.0,60.627171555053884,27.5,,,,
Pec Dec Machine,2022-04-06 10:52:50,10.0,71.65029365597277,32.5,,,,
Pec Dec Machine,2022-04-06 10:55:31,10.0,71.65029365597277,32.5,,,,
Deadlift,2022-04-06 11:05:12,10.0,88.1849768073511,40.0,,,,
Deadlift,2022-04-06 11:13:44,10.0,88.1849768073511,40.0,,,,
Deadlift,2022-04-06 11:13:52,10.0,99.20809890826999,45.0,,,,
Squat,2022-04-08 12:46:39,10.0,110.23122100918887,50.0,,,,
Squat,2022-04-08 12:49:23,10.0,110.23122100918887,50.0,,,,
Squat,2022-04-08 12:53:02,10.0,110.23122100918887,50.0,,,,
Leg Extension,2022-04-08 12:57:14,20.0,48.501737244043106,22.0,,,,
Leg Curl,2022-04-08 13:02:20,20.0,39.68323956330799,18.0,,,,
Leg Curl,2022-04-08 13:02:21,20.0,39.68323956330799,18.0,,,,
Leg Curl,2022-04-08 13:02:27,17.0,39.68323956330799,18.0,,,,
Leg Extension,2022-04-08 13:03:51,20.0,48.501737244043106,22.0,,,,
Leg Extension,2022-04-08 13:07:42,20.0,48.501737244043106,22.0,,,,
Leg Press,2022-04-08 13:11:20,10.0,88.1849768073511,40.0,,,,
Leg Press,2022-04-08 13:13:17,10.0,132.27746521102665,60.0,,,,
Leg Press,2022-04-08 13:15:05,10.0,132.27746521102665,60.0,,,,
Dumbbell Press,2022-04-11 20:14:25,10.0,26.45549304220533,12.0,,,,
Dumbbell Press,2022-04-11 20:17:40,10.0,26.45549304220533,12.0,,,,
Dumbbell Press,2022-04-11 20:21:15,10.0,26.45549304220533,12.0,,,,
Incline Dumbbell Press,2022-04-11 20:25:57,8.0,26.45549304220533,12.0,,,,
Standing Cable Flies,2022-04-11 20:34:26,10.0,13.778902626148609,6.25,,,,
Standing Cable Flies,2022-04-11 20:36:09,10.0,13.778902626148609,6.25,,,,
Standing Cable Flies,2022-04-11 20:39:37,10.0,13.778902626148609,6.25,,,,
Deadlift,2022-04-13 10:46:02,10.0,99.20809890826999,45.0,,,,
Deadlift,2022-04-13 10:49:46,10.0,99.20809890826999,45.0,,,,
Deadlift,2022-04-13 10:56:47,10.0,99.20809890826999,45.0,,,,
Dumbell Shrugs,2022-04-13 10:58:58,10.0,30.864741882572886,14.0,,,,
Dumbell Shrugs,2022-04-13 11:02:12,10.0,30.864741882572886,14.0,,,,
Dumbell Shrugs,2022-04-13 11:05:48,10.0,30.864741882572886,14.0,,,,
Dumbell Rows,2022-04-13 11:08:51,20.0,35.27399072294044,16.0,,,,
Dumbell Rows,2022-04-13 11:13:55,20.0,35.27399072294044,16.0,,,,
Dumbell Rows,2022-04-13 11:17:50,20.0,35.27399072294044,16.0,,,,
Pec Dec Machine,2022-04-13 11:21:16,10.0,77.16185470643221,35.0,,,,
Pec Dec Machine,2022-04-13 11:25:53,10.0,77.16185470643221,35.0,,,,
Pec Dec Machine,2022-04-13 11:27:36,10.0,77.16185470643221,35.0,,,,
Leg Press,2022-04-15 11:31:56,10.0,132.27746521102665,60.0,,,,
Leg Press,2022-04-15 11:35:30,10.0,154.32370941286442,70.0,,,,
Leg Press,2022-04-15 11:36:11,10.0,176.3699536147022,80.0,,,,
Leg Curl,2022-04-15 11:43:31,20.0,39.68323956330799,18.0,,,,
Leg Curl,2022-04-15 11:43:39,20.0,39.68323956330799,18.0,,,,
Leg Curl,2022-04-15 11:44:50,20.0,39.68323956330799,18.0,,,,
Leg Extension,2022-04-15 11:48:27,20.0,48.501737244043106,22.0,,,,
Leg Extension,2022-04-15 11:50:33,17.0,48.501737244043106,22.0,,,,
Leg Extension,2022-04-15 11:52:17,20.0,48.501737244043106,22.0,,,,
Squat,2022-04-15 11:55:40,10.0,132.27746521102665,60.0,,,,
Squat,2022-04-15 11:58:24,10.0,132.27746521102665,60.0,,,,
Squat,2022-04-15 12:02:17,10.0,154.32370941286442,70.0,,,,
Dumbbell Press,2022-04-18 11:19:02,10.0,26.45549304220533,12.0,,,,
Dumbbell Press,2022-04-18 11:21:13,10.0,26.45549304220533,12.0,,,,
Dumbbell Press,2022-04-18 11:23:43,10.0,26.45549304220533,12.0,,,,
Incline Dumbbell Press,2022-04-18 11:26:41,8.0,26.45549304220533,12.0,,,,
Incline Dumbbell Press,2022-04-18 11:29:35,8.0,26.45549304220533,12.0,,,,
Incline Dumbbell Press,2022-04-18 11:36:11,8.0,26.45549304220533,12.0,,,,
Standing Cable Flies,2022-04-18 11:38:33,10.0,13.778902626148609,6.25,,,,
Standing Cable Flies,2022-04-18 11:40:47,10.0,13.778902626148609,6.25,,,,
Standing Cable Flies,2022-04-18 11:42:39,10.0,13.778902626148609,6.25,,,,
Deadlift,2022-04-20 10:06:06,10.0,99.20809890826999,45.0,,,,
Deadlift,2022-04-20 10:09:51,10.0,99.20809890826999,45.0,,,,
Deadlift,2022-04-20 10:21:22,10.0,99.20809890826999,45.0,,,,
Dumbell Rows,2022-04-20 10:27:16,20.0,26.45549304220533,12.0,,,,
Dumbell Rows,2022-04-20 10:31:08,20.0,26.45549304220533,12.0,,,,
Dumbell Rows,2022-04-20 10:35:20,20.0,26.45549304220533,12.0,,,,
Dumbell Shrugs,2022-04-20 10:36:46,10.0,26.45549304220533,12.0,,,,
Dumbell Shrugs,2022-04-20 10:40:54,10.0,26.45549304220533,12.0,,,,
Squat,2022-04-22 20:29:05,10.0,132.27746521102665,60.0,,,,
Squat,2022-04-22 20:32:08,10.0,132.27746521102665,60.0,,,,
Squat,2022-04-22 20:35:30,10.0,132.27746521102665,60.0,,,,
Leg Press,2022-04-22 20:42:04,10.0,176.3699536147022,80.0,,,,
Leg Press,2022-04-22 20:42:39,10.0,176.3699536147022,80.0,,,,
Leg Press,2022-04-22 20:45:02,10.0,176.3699536147022,80.0,,,,
Leg Curl,2022-04-22 20:49:10,20.0,39.68323956330799,18.0,,,,
Leg Curl,2022-04-22 20:51:07,19.0,39.68323956330799,18.0,,,,
Leg Curl,2022-04-22 20:56:36,19.0,39.68323956330799,18.0,,,,
Leg Extension,2022-04-22 20:56:41,20.0,48.501737244043106,22.0,,,,
Leg Extension,2022-04-22 20:56:42,19.0,48.501737244043106,22.0,,,,
Leg Extension,2022-04-22 20:58:10,20.0,48.501737244043106,22.0,,,,
Dumbbell Press,2022-04-25 11:15:59,10.0,30.864741882572886,14.0,,,,
Dumbbell Press,2022-04-25 11:19:51,10.0,30.864741882572886,14.0,,,,
Dumbbell Press,2022-04-25 11:23:34,3.0,30.864741882572886,14.0,,,,
Standing Cable Flies,2022-04-25 11:25:52,10.0,13.778902626148609,6.25,,,,
Standing Cable Flies,2022-04-25 11:28:15,10.0,13.778902626148609,6.25,,,,
Standing Cable Flies,2022-04-25 11:30:06,10.0,13.778902626148609,6.25,,,,
Deadlift,2022-04-27 10:44:16,10.0,110.23122100918887,50.0,,,,
Deadlift,2022-04-27 10:47:11,10.0,110.23122100918887,50.0,,,,
Deadlift,2022-04-27 10:52:25,10.0,110.23122100918887,50.0,,,,
Dumbell Rows,2022-04-27 11:00:24,20.0,35.27399072294044,16.0,,,,
Dumbell Rows,2022-04-27 11:03:31,20.0,35.27399072294044,16.0,,,,
Dumbell Rows,2022-04-27 11:07:09,20.0,35.27399072294044,16.0,,,,
Dumbell Shrugs,2022-04-27 11:10:17,10.0,35.27399072294044,16.0,,,,
Dumbell Shrugs,2022-04-27 11:12:28,10.0,35.27399072294044,16.0,,,,
Dumbell Shrugs,2022-04-27 11:15:21,10.0,35.27399072294044,16.0,,,,
Squat,2022-04-29 12:34:22,10.0,132.27746521102665,60.0,,,,
Squat,2022-04-29 12:37:26,10.0,132.27746521102665,60.0,,,,
Squat,2022-04-29 12:39:29,10.0,132.27746521102665,60.0,,,,
Leg Press,2022-04-29 12:43:02,10.0,176.3699536147022,80.0,,,,
Leg Press,2022-04-29 12:44:30,10.0,176.3699536147022,80.0,,,,
Leg Press,2022-04-29 12:47:04,10.0,176.3699536147022,80.0,,,,
Leg Extension,2022-04-29 12:50:26,15.0,46.29711282385933,21.0,,,,
Leg Extension,2022-04-29 12:52:07,15.0,46.29711282385933,21.0,,,,
Leg Extension,2022-04-29 12:54:17,15.0,46.29711282385933,21.0,,,,
Leg Curl,2022-04-29 12:57:39,15.0,41.887863983491776,19.0,,,,
Leg Curl,2022-04-29 12:59:19,15.0,41.887863983491776,19.0,,,,
Leg Curl,2022-04-29 13:01:16,11.0,41.887863983491776,19.0,,,,
Dumbbell Press,2022-05-02 14:53:32,10.0,26.45549304220533,12.0,,,,
Dumbbell Press,2022-05-02 14:56:23,10.0,26.45549304220533,12.0,,,,
Dumbbell Press,2022-05-02 15:00:09,10.0,26.45549304220533,12.0,,,,
Incline Dumbbell Press,2022-05-02 15:03:36,10.0,26.45549304220533,12.0,,,,
Incline Dumbbell Press,2022-05-02 15:06:32,10.0,26.45549304220533,12.0,,,,
Incline Dumbbell Press,2022-05-02 15:12:05,10.0,26.45549304220533,12.0,,,,
Standing Cable Flies,2022-05-02 15:14:24,10.0,13.778902626148609,6.25,,,,
Standing Cable Flies,2022-05-02 15:17:56,10.0,13.778902626148609,6.25,,,,
Standing Cable Flies,2022-05-02 15:20:42,10.0,13.778902626148609,6.25,,,,
Dumbbell Press,2022-05-16 11:34:50,10.0,26.45549304220533,12.0,,,,
Dumbbell Press,2022-05-16 11:37:05,10.0,26.45549304220533,12.0,,,,
Dumbbell Press,2022-05-16 11:39:21,8.0,26.45549304220533,12.0,,,,
Incline Dumbbell Press,2022-05-16 11:43:02,10.0,26.45549304220533,12.0,,,,
Incline Dumbbell Press,2022-05-16 11:45:34,10.0,26.45549304220533,12.0,,,,
Incline Dumbbell Press,2022-05-16 11:45:36,6.0,26.45549304220533,12.0,,,,
Standing Cable Flies,2022-05-16 11:49:26,10.0,13.778902626148609,6.25,,,,
Standing Cable Flies,2022-05-16 11:51:30,10.0,13.778902626148609,6.25,,,,
Standing Cable Flies,2022-05-16 11:53:39,10.0,13.778902626148609,6.25,,,,
Deadlift,2022-05-18 13:59:35,10.0,66.13873260551333,30.0,,,,
Deadlift,2022-05-18 14:01:46,10.0,88.1849768073511,40.0,,,,
Deadlift,2022-05-18 14:04:35,10.0,88.1849768073511,40.0,,,,
Dumbell Rows,2022-05-18 14:07:44,20.0,30.864741882572886,14.0,,,,
Dumbell Rows,2022-05-18 14:10:19,20.0,30.864741882572886,14.0,,,,
Dumbell Rows,2022-05-18 14:14:16,20.0,30.864741882572886,14.0,,,,
Dumbell Shrugs,2022-05-18 14:15:46,10.0,30.864741882572886,14.0,,,,
Dumbell Shrugs,2022-05-18 14:18:48,10.0,30.864741882572886,14.0,,,,
Dumbell Shrugs,2022-05-18 14:20:06,10.0,30.864741882572886,14.0,,,,
Pec Dec Machine,2022-05-18 14:21:45,10.0,77.16185470643221,35.0,,,,
Pec Dec Machine,2022-05-18 14:25:52,10.0,77.16185470643221,35.0,,,,
Leg Press,2022-05-20 21:00:59,10.0,176.3699536147022,80.0,,,,
Leg Press,2022-05-20 21:03:33,10.0,176.3699536147022,80.0,,,,
Leg Press,2022-05-20 21:06:03,10.0,176.3699536147022,80.0,,,,
Squat,2022-05-20 21:08:25,10.0,132.27746521102665,60.0,,,,
Squat,2022-05-20 21:13:46,10.0,132.27746521102665,60.0,,,,
Squat,2022-05-20 21:17:41,10.0,132.27746521102665,60.0,,,,
Leg Curl,2022-05-20 21:21:11,14.0,41.887863983491776,19.0,,,,
Leg Curl,2022-05-20 21:22:26,15.0,41.887863983491776,19.0,,,,
Leg Curl,2022-05-20 21:24:13,15.0,41.887863983491776,19.0,,,,
Leg Extension,2022-05-20 21:26:06,15.0,46.29711282385933,21.0,,,,
Leg Extension,2022-05-20 21:27:48,15.0,46.29711282385933,21.0,,,,
Leg Extension,2022-05-20 21:29:39,15.0,46.29711282385933,21.0,,,,
Dumbbell Press,2022-05-23 11:31:58,10.0,30.864741882572886,14.0,,,,
Dumbbell Press,2022-05-23 11:36:56,10.0,30.864741882572886,14.0,,,,
Dumbbell Press,2022-05-23 11:39:58,10.0,30.864741882572886,14.0,,,,
Incline Dumbbell Press,2022-05-23 11:43:27,6.0,30.864741882572886,14.0,,,,
Incline Dumbbell Press,2022-05-23 11:45:47,7.0,30.864741882572886,14.0,,,,
Incline Dumbbell Press,2022-05-23 11:49:13,6.0,30.864741882572886,14.0,,,,
Standing Cable Flies,2022-05-23 11:51:36,10.0,13.778902626148609,6.25,,,,
Standing Cable Flies,2022-05-23 11:52:53,10.0,13.778902626148609,6.25,,,,
Standing Cable Flies,2022-05-23 11:55:13,10.0,13.778902626148609,6.25,,,,
Dumbell Rows,2022-05-25 20:29:29,20.0,35.27399072294044,16.0,,,,
Dumbell Rows,2022-05-25 20:32:42,20.0,35.27399072294044,16.0,,,,
Dumbell Rows,2022-05-25 20:35:45,20.0,35.27399072294044,16.0,,,,
Dumbell Shrugs,2022-05-25 20:36:43,10.0,35.27399072294044,16.0,,,,
Dumbell Shrugs,2022-05-25 20:39:26,10.0,35.27399072294044,16.0,,,,
Dumbell Shrugs,2022-05-25 20:42:09,10.0,35.27399072294044,16.0,,,,
Deadlift,2022-05-25 20:45:08,10.0,88.1849768073511,40.0,,,,
Deadlift,2022-05-25 20:48:10,10.0,88.1849768073511,40.0,,,,
Deadlift,2022-05-25 20:51:08,10.0,88.1849768073511,40.0,,,,
Squat,2022-05-27 12:41:12,10.0,85.98035238716733,39.0,,,,
Squat,2022-05-27 12:43:44,10.0,85.98035238716733,39.0,,,,
Squat,2022-05-27 12:46:18,10.0,85.98035238716733,39.0,,,,
Leg Press,2022-05-27 12:49:10,10.0,220.46244201837774,100.0,,,,
Leg Press,2022-05-27 12:51:44,10.0,220.46244201837774,100.0,,,,
Leg Press,2022-05-27 12:55:30,10.0,220.46244201837774,100.0,,,,
Leg Extension,2022-05-27 13:01:14,10.0,93.69653785781054,42.5,,,,
Leg Extension,2022-05-27 13:01:16,10.0,93.69653785781054,42.5,,,,
Leg Extension,2022-05-27 13:05:12,10.0,93.69653785781054,42.5,,,,
Leg Curl,2022-05-27 13:06:22,10.0,77.16185470643221,35.0,,,,
Leg Curl,2022-05-27 13:09:12,10.0,77.16185470643221,35.0,,,,
Leg Curl,2022-05-27 13:13:05,10.0,77.16185470643221,35.0,,,,
Dumbell Rows,2022-06-08 11:21:41,20.0,30.864741882572886,14.0,,,,
Dumbell Rows,2022-06-08 11:25:59,20.0,35.27399072294044,16.0,,,,
Dumbell Rows,2022-06-08 11:28:24,20.0,35.27399072294044,16.0,,,,
Dumbell Shrugs,2022-06-08 11:33:05,10.0,44.09248840367555,20.0,,,,
Dumbell Shrugs,2022-06-08 11:34:50,10.0,44.09248840367555,20.0,,,,
Dumbell Shrugs,2022-06-08 11:38:15,10.0,44.09248840367555,20.0,,,,
Hanging Leg Raise,2022-06-08 11:46:53,25.0,0.0,0.0,,,,
Hanging Leg Raise,2022-06-08 11:46:56,20.0,0.0,0.0,,,,
Lat Pulldown,2022-06-08 11:47:17,10.0,77.16185470643221,35.0,,,,
Lat Pulldown,2022-06-08 11:49:33,10.0,77.16185470643221,35.0,,,,
Lat Pulldown,2022-06-08 11:51:40,10.0,77.16185470643221,35.0,,,,
Dumbbell Press,2022-06-13 10:03:34,7.0,30.864741882572886,14.0,,,,
Dumbbell Press,2022-06-13 10:06:43,10.0,30.864741882572886,14.0,,,,
Dumbbell Press,2022-06-13 10:08:34,7.0,30.864741882572886,14.0,,,,
Incline Dumbbell Press,2022-06-13 10:11:09,6.0,30.864741882572886,14.0,,,,
Incline Dumbbell Press,2022-06-13 10:14:29,9.0,30.864741882572886,14.0,,,,
Incline Dumbbell Press,2022-06-13 10:17:50,5.0,30.864741882572886,14.0,,,,
Standing Cable Flies,2022-06-13 10:19:59,10.0,13.778902626148609,6.25,,,,
Standing Cable Flies,2022-06-13 10:23:23,10.0,13.778902626148609,6.25,,,,
Standing Cable Flies,2022-06-13 10:25:15,10.0,13.778902626148609,6.25,,,,
Dumbbell Press,2022-06-20 10:26:44,10.0,30.864741882572886,14.0,,,,
Dumbbell Press,2022-06-20 10:30:48,10.0,30.864741882572886,14.0,,,,
Incline Dumbbell Press,2022-06-20 10:37:51,10.0,30.864741882572886,14.0,,,,
Dumbbell Press,2022-06-20 10:39:43,10.0,30.864741882572886,14.0,,,,
Incline Dumbbell Press,2022-06-20 10:40:38,7.0,30.864741882572886,14.0,,,,
Incline Dumbbell Press,2022-06-20 10:43:58,7.0,30.864741882572886,14.0,,,,
Standing Cable Flies,2022-06-20 10:45:55,5.0,16.53468315137833,7.5,,,,
Standing Cable Flies,2022-06-20 10:47:50,5.0,16.53468315137833,7.5,,,,
Standing Cable Flies,2022-06-20 10:49:55,6.0,16.53468315137833,7.5,,,,
Deadlift,2022-06-22 10:45:50,10.0,85.98035238716733,39.0,,,,
Deadlift,2022-06-22 10:48:53,10.0,85.98035238716733,39.0,,,,
Deadlift,2022-06-22 10:52:44,10.0,85.98035238716733,39.0,,,,
Dumbell Rows,2022-06-22 10:56:43,20.0,35.27399072294044,16.0,,,,
Dumbell Rows,2022-06-22 10:59:28,20.0,35.27399072294044,16.0,,,,
Dumbell Rows,2022-06-22 11:02:55,20.0,35.27399072294044,16.0,,,,
Dumbell Shrugs,2022-06-22 11:04:56,10.0,35.27399072294044,16.0,,,,
Dumbell Shrugs,2022-06-22 11:08:36,10.0,35.27399072294044,16.0,,,,
Dumbbell Press,2022-06-27 11:24:49,10.0,26.45549304220533,12.0,,,,
Dumbbell Press,2022-06-27 11:27:51,10.0,26.45549304220533,12.0,,,,
Dumbbell Press,2022-06-27 11:30:49,10.0,26.45549304220533,12.0,,,,
Incline Dumbbell Press,2022-06-27 11:34:15,10.0,26.45549304220533,12.0,,,,
Incline Dumbbell Press,2022-06-27 11:36:51,10.0,26.45549304220533,12.0,,,,
Incline Dumbbell Press,2022-06-27 11:40:27,7.0,26.45549304220533,12.0,,,,
Dumbbell Press,2022-08-29 11:46:24,10.0,17.63699536147022,8.0,,,,
Dumbbell Press,2022-08-29 11:48:57,10.0,22.046244201837776,10.0,,,,
Dumbbell Press,2022-08-29 11:51:45,10.0,22.046244201837776,10.0,,,,
Incline Dumbbell Press,2022-08-29 11:54:41,10.0,22.046244201837776,10.0,,,,
Incline Dumbbell Press,2022-08-29 11:57:02,10.0,22.046244201837776,10.0,,,,
Incline Dumbbell Press,2022-08-29 12:00:26,10.0,22.046244201837776,10.0,,,,
Dumbbell Press,2022-09-05 10:41:00,10.0,22.046244201837776,10.0,,,,
Dumbbell Press,2022-09-05 10:43:38,10.0,22.046244201837776,10.0,,,,
Dumbbell Press,2022-09-05 10:46:49,10.0,22.046244201837776,10.0,,,,
Incline Dumbbell Press,2022-09-05 10:49:31,10.0,22.046244201837776,10.0,,,,
Incline Dumbbell Press,2022-09-05 10:51:32,10.0,22.046244201837776,10.0,,,,
Incline Dumbbell Press,2022-09-05 10:54:45,10.0,22.046244201837776,10.0,,,,
Dumbbell Press,2022-09-12 10:28:16,10.0,22.046244201837776,10.0,,,,
Dumbbell Press,2022-09-12 10:31:24,10.0,22.046244201837776,10.0,,,,
Dumbbell Press,2022-09-12 10:34:32,10.0,22.046244201837776,10.0,,,,
Incline Dumbbell Press,2022-09-12 10:37:43,10.0,22.046244201837776,10.0,,,,
Incline Dumbbell Press,2022-09-12 10:40:13,10.0,22.046244201837776,10.0,,,,
Incline Dumbbell Press,2022-09-12 10:44:05,10.0,22.046244201837776,10.0,,,,
Standing Cable Flies,2022-09-12 10:46:19,10.0,11.023122100918888,5.0,,,,
Standing Cable Flies,2022-09-12 10:48:47,10.0,11.023122100918888,5.0,,,,
Standing Cable Flies,2022-09-12 10:51:37,10.0,11.023122100918888,5.0,,,,
Deadlift,2022-09-14 10:35:23,10.0,66.13873260551333,30.0,,,,
Deadlift,2022-09-14 10:38:08,10.0,66.13873260551333,30.0,,,,
Deadlift,2022-09-14 10:40:20,10.0,66.13873260551333,30.0,,,,
Dumbell Rows,2022-09-14 10:42:30,20.0,22.046244201837776,10.0,,,,
Dumbell Rows,2022-09-14 10:45:31,20.0,22.046244201837776,10.0,,,,
Dumbell Rows,2022-09-14 10:48:09,20.0,22.046244201837776,10.0,,,,
Dumbell Shrugs,2022-09-14 10:49:11,10.0,22.046244201837776,10.0,,,,
Dumbell Shrugs,2022-09-14 10:50:08,10.0,22.046244201837776,10.0,,,,
Dumbell Shrugs,2022-09-14 10:51:16,10.0,22.046244201837776,10.0,,,,
Pec Dec Machine,2022-09-14 10:53:10,10.0,60.627171555053884,27.5,,,,
Pec Dec Machine,2022-09-14 10:55:13,10.0,60.627171555053884,27.5,,,,
Pec Dec Machine,2022-09-14 10:56:42,10.0,60.627171555053884,27.5,,,,
Dumbbell Press,2022-09-26 11:48:47,10.0,26.45549304220533,12.0,,,,
Dumbbell Press,2022-09-26 11:51:10,10.0,26.45549304220533,12.0,,,,
Dumbbell Press,2022-09-26 11:54:48,10.0,26.45549304220533,12.0,,,,
Incline Dumbbell Press,2022-09-26 11:57:49,10.0,26.45549304220533,12.0,,,,
Incline Dumbbell Press,2022-09-26 12:00:23,10.0,26.45549304220533,12.0,,,,
Incline Dumbbell Press,2022-09-26 12:03:13,10.0,26.45549304220533,12.0,,,,
Incline Dumbbell Press,2022-10-18 17:57:13,10.0,15.432370941286443,7.0,,,,
Incline Dumbbell Press,2022-10-18 17:59:32,10.0,27.557805252297218,12.5,,,,
Incline Dumbbell Press,2022-10-18 18:02:08,10.0,27.557805252297218,12.5,,,,
Incline Dumbbell Press,2022-10-18 18:04:02,3.0,27.557805252297218,12.5,,,,
Barbell Skullcrusher,2022-10-18 18:06:32,10.0,29.982892114499375,13.6,,,,
Barbell Skullcrusher,2022-10-18 18:08:14,10.0,39.68323956330799,18.0,,,,
Barbell Skullcrusher,2022-10-18 18:09:40,10.0,39.68323956330799,18.0,,,,
Incline Bicep Curls,2022-10-18 18:12:00,10.0,29.982892114499375,13.6,,,,
Incline Bicep Curls,2022-10-18 18:12:58,10.0,29.982892114499375,13.6,,,,
Incline Bicep Curls,2022-10-18 18:14:13,10.0,29.982892114499375,13.6,,,,
Incline Bicep Curls,2022-10-18 18:15:32,10.0,29.982892114499375,13.6,,,,
Lateral Raises,2022-10-18 18:16:48,10.0,9.920809890826998,4.5,,,,
Lateral Raises,2022-10-18 18:18:24,10.0,12.345896753029153,5.6,,,,
Lateral Raises,2022-10-18 18:19:59,10.0,9.920809890826998,4.5,,,,
Lateral Raises,2022-10-18 18:21:15,10.0,9.920809890826998,4.5,,,,
Tricep Extensions,2022-10-18 18:25:16,10.0,66.13873260551333,30.0,,,,
Tricep Extensions,2022-10-18 18:25:54,10.0,66.13873260551333,30.0,,,,
Tricep Extensions,2022-10-18 18:27:14,10.0,66.13873260551333,30.0,,,,
Tricep Extensions,2022-10-18 18:30:30,10.0,66.13873260551333,30.0,,,,
Hammer Curls,2022-10-18 18:35:18,10.0,17.63699536147022,8.0,,,,
Hammer Curls,2022-10-18 18:37:20,10.0,17.63699536147022,8.0,,,,
Hammer Curls,2022-10-18 18:37:24,10.0,17.63699536147022,8.0,,,,
Hammer Curls,2022-10-18 18:38:32,10.0,17.63699536147022,8.0,,,,
Weighted Situps,2022-10-18 18:43:14,10.0,17.63699536147022,8.0,,,,
Weighted Situps,2022-10-18 18:43:16,10.0,17.63699536147022,8.0,,,,
Weighted Situps,2022-10-18 18:48:05,10.0,17.63699536147022,8.0,,,,
Incline Dumbbell Press,2022-10-26 19:30:40,10.0,26.45549304220533,12.0,,,,
Incline Dumbbell Press,2022-10-26 19:33:08,10.0,26.45549304220533,12.0,,,,
Incline Dumbbell Press,2022-10-26 19:34:45,10.0,26.45549304220533,12.0,,,,
Incline Dumbbell Press,2022-10-26 19:37:03,10.0,26.45549304220533,12.0,,,,
Barbell Skullcrusher,2022-10-26 19:38:56,10.0,26.45549304220533,12.0,,,,
Barbell Skullcrusher,2022-10-26 19:45:40,10.0,26.45549304220533,12.0,,,,
Barbell Skullcrusher,2022-10-26 19:52:49,10.0,26.45549304220533,12.0,,,,
Lateral Raises,2022-10-26 19:59:04,10.0,13.227746521102665,6.0,,,,
Lateral Raises,2022-10-26 20:01:45,10.0,13.227746521102665,6.0,,,,
Lateral Raises,2022-10-26 20:03:08,10.0,13.227746521102665,6.0,,,,
Lateral Raises,2022-10-26 20:06:09,10.0,13.227746521102665,6.0,,,,
Lateral Raises,2022-10-26 20:09:10,10.0,13.227746521102665,6.0,,,,
Incline Bicep Curls,2022-10-26 20:13:36,10.0,22.046244201837776,10.0,,,,
Incline Bicep Curls,2022-10-26 20:15:27,10.0,22.046244201837776,10.0,,,,
Incline Bicep Curls,2022-10-26 20:18:30,10.0,22.046244201837776,10.0,,,,
Incline Bicep Curls,2022-10-26 20:20:49,10.0,22.046244201837776,10.0,,,,
Hammer Curls,2022-10-26 20:25:17,10.0,17.63699536147022,8.0,,,,
Hammer Curls,2022-10-26 20:25:18,10.0,17.63699536147022,8.0,,,,
Hammer Curls,2022-10-26 20:26:35,10.0,17.63699536147022,8.0,,,,
Hammer Curls,2022-10-26 20:28:02,10.0,17.63699536147022,8.0,,,,
Dumbell Rows,2022-10-28 14:59:12,20.0,30.864741882572886,14.0,,,,
Dumbell Rows,2022-10-28 15:01:31,20.0,30.864741882572886,14.0,,,,
Dumbell Rows,2022-10-28 15:04:32,20.0,30.864741882572886,14.0,,,,
Dumbell Rows,2022-10-28 15:07:31,20.0,30.864741882572886,14.0,,,,
Dumbell Shrugs,2022-10-28 15:09:45,10.0,30.864741882572886,14.0,,,,
Dumbell Shrugs,2022-10-28 15:12:44,10.0,30.864741882572886,14.0,,,,
Dumbell Shrugs,2022-10-28 15:14:11,10.0,30.864741882572886,14.0,,,,
Dumbell Shrugs,2022-10-28 15:16:57,10.0,30.864741882572886,14.0,,,,
Deadlift,2022-10-28 15:21:05,10.0,66.13873260551333,30.0,,,,
Deadlift,2022-10-28 15:23:33,10.0,66.13873260551333,30.0,,,,
Deadlift,2022-10-28 15:27:48,10.0,66.13873260551333,30.0,,,,
Pec Dec Machine,2022-10-28 15:33:49,10.0,60.627171555053884,27.5,,,,
Pec Dec Machine,2022-10-28 15:35:50,10.0,71.65029365597277,32.5,,,,
Pec Dec Machine,2022-10-28 15:38:39,10.0,71.65029365597277,32.5,,,,
Pec Dec Machine,2022-10-28 15:41:31,10.0,71.65029365597277,32.5,,,,
Incline Dumbbell Press,2022-10-29 10:40:47,10.0,26.45549304220533,12.0,,,,
Incline Dumbbell Press,2022-10-29 10:42:08,10.0,26.45549304220533,12.0,,,,
Incline Dumbbell Press,2022-10-29 10:44:03,8.0,26.45549304220533,12.0,,,,
Barbell Skullcrusher,2022-10-29 10:48:09,10.0,22.046244201837776,10.0,,,,
Barbell Skullcrusher,2022-10-29 10:48:11,10.0,22.046244201837776,10.0,,,,
Barbell Skullcrusher,2022-10-29 10:49:55,10.0,22.046244201837776,10.0,,,,
Lateral Raises,2022-10-29 10:52:52,10.0,15.432370941286443,7.0,,,,
Lateral Raises,2022-10-29 10:52:54,10.0,15.432370941286443,7.0,,,,
Lateral Raises,2022-10-29 10:54:09,10.0,15.432370941286443,7.0,,,,
Incline Bicep Curls,2022-10-29 10:55:56,10.0,22.046244201837776,10.0,,,,
Incline Bicep Curls,2022-10-29 10:58:26,10.0,22.046244201837776,10.0,,,,
Incline Bicep Curls,2022-10-29 11:00:38,10.0,22.046244201837776,10.0,,,,
Hammer Curls,2022-10-29 11:03:00,10.0,22.046244201837776,10.0,,,,
Hammer Curls,2022-10-29 11:05:43,10.0,22.046244201837776,10.0,,,,
Hammer Curls,2022-10-29 11:07:00,10.0,22.046244201837776,10.0,,,,
Incline Dumbbell Press,2022-11-07 09:49:02,10.0,26.45549304220533,12.0,,,,
Incline Dumbbell Press,2022-11-07 09:51:29,10.0,26.45549304220533,12.0,,,,
Incline Dumbbell Press,2022-11-07 09:54:05,10.0,26.45549304220533,12.0,,,,
Incline Dumbbell Press,2022-11-07 09:56:51,10.0,26.45549304220533,12.0,,,,
Barbell Skullcrusher,2022-11-07 09:58:20,10.0,22.046244201837776,10.0,,,,
Barbell Skullcrusher,2022-11-07 10:00:56,10.0,22.046244201837776,10.0,,,,
Barbell Skullcrusher,2022-11-07 10:03:32,10.0,22.046244201837776,10.0,,,,
Barbell Skullcrusher,2022-11-07 10:06:05,10.0,22.046244201837776,10.0,,,,
Lateral Raises,2022-11-07 10:08:00,10.0,15.432370941286443,7.0,,,,
Lateral Raises,2022-11-07 10:10:27,10.0,15.432370941286443,7.0,,,,
Lateral Raises,2022-11-07 10:13:13,10.0,15.432370941286443,7.0,,,,
Lateral Raises,2022-11-07 10:16:05,10.0,15.432370941286443,7.0,,,,
Incline Bicep Curls,2022-11-07 10:17:40,10.0,22.046244201837776,10.0,,,,
Incline Bicep Curls,2022-11-07 10:20:09,7.0,22.046244201837776,10.0,,,,
Incline Bicep Curls,2022-11-07 10:22:46,10.0,22.046244201837776,10.0,,,,
chest press,2023-02-22 14:11:47,10.0,27.557805252297218,12.5,,,,
chest press,2023-02-22 14:13:25,10.0,33.06936630275666,15.0,,,,
chest press,2023-02-22 14:15:30,10.0,33.06936630275666,15.0,,,,
Lat Pulldown,2023-02-22 14:19:36,10.0,44.09248840367555,20.0,,,,
Lat Pulldown,2023-02-22 14:20:48,10.0,55.115610504594436,25.0,,,,
Lat Pulldown,2023-02-22 14:22:41,10.0,55.115610504594436,25.0,,,,
Barbell Bench Press,2023-06-28 06:27:50,10.0,17.63699536147022,8.0,,,,
Barbell Bench Press,2023-06-28 06:33:33,10.0,17.63699536147022,8.0,,,,
Barbell Bench Press,2023-06-28 06:33:36,10.0,17.63699536147022,8.0,,,,
Barbell Bench Press,2023-06-28 06:35:17,10.0,17.63699536147022,8.0,,,,
Barbell Bench Press,2023-06-28 06:36:08,10.0,17.63699536147022,8.0,,,,
Standing Cable Flies,2023-06-28 06:41:58,10.0,13.778902626148609,6.25,,,,
Standing Cable Flies,2023-06-28 06:43:16,10.0,13.778902626148609,6.25,,,,
Standing Cable Flies,2023-06-28 06:44:41,10.0,13.778902626148609,6.25,,,,
Standing Cable Flies,2023-06-28 06:45:49,6.0,13.778902626148609,6.25,,,,
Supine Cable Flies,2023-06-28 06:47:08,12.0,8.267341575689166,3.75,,,,
Supine Cable Flies,2023-06-28 06:49:21,10.0,8.267341575689166,3.75,,,,
Supine Cable Flies,2023-06-28 06:50:49,10.0,8.267341575689166,3.75,,,,
Back Supported Dumbbell Shoulder Press,2023-06-28 06:54:41,12.0,19.841619781653996,9.0,,,,
Back Supported Dumbbell Shoulder Press,2023-06-28 06:56:29,10.0,19.841619781653996,9.0,,,,
Back Supported Dumbbell Shoulder Press,2023-06-28 06:58:58,10.0,19.841619781653996,9.0,,,,
Cable Tricep Pushdown With Straight Bar,2023-06-28 07:03:48,12.0,22.046244201837776,10.0,,,,
Cable Tricep Pushdown With Straight Bar,2023-06-28 07:04:45,12.0,24.802024727067497,11.25,,,,
Cable Tricep Pushdown With Straight Bar,2023-06-28 07:06:04,12.0,24.802024727067497,11.25,,,,
Seated Cable Tricep Extension With Curved Bar,2023-06-28 07:07:48,10.0,44.09248840367555,20.0,,,,
Seated Cable Tricep Extension With Curved Bar,2023-06-28 07:10:07,12.0,60.627171555053884,27.5,,,,
Seated Cable Tricep Extension With Curved Bar,2023-06-28 07:13:07,12.0,60.627171555053884,27.5,,,,
Dumbbell Floor Press,2023-06-28 07:16:34,10.0,15.432370941286443,7.0,,,,
Dumbbell Floor Press,2023-06-28 07:18:10,12.0,15.432370941286443,7.0,,,,
Dumbbell Floor Press,2023-06-28 07:20:08,12.0,15.432370941286443,7.0,,,,
Single Glute Bridge,2023-07-17 06:15:12,8.0,0.0,0.0,,,,
Single Glute Bridge,2023-07-17 06:16:38,8.0,0.0,0.0,,,,
Single Glute Bridge,2023-07-17 06:18:23,8.0,0.0,0.0,,,,
Medicine Ball Hamstring Curl,2023-07-17 06:21:05,16.0,6.613873260551332,3.0,,,,
Medicine Ball Hamstring Curl,2023-07-17 06:25:44,16.0,6.613873260551332,3.0,,,,
Medicine Ball Hamstring Curl,2023-07-17 06:27:52,16.0,6.613873260551332,3.0,,,,
Wall Balls,2023-07-17 06:35:19,20.0,8.81849768073511,4.0,,,,
Barbell Alternating Reverse Lunges,2023-07-17 06:35:40,16.0,16.53468315137833,7.5,,,,
Burpees,2023-07-17 06:35:51,8.0,0.0,0.0,,,,
Wall Balls,2023-07-17 06:39:10,20.0,8.81849768073511,4.0,,,,
Barbell Alternating Reverse Lunges,2023-07-17 06:39:13,10.0,16.53468315137833,7.5,,,,
Burpees,2023-07-17 06:39:28,8.0,0.0,0.0,,,,
Wall Balls,2023-07-17 06:48:37,20.0,8.81849768073511,4.0,,,,
Barbell Alternating Reverse Lunges,2023-07-17 06:48:40,10.0,16.53468315137833,7.5,,,,
Burpees,2023-07-17 06:48:46,8.0,0.0,0.0,,,,
Hack Squat,2023-07-17 06:48:58,10.0,88.1849768073511,40.0,,,,
Hack Squat,2023-07-17 06:49:54,10.0,88.1849768073511,40.0,,,,
Hack Squat,2023-07-17 06:51:08,10.0,88.1849768073511,40.0,,,,
Smith Machine Squat,2023-07-17 06:55:52,10.0,41.887863983491776,19.0,,,,
Smith Machine Squat,2023-07-17 06:56:58,10.0,63.93410818532955,29.0,,,,
Smith Machine Squat,2023-07-17 06:59:05,10.0,63.93410818532955,29.0,,,,
Dynamic Straddle Stretch ,2023-07-31 06:23:52,10.0,0.0,0.0,,,,
Dynamic Straddle Stretch ,2023-07-31 06:23:55,10.0,0.0,0.0,,,,
Dynamic Straddle Stretch ,2023-07-31 06:23:57,10.0,0.0,0.0,,,,
Downward Facing Dog,2023-07-31 06:26:04,10.0,0.0,0.0,,,,
Downward Facing Dog,2023-07-31 06:27:02,10.0,0.0,0.0,,,,
Downward Facing Dog,2023-07-31 06:27:04,10.0,0.0,0.0,,,,
Ring Row,2023-07-31 06:28:57,10.0,0.0,0.0,,,,
Ring Row,2023-07-31 06:30:54,8.0,0.0,0.0,,,,
Ring Row,2023-07-31 06:32:29,8.0,0.0,0.0,,,,
Ring Face-Pulls,2023-07-31 06:33:51,8.0,0.0,0.0,,,,
Ring Face-Pulls,2023-07-31 06:35:25,8.0,0.0,0.0,,,,
Ring Face-Pulls,2023-07-31 06:36:30,8.0,0.0,0.0,,,,
Single Arm Rows,2023-07-31 06:38:02,10.0,27.557805252297218,12.5,,,,
Single Arm Rows,2023-07-31 06:39:00,10.0,27.557805252297218,12.5,,,,
Single Arm Rows,2023-07-31 06:40:36,8.0,44.09248840367555,20.0,,,,
Single Arm Rows,2023-07-31 06:40:38,8.0,44.09248840367555,20.0,,,,
Single Arm Rows,2023-07-31 06:42:14,8.0,44.09248840367555,20.0,,,,
Single Arm Rows,2023-07-31 06:42:16,8.0,44.09248840367555,20.0,,,,
Sled Push,2023-07-31 06:44:47,2.0,22.046244201837776,10.0,,,,
Sled Push,2023-07-31 06:46:57,2.0,44.09248840367555,20.0,,,,
Sled Push,2023-07-31 06:49:21,2.0,44.09248840367555,20.0,,,,
Sled Push,2023-07-31 06:51:11,2.0,44.09248840367555,20.0,,,,
Sled Push,2023-07-31 06:53:07,2.0,44.09248840367555,20.0,,,,
Close Grip Lat Pulldowns,2023-07-31 06:55:56,10.0,60.627171555053884,27.5,,,,
Close Grip Lat Pulldowns,2023-07-31 06:57:54,10.0,77.16185470643221,35.0,,,,
Close Grip Lat Pulldowns,2023-07-31 06:59:55,10.0,77.16185470643221,35.0,,,,
Single Arm Rack Carry,2023-07-31 07:03:48,4.0,26.45549304220533,12.0,,,,
Single Arm Rack Carry,2023-07-31 07:05:08,4.0,35.27399072294044,16.0,,,,
Single Arm Rack Carry,2023-07-31 07:06:54,4.0,35.27399072294044,16.0,,,,
Single Arm Rack Carry,2023-07-31 07:08:18,4.0,35.27399072294044,16.0,,,,
Ski,2023-07-31 07:10:40,1.0,0.0,0.0,,,,
Barbell Floor Press,2023-08-07 07:28:13,15.0,5.511561050459444,2.5,,,,
Barbell Floor Press,2023-08-07 07:28:29,15.0,22.046244201837776,10.0,,,,
Barbell Floor Press,2023-08-07 07:30:46,15.0,22.046244201837776,10.0,,,,
Barbell Floor Press,2023-08-07 07:33:51,15.0,22.046244201837776,10.0,,,,
Barbell Bent Over Row,2023-08-07 07:36:10,15.0,22.046244201837776,10.0,,,,
Barbell Bent Over Row,2023-08-07 07:38:21,15.0,22.046244201837776,10.0,,,,
Barbell Bent Over Row,2023-08-07 07:41:13,15.0,22.046244201837776,10.0,,,,
Barbell Bent Over Row,2023-08-07 07:44:11,15.0,22.046244201837776,10.0,,,,
Shoulder Press,2023-08-07 07:46:27,15.0,27.557805252297218,12.5,,,,
Shoulder Press,2023-08-07 07:48:37,15.0,27.557805252297218,12.5,,,,
Shoulder Press,2023-08-07 07:52:51,15.0,27.557805252297218,12.5,,,,
Shoulder Press,2023-08-07 07:55:44,15.0,27.557805252297218,12.5,,,,
Sitting Rowing,2023-08-07 08:04:47,1.0,0.0,0.0,,,,
Dumbbell Clean And Press,2023-08-07 08:09:53,15.0,8.81849768073511,4.0,,,,
Dumbbell Thrusters,2023-08-07 08:11:22,15.0,11.023122100918888,5.0,,,,
Bicep Curls,2023-08-07 08:12:15,15.0,11.023122100918888,5.0,,,,
Dumbbell Clean And Press,2023-08-07 08:17:02,15.0,8.81849768073511,4.0,,,,
Dumbbell Thrusters,2023-08-07 08:17:05,15.0,11.023122100918888,5.0,,,,
Bicep Curls,2023-08-07 08:17:09,15.0,11.023122100918888,5.0,,,,
Dumbbell Clean And Press,2023-08-07 08:23:43,15.0,8.81849768073511,4.0,,,,
Dumbbell Thrusters,2023-08-07 08:23:45,15.0,11.023122100918888,5.0,,,,
Bicep Curls,2023-08-07 08:23:47,15.0,11.023122100918888,5.0,,,,
Dumbbell Clean And Press,2023-08-07 08:27:54,15.0,8.81849768073511,4.0,,,,
Dumbbell Thrusters,2023-08-07 08:27:56,15.0,11.023122100918888,5.0,,,,
Bicep Curls,2023-08-07 08:27:59,15.0,11.023122100918888,5.0,,,,
Medball Slingshot,2023-08-07 08:32:44,5.0,11.023122100918888,5.0,,,,
Medball Slingshot,2023-08-07 08:32:47,4.0,11.023122100918888,5.0,,,,
Medball Slingshot,2023-08-07 08:32:56,3.0,11.023122100918888,5.0,,,,
Medball Slingshot,2023-08-07 08:32:58,2.0,11.023122100918888,5.0,,,,
Medball Slingshot,2023-08-07 08:33:00,1.0,11.023122100918888,5.0,,,,
Incline Dumbbell Press,2023-10-09 06:27:04,20.0,17.63699536147022,8.0,,,,
Incline Dumbbell Press,2023-10-09 06:27:16,12.0,26.45549304220533,12.0,,,,
Incline Dumbbell Press,2023-10-09 06:28:39,12.0,26.45549304220533,12.0,,,,
Incline Dumbbell Press,2023-10-09 06:31:05,12.0,26.45549304220533,12.0,,,,
Dumbell Rows,2023-10-09 06:33:46,12.0,26.45549304220533,12.0,,,,
Dumbell Rows,2023-10-09 06:36:03,12.0,26.45549304220533,12.0,,,,
Dumbell Rows,2023-10-09 06:38:59,12.0,26.45549304220533,12.0,,,,
Bicep Curls,2023-10-09 06:40:48,12.0,17.63699536147022,8.0,,,,
Bicep Curls,2023-10-09 06:43:35,12.0,17.63699536147022,8.0,,,,
Bicep Curls,2023-10-09 06:45:39,12.0,17.63699536147022,8.0,,,,
Barbell Skullcrusher,2023-10-09 06:51:32,12.0,17.63699536147022,8.0,,,,
Barbell Skullcrusher,2023-10-09 06:51:34,12.0,17.63699536147022,8.0,,,,
Barbell Skullcrusher,2023-10-09 06:53:58,12.0,17.63699536147022,8.0,,,,
Ring Row,2023-10-09 06:59:03,12.0,0.0,0.0,,,,
Ring Row,2023-10-09 07:00:49,12.0,0.0,0.0,,,,
Ring Row,2023-10-09 07:03:01,12.0,0.0,0.0,,,,
Standing Cable Flies,2023-11-01 08:10:45,12.0,11.023122100918888,5.0,,,,
Standing Cable Flies,2023-11-01 08:12:33,16.0,11.023122100918888,5.0,,,,
Standing Cable Flies,2023-11-01 08:15:26,16.0,13.778902626148609,6.25,,,,
Standing Cable Flies,2023-11-01 08:19:01,16.0,13.778902626148609,6.25,,,,
Shoulder Press,2023-11-01 08:22:20,12.0,33.06936630275666,15.0,,,,
Bicep Curls,2023-11-01 08:22:39,12.0,15.432370941286443,7.0,,,,
Shoulder Press,2023-11-01 08:25:57,12.0,33.06936630275666,15.0,,,,
Bicep Curls,2023-11-01 08:26:01,12.0,15.432370941286443,7.0,,,,
Bicep Curls,2023-11-01 08:31:25,15.0,15.432370941286443,7.0,,,,
Shoulder Press,2023-11-01 08:31:29,10.0,33.06936630275666,15.0,,,,
Lat Pulldown,2023-11-01 08:34:19,10.0,93.69653785781054,42.5,,,,
Lat Pulldown,2023-11-01 08:36:03,10.0,93.69653785781054,42.5,,,,
Lat Pulldown,2023-11-01 08:38:20,14.0,77.16185470643221,35.0,,,,
Shoulder Press,2023-11-08 06:55:31,15.0,27.557805252297218,12.5,,,,
Shoulder Press,2023-11-08 06:58:46,12.0,33.06936630275666,15.0,,,,
Shoulder Press,2023-11-08 07:01:01,12.0,33.06936630275666,15.0,,,,
Dumbbell Press,2023-11-08 07:03:42,15.0,17.63699536147022,8.0,,,,
Dumbbell Press,2023-11-08 07:06:03,12.0,26.45549304220533,12.0,,,,
Dumbbell Press,2023-11-08 07:10:40,12.0,26.45549304220533,12.0,,,,
Dumbell Rows,2023-11-08 07:10:58,15.0,26.45549304220533,12.0,,,,
Dumbell Rows,2023-11-08 07:13:22,15.0,26.45549304220533,12.0,,,,
Lateral Raises,2023-11-08 07:16:41,10.0,13.227746521102665,6.0,,,,
Lateral Raises,2023-11-08 07:17:47,10.0,13.227746521102665,6.0,,,,
Lateral Raises,2023-11-08 07:19:22,10.0,13.227746521102665,6.0,,,,
Press Ups,2023-11-10 08:42:41,10.0,0.0,0.0,,,,
Press Ups,2023-11-10 08:42:43,10.0,0.0,0.0,,,,
Press Ups,2023-11-10 08:42:46,10.0,0.0,0.0,,,,
Seated Machine Row,2023-11-10 08:43:25,10.0,44.09248840367555,20.0,,,,
Seated Machine Row,2023-11-10 08:43:26,10.0,44.09248840367555,20.0,,,,
Seated Machine Row,2023-11-10 08:43:27,10.0,44.09248840367555,20.0,,,,
Plate Loaded Shoulder Press,2023-11-10 08:44:56,12.0,22.046244201837776,10.0,,,,
Plate Loaded Shoulder Press,2023-11-10 08:46:08,10.0,33.06936630275666,15.0,,,,
Plate Loaded Shoulder Press,2023-11-10 08:48:33,6.0,44.09248840367555,20.0,,,,
Barbell Skullcrusher,2023-11-10 08:51:18,10.0,27.557805252297218,12.5,,,,
Barbell Skullcrusher,2023-11-10 08:52:48,10.0,27.557805252297218,12.5,,,,
Barbell Push Press,2023-11-10 08:55:28,10.0,33.06936630275666,15.0,,,,
Barbell Push Press,2023-11-10 09:01:07,10.0,33.06936630275666,15.0,,,,
Barbell Push Press,2023-11-10 09:01:08,10.0,33.06936630275666,15.0,,,,
Incline Dumbbell Press,2023-11-13 07:17:13,20.0,17.63699536147022,8.0,,,,
Incline Dumbbell Press,2023-11-13 07:18:51,12.0,26.45549304220533,12.0,,,,
Incline Dumbbell Press,2023-11-13 07:22:54,12.0,26.45549304220533,12.0,,,,
One Armed Bentover Dumbbell Row,2023-11-13 07:25:51,12.0,26.45549304220533,12.0,,,,
One Armed Bentover Dumbbell Row,2023-11-13 07:28:34,12.0,26.45549304220533,12.0,,,,
One Armed Bentover Dumbbell Row,2023-11-13 07:32:40,12.0,26.45549304220533,12.0,,,,
Pec Dec Machine,2023-11-13 07:34:19,12.0,60.627171555053884,27.5,,,,
Pec Dec Machine,2023-11-13 07:37:01,10.0,77.16185470643221,35.0,,,,
Pec Dec Machine,2023-11-13 07:40:08,12.0,77.16185470643221,35.0,,,,
Lat Pulldown,2023-11-13 07:42:23,12.0,77.16185470643221,35.0,,,,
Lat Pulldown,2023-11-13 07:45:38,10.0,93.69653785781054,42.5,,,,
Lat Pulldown,2023-11-13 07:48:58,8.0,110.23122100918887,50.0,,,,
Incline Press,2023-11-13 07:51:35,10.0,44.09248840367555,20.0,,,,
Incline Press,2023-11-13 07:54:19,12.0,55.115610504594436,25.0,,,,
Incline Press,2023-11-13 07:57:23,10.0,55.115610504594436,25.0,,,,
Ring Push Ups,2023-12-14 15:41:25,10.0,0.0,0.0,,,,
Ring Push Ups,2023-12-14 15:41:28,10.0,0.0,0.0,,,,
Standing Cable Flies,2023-12-14 15:45:10,10.0,11.023122100918888,5.0,,,,
Standing Cable Flies,2023-12-14 15:46:20,10.0,13.778902626148609,6.25,,,,
Standing Cable Flies,2023-12-14 15:50:28,10.0,13.778902626148609,6.25,,,,
Standing Cable Flies,2023-12-14 15:50:44,10.0,8.267341575689166,3.75,,,,
Barbell Bent Over Row,2023-12-14 15:55:57,15.0,33.06936630275666,15.0,,,,
Strict Press,2023-12-14 15:57:09,15.0,33.06936630275666,15.0,,,,
Strict Press,2023-12-14 16:01:14,15.0,27.557805252297218,12.5,,,,
Barbell Bent Over Row,2023-12-14 16:01:20,15.0,33.06936630275666,15.0,,,,
Landmine Curtsey Lunge,2023-12-14 16:04:14,20.0,22.046244201837776,10.0,,,,
Dumbbell Clean And Press,2023-12-14 16:08:48,15.0,22.046244201837776,10.0,,,,
Barbell Bent Over Row,2023-12-14 16:12:54,10.0,33.06936630275666,15.0,,,,
Strict Press,2023-12-14 16:13:06,15.0,27.557805252297218,12.5,,,,
Landmine Curtsey Lunge,2023-12-14 16:17:12,20.0,22.046244201837776,10.0,,,,
Incline Dumbbell Press,2024-01-03 06:56:32,12.0,19.841619781653996,9.0,,,,
Incline Dumbbell Press,2024-01-03 06:58:09,12.0,22.046244201837776,10.0,,,,
Incline Dumbbell Press,2024-01-03 06:59:47,12.0,22.046244201837776,10.0,,,,
One Armed Bentover Dumbbell Row,2024-01-03 07:03:56,12.0,22.046244201837776,10.0,,,,
One Armed Bentover Dumbbell Row,2024-01-03 07:06:22,12.0,22.046244201837776,10.0,,,,
One Armed Bentover Dumbbell Row,2024-01-03 07:09:32,12.0,22.046244201837776,10.0,,,,
Pec Dec Machine,2024-01-03 07:11:09,12.0,60.627171555053884,27.5,,,,
Pec Dec Machine,2024-01-03 07:12:45,12.0,71.65029365597277,32.5,,,,
Pec Dec Machine,2024-01-03 07:14:20,12.0,71.65029365597277,32.5,,,,
Lat Pulldown,2024-01-03 07:17:04,12.0,77.16185470643221,35.0,,,,
Lat Pulldown,2024-01-03 07:20:39,12.0,77.16185470643221,35.0,,,,
Lat Pulldown,2024-01-03 07:24:31,12.0,77.16185470643221,35.0,,,,
Ring Face-Pulls,2024-01-03 07:27:15,12.0,0.0,0.0,,,,
Ring Face-Pulls,2024-01-03 07:30:14,12.0,0.0,0.0,,,,
Ring Face-Pulls,2024-01-03 07:32:52,12.0,0.0,0.0,,,,
Ring Push Ups,2024-01-05 08:15:31,10.0,0.0,0.0,,,,
Push Up,2024-01-05 08:15:38,10.0,0.0,0.0,,,,
Ring Push Ups,2024-01-05 08:15:49,10.0,0.0,0.0,,,,
Ring Push Ups,2024-01-05 08:15:51,10.0,0.0,0.0,,,,
Push Up,2024-01-05 08:15:53,10.0,0.0,0.0,,,,
Push Up,2024-01-05 08:15:55,10.0,0.0,0.0,,,,
Assist Pull Ups,2024-01-05 08:23:23,10.0,60.627171555053884,27.5,,,,
Assist Pull Ups,2024-01-05 08:23:27,10.0,77.16185470643221,35.0,,,,
Assist Pull Ups,2024-01-05 08:23:28,10.0,77.16185470643221,35.0,,,,
Seated Machine Row,2024-01-05 08:26:06,10.0,132.27746521102665,60.0,,,,
Seated Machine Row,2024-01-05 08:27:28,10.0,110.23122100918887,50.0,,,,
Seated Machine Row,2024-01-05 08:30:53,15.0,88.1849768073511,40.0,,,,
Heels Elevated Squat,2024-01-05 08:33:55,25.0,0.0,0.0,,,,
Heels Elevated Squat,2024-01-05 08:36:17,15.0,33.06936630275666,15.0,,,,
Heels Elevated Squat,2024-01-05 08:40:16,15.0,44.09248840367555,20.0,,,,
Barbell Bent Over Row,2024-01-05 08:46:21,10.0,66.13873260551333,30.0,,,,
Barbell Bent Over Row,2024-01-05 08:46:35,15.0,44.09248840367555,20.0,,,,
Smith machine bench press,2024-01-12 08:20:08,10.0,44.09248840367555,20.0,,,,
Smith machine bench press,2024-01-12 08:20:16,6.0,88.1849768073511,40.0,,,,
Smith machine bench press,2024-01-12 08:20:23,7.0,77.16185470643221,35.0,,,,
Smith machine bench press,2024-01-12 08:21:10,7.0,77.16185470643221,35.0,,,,
Smith machine bench press,2024-01-12 08:22:26,7.0,77.16185470643221,35.0,,,,
Smith machine bench press,2024-01-12 08:24:35,7.0,77.16185470643221,35.0,,,,
Smith machine bench press,2024-01-12 08:25:12,7.0,82.67341575689166,37.5,,,,
Smith machine bench press,2024-01-12 08:25:58,7.0,82.67341575689166,37.5,,,,
Smith machine bench press,2024-01-12 08:27:05,7.0,82.67341575689166,37.5,,,,
Smith machine bench press,2024-01-12 08:27:57,5.0,82.67341575689166,37.5,,,,
Smith machine bench press,2024-01-12 08:29:08,5.0,82.67341575689166,37.5,,,,
Front foot elevated split squat,2024-01-12 08:34:01,12.0,0.0,0.0,,,,
Front foot elevated split squat,2024-01-12 08:34:20,6.0,26.45549304220533,12.0,,,,
Front foot elevated split squat,2024-01-12 08:34:21,6.0,26.45549304220533,12.0,,,,
Front foot elevated split squat,2024-01-12 08:36:48,12.0,26.45549304220533,12.0,,,,
Front foot elevated split squat,2024-01-12 08:36:49,12.0,26.45549304220533,12.0,,,,
Front foot elevated split squat,2024-01-12 08:40:11,12.0,26.45549304220533,12.0,,,,
Floor seated shoulder press,2024-01-12 08:49:33,12.0,22.046244201837776,10.0,,,,
Floor seated shoulder press,2024-01-12 08:49:41,12.0,22.046244201837776,10.0,,,,
Floor seated shoulder press,2024-01-12 08:49:43,12.0,13.227746521102665,6.0,,,,
Sled Push,2024-01-12 08:55:37,2.0,44.09248840367555,20.0,,,,
Sled Push,2024-01-12 08:55:39,2.0,88.1849768073511,40.0,,,,
Low Cable Row,2024-01-15 06:38:05,12.0,60.627171555053884,27.5,,,,
Low Cable Row,2024-01-15 06:39:35,12.0,77.16185470643221,35.0,,,,
Low Cable Row,2024-01-15 06:41:16,12.0,77.16185470643221,35.0,,,,
Lat Pulldown,2024-01-15 06:43:09,12.0,60.627171555053884,27.5,,,,
Lat Pulldown,2024-01-15 06:45:58,12.0,60.627171555053884,27.5,,,,
Lat Pulldown,2024-01-15 06:50:17,12.0,60.627171555053884,27.5,,,,
Incline Dumbbell Press,2024-01-15 06:51:53,30.0,13.227746521102665,6.0,,,,
Incline Dumbbell Press,2024-01-15 06:54:44,30.0,13.227746521102665,6.0,,,,
Incline Dumbbell Press,2024-01-15 06:57:36,30.0,13.227746521102665,6.0,,,,
Incline Bicep Curls,2024-01-15 07:01:13,20.0,13.227746521102665,6.0,,,,
Incline Bicep Curls,2024-01-15 07:02:55,17.0,13.227746521102665,6.0,,,,
Incline Bicep Curls,2024-01-15 07:05:42,12.0,13.227746521102665,6.0,,,,
Trx Tricep Extensions,2024-01-19 09:09:07,30.0,0.0,0.0,,,,
Trx Tricep Extensions,2024-01-19 09:09:09,30.0,0.0,0.0,,,,
Trx Tricep Extensions,2024-01-19 09:09:11,30.0,0.0,0.0,,,,
Seated Machine Row,2024-01-19 09:17:47,10.0,88.1849768073511,40.0,,,,
Seated Machine Row,2024-01-19 09:17:48,10.0,88.1849768073511,40.0,,,,
Seated Machine Row,2024-01-19 09:17:49,10.0,88.1849768073511,40.0,,,,
Assist Pull Ups,2024-01-19 09:19:03,10.0,60.627171555053884,27.5,,,,
Assist Pull Ups,2024-01-19 09:21:52,10.0,60.627171555053884,27.5,,,,
Pull up eccentric,2024-01-19 09:27:08,10.0,0.0,0.0,,,,
Pull up eccentric,2024-01-19 09:27:09,10.0,0.0,0.0,,,,
Dumbbell Clean And Press,2024-01-19 09:29:49,10.0,44.09248840367555,20.0,,,,
Dumbbell Clean And Press,2024-01-19 09:34:07,10.0,44.09248840367555,20.0,,,,
Dumbbell Clean And Press,2024-01-19 09:37:02,10.0,27.557805252297218,12.5,,,,
Squat,2024-01-26 08:26:45,8.0,88.1849768073511,40.0,,,,
Squat,2024-01-26 08:28:33,8.0,176.3699536147022,80.0,,,,
Squat,2024-01-26 08:32:24,6.0,220.46244201837774,100.0,,,,
Squat,2024-01-26 08:35:49,6.0,220.46244201837774,100.0,,,,
Squat,2024-01-26 08:38:54,10.0,132.27746521102665,60.0,,,,
Trx Tricep Extensions,2024-01-26 08:41:21,10.0,0.0,0.0,,,,
Trx Tricep Extensions,2024-01-26 08:42:43,10.0,0.0,0.0,,,,
Trx Tricep Extensions,2024-01-26 08:45:03,10.0,0.0,0.0,,,,
Egyptian cable lateral raise,2024-01-26 08:49:27,10.0,8.267341575689166,3.75,,,,
Egyptian cable lateral raise,2024-01-26 08:49:28,10.0,8.267341575689166,3.75,,,,
Egyptian cable lateral raise,2024-01-26 08:54:26,8.0,11.574278205964832,5.25,,,,
Egyptian cable lateral raise,2024-01-26 08:54:50,12.0,5.511561050459444,2.5,,,,
Push Up,2024-01-26 08:56:21,12.0,0.0,0.0,,,,
Push Up,2024-01-26 08:58:37,12.0,0.0,0.0,,,,
TRX Row,2024-02-02 08:29:29,10.0,0.0,0.0,,,,
TRX Row,2024-02-02 08:29:35,10.0,0.0,0.0,,,,
TRX Row,2024-02-02 08:29:38,10.0,0.0,0.0,,,,
Wall Balls,2024-02-02 08:29:51,15.0,6.613873260551332,3.0,,,,
Wall Balls,2024-02-02 08:29:57,15.0,6.613873260551332,3.0,,,,
Wall Balls,2024-02-02 08:35:09,15.0,6.613873260551332,3.0,,,,
Wall Balls,2024-02-02 08:35:11,15.0,6.613873260551332,3.0,,,,
Landmine Curtsey Lunge,2024-02-02 08:35:39,20.0,11.023122100918888,5.0,,,,
Landmine Curtsey Lunge,2024-02-02 08:40:14,20.0,22.046244201837776,10.0,,,,
Squat,2024-02-02 08:46:21,10.0,33.06936630275666,15.0,,,,
Squat,2024-02-02 08:46:27,10.0,99.20809890826999,45.0,,,,
Squat,2024-02-02 08:52:53,10.0,143.30058731194555,65.0,,,,
Squat,2024-02-02 08:53:07,10.0,99.20809890826999,45.0,,,,
Squat,2024-02-02 08:56:54,10.0,77.16185470643221,35.0,,,,
Goblet Squat,2024-02-02 08:59:19,10.0,17.63699536147022,8.0,,,,
Hip Abduction Machine,2024-02-02 09:02:25,10.0,60.627171555053884,27.5,,,,
Hip Abduction Machine,2024-02-02 09:02:28,10.0,77.16185470643221,35.0,,,,
Press Ups,2024-02-05 06:22:01,10.0,0.0,0.0,,,,
Press Ups,2024-02-05 06:23:03,10.0,0.0,0.0,,,,
Press Ups,2024-02-05 06:24:33,10.0,0.0,0.0,,,,
Standing Cable Flies,2024-02-05 06:26:51,12.0,13.778902626148609,6.25,,,,
Standing Cable Flies,2024-02-05 06:29:13,10.0,19.290463676608052,8.75,,,,
Standing Cable Flies,2024-02-05 06:30:42,8.0,19.290463676608052,8.75,,,,
Cable Tricep Pushdown,2024-02-05 06:34:07,15.0,19.290463676608052,8.75,,,,
Cable Tricep Pushdown,2024-02-05 06:35:52,15.0,24.802024727067497,11.25,,,,
Cable Tricep Pushdown,2024-02-05 06:37:04,15.0,30.313585777526942,13.75,,,,
Bench Press,2024-02-05 06:40:27,10.0,44.09248840367555,20.0,,,,
Bench Press,2024-02-05 06:42:32,12.0,55.115610504594436,25.0,,,,
Bench Press,2024-02-05 06:46:20,10.0,66.13873260551333,30.0,,,,
Bench Press,2024-02-05 06:48:58,8.0,77.16185470643221,35.0,,,,
Bench Press,2024-02-05 06:51:13,10.0,66.13873260551333,30.0,,,,
Bench Press,2024-02-05 06:54:32,12.0,55.115610504594436,25.0,,,,
Incline Chest Press Machine,2024-02-05 07:00:00,10.0,38.580927353216104,17.5,,,,
Incline Chest Press Machine,2024-02-05 07:00:57,15.0,27.557805252297218,12.5,,,,
Incline Chest Press Machine,2024-02-05 07:04:23,12.0,33.06936630275666,15.0,,,,
Incline Chest Press Machine,2024-02-05 07:07:54,8.0,44.09248840367555,20.0,,,,
Dumbbell Lateral Raise,2024-02-05 07:10:53,10.0,8.81849768073511,4.0,,,,
Back Supported Dumbbell Shoulder Press,2024-02-05 07:12:08,20.0,13.227746521102665,6.0,,,,
Dumbbell Lateral Raise,2024-02-05 07:15:05,10.0,8.81849768073511,4.0,,,,
Back Supported Dumbbell Shoulder Press,2024-02-05 07:15:10,15.0,13.227746521102665,6.0,,,,
Dumbbell Lateral Raise,2024-02-05 07:18:46,10.0,8.81849768073511,4.0,,,,
Back Supported Dumbbell Shoulder Press,2024-02-05 07:18:52,15.0,13.227746521102665,6.0,,,,
Tricep Dips,2024-02-05 07:20:26,15.0,0.0,0.0,,,,
Tricep Dips,2024-02-05 07:22:50,15.0,0.0,0.0,,,,
Tricep Dips,2024-02-05 07:24:46,15.0,0.0,0.0,,,,
Dumbbell Shoulder Press,2024-02-12 10:18:32,12.0,17.63699536147022,8.0,,,,
Dumbbell Shoulder Press,2024-02-12 10:19:48,12.0,17.63699536147022,8.0,,,,
Dumbbell Flys,2024-02-12 10:24:12,12.0,11.023122100918888,5.0,,,,
Dumbbell Flys,2024-02-12 10:24:14,12.0,11.023122100918888,5.0,,,,
Dumbbell Flys,2024-02-12 10:26:18,12.0,11.023122100918888,5.0,,,,
Dumbbell Bench Press,2024-02-12 10:29:12,12.0,17.63699536147022,8.0,,,,
Dumbbell Bench Press,2024-02-12 10:31:32,12.0,26.45549304220533,12.0,,,,
Dumbbell Bench Press,2024-02-12 10:33:50,12.0,26.45549304220533,12.0,,,,
Incline Bench Press,2024-02-12 10:38:15,12.0,66.13873260551333,30.0,,,,
Incline Bench Press,2024-02-12 10:40:48,12.0,66.13873260551333,30.0,,,,
Incline Bench Press,2024-02-12 10:43:43,11.0,66.13873260551333,30.0,,,,
Plate Loaded Shoulder Press,2024-02-12 10:47:22,12.0,22.046244201837776,10.0,,,,
Plate Loaded Shoulder Press,2024-02-12 10:49:56,12.0,33.06936630275666,15.0,,,,
Plate Loaded Shoulder Press,2024-02-12 10:53:16,10.0,33.06936630275666,15.0,,,,
Ring Tricep Extension,2024-02-12 10:56:55,12.0,0.0,0.0,,,,
Ring Tricep Extension,2024-02-12 10:58:49,12.0,0.0,0.0,,,,
Ring Tricep Extension,2024-02-12 11:00:25,12.0,0.0,0.0,,,,
Chest Supported Incline Dumbbell Row,2024-02-14 07:21:17,15.0,13.227746521102665,6.0,,,,
Chest Supported Incline Dumbbell Row,2024-02-14 07:23:35,15.0,13.227746521102665,6.0,,,,
Chest Supported Incline Dumbbell Row,2024-02-14 07:27:18,15.0,13.227746521102665,6.0,,,,
Chest Supported Reverse Fly,2024-02-14 07:30:00,12.0,8.81849768073511,4.0,,,,
Chest Supported Reverse Fly,2024-02-14 07:32:57,12.0,8.81849768073511,4.0,,,,
Chest Supported Reverse Fly,2024-02-14 07:35:20,12.0,8.81849768073511,4.0,,,,
Single Arm Kettlebell Sumo Deadlift High Pull,2024-02-14 07:38:04,8.0,17.63699536147022,8.0,,,,
Single Arm Kettlebell Sumo Deadlift High Pull,2024-02-14 07:39:53,8.0,26.45549304220533,12.0,,,,
Single Arm Kettlebell Sumo Deadlift High Pull,2024-02-14 07:41:52,8.0,26.45549304220533,12.0,,,,
Single Arm Kettlebell Sumo Deadlift High Pull,2024-02-14 07:44:07,8.0,26.45549304220533,12.0,,,,
Close Grip Pull-Down,2024-02-14 07:47:21,15.0,44.09248840367555,20.0,,,,
Close Grip Pull-Down,2024-02-14 07:49:34,12.0,60.627171555053884,27.5,,,,
Close Grip Pull-Down,2024-02-14 07:51:28,8.0,77.16185470643221,35.0,,,,
Supinated Barbell Bent Over Row,2024-02-14 07:54:12,12.0,22.046244201837776,10.0,,,,
Supinated Barbell Bent Over Row,2024-02-14 07:56:11,12.0,27.557805252297218,12.5,,,,
Supinated Barbell Bent Over Row,2024-02-14 07:58:07,12.0,27.557805252297218,12.5,,,,
Ring Face Pulls,2024-02-14 08:01:20,12.0,0.0,0.0,,,,
Ring Face Pulls,2024-02-14 08:03:23,12.0,0.0,0.0,,,,
Ring Face Pulls,2024-02-14 08:06:00,12.0,0.0,0.0,,,,
Sled Face Pull,2024-02-14 08:07:29,2.0,44.09248840367555,20.0,,,,
Sled Face Pull,2024-02-14 08:14:18,2.0,55.115610504594436,25.0,,,,
Sled Face Pull,2024-02-14 08:14:24,2.0,55.115610504594436,25.0,,,,
Sled Face Pull,2024-02-14 08:15:00,2.0,55.115610504594436,25.0,,,,
Sled Face Pull,2024-02-14 08:16:00,2.0,55.115610504594436,25.0,,,,
Romanian Deadlift,2024-02-16 08:21:48,10.0,66.13873260551333,30.0,,,,
Barbell step up,2024-02-16 08:22:16,20.0,55.115610504594436,25.0,,,,
Deadlift,2024-02-16 08:29:17,20.0,55.115610504594436,25.0,,,,
Bulgarian Split Squat,2024-02-16 08:31:46,20.0,22.046244201837776,10.0,,,,
Bulgarian Split Squat,2024-02-16 08:31:47,20.0,13.227746521102665,6.0,,,,
Bulgarian Split Squat,2024-02-16 08:35:58,20.0,13.227746521102665,6.0,,,,
Bench Press,2024-02-19 07:57:55,12.0,63.93410818532955,29.0,,,,
Bench Press,2024-02-19 08:01:41,12.0,63.93410818532955,29.0,,,,
Bench Press,2024-02-19 08:05:14,10.0,63.93410818532955,29.0,,,,
Bench Press,2024-02-19 08:08:38,10.0,63.93410818532955,29.0,,,,
Dumbbell Flys,2024-02-19 08:10:36,12.0,13.227746521102665,6.0,,,,
Dumbbell Flys,2024-02-19 08:12:17,12.0,13.227746521102665,6.0,,,,
Dumbbell Flys,2024-02-19 08:15:10,12.0,13.227746521102665,6.0,,,,
Standing Cable Flies,2024-02-19 08:18:22,12.0,15.156792888763471,6.875,,,,
Standing Cable Flies,2024-02-19 08:20:21,12.0,15.156792888763471,6.875,,,,
Standing Cable Flies,2024-02-19 08:23:15,12.0,15.156792888763471,6.875,,,,
Seated Shoulder Press,2024-02-19 08:28:40,12.0,11.023122100918888,5.0,,,,
Seated Shoulder Press,2024-02-19 08:31:30,12.0,11.023122100918888,5.0,,,,
Dumbbell Lateral Raise,2024-02-19 08:33:43,12.0,8.81849768073511,4.0,,,,
Dumbbell Lateral Raise,2024-02-19 08:36:29,12.0,8.81849768073511,4.0,,,,
Dumbbell Frontal Raises,2024-02-19 08:38:28,12.0,8.81849768073511,4.0,,,,
Dumbbell Frontal Raises,2024-02-19 08:40:36,12.0,8.81849768073511,4.0,,,,
Single arm bent over cable row,2024-02-21 06:52:03,12.0,13.778902626148609,6.25,,,,
Single arm bent over cable row,2024-02-21 06:53:40,12.0,24.802024727067497,11.25,,,,
Wide cable bent over row,2024-02-21 06:57:08,12.0,35.82514682798639,16.25,,,,
Wide cable bent over row,2024-02-21 06:59:12,12.0,46.84826892890527,21.25,,,,
Wide cable bent over row,2024-02-21 07:00:36,12.0,46.84826892890527,21.25,,,,
Single arm bent over cable reverse fly,2024-02-21 07:02:59,12.0,13.778902626148609,6.25,,,,
Single arm bent over cable reverse fly,2024-02-21 07:06:19,12.0,13.778902626148609,6.25,,,,
Single arm bent over cable reverse fly,2024-02-21 07:08:55,10.0,13.778902626148609,6.25,,,,
Seated rear delt raise,2024-02-21 07:11:25,12.0,11.023122100918888,5.0,,,,
Seated rear delt raise,2024-02-21 07:13:21,12.0,11.023122100918888,5.0,,,,
Seated rear delt raise,2024-02-21 07:15:57,12.0,11.023122100918888,5.0,,,,
Dumbbell Elbowing Row,2024-02-21 07:19:13,15.0,17.63699536147022,8.0,,,,
Dumbbell Elbowing Row,2024-02-21 07:25:16,12.0,22.046244201837776,10.0,,,,
Dumbbell Elbowing Row,2024-02-21 07:25:22,10.0,26.45549304220533,12.0,,,,
Lat Pulldown,2024-02-21 07:26:48,12.0,60.627171555053884,27.5,,,,
Lat Pulldown,2024-02-21 07:29:32,12.0,77.16185470643221,35.0,,,,
Lat Pulldown,2024-02-21 07:37:01,12.0,77.16185470643221,35.0,,,,
Lat Pulldown,2024-02-21 07:37:04,12.0,77.16185470643221,35.0,,,,
Sled Face Pull,2024-02-21 07:42:13,2.0,55.115610504594436,25.0,,,,
Sled Face Pull,2024-02-21 07:42:14,2.0,55.115610504594436,25.0,,,,
Trx Tricep Extensions,2024-02-23 08:28:31,10.0,0.0,0.0,,,,
Trx Tricep Extensions,2024-02-23 08:28:32,10.0,0.0,0.0,,,,
Trx Tricep Extensions,2024-02-23 08:28:34,10.0,0.0,0.0,,,,
TRX Row,2024-02-23 08:28:36,10.0,0.0,0.0,,,,
TRX Row,2024-02-23 08:28:37,10.0,0.0,0.0,,,,
TRX Row,2024-02-23 08:28:39,10.0,0.0,0.0,,,,
Bench Press,2024-02-23 08:29:09,10.0,44.09248840367555,20.0,,,,
Bench Press,2024-02-23 08:29:10,10.0,44.09248840367555,20.0,,,,
Bench Press,2024-02-23 08:30:00,10.0,66.13873260551333,30.0,,,,
Bench Press,2024-02-23 08:32:28,10.0,88.1849768073511,40.0,,,,
Bench Press,2024-02-23 08:33:42,10.0,66.13873260551333,30.0,,,,
Dumbbell Shoulder Press,2024-02-23 08:35:24,15.0,13.227746521102665,6.0,,,,
Dumbbell Shoulder Press,2024-02-23 08:38:14,20.0,13.227746521102665,6.0,,,,
Dumbbell Shoulder Press,2024-02-23 08:41:02,6.0,22.046244201837776,10.0,,,,
Dumbbell Shoulder Press,2024-02-23 08:46:25,6.0,33.06936630275666,15.0,,,,
Dumbbell Shoulder Press,2024-02-23 08:46:50,5.0,8.81849768073511,4.0,,,,
Dumbbell Shoulder Press,2024-02-23 08:46:54,15.0,4.409248840367555,2.0,,,,
Incline Chest Press Machine,2024-03-04 06:38:00,12.0,27.557805252297218,12.5,,,,
Incline Chest Press Machine,2024-03-04 06:39:31,12.0,33.06936630275666,15.0,,,,
Incline Chest Press Machine,2024-03-04 06:42:48,10.0,38.580927353216104,17.5,,,,
Incline Chest Press Machine,2024-03-04 06:45:18,10.0,38.580927353216104,17.5,,,,
Incline Chest Press Machine,2024-03-04 06:47:07,10.0,38.580927353216104,17.5,,,,
Dumbbell Bench Press,2024-03-04 06:52:45,12.0,26.45549304220533,12.0,,,,
Dumbbell Bench Press,2024-03-04 06:55:32,12.0,26.45549304220533,12.0,,,,
Dumbbell Bench Press,2024-03-04 06:58:06,12.0,26.45549304220533,12.0,,,,
Dumbbell Bench Press,2024-03-04 07:01:04,12.0,26.45549304220533,12.0,,,,
Seated Shoulder Press,2024-03-04 07:03:32,12.0,22.046244201837776,10.0,,,,
Seated Shoulder Press,2024-03-04 07:06:23,10.0,22.046244201837776,10.0,,,,
Seated Shoulder Press,2024-03-04 07:08:31,10.0,27.557805252297218,12.5,,,,
Seated Shoulder Press,2024-03-04 07:10:36,9.0,27.557805252297218,12.5,,,,
Standing Cable Flies,2024-03-04 07:13:49,12.0,13.778902626148609,6.25,,,,
Standing Cable Flies,2024-03-04 07:15:57,12.0,13.778902626148609,6.25,,,,
Standing Cable Flies,2024-03-04 07:18:31,12.0,13.778902626148609,6.25,,,,
Standing Cable Flies,2024-03-04 07:19:42,12.0,13.778902626148609,6.25,,,,
Standing Cable Flies,2024-03-04 07:23:00,12.0,13.778902626148609,6.25,,,,
Dumbbell Lateral Raise,2024-03-04 07:27:58,12.0,8.81849768073511,4.0,,,,
Dumbbell Lateral Raise,2024-03-04 07:30:22,12.0,13.227746521102665,6.0,,,,
Dumbbell Lateral Raise,2024-03-04 07:33:04,12.0,13.227746521102665,6.0,,,,
Press Ups,2024-03-04 07:34:34,10.0,0.0,0.0,,,,
Press Ups,2024-03-04 07:37:28,10.0,0.0,0.0,,,,
Seated Machine Row,2024-03-08 10:11:13,10.0,44.09248840367555,20.0,,,,
Seated Machine Row,2024-03-08 10:12:08,10.0,66.13873260551333,30.0,,,,
Seated Machine Row,2024-03-08 10:17:58,7.0,88.1849768073511,40.0,,,,
Seated Machine Row,2024-03-08 10:18:02,7.0,66.13873260551333,30.0,,,,
Seated Machine Row,2024-03-08 10:18:07,10.0,44.09248840367555,20.0,,,,
Shoulder Press,2024-03-08 10:19:31,10.0,22.046244201837776,10.0,,,,
Shoulder Press,2024-03-08 10:24:14,10.0,33.06936630275666,15.0,,,,
Shoulder Press,2024-03-08 10:30:14,7.0,55.115610504594436,25.0,,,,
Shoulder Press,2024-03-08 10:30:20,13.0,11.023122100918888,5.0,,,,
Lat Pulldown,2024-03-08 10:32:24,10.0,77.16185470643221,35.0,,,,
Lat Pulldown,2024-03-08 10:35:48,8.0,110.23122100918887,50.0,,,,
Lat Pulldown,2024-03-08 10:38:09,8.0,110.23122100918887,50.0,,,,
Lat Pulldown,2024-03-08 10:40:34,15.0,60.627171555053884,27.5,,,,
Ring Face Pulls,2024-03-08 10:42:01,10.0,0.0,0.0,,,,
Ring Tricep Extension,2024-03-18 10:24:31,12.0,0.0,0.0,,,,
Ring Tricep Extension,2024-03-18 10:24:33,12.0,0.0,0.0,,,,
Ring Tricep Extension,2024-03-18 10:24:34,12.0,0.0,0.0,,,,
Seated Machine Row,2024-03-18 10:25:20,10.0,44.09248840367555,20.0,,,,
Seated Machine Row,2024-03-18 10:25:23,10.0,44.09248840367555,20.0,,,,
Seated Machine Row,2024-03-18 10:29:10,10.0,88.1849768073511,40.0,,,,
Seated Machine Row,2024-03-18 10:29:12,10.0,88.1849768073511,40.0,,,,
Shoulder Press,2024-03-18 10:33:08,10.0,63.93410818532955,29.0,,,,
Shoulder Press,2024-03-18 10:34:31,6.0,85.98035238716733,39.0,,,,
Shoulder Press,2024-03-18 10:36:26,8.0,74.95723028624843,34.0,,,,
Shoulder Press,2024-03-18 10:37:29,9.0,52.91098608441066,24.0,,,,
Decline Bench Press,2024-03-18 10:40:07,10.0,52.91098608441066,24.0,,,,
Decline Bench Press,2024-03-18 10:42:48,12.0,52.91098608441066,24.0,,,,
Decline Bench Press,2024-03-18 10:42:56,10.0,19.841619781653996,9.0,,,,
Decline Bench Press,2024-03-18 10:43:27,10.0,41.887863983491776,19.0,,,,
Decline Bench Press,2024-03-18 10:43:33,10.0,19.841619781653996,9.0,,,,
Cable Lateral Raises,2024-03-18 10:48:21,10.0,8.267341575689166,3.75,,,,
Cable Lateral Raises,2024-03-18 10:52:53,10.0,8.267341575689166,3.75,,,,
Standing Cable Flies,2024-03-18 10:58:14,12.0,11.023122100918888,5.0,,,,
Standing Cable Flies,2024-03-18 11:00:09,10.0,11.023122100918888,5.0,,,,
Standing Cable Flies,2024-03-18 11:01:11,12.0,13.778902626148609,6.25,,,,
TRX Row,2024-03-22 10:40:19,10.0,0.0,0.0,,,,
TRX Row,2024-03-22 10:40:20,10.0,0.0,0.0,,,,
TRX Row,2024-03-22 10:41:14,10.0,0.0,0.0,,,,
Seated Machine Row,2024-03-22 10:45:44,10.0,44.09248840367555,20.0,,,,
Seated Machine Row,2024-03-22 10:45:47,12.0,66.13873260551333,30.0,,,,
Seated Machine Row,2024-03-22 10:46:53,11.0,77.16185470643221,35.0,,,,
Seated Machine Row,2024-03-22 10:51:09,8.0,77.16185470643221,35.0,,,,
Seated Machine Row,2024-03-22 10:51:12,12.0,44.09248840367555,20.0,,,,
Bench Press,2024-03-22 10:56:14,10.0,44.09248840367555,20.0,,,,
Bench Press,2024-03-22 10:56:17,10.0,66.13873260551333,30.0,,,,
Bench Press,2024-03-22 10:57:57,9.0,88.1849768073511,40.0,,,,
Incline Dumbbell Press,2024-03-22 10:59:59,8.0,22.046244201837776,10.0,,,,
Incline Dumbbell Press,2024-03-22 11:01:56,8.0,26.45549304220533,12.0,,,,
Incline Dumbbell Press,2024-03-22 11:06:33,8.0,30.864741882572886,14.0,,,,
Straight Bar Push Down,2024-03-29 08:01:43,10.0,15.145769766662552,6.87,,,,
Straight Bar Push Down,2024-03-29 08:03:09,10.0,18.188151466516164,8.25,,,,
Straight Bar Push Down,2024-03-29 08:05:48,5.0,18.188151466516164,8.25,,,,
Straight Bar Push Down,2024-03-29 08:05:53,5.0,15.145769766662552,6.87,,,,
Bench Press,2024-03-29 08:07:49,10.0,44.09248840367555,20.0,,,,
Bench Press,2024-03-29 08:10:10,10.0,66.13873260551333,30.0,,,,
Bench Press,2024-03-29 08:12:23,10.0,77.16185470643221,35.0,,,,
Dumbbell Bench Press,2024-03-29 08:15:40,10.0,22.046244201837776,10.0,,,,
Dumbbell Bench Press,2024-03-29 08:17:18,15.0,22.046244201837776,10.0,,,,
Dumbbell Bench Press,2024-03-29 08:22:02,15.0,22.046244201837776,10.0,,,,
Barbell Bent Over Row,2024-03-29 08:26:29,15.0,33.06936630275666,15.0,,,,
Barbell Bent Over Row,2024-03-29 08:26:38,10.0,44.09248840367555,20.0,,,,
Barbell Bent Over Row,2024-03-29 08:26:45,10.0,66.13873260551333,30.0,,,,
Barbell Bent Over Row,2024-03-29 08:30:12,10.0,77.16185470643221,35.0,,,,
Barbell Bent Over Row,2024-03-29 08:30:16,5.0,66.13873260551333,30.0,,,,
Barbell Bent Over Row,2024-04-05 12:00:26,5.0,44.09248840367555,20.0,,,,
Bench Press,2024-04-05 12:00:42,10.0,44.09248840367555,20.0,,,,
Bench Press,2024-04-05 12:02:33,10.0,66.13873260551333,30.0,,,,
Barbell Bent Over Row,2024-04-05 12:02:37,5.0,66.13873260551333,30.0,,,,
Barbell Bent Over Row,2024-04-05 12:09:41,5.0,88.1849768073511,40.0,,,,
Bench Press,2024-04-05 12:09:47,10.0,88.1849768073511,40.0,,,,
Barbell Bent Over Row,2024-04-05 12:13:55,5.0,88.1849768073511,40.0,,,,
Bench Press,2024-04-05 12:18:43,7.0,110.23122100918887,50.0,,,,
One Armed Bentover Dumbbell Row,2024-04-05 12:23:46,10.0,44.09248840367555,20.0,,,,
One Armed Bentover Dumbbell Row,2024-04-05 12:23:49,10.0,22.046244201837776,10.0,,,,
One Armed Bentover Dumbbell Row,2024-04-05 12:29:47,15.0,30.864741882572886,14.0,,,,
One Armed Bentover Dumbbell Row,2024-04-05 12:32:07,10.0,19.841619781653996,9.0,,,,
Bench Press,2024-04-08 09:33:57,15.0,44.09248840367555,20.0,,,,
Bench Press,2024-04-08 09:34:48,10.0,66.13873260551333,30.0,,,,
Bench Press,2024-04-08 09:37:09,10.0,77.16185470643221,35.0,,,,
Bench Press,2024-04-08 09:39:43,10.0,77.16185470643221,35.0,,,,
Cable Tricep Pushdown,2024-04-08 09:41:28,10.0,24.802024727067497,11.25,,,,
Cable Tricep Pushdown,2024-04-08 09:43:19,10.0,30.313585777526942,13.75,,,,
Cable Tricep Pushdown,2024-04-08 09:47:11,10.0,30.313585777526942,13.75,,,,
Cable Tricep Pushdown,2024-04-08 09:49:16,10.0,30.313585777526942,13.75,,,,
Pec Dec Machine,2024-04-08 09:51:44,15.0,71.65029365597277,32.5,,,,
Pec Dec Machine,2024-04-08 09:54:27,15.0,77.16185470643221,35.0,,,,
Pec Dec Machine,2024-04-08 09:57:36,15.0,77.16185470643221,35.0,,,,
Pec Dec Machine,2024-04-08 10:00:29,12.0,77.16185470643221,35.0,,,,
Straight bar cable tricep extension,2024-04-08 10:03:47,12.0,24.802024727067497,11.25,,,,
Push ups,2024-04-08 10:03:52,10.0,0.0,0.0,,,,
Push ups,2024-04-08 10:06:08,10.0,0.0,0.0,,,,
Straight bar cable tricep extension,2024-04-08 10:06:16,12.0,30.313585777526942,13.75,,,,
Straight bar cable tricep extension,2024-04-08 10:09:58,12.0,30.313585777526942,13.75,,,,
Push ups,2024-04-08 10:10:01,10.0,0.0,0.0,,,,
Push ups,2024-04-08 10:13:47,7.0,0.0,0.0,,,,
Straight bar cable tricep extension,2024-04-08 10:13:56,12.0,30.313585777526942,13.75,,,,
Kettlebell floor press,2024-04-08 10:21:59,12.0,17.63699536147022,8.0,,,,
Kettlebell floor press,2024-04-08 10:22:00,12.0,17.63699536147022,8.0,,,,
Kettlebell floor press,2024-04-08 10:24:23,12.0,17.63699536147022,8.0,,,,
Battle Rope,2024-04-08 10:31:57,1.0,0.0,0.0,,,,
Battle Rope,2024-04-08 10:31:58,1.0,0.0,0.0,,,,
Battle Rope,2024-04-08 10:32:01,1.0,0.0,0.0,,,,
Heavy ball slams,2024-04-08 10:38:25,12.0,11.023122100918888,5.0,,,,
Heavy ball slams,2024-04-08 10:42:08,10.0,11.023122100918888,5.0,,,,
Heavy ball slams,2024-04-08 10:43:25,8.0,11.023122100918888,5.0,,,,
Press Ups,2024-04-08 12:03:21,20.0,0.0,0.0,,,,
Press Ups,2024-04-12 13:00:39,10.0,0.0,0.0,,,,
Press Ups,2024-04-12 13:00:40,10.0,0.0,0.0,,,,
TRX Row,2024-04-12 13:00:47,10.0,0.0,0.0,,,,
TRX Row,2024-04-12 13:00:48,10.0,0.0,0.0,,,,
Barbell Floor Press,2024-04-12 13:04:54,20.0,44.09248840367555,20.0,,,,
Gorilla Rows,2024-04-12 13:06:49,12.0,26.45549304220533,12.0,,,,
Gorilla Rows,2024-04-12 13:06:50,12.0,26.45549304220533,12.0,,,,
Barbell Floor Press,2024-04-12 13:09:19,17.0,66.13873260551333,30.0,,,,
Gorilla Rows,2024-04-12 13:12:08,20.0,35.27399072294044,16.0,,,,
Barbell Floor Press,2024-04-12 13:14:16,10.0,88.1849768073511,40.0,,,,
Barbell Floor Press,2024-04-12 13:21:13,10.0,88.1849768073511,40.0,,,,
Gorilla Rows,2024-04-12 13:21:25,20.0,44.09248840367555,20.0,,,,
Incline Bench Press,2024-04-12 13:25:53,10.0,44.09248840367555,20.0,,,,
Incline Bench Press,2024-04-12 13:27:23,10.0,66.13873260551333,30.0,,,,
Incline Bench Press,2024-04-12 13:29:45,10.0,66.13873260551333,30.0,,,,
One Armed Bentover Dumbbell Row,2024-04-12 13:36:58,13.0,26.45549304220533,12.0,,,,
One Armed Bentover Dumbbell Row,2024-04-12 13:39:41,10.0,26.45549304220533,12.0,,,,
Lat Pulldown,2024-04-15 06:57:40,10.0,77.16185470643221,35.0,,,,
Lat Pulldown,2024-04-15 07:00:24,12.0,93.69653785781054,42.5,,,,
Lat Pulldown,2024-04-15 07:03:03,10.0,93.69653785781054,42.5,,,,
Lat Pulldown,2024-04-15 07:05:19,10.0,93.69653785781054,42.5,,,,
Low Cable Row,2024-04-15 07:08:40,12.0,77.16185470643221,35.0,,,,
Low Cable Row,2024-04-15 07:10:31,12.0,77.16185470643221,35.0,,,,
Low Cable Row,2024-04-15 07:12:35,12.0,77.16185470643221,35.0,,,,
Low Cable Row,2024-04-15 07:14:22,10.0,77.16185470643221,35.0,,,,
Assist Pull Ups,2024-04-15 07:16:15,10.0,60.627171555053884,27.5,,,,
Assist Pull Ups,2024-04-15 07:20:28,12.0,71.65029365597277,32.5,,,,
Assist Pull Ups,2024-04-15 07:23:38,12.0,71.65029365597277,32.5,,,,
Assist Pull Ups,2024-04-15 07:26:08,12.0,71.65029365597277,32.5,,,,
Seated Machine Row,2024-04-15 07:28:02,12.0,44.09248840367555,20.0,,,,
Seated Machine Row,2024-04-15 07:30:52,12.0,44.09248840367555,20.0,,,,
Seated Machine Row,2024-04-15 07:33:34,12.0,44.09248840367555,20.0,,,,
Standing Rope Bicep Curl on Cable Machine,2024-04-15 07:35:45,12.0,19.290463676608052,8.75,,,,
Standing Rope Bicep Curl on Cable Machine,2024-04-15 07:37:09,12.0,24.802024727067497,11.25,,,,
Standing Rope Bicep Curl on Cable Machine,2024-04-15 07:39:21,12.0,24.802024727067497,11.25,,,,
Standing Rope Bicep Curl on Cable Machine,2024-04-15 07:41:15,12.0,24.802024727067497,11.25,,,,
Hammer Curls,2024-04-15 07:43:46,12.0,13.227746521102665,6.0,,,,
Hammer Curls,2024-04-15 07:46:40,12.0,13.227746521102665,6.0,,,,
Hammer Curls,2024-04-15 07:49:28,12.0,13.227746521102665,6.0,,,,
Bicep Curls,2024-04-15 07:51:01,10.0,17.63699536147022,8.0,,,,
Bicep Curls,2024-04-15 07:52:06,12.0,17.63699536147022,8.0,,,,
Bicep Curls,2024-04-15 07:54:39,12.0,17.63699536147022,8.0,,,,
TRX Row,2024-04-20 07:44:07,10.0,0.0,0.0,,,,
TRX Row,2024-04-20 07:44:08,10.0,0.0,0.0,,,,
TRX Row,2024-04-20 07:44:10,10.0,0.0,0.0,,,,
TRX Bicep Curl,2024-04-20 07:44:15,10.0,0.0,0.0,,,,
TRX Bicep Curl,2024-04-20 07:44:16,10.0,0.0,0.0,,,,
TRX Bicep Curl,2024-04-20 07:44:18,10.0,0.0,0.0,,,,
Straight Arm Pull Down,2024-04-20 07:47:13,10.0,27.557805252297218,12.5,,,,
Straight Arm Pull Down,2024-04-20 07:51:47,10.0,27.557805252297218,12.5,,,,
Straight Arm Pull Down,2024-04-20 07:51:49,10.0,27.557805252297218,12.5,,,,
Straight Arm Pull Down,2024-04-20 07:53:17,20.0,16.53468315137833,7.5,,,,
Bicep Curls,2024-04-20 07:57:08,10.0,27.557805252297218,12.5,,,,
Bicep Curls,2024-04-20 07:59:31,10.0,27.557805252297218,12.5,,,,
Bicep Curls,2024-04-20 08:01:41,10.0,27.557805252297218,12.5,,,,
Mts Front Pull Downs,2024-04-20 08:05:10,14.0,22.046244201837776,10.0,,,,
Mts Front Pull Downs,2024-04-20 08:06:57,10.0,33.06936630275666,15.0,,,,
Mts Front Pull Downs,2024-04-20 08:07:56,10.0,33.06936630275666,15.0,,,,
Mts Front Pull Downs,2024-04-20 08:09:56,12.0,38.580927353216104,17.5,,,,
Shoulder Press,2024-04-20 08:14:21,10.0,27.557805252297218,12.5,,,,
Shoulder Press,2024-04-20 08:14:24,12.0,27.557805252297218,12.5,,,,
Shoulder Press,2024-04-20 08:15:44,12.0,22.046244201837776,10.0,,,,
TRX Row,2024-04-26 10:11:33,10.0,0.0,0.0,,,,
TRX Row,2024-04-26 10:11:34,10.0,0.0,0.0,,,,
TRX Row,2024-04-26 10:11:35,10.0,0.0,0.0,,,,
Push ups,2024-04-26 10:17:16,10.0,0.0,0.0,,,,
Push ups,2024-04-26 10:17:17,10.0,0.0,0.0,,,,
Standing Cable Flies,2024-04-26 10:21:10,10.0,8.267341575689166,3.75,,,,
Standing Cable Flies,2024-04-26 10:21:15,10.0,13.778902626148609,6.25,,,,
Standing Cable Flies,2024-04-26 10:24:00,10.0,13.778902626148609,6.25,,,,
Standing Cable Flies,2024-04-26 10:24:05,9.0,8.267341575689166,3.75,,,,
Push ups,2024-04-26 10:29:41,10.0,0.0,0.0,,,,
Smith machine bench press,2024-04-26 10:30:07,10.0,63.93410818532955,29.0,,,,
Smith machine bench press,2024-04-26 10:35:12,10.0,52.91098608441066,24.0,,,,
Smith machine bench press,2024-04-26 10:35:14,10.0,41.887863983491776,19.0,,,,
Dumbbell Shoulder Press,2024-04-26 10:36:35,10.0,17.63699536147022,8.0,,,,
Dumbbell Shoulder Press,2024-04-26 10:41:27,12.0,17.63699536147022,8.0,,,,
Seated Shoulder Press,2024-04-26 10:42:36,6.0,39.68323956330799,18.0,,,,
Dumbbell Shoulder Press,2024-04-26 10:44:24,10.0,22.046244201837776,10.0,,,,
Bench Press,2024-04-29 06:25:29,12.0,19.841619781653996,9.0,,,,
Bench Press,2024-04-29 06:26:35,10.0,63.93410818532955,29.0,,,,
Bench Press,2024-04-29 06:29:10,10.0,85.98035238716733,39.0,,,,
Bench Press,2024-04-29 06:31:21,7.0,85.98035238716733,39.0,,,,
Dumbbell Bench Press,2024-04-29 06:33:32,10.0,22.046244201837776,10.0,,,,
Dumbbell Bench Press,2024-04-29 06:37:24,10.0,22.046244201837776,10.0,,,,
Dumbbell Bench Press,2024-04-29 06:39:29,10.0,22.046244201837776,10.0,,,,
Dumbbell Bench Press,2024-04-29 06:41:47,10.0,22.046244201837776,10.0,,,,
Overhead Dumbell Tricep Extension,2024-04-29 06:42:45,10.0,22.046244201837776,10.0,,,,
Overhead Dumbell Tricep Extension,2024-04-29 06:46:30,10.0,22.046244201837776,10.0,,,,
Overhead Dumbell Tricep Extension,2024-04-29 06:48:48,10.0,22.046244201837776,10.0,,,,
Standing Cable Flies,2024-04-29 06:52:46,10.0,8.267341575689166,3.75,,,,
Standing Cable Flies,2024-04-29 06:52:49,10.0,13.778902626148609,6.25,,,,
Standing Cable Flies,2024-04-29 06:58:07,10.0,13.778902626148609,6.25,,,,
Standing Cable Flies,2024-04-29 07:06:08,10.0,13.778902626148609,6.25,,,,
Cable Tricep Pushdown,2024-04-29 07:06:20,10.0,22.046244201837776,10.0,,,,
Cable Tricep Pushdown,2024-04-29 07:06:24,10.0,27.557805252297218,12.5,,,,
Cable Tricep Pushdown,2024-04-29 07:06:26,10.0,27.557805252297218,12.5,,,,
Cable Tricep Pushdown,2024-04-29 07:09:04,10.0,27.557805252297218,12.5,,,,
Pec Dec Machine,2024-04-29 07:12:48,10.0,77.16185470643221,35.0,,,,
Pec Dec Machine,2024-04-29 07:14:57,10.0,77.16185470643221,35.0,,,,
Pec Dec Machine,2024-04-29 07:16:39,10.0,77.16185470643221,35.0,,,,
Press Ups,2024-04-29 07:18:23,10.0,0.0,0.0,,,,
Press Ups,2024-04-29 07:20:26,10.0,0.0,0.0,,,,
Press Ups,2024-04-29 07:22:22,10.0,0.0,0.0,,,,
Press Ups,2024-05-01 06:12:00,10.0,0.0,0.0,,,,
TRX Bicep Curl,2024-05-01 06:12:07,10.0,0.0,0.0,,,,
TRX Bicep Curl,2024-05-01 06:15:06,10.0,0.0,0.0,,,,
Press Ups,2024-05-01 06:15:13,10.0,0.0,0.0,,,,
Press Ups,2024-05-01 06:15:14,10.0,0.0,0.0,,,,
TRX Bicep Curl,2024-05-01 06:15:21,10.0,0.0,0.0,,,,
Lat Pulldown,2024-05-01 06:17:01,12.0,77.16185470643221,35.0,,,,
Lat Pulldown,2024-05-01 06:19:09,10.0,77.16185470643221,35.0,,,,
Lat Pulldown,2024-05-01 06:21:15,10.0,93.69653785781054,42.5,,,,
Lat Pulldown,2024-05-01 06:23:15,10.0,110.23122100918887,50.0,,,,
Standing Cable Flies,2024-05-01 06:25:10,10.0,8.267341575689166,3.75,,,,
Standing Cable Flies,2024-05-01 06:26:24,10.0,13.778902626148609,6.25,,,,
Standing Cable Flies,2024-05-01 06:29:09,10.0,13.778902626148609,6.25,,,,
Assist Pull Ups,2024-05-01 06:30:41,10.0,44.09248840367555,20.0,,,,
Assist Pull Ups,2024-05-01 06:32:55,10.0,44.09248840367555,20.0,,,,
Assist Pull Ups,2024-05-01 06:36:08,10.0,59.524859344961996,27.0,,,,
Plate Loaded Shoulder Press,2024-05-01 06:38:03,10.0,22.046244201837776,10.0,,,,
Plate Loaded Shoulder Press,2024-05-01 06:40:40,10.0,22.046244201837776,10.0,,,,
Plate Loaded Shoulder Press,2024-05-01 06:42:09,10.0,27.557805252297218,12.5,,,,
Plate Loaded Shoulder Press,2024-05-01 06:43:34,12.0,38.580927353216104,17.5,,,,
Push ups,2024-05-07 06:11:57,10.0,0.0,0.0,,,,
Push ups,2024-05-07 06:11:58,10.0,0.0,0.0,,,,
Bench Press,2024-05-07 06:16:53,10.0,33.06936630275666,15.0,,,,
Bench Press,2024-05-07 06:16:56,10.0,77.16185470643221,35.0,,,,
Bench Press,2024-05-07 06:17:02,6.0,99.20809890826999,45.0,,,,
Bench Press,2024-05-07 06:18:46,3.0,110.23122100918887,50.0,,,,
Bench Press,2024-05-07 06:21:18,12.0,77.16185470643221,35.0,,,,
Assist Pull Ups,2024-05-07 06:25:36,10.0,60.627171555053884,27.5,,,,
Push ups,2024-05-07 06:25:47,10.0,0.0,0.0,,,,
Assist Pull Ups,2024-05-07 06:26:01,10.0,60.627171555053884,27.5,,,,
Assist Pull Ups,2024-05-07 06:28:13,10.0,60.627171555053884,27.5,,,,
Push ups,2024-05-07 06:28:19,20.0,0.0,0.0,,,,
TRX Bicep Curl,2024-05-07 06:31:16,10.0,0.0,0.0,,,,
Single Arm Rows,2024-05-07 06:31:43,10.0,26.45549304220533,12.0,,,,
Single Arm Rows,2024-05-07 06:34:54,10.0,26.45549304220533,12.0,,,,
TRX Bicep Curl,2024-05-07 06:34:58,10.0,0.0,0.0,,,,
TRX Bicep Curl,2024-05-07 06:37:32,15.0,0.0,0.0,,,,
Single Arm Rows,2024-05-07 06:37:45,10.0,26.45549304220533,12.0,,,,
Wall Balls,2024-05-07 06:44:59,12.0,8.81849768073511,4.0,,,,
Wall Balls,2024-05-07 06:45:00,12.0,8.81849768073511,4.0,,,,
Wall Balls,2024-05-07 06:45:02,12.0,6.613873260551332,3.0,,,,
Bicep Curls,2024-05-07 06:45:23,10.0,13.227746521102665,6.0,,,,
Bicep Curls,2024-05-07 06:45:24,10.0,13.227746521102665,6.0,,,,
Barbell Curl,2024-05-07 06:46:26,10.0,22.046244201837776,10.0,,,,
Barbell Curl,2024-05-07 06:46:32,5.0,17.63699536147022,8.0,,,,
Assist Pull Ups,2024-05-17 09:25:07,15.0,60.627171555053884,27.5,,,,
Assist Pull Ups,2024-05-17 09:28:03,15.0,66.13873260551333,30.0,,,,
Assist Pull Ups,2024-05-17 09:30:58,15.0,66.13873260551333,30.0,,,,
Assist Dips,2024-05-17 09:34:36,15.0,66.13873260551333,30.0,,,,
Assist Dips,2024-05-17 09:37:01,15.0,66.13873260551333,30.0,,,,
Assist Dips,2024-05-17 09:38:35,12.0,66.13873260551333,30.0,,,,
Tricep Extensions,2024-05-17 09:40:58,16.0,22.046244201837776,10.0,,,,
Cable Tricep Pushdown,2024-05-17 09:42:12,15.0,33.06936630275666,15.0,,,,
Tricep Extensions,2024-05-17 09:45:32,16.0,33.06936630275666,15.0,,,,
Cable Tricep Pushdown,2024-05-17 09:48:37,15.0,16.53468315137833,7.5,,,,
Bicep Curls,2024-05-17 09:50:39,10.0,17.63699536147022,8.0,,,,
Bicep Curls,2024-05-17 09:51:55,10.0,13.227746521102665,6.0,,,,
Bicep Curls,2024-05-17 09:59:17,10.0,13.227746521102665,6.0,,,,
Seated Machine Bicep Curls,2024-05-17 10:02:27,10.0,26.45549304220533,12.0,,,,
Seated Machine Bicep Curls,2024-05-17 10:02:28,10.0,26.45549304220533,12.0,,,,
Seated Machine Bicep Curls,2024-05-17 10:02:29,10.0,26.45549304220533,12.0,,,,
Bench Press,2024-05-20 06:14:28,12.0,19.841619781653996,9.0,,,,
Bench Press,2024-05-20 06:16:15,12.0,63.93410818532955,29.0,,,,
Bench Press,2024-05-20 06:18:37,12.0,85.98035238716733,39.0,,,,
Bench Press,2024-05-20 06:22:57,12.0,85.98035238716733,39.0,,,,
Standing Cable Flies,2024-05-20 06:25:39,12.0,16.53468315137833,7.5,,,,
Standing Cable Flies,2024-05-20 06:28:20,10.0,16.53468315137833,7.5,,,,
Standing Cable Flies,2024-05-20 06:30:31,12.0,22.046244201837776,10.0,,,,
Standing Cable Flies,2024-05-20 06:34:38,12.0,22.046244201837776,10.0,,,,
Cable Tricep Extension,2024-05-20 06:36:36,10.0,11.023122100918888,5.0,,,,
Cable Tricep Extension,2024-05-20 06:38:54,10.0,11.023122100918888,5.0,,,,
Cable Tricep Extension,2024-05-20 06:41:00,10.0,11.023122100918888,5.0,,,,
Rope Tricep extension,2024-05-20 06:44:09,10.0,16.53468315137833,7.5,,,,
Rope Tricep extension,2024-05-20 06:46:26,10.0,22.046244201837776,10.0,,,,
Rope Tricep extension,2024-05-20 06:50:55,10.0,27.557805252297218,12.5,,,,
Rope Tricep extension,2024-05-20 06:52:55,12.0,27.557805252297218,12.5,,,,
Frontal raises,2024-05-20 06:58:21,10.0,11.023122100918888,5.0,,,,
Frontal raises,2024-05-20 06:58:22,10.0,11.023122100918888,5.0,,,,
Frontal raises,2024-05-20 07:01:52,10.0,11.023122100918888,5.0,,,,
TRX Bicep Curl,2024-05-22 07:42:18,10.0,0.0,0.0,,,,
TRX Bicep Curl,2024-05-22 07:42:20,10.0,0.0,0.0,,,,
TRX Row,2024-05-22 07:42:25,10.0,0.0,0.0,,,,
TRX Row,2024-05-22 07:42:26,10.0,0.0,0.0,,,,
Push ups,2024-05-22 07:44:59,10.0,0.0,0.0,,,,
Incline Bench Press,2024-05-22 07:45:28,10.0,41.887863983491776,19.0,,,,
Push ups,2024-05-22 07:46:30,10.0,11.023122100918888,5.0,,,,
Incline Bench Press,2024-05-22 07:49:26,10.0,63.93410818532955,29.0,,,,
Push ups,2024-05-22 07:55:08,10.0,22.046244201837776,10.0,,,,
Push ups,2024-05-22 07:55:13,1.0,11.023122100918888,5.0,,,,
Push ups,2024-05-22 07:55:18,10.0,0.0,0.0,,,,
Incline Bench Press,2024-05-22 08:01:03,8.0,85.98035238716733,39.0,,,,
Push ups,2024-05-22 08:04:22,20.0,0.0,0.0,,,,
Dumbbell Shoulder Press,2024-05-22 08:05:58,10.0,17.63699536147022,8.0,,,,
Dumbbell Shoulder Press,2024-05-22 08:09:48,12.0,17.63699536147022,8.0,,,,
Dumbbell Shoulder Press,2024-05-22 08:12:56,7.0,26.45549304220533,12.0,,,,
Dumbbell Shoulder Press,2024-05-22 08:13:00,7.0,17.63699536147022,8.0,,,,
Bicep Curls,2024-05-22 08:16:08,10.0,17.63699536147022,8.0,,,,
Bicep Curls,2024-05-22 08:16:13,8.0,8.81849768073511,4.0,,,,
Bicep Curls,2024-05-22 08:21:03,10.0,17.63699536147022,8.0,,,,
TRX Row,2024-05-29 07:35:42,10.0,0.0,0.0,,,,
TRX Row,2024-05-29 07:35:43,10.0,0.0,0.0,,,,
TRX Row,2024-05-29 07:36:48,10.0,0.0,0.0,,,,
Push ups,2024-05-29 07:37:48,10.0,0.0,0.0,,,,
Push ups,2024-05-29 07:38:43,10.0,22.046244201837776,10.0,,,,
Push ups,2024-05-29 07:41:18,6.0,44.09248840367555,20.0,,,,
Push ups,2024-05-29 07:41:23,5.0,22.046244201837776,10.0,,,,
Bench Press,2024-05-29 07:49:15,10.0,44.09248840367555,20.0,,,,
Bench Press,2024-05-29 07:49:19,10.0,88.1849768073511,40.0,,,,
Bench Press,2024-05-29 07:53:45,6.0,110.23122100918887,50.0,,,,
Bench Press,2024-05-29 07:58:33,20.0,66.13873260551333,30.0,,,,
Dumbbell Bench Press,2024-05-29 08:00:19,10.0,22.046244201837776,10.0,,,,
Dumbbell Bench Press,2024-05-29 08:04:07,12.0,22.046244201837776,10.0,,,,
Seated Machine Row,2024-05-29 08:06:14,12.0,44.09248840367555,20.0,,,,
Seated Machine Row,2024-05-29 08:11:27,10.0,55.115610504594436,25.0,,,,
Seated Machine Row,2024-05-29 08:11:28,10.0,55.115610504594436,25.0,,,,
Bicep Curls,2024-05-29 08:13:06,10.0,22.046244201837776,10.0,,,,
Bicep Curls,2024-05-29 08:13:09,10.0,22.046244201837776,10.0,,,,
Seated Shoulder Press,2024-06-03 06:19:28,15.0,0.0,0.0,,,,
Seated Shoulder Press,2024-06-03 06:20:15,15.0,11.023122100918888,5.0,,,,
Seated Shoulder Press,2024-06-03 06:22:01,15.0,22.046244201837776,10.0,,,,
Standing Cable Flies,2024-06-03 06:25:41,12.0,13.778902626148609,6.25,,,,
Standing Cable Flies,2024-06-03 06:31:40,10.0,19.290463676608052,8.75,,,,
Standing Cable Flies,2024-06-03 06:34:03,10.0,19.290463676608052,8.75,,,,
Seated Cable Flyes,2024-06-03 06:39:22,10.0,2.755780525229722,1.25,,,,
Seated Cable Flyes,2024-06-03 06:41:18,10.0,8.157110354679977,3.7,,,,
Seated Cable Flyes,2024-06-03 06:43:27,10.0,8.157110354679977,3.7,,,,
Landmine lateral raise,2024-06-03 06:46:57,10.0,0.0,0.0,,,,
Landmine lateral raise,2024-06-03 06:49:58,10.0,5.511561050459444,2.5,,,,
Landmine lateral raise,2024-06-03 06:54:42,10.0,5.511561050459444,2.5,,,,
Landmine Press,2024-06-03 06:57:24,15.0,5.511561050459444,2.5,,,,
Landmine Press,2024-06-03 07:03:26,15.0,11.023122100918888,5.0,,,,
Landmine Press,2024-06-03 07:05:08,15.0,16.53468315137833,7.5,,,,
Dumbbell Bench Press,2024-06-03 07:11:15,15.0,22.046244201837776,10.0,,,,
Dumbbell Bench Press,2024-06-03 07:13:21,15.0,22.046244201837776,10.0,,,,
Dumbbell Bench Press,2024-06-03 07:16:18,15.0,22.046244201837776,10.0,,,,
Incline Dumbbell Press,2024-06-03 07:20:00,15.0,22.046244201837776,10.0,,,,
Incline Dumbbell Press,2024-06-03 07:22:27,10.0,22.046244201837776,10.0,,,,
Incline Dumbbell Press,2024-06-03 07:25:00,10.0,22.046244201837776,10.0,,,,
Ring Face Pulls,2024-06-04 06:19:34,15.0,0.0,0.0,,,,
Ring Face Pulls,2024-06-04 06:22:16,15.0,0.0,0.0,,,,
Ring Face Pulls,2024-06-04 06:24:00,15.0,0.0,0.0,,,,
Cable Face Pull,2024-06-04 06:26:24,15.0,11.023122100918888,5.0,,,,
Cable Face Pull,2024-06-04 06:29:06,15.0,16.53468315137833,7.5,,,,
Cable Face Pull,2024-06-04 06:31:20,15.0,22.046244201837776,10.0,,,,
Pendalay Row,2024-06-04 06:35:22,15.0,27.557805252297218,12.5,,,,
Pendalay Row,2024-06-04 06:40:00,15.0,55.115610504594436,25.0,,,,
Pendalay Row,2024-06-04 06:43:33,12.0,55.115610504594436,25.0,,,,
Clean And Press Kettlebells,2024-06-04 06:49:08,10.0,26.45549304220533,12.0,,,,
Clean And Press Kettlebells,2024-06-04 06:52:03,10.0,26.45549304220533,12.0,,,,
Clean And Press Kettlebells,2024-06-04 06:54:20,10.0,26.45549304220533,12.0,,,,
Bent Over Dual KB Row,2024-06-04 06:59:23,10.0,35.27399072294044,16.0,,,,
Bent Over Dual KB Row,2024-06-04 07:01:52,10.0,35.27399072294044,16.0,,,,
Bent Over Dual KB Row,2024-06-04 07:07:47,10.0,35.27399072294044,16.0,,,,
Sled Face Pull,2024-06-04 07:10:54,2.0,55.115610504594436,25.0,,,,
Sled Face Pull,2024-06-04 07:19:22,2.0,55.115610504594436,25.0,,,,
Sled Face Pull,2024-06-04 07:19:23,2.0,55.115610504594436,25.0,,,,
Press Ups,2024-06-05 06:57:10,10.0,0.0,0.0,,,,
Press Ups,2024-06-05 06:57:12,10.0,0.0,0.0,,,,
Frontal raises,2024-06-05 06:57:28,15.0,4.409248840367555,2.0,,,,
Frontal raises,2024-06-05 06:57:47,10.0,13.227746521102665,6.0,,,,
Frontal raises,2024-06-05 06:59:55,10.0,13.227746521102665,6.0,,,,
Press Ups,2024-06-05 07:00:00,10.0,0.0,0.0,,,,
Press Ups,2024-06-05 07:05:54,10.0,0.0,0.0,,,,
Frontal raises,2024-06-05 07:05:59,10.0,13.227746521102665,6.0,,,,
Frontal raises,2024-06-05 07:06:01,10.0,4.409248840367555,2.0,,,,
Bench Press,2024-06-05 07:09:15,10.0,63.93410818532955,29.0,,,,
Bench Press,2024-06-05 07:09:27,10.0,85.98035238716733,39.0,,,,
Bench Press,2024-06-05 07:13:14,4.0,108.0265965890051,49.0,,,,
Bench Press,2024-06-05 07:13:53,2.0,85.98035238716733,39.0,,,,
Bench Press,2024-06-05 07:13:58,6.0,63.93410818532955,29.0,,,,
Clean And Press Kettlebells,2024-06-05 07:16:22,10.0,17.63699536147022,8.0,,,,
Dumbell Push Press,2024-06-05 07:17:59,10.0,22.046244201837776,10.0,,,,
Dumbell Push Press,2024-06-05 07:20:39,10.0,22.046244201837776,10.0,,,,
Dumbell Push Press,2024-06-05 07:23:56,20.0,22.046244201837776,10.0,,,,
Dumbbell Clean And Press,2024-06-05 07:26:35,10.0,22.046244201837776,10.0,,,,
Push ups,2024-06-10 06:08:58,12.0,0.0,0.0,,,,
Dumbbell Lateral Raise,2024-06-10 06:10:13,10.0,13.227746521102665,6.0,,,,
Dumbbell Lateral Raise,2024-06-10 06:11:12,12.0,13.227746521102665,6.0,,,,
Push ups,2024-06-10 06:11:17,12.0,0.0,0.0,,,,
Dumbbell Lateral Raise,2024-06-10 06:13:35,10.0,13.227746521102665,6.0,,,,
Push ups,2024-06-10 06:13:37,12.0,0.0,0.0,,,,
Dumbbell Frontal Raises,2024-06-10 06:15:46,10.0,13.227746521102665,6.0,,,,
Dumbbell Frontal Raises,2024-06-10 06:19:38,10.0,13.227746521102665,6.0,,,,
Dumbbell Frontal Raises,2024-06-10 06:20:27,10.0,13.227746521102665,6.0,,,,
Bench Press,2024-06-10 06:23:09,15.0,63.93410818532955,29.0,,,,
Bench Press,2024-06-10 06:26:31,10.0,85.98035238716733,39.0,,,,
Bench Press,2024-06-10 06:29:40,4.0,97.00347448808621,44.0,,,,
Standing Cable Flies,2024-06-10 06:33:21,12.0,19.290463676608052,8.75,,,,
Standing Cable Flies,2024-06-10 06:36:03,10.0,24.691793506058307,11.2,,,,
Standing Cable Flies,2024-06-10 06:38:25,10.0,24.691793506058307,11.2,,,,
Cable Tricep Pushdown,2024-06-10 06:40:30,10.0,24.802024727067497,11.25,,,,
Cable Tricep Pushdown,2024-06-10 06:42:02,12.0,30.313585777526942,13.75,,,,
Cable Tricep Pushdown,2024-06-10 06:44:07,12.0,30.313585777526942,13.75,,,,
Rope Tricep extension,2024-06-10 06:47:00,10.0,30.313585777526942,13.75,,,,
Rope Tricep extension,2024-06-10 06:48:19,10.0,30.313585777526942,13.75,,,,
Rope Tricep extension,2024-06-10 06:50:18,10.0,30.313585777526942,13.75,,,,
TRX Row,2024-06-11 09:36:10,10.0,0.0,0.0,,,,
Push ups,2024-06-11 09:36:25,10.0,0.0,0.0,,,,
Push ups,2024-06-11 09:40:36,10.0,0.0,0.0,,,,
Push ups,2024-06-11 09:40:37,10.0,0.0,0.0,,,,
TRX Row,2024-06-11 09:40:41,10.0,0.0,0.0,,,,
TRX Row,2024-06-11 09:40:41,10.0,0.0,0.0,,,,
Bench Press,2024-06-11 09:43:20,15.0,44.09248840367555,20.0,,,,
Bench Press,2024-06-11 09:44:18,6.0,88.1849768073511,40.0,,,,
Bench Press,2024-06-11 09:47:14,1.0,110.23122100918887,50.0,,,,
Bench Press,2024-06-11 09:47:20,3.0,121.25434311010777,55.0,,,,
Bench Press,2024-06-11 09:49:33,4.0,99.20809890826999,45.0,,,,
Bench Press,2024-06-11 09:51:05,10.0,77.16185470643221,35.0,,,,
Bench Press,2024-06-11 09:52:43,15.0,44.09248840367555,20.0,,,,
Pendalay Row,2024-06-11 09:57:44,10.0,38.580927353216104,17.5,,,,
Pendalay Row,2024-06-11 09:57:45,10.0,38.580927353216104,17.5,,,,
Pendalay Row,2024-06-11 09:58:42,11.0,55.115610504594436,25.0,,,,
Pendalay Row,2024-06-11 10:01:07,15.0,55.115610504594436,25.0,,,,
Barbell Shoulder Press,2024-06-11 10:03:22,10.0,38.580927353216104,17.5,,,,
Barbell Shoulder Press,2024-06-11 10:06:25,10.0,38.580927353216104,17.5,,,,
Barbell Shoulder Press,2024-06-11 10:09:15,10.0,38.580927353216104,17.5,,,,
Barbell Shoulder Press,2024-06-11 10:14:06,10.0,38.580927353216104,17.5,,,,
Push ups,2024-06-11 10:14:11,10.0,0.0,0.0,,,,
Push ups,2024-06-11 10:15:16,10.0,0.0,0.0,,,,
Push ups,2024-06-24 06:15:17,15.0,0.0,0.0,,,,
Push ups,2024-06-24 06:15:53,15.0,0.0,0.0,,,,
Push ups,2024-06-24 06:16:54,15.0,0.0,0.0,,,,
Ring Push Ups,2024-06-24 06:18:37,10.0,0.0,0.0,,,,
Ring Push Ups,2024-06-24 06:20:02,10.0,0.0,0.0,,,,
Ring Push Ups,2024-06-24 06:22:03,10.0,0.0,0.0,,,,
Standing Cable Flies,2024-06-24 06:26:43,15.0,19.290463676608052,8.75,,,,
Standing Cable Flies,2024-06-24 06:29:47,15.0,19.290463676608052,8.75,,,,
Standing Cable Flies,2024-06-24 06:33:25,15.0,19.290463676608052,8.75,,,,
Standing Cable Flies,2024-06-24 06:37:54,15.0,19.290463676608052,8.75,,,,
Cable bench press,2024-06-24 06:41:19,10.0,8.267341575689166,3.75,,,,
Cable bench press,2024-06-24 06:43:37,10.0,13.778902626148609,6.25,,,,
Cable bench press,2024-06-24 06:46:36,10.0,13.778902626148609,6.25,,,,
Cable bench press,2024-06-24 06:49:08,10.0,13.778902626148609,6.25,,,,
Sled Push,2024-06-24 06:53:09,2.0,88.1849768073511,40.0,,,,
Sled Push,2024-06-24 06:55:50,2.0,88.1849768073511,40.0,,,,
TRX Row,2024-06-27 10:46:41,10.0,0.0,0.0,,,,
TRX Row,2024-06-27 10:46:42,10.0,0.0,0.0,,,,
TRX Row,2024-06-27 10:46:44,10.0,0.0,0.0,,,,
TRX Row,2024-06-27 10:48:14,10.0,0.0,0.0,,,,
TRX Row,2024-06-27 10:50:37,10.0,0.0,0.0,,,,
Barbell Bent Over Row,2024-06-27 10:56:52,10.0,55.115610504594436,25.0,,,,
Barbell Bent Over Row,2024-06-27 10:57:08,10.0,55.115610504594436,25.0,,,,
Barbell Bent Over Row,2024-06-27 11:00:26,15.0,77.16185470643221,35.0,,,,
Barbell Bent Over Row,2024-06-27 11:05:06,10.0,66.13873260551333,30.0,,,,
Barbell Bent Over Row,2024-06-27 11:05:12,5.0,44.09248840367555,20.0,,,,
Barbell Bent Over Row,2024-06-27 11:05:26,5.0,33.06936630275666,15.0,,,,
Gorilla Rows,2024-06-27 11:10:16,20.0,35.27399072294044,16.0,,,,
Gorilla Rows,2024-06-27 11:15:33,24.0,26.45549304220533,12.0,,,,
Gorilla Rows,2024-06-27 11:18:43,24.0,26.45549304220533,12.0,,,,
Barbell Floor Press,2024-07-01 06:43:38,12.0,44.09248840367555,20.0,,,,
Barbell Floor Press,2024-07-01 06:45:38,12.0,66.13873260551333,30.0,,,,
Barbell Floor Press,2024-07-01 06:50:16,12.0,66.13873260551333,30.0,,,,
Dumbbell Floor Press,2024-07-01 06:53:01,12.0,19.841619781653996,9.0,,,,
Dumbbell Floor Press,2024-07-01 06:55:57,12.0,19.841619781653996,9.0,,,,
Dumbbell Floor Press,2024-07-01 06:59:01,12.0,19.841619781653996,9.0,,,,
Incline Dumbbell Press,2024-07-01 07:03:02,12.0,26.45549304220533,12.0,,,,
Incline Dumbbell Press,2024-07-01 07:05:56,12.0,26.45549304220533,12.0,,,,
Incline Dumbbell Press,2024-07-01 07:13:41,12.0,26.45549304220533,12.0,,,,
Dumbbell Lateral Raise,2024-07-01 07:13:51,12.0,8.81849768073511,4.0,,,,
Dumbbell Lateral Raise,2024-07-01 07:16:40,12.0,8.81849768073511,4.0,,,,
Dumbbell Lateral Raise,2024-07-01 07:19:22,12.0,8.81849768073511,4.0,,,,
Dumbbell Frontal Raises,2024-07-01 07:23:23,12.0,8.81849768073511,4.0,,,,
Dumbbell Frontal Raises,2024-07-01 07:23:32,12.0,8.81849768073511,4.0,,,,
Dumbbell Frontal Raises,2024-07-01 07:26:54,12.0,8.81849768073511,4.0,,,,
TRX Row,2024-07-03 06:26:04,10.0,0.0,0.0,,,,
TRX Row,2024-07-03 06:26:05,10.0,0.0,0.0,,,,
TRX Row,2024-07-03 06:26:05,10.0,0.0,0.0,,,,
Mts Front Pull Downs,2024-07-03 06:27:29,10.0,33.06936630275666,15.0,,,,
Mts Front Pull Downs,2024-07-03 06:29:52,10.0,38.580927353216104,17.5,,,,
Mts Front Pull Downs,2024-07-03 06:30:05,5.0,27.557805252297218,12.5,,,,
Mts Front Pull Downs,2024-07-03 06:32:30,20.0,27.557805252297218,12.5,,,,
Assist Pull Ups,2024-07-03 06:35:49,10.0,77.16185470643221,35.0,,,,
Push Up,2024-07-03 06:36:04,10.0,22.046244201837776,10.0,,,,
Push Up,2024-07-03 06:38:08,10.0,22.046244201837776,10.0,,,,
Assist Pull Ups,2024-07-03 06:38:16,10.0,77.16185470643221,35.0,,,,
Assist Pull Ups,2024-07-03 06:42:42,10.0,77.16185470643221,35.0,,,,
Push Up,2024-07-03 06:42:48,30.0,0.0,0.0,,,,
Gorilla Rows,2024-07-03 06:45:59,20.0,35.27399072294044,16.0,,,,
Gorilla Rows,2024-07-03 06:48:33,20.0,35.27399072294044,16.0,,,,
Gorilla Rows,2024-07-03 06:51:32,20.0,35.27399072294044,16.0,,,,
Dumbell Push Press,2024-07-03 06:53:07,10.0,22.046244201837776,10.0,,,,
Dumbell Push Press,2024-07-03 06:56:39,10.0,22.046244201837776,10.0,,,,
Dumbell Push Press,2024-07-03 06:59:20,10.0,22.046244201837776,10.0,,,,
TRX Row,2024-07-08 09:29:11,10.0,0.0,0.0,,,,
TRX Row,2024-07-08 09:29:13,10.0,0.0,0.0,,,,
TRX Row,2024-07-08 09:33:15,10.0,0.0,0.0,,,,
Seated Cable Flyes,2024-07-08 09:33:26,15.0,11.023122100918888,5.0,,,,
Dumbbell Lateral Raise,2024-07-08 09:35:33,10.0,8.81849768073511,4.0,,,,
Seated Cable Flyes,2024-07-08 09:37:15,10.0,16.53468315137833,7.5,,,,
Dumbbell Lateral Raise,2024-07-08 09:38:27,10.0,8.81849768073511,4.0,,,,
Dumbbell Lateral Raise,2024-07-08 09:43:17,10.0,8.81849768073511,4.0,,,,
Seated Cable Flyes,2024-07-08 09:43:21,10.0,16.53468315137833,7.5,,,,
TRX Row,2024-07-08 09:45:42,12.0,38.580927353216104,17.5,,,Chest supported cable dual row,
TRX Row,2024-07-08 09:47:24,10.0,34.17167851284855,15.5,,,Chest supported cable dual row,
TRX Row,2024-07-08 09:51:33,10.0,34.17167851284855,15.5,,,Chest supported cable dual row,
Bicep Curls,2024-07-08 09:53:33,7.0,22.046244201837776,10.0,,,,
Bicep Curls,2024-07-08 09:53:41,7.0,15.432370941286443,7.0,,,,
Bicep Curls,2024-07-08 09:57:40,7.0,22.046244201837776,10.0,,,,
Bicep Curls,2024-07-08 09:57:47,7.0,15.432370941286443,7.0,,,,
Bicep Curls,2024-07-08 10:02:34,7.0,22.046244201837776,10.0,,,,
Bicep Curls,2024-07-08 10:02:36,7.0,15.432370941286443,7.0,,,,
Dumbbell Bench Press,2024-07-15 06:22:21,12.0,22.046244201837776,10.0,,,,
Dumbbell Bench Press,2024-07-15 06:25:59,12.0,26.45549304220533,12.0,,,,
Dumbbell Bench Press,2024-07-15 06:27:50,12.0,26.45549304220533,12.0,,,,
Dumbbell Shoulder Press,2024-07-15 06:30:40,12.0,26.45549304220533,12.0,,,,
Dumbbell Shoulder Press,2024-07-15 06:32:52,12.0,26.45549304220533,12.0,,,,
Dumbbell Shoulder Press,2024-07-15 06:35:39,12.0,26.45549304220533,12.0,,,,
Dumbbell Flys,2024-07-15 06:38:58,12.0,8.81849768073511,4.0,,,,
Dumbbell Flys,2024-07-15 06:43:14,12.0,13.227746521102665,6.0,,,,
Dumbbell Flys,2024-07-15 06:45:26,12.0,13.227746521102665,6.0,,,,
Ring Tricep Extension,2024-07-15 06:50:17,12.0,0.0,0.0,,,,
Ring Tricep Extension,2024-07-15 06:54:06,12.0,0.0,0.0,,,,
Ring Tricep Extension,2024-07-15 06:57:32,12.0,0.0,0.0,,,,
Rope Tricep extension,2024-07-15 07:00:07,12.0,30.313585777526942,13.75,,,,
Rope Tricep extension,2024-07-15 07:03:01,10.0,30.313585777526942,13.75,,,,
Rope Tricep extension,2024-07-15 07:05:14,10.0,30.313585777526942,13.75,,,,
Decline Dumbbell Press,2024-07-15 07:11:04,12.0,26.45549304220533,12.0,,,,
Decline Dumbbell Press,2024-07-15 07:15:51,12.0,26.45549304220533,12.0,,,,
Decline Dumbbell Press,2024-07-15 11:49:26,12.0,26.45549304220533,12.0,,,,
TRX Row,2024-07-19 08:55:31,10.0,0.0,0.0,,,,
TRX Row,2024-07-19 08:55:34,10.0,0.0,0.0,,,,
Push Up,2024-07-19 08:55:43,10.0,0.0,0.0,,,,
Push Up,2024-07-19 08:55:44,10.0,0.0,0.0,,,,
Push Up,2024-07-19 08:57:17,10.0,0.0,0.0,,,,
TRX Row,2024-07-19 08:57:21,10.0,0.0,0.0,,,,
Row,2024-07-19 09:00:59,10.0,44.09248840367555,20.0,,,,
Row,2024-07-19 09:04:42,10.0,66.13873260551333,30.0,,,,
Row,2024-07-19 09:04:53,10.0,44.09248840367555,20.0,,,,
Row,2024-07-19 09:10:14,10.0,66.13873260551333,30.0,,,,
Row,2024-07-19 09:10:16,10.0,44.09248840367555,20.0,,,,
Row,2024-07-19 09:10:31,10.0,66.13873260551333,30.0,,,,
Row,2024-07-19 09:10:33,10.0,44.09248840367555,20.0,,,,
Bicep Curls,2024-07-19 09:11:37,10.0,17.63699536147022,8.0,,,,
Bicep Curls,2024-07-19 09:11:44,10.0,17.63699536147022,8.0,,,,
Bicep Curls,2024-07-19 09:13:21,10.0,44.09248840367555,20.0,,,,
Bicep Curls,2024-07-19 09:15:26,7.0,55.115610504594436,25.0,,,,
Bicep Curls,2024-07-19 09:15:36,10.0,27.557805252297218,12.5,,,,
Bicep Curls,2024-07-19 09:20:44,10.0,44.09248840367555,20.0,,,,
Chest Supported Incline Dumbbell Row,2024-07-19 09:24:31,10.0,35.27399072294044,16.0,,,,
Dumbell Shrugs,2024-07-19 09:24:47,10.0,35.27399072294044,16.0,,,,
Dumbell Shrugs,2024-07-19 09:27:47,10.0,35.27399072294044,16.0,,,,
Chest Supported Incline Dumbbell Row,2024-07-19 09:27:51,12.0,26.45549304220533,12.0,,,,
Chest Supported Incline Dumbbell Row,2024-07-19 09:29:47,12.0,26.45549304220533,12.0,,,,
Dumbell Shrugs,2024-07-19 09:31:26,10.0,35.27399072294044,16.0,,,,
Ring Push Ups,2024-07-22 06:19:42,10.0,0.0,0.0,,,,
Ring Push Ups,2024-07-22 06:22:24,10.0,0.0,0.0,,,,
Ring Push Ups,2024-07-22 06:22:25,10.0,0.0,0.0,,,,
Push ups,2024-07-22 06:23:04,10.0,0.0,0.0,,,,
Push ups,2024-07-22 06:24:42,10.0,0.0,0.0,,,,
Push ups,2024-07-22 06:26:40,10.0,0.0,0.0,,,,
Seated Shoulder Press,2024-07-22 06:28:45,12.0,22.046244201837776,10.0,,,,
Seated Shoulder Press,2024-07-22 06:31:22,12.0,33.06936630275666,15.0,,,,
Seated Shoulder Press,2024-07-22 06:33:36,12.0,33.06936630275666,15.0,,,,
Dumbbell Bench Press,2024-07-22 06:36:16,12.0,26.45549304220533,12.0,,,,
Dumbbell Bench Press,2024-07-22 06:38:45,12.0,26.45549304220533,12.0,,,,
Dumbbell Bench Press,2024-07-22 06:42:52,12.0,26.45549304220533,12.0,,,,
Bench Press,2024-07-22 06:45:46,10.0,19.841619781653996,9.0,,,,
Bench Press,2024-07-22 06:47:44,10.0,63.93410818532955,29.0,,,,
Bench Press,2024-07-22 06:51:32,8.0,85.98035238716733,39.0,,,,
Bench Press,2024-07-22 06:56:15,8.0,85.98035238716733,39.0,,,,
Standing Cable Flies,2024-07-22 07:00:03,12.0,19.290463676608052,8.75,,,,
Standing Cable Flies,2024-07-22 07:03:23,12.0,19.290463676608052,8.75,,,,
Standing Cable Flies,2024-07-22 07:08:08,12.0,19.290463676608052,8.75,,,,
TRX Row,2024-07-23 06:59:32,10.0,0.0,0.0,,,,
TRX Row,2024-07-23 06:59:33,10.0,0.0,0.0,,,,
TRX Row,2024-07-23 06:59:34,10.0,0.0,0.0,,,,
Smith Machine Squat,2024-07-23 07:07:22,10.0,19.841619781653996,9.0,,,,
Smith Machine Squat,2024-07-23 07:07:25,10.0,63.93410818532955,29.0,,,,
Smith Machine Squat,2024-07-23 07:07:31,10.0,108.0265965890051,49.0,,,,
Smith Machine Squat,2024-07-23 07:11:04,8.0,152.11908499268065,69.0,,,,
Smith Machine Squat,2024-07-23 07:16:25,10.0,108.0265965890051,49.0,,,,
Landmine Row,2024-07-23 07:18:44,10.0,22.046244201837776,10.0,,,,
Landmine Row,2024-07-23 07:20:49,10.0,33.06936630275666,15.0,,,,
Landmine Row,2024-07-23 07:23:17,10.0,33.06936630275666,15.0,,,,
Landmine Row,2024-07-23 07:25:13,10.0,33.06936630275666,15.0,,,,
Landmine Row,2024-07-23 07:25:19,10.0,0.0,0.0,,,,
Push ups,2024-07-23 07:27:07,10.0,0.0,0.0,,,,
Heavy ball slams,2024-07-23 07:27:58,10.0,19.841619781653996,9.0,,,,
Heavy ball slams,2024-07-23 07:28:56,10.0,19.841619781653996,9.0,,,,
Push ups,2024-07-23 07:29:01,10.0,0.0,0.0,,,,
Leg Press,2024-07-31 09:17:04,10.0,88.1849768073511,40.0,,,,
Leg Press,2024-07-31 09:19:14,10.0,88.1849768073511,40.0,,,,
Leg Press,2024-07-31 09:21:54,10.0,88.1849768073511,40.0,,,,
Hack Squat,2024-07-31 09:25:09,10.0,132.27746521102665,60.0,,,,
Hack Squat,2024-07-31 09:31:07,10.0,132.27746521102665,60.0,,,,
Push ups,2024-08-02 07:37:44,10.0,0.0,0.0,,,,
Cable Reverse Fly,2024-08-02 07:38:14,10.0,27.557805252297218,12.5,,,,
Cable Reverse Fly,2024-08-02 07:39:10,10.0,27.557805252297218,12.5,,,,
Push ups,2024-08-02 07:39:35,10.0,0.0,0.0,,,,
Cable Reverse Fly,2024-08-02 07:40:54,10.0,27.557805252297218,12.5,,,,
Standing Cable Flies,2024-08-02 07:44:04,10.0,8.267341575689166,3.75,,,,
Standing Cable Flies,2024-08-02 07:45:17,15.0,13.778902626148609,6.25,,,,
Standing Cable Flies,2024-08-02 07:47:02,10.0,13.778902626148609,6.25,,,,
Standing Cable Flies,2024-08-02 07:49:48,10.0,13.778902626148609,6.25,,,,
Standing Cable Flies,2024-08-02 07:52:46,8.0,13.778902626148609,6.25,,,,
Standing Cable Flies,2024-08-02 07:52:47,5.0,8.267341575689166,3.75,,,,
Gorilla Rows,2024-08-02 07:54:53,20.0,26.45549304220533,12.0,,,,
Gorilla Rows,2024-08-02 07:57:43,22.0,35.27399072294044,16.0,,,,
Gorilla Rows,2024-08-02 08:00:51,12.0,44.09248840367555,20.0,,,,
Gorilla Rows,2024-08-02 08:01:05,12.0,35.27399072294044,16.0,,,,
Straight Arm Pull Down,2024-08-02 08:04:45,10.0,22.046244201837776,10.0,,,,
Lat Pulldown,2024-08-02 08:06:03,10.0,93.69653785781054,42.5,,,,
Straight Arm Pull Down,2024-08-02 08:10:13,4.0,22.046244201837776,10.0,,,,
TRX Row,2024-08-07 07:39:51,10.0,0.0,0.0,,,,
TRX Row,2024-08-07 07:43:34,10.0,0.0,0.0,,,,
TRX Row,2024-08-07 07:44:07,10.0,0.0,0.0,,,,
TRX Row,2024-08-07 07:44:08,10.0,0.0,0.0,,,,
TRX Row,2024-08-07 07:47:30,10.0,0.0,0.0,,,,
TRX Row,2024-08-07 07:47:31,10.0,0.0,0.0,,,,
Push ups,2024-08-07 07:47:55,10.0,0.0,0.0,,,,
Assist Pull Ups,2024-08-07 07:49:44,15.0,60.627171555053884,27.5,,,,
Push ups,2024-08-07 07:51:43,20.0,0.0,0.0,,,,
Assist Pull Ups,2024-08-07 07:54:26,15.0,66.13873260551333,30.0,,,,
Push ups,2024-08-07 07:58:03,25.0,0.0,0.0,,,,
Assist Pull Ups,2024-08-07 08:03:52,15.0,70.54798144588088,32.0,,,,
Seated Shoulder Press,2024-08-07 08:04:05,10.0,22.046244201837776,10.0,,,,
Seated Shoulder Press,2024-08-07 08:06:09,8.0,33.06936630275666,15.0,,,,
Seated Shoulder Press,2024-08-07 08:06:18,2.0,11.023122100918888,5.0,,,,
Seated Shoulder Press,2024-08-07 08:06:24,6.0,0.0,0.0,,,,
Pec Dec Machine,2024-08-07 08:09:05,8.0,77.16185470643221,35.0,,,,
Pec Dec Machine,2024-08-07 08:09:11,6.0,60.627171555053884,27.5,,,,
Pec Dec Machine,2024-08-07 08:09:28,5.0,44.09248840367555,20.0,,,,
Pec Dec Machine,2024-08-07 08:11:18,8.0,44.09248840367555,20.0,,,,
Pec Dec Machine,2024-08-07 08:11:22,12.0,27.557805252297218,12.5,,,,
Pec Dec Machine,2024-08-07 08:15:22,12.0,27.557805252297218,12.5,,,,
Cable Face Pull,2024-08-14 07:40:32,10.0,13.778902626148609,6.25,,,,
Cable Face Pull,2024-08-14 07:40:41,10.0,13.778902626148609,6.25,,,,
Cable Face Pull,2024-08-14 07:40:42,10.0,19.290463676608052,8.75,,,,
Cable Face Pull,2024-08-14 07:40:44,10.0,19.290463676608052,8.75,,,,
Standing Cable Flies,2024-08-14 07:42:27,10.0,2.755780525229722,1.25,,,,
Rope Bicep Curls,2024-08-14 07:43:53,10.0,24.802024727067497,11.25,,,,
Rope Bicep Curls,2024-08-14 07:46:59,12.0,18.188151466516164,8.25,,,,
Straight Arm Pull Down,2024-08-14 07:50:02,10.0,35.82514682798639,16.25,,,,
Straight Arm Pull Down,2024-08-14 07:52:23,10.0,30.313585777526942,13.75,,,,
Straight Arm Pull Down,2024-08-14 07:56:59,5.0,24.802024727067497,11.25,,,,
Straight Arm Pull Down,2024-08-14 07:57:00,8.0,19.290463676608052,8.75,,,,
Cable Chest Fly,2024-08-14 08:01:07,10.0,13.778902626148609,6.25,,,,
Cable Chest Fly,2024-08-14 08:02:24,10.0,19.290463676608052,8.75,,,,
Cable Chest Fly,2024-08-14 08:04:42,16.0,13.778902626148609,6.25,,,,
Lat Pulldown,2024-08-14 08:09:51,10.0,93.69653785781054,42.5,,,,
Barbell Bicep Curl,2024-08-14 08:10:02,10.0,17.63699536147022,8.0,,,,
Lat Pulldown,2024-08-14 08:12:59,5.0,110.23122100918887,50.0,,,,
Lat Pulldown,2024-08-14 08:13:00,8.0,93.69653785781054,42.5,,,,
Barbell Bicep Curl,2024-08-14 08:15:32,12.0,13.227746521102665,6.0,,,,
Barbell Bicep Curl,2024-08-14 08:15:32,11.0,8.81849768073511,4.0,,,,
Bench Press,2024-08-17 12:53:37,12.0,63.93410818532955,29.0,,,,
Bench Press,2024-08-17 12:57:46,10.0,85.98035238716733,39.0,,,,
Bench Press,2024-08-17 13:01:10,8.0,97.00347448808621,44.0,,,,
Bench Press,2024-08-17 13:04:30,8.0,85.98035238716733,39.0,,,,
Bench Press,2024-08-17 13:07:48,12.0,63.93410818532955,29.0,,,,
Incline Chest Press Machine,2024-08-17 13:12:27,15.0,11.023122100918888,5.0,,,,
Incline Chest Press Machine,2024-08-17 13:16:56,12.0,16.53468315137833,7.5,,,,
Incline Chest Press Machine,2024-08-17 13:17:37,10.0,22.046244201837776,10.0,,,,
Incline Chest Press Machine,2024-08-17 13:19:50,8.0,33.06936630275666,15.0,,,,
Lateral Raises,2024-08-17 13:21:05,10.0,13.227746521102665,6.0,,,,
Dumbbell Shoulder Press,2024-08-17 13:24:51,10.0,30.864741882572886,14.0,,,,
Lateral Raises,2024-08-17 13:27:55,10.0,13.227746521102665,6.0,,,,
Dumbbell Shoulder Press,2024-08-17 13:32:12,10.0,30.864741882572886,14.0,,,,
Lateral Raises,2024-08-17 13:34:29,10.0,13.227746521102665,6.0,,,,
Dumbbell Shoulder Press,2024-08-17 13:36:48,10.0,30.864741882572886,14.0,,,,
Standing Cable Flies,2024-08-17 13:39:59,12.0,13.778902626148609,6.25,,,,
Standing Cable Flies,2024-08-17 13:41:51,10.0,19.290463676608052,8.75,,,,
Standing Cable Flies,2024-08-17 13:44:47,10.0,19.290463676608052,8.75,,,,
Cable Tricep Extension,2024-08-17 13:47:49,15.0,19.290463676608052,8.75,,,,
Tricep Dips,2024-08-17 13:48:17,12.0,0.0,0.0,,,,
Tricep Dips,2024-08-17 13:52:08,12.0,0.0,0.0,,,,
Cable Tricep Extension,2024-08-17 13:52:18,15.0,19.290463676608052,8.75,,,,
Tricep Dips,2024-08-17 13:55:08,12.0,0.0,0.0,,,,
Cable Tricep Extension,2024-08-17 13:55:16,15.0,19.290463676608052,8.75,,,,
Standing Cable Rear Delt Fly,2024-08-19 21:02:03,10.0,11.023122100918888,5.0,,,,
Standing Cable Rear Delt Fly,2024-08-19 21:03:08,12.0,11.023122100918888,5.0,,,,
Standing Cable Rear Delt Fly,2024-08-19 21:04:43,12.0,11.023122100918888,5.0,,,,
Assist Pull Ups,2024-08-19 21:06:50,12.0,71.65029365597277,32.5,,,,
Assist Pull Ups,2024-08-19 21:09:14,10.0,66.13873260551333,30.0,,,,
Assist Pull Ups,2024-08-19 21:11:07,8.0,60.627171555053884,27.5,,,,
Assist Pull Ups,2024-08-19 21:12:35,10.0,60.627171555053884,27.5,,,,
Assist Pull Ups,2024-08-19 21:14:36,10.0,60.627171555053884,27.5,,,,
Barbell Upright Row,2024-08-19 21:18:53,12.0,16.53468315137833,7.5,,,,
Barbell Bicep Curl,2024-08-19 21:19:28,12.0,22.046244201837776,10.0,,,,
Barbell Bicep Curl,2024-08-19 21:22:13,12.0,22.046244201837776,10.0,,,,
Barbell Upright Row,2024-08-19 21:22:20,12.0,16.53468315137833,7.5,,,,
Barbell Upright Row,2024-08-19 21:25:28,12.0,16.53468315137833,7.5,,,,
Barbell Bicep Curl,2024-08-19 21:25:31,12.0,22.046244201837776,10.0,,,,
Rope Bicep Curls,2024-08-19 21:34:50,12.0,22.046244201837776,10.0,,,,
Rope Bicep Curls,2024-08-19 21:34:58,12.0,22.046244201837776,10.0,,,,
Bent Over Dual KB Row,2024-08-19 21:35:09,12.0,35.27399072294044,16.0,,,,
Bent Over Dual KB Row,2024-08-19 21:35:14,12.0,35.27399072294044,16.0,,,,
Bent Over Dual KB Row,2024-08-19 21:40:13,12.0,35.27399072294044,16.0,,,,
Rope Bicep Curls,2024-08-19 21:40:19,12.0,22.046244201837776,10.0,,,,
Lat Pulldown,2024-08-19 21:46:39,12.0,60.627171555053884,27.5,,,,
Lat Pulldown,2024-08-19 21:46:43,12.0,77.16185470643221,35.0,,,,
Lat Pulldown,2024-08-19 21:50:04,12.0,77.16185470643221,35.0,,,,
TRX Row,2024-08-23 07:47:50,10.0,0.0,0.0,,,,
TRX Row,2024-08-23 07:49:13,10.0,0.0,0.0,,,,
TRX Row,2024-08-23 07:50:32,10.0,0.0,0.0,,,,
Push ups,2024-08-23 07:51:47,10.0,0.0,0.0,,,,
Push ups,2024-08-23 07:53:44,10.0,0.0,0.0,,,,
Supinated Barbell Bent Over Row,2024-08-23 07:55:44,15.0,44.09248840367555,20.0,,,,
Supinated Barbell Bent Over Row,2024-08-23 07:57:51,10.0,66.13873260551333,30.0,,,,
Supinated Barbell Bent Over Row,2024-08-23 08:05:22,10.0,66.13873260551333,30.0,,,,
Supinated Barbell Bent Over Row,2024-08-23 08:05:26,10.0,66.13873260551333,30.0,,,,
Bench Press,2024-08-23 08:07:44,10.0,66.13873260551333,30.0,,,,
Bench Press,2024-08-23 08:10:08,8.0,88.1849768073511,40.0,,,,
Bench Press,2024-08-23 08:14:13,8.0,99.20809890826999,45.0,,,,
Bench Press,2024-08-23 08:15:12,10.0,66.13873260551333,30.0,,,,
Tricep Dips,2024-08-23 08:18:47,10.0,0.0,0.0,,,,
Tricep Dips,2024-08-23 08:22:52,10.0,0.0,0.0,,,,
Tricep Dips,2024-08-23 08:27:12,10.0,0.0,0.0,,,,
Seated Machine Bicep Curls,2024-08-23 08:27:40,8.0,55.115610504594436,25.0,,,,
Seated Machine Bicep Curls,2024-08-23 08:27:51,8.0,38.580927353216104,17.5,,,,
Seated Machine Bicep Curls,2024-08-23 08:35:56,8.0,38.580927353216104,17.5,,,,
Seated Machine Bicep Curls,2024-08-23 08:35:59,5.0,27.557805252297218,12.5,,,,
Leg Press,2024-08-26 07:16:47,12.0,88.1849768073511,40.0,,,,
Leg Press,2024-08-26 07:18:45,12.0,132.27746521102665,60.0,,,,
Leg Press,2024-08-26 07:22:07,12.0,132.27746521102665,60.0,,,,
Landmine Lunges,2024-08-26 07:26:09,20.0,22.046244201837776,10.0,,,10 per leg,
Landmine Lunges,2024-08-26 07:28:34,20.0,22.046244201837776,10.0,,,10 per leg,
Landmine Lunges,2024-08-26 07:31:28,20.0,22.046244201837776,10.0,,,10 per leg,
Leg Curl,2024-08-26 07:34:08,12.0,60.627171555053884,27.5,,,,
Leg Curl,2024-08-26 07:35:57,12.0,77.16185470643221,35.0,,,,
Leg Curl,2024-08-26 07:38:42,12.0,77.16185470643221,35.0,,,,
Leg Curl,2024-08-26 07:40:31,12.0,77.16185470643221,35.0,,,,
Hamstring Curl,2024-08-26 07:42:24,10.0,27.557805252297218,12.5,,,,
Hamstring Curl,2024-08-26 07:44:18,10.0,55.115610504594436,25.0,,,,
Hamstring Curl,2024-08-26 07:46:26,10.0,55.115610504594436,25.0,,,,
Wall Balls,2024-08-26 07:49:18,20.0,8.81849768073511,4.0,,,,
Wall Balls,2024-08-26 07:52:57,20.0,8.81849768073511,4.0,,,,
Wall Balls,2024-08-26 07:55:22,20.0,8.81849768073511,4.0,,,,
Tricep TRX,2024-08-28 08:09:33,10.0,0.0,0.0,,,,
Push Up,2024-08-28 08:09:42,10.0,0.0,0.0,,,,
Push Up,2024-08-28 08:16:54,10.0,0.0,0.0,,,,
Tricep TRX,2024-08-28 08:16:56,10.0,0.0,0.0,,,,
Gorilla Rows,2024-08-28 08:20:53,20.0,26.45549304220533,12.0,,,,
Gorilla Rows,2024-08-28 08:25:18,20.0,26.45549304220533,12.0,,,,
Gorilla Rows,2024-08-28 08:28:09,20.0,35.27399072294044,16.0,,,,
Gorilla Rows,2024-08-28 08:30:16,20.0,35.27399072294044,16.0,,,,
Barbell Bent Over Row,2024-08-28 08:33:54,10.0,19.841619781653996,9.0,,,,
Bicep Curls,2024-08-28 08:35:17,10.0,17.63699536147022,8.0,,,,
Bicep Curls,2024-08-28 08:39:43,15.0,17.63699536147022,8.0,,,,
Barbell Bent Over Row,2024-08-28 08:39:53,10.0,63.93410818532955,29.0,,,,
Barbell Bent Over Row,2024-08-28 08:43:37,10.0,74.95723028624843,34.0,,,,
Barbell Bent Over Row,2024-08-28 08:43:42,10.0,52.91098608441066,24.0,,,,
Bicep Curls,2024-08-28 08:45:05,15.0,13.227746521102665,6.0,,,,
Push Up,2024-08-28 08:47:06,20.0,0.0,0.0,,,,
Dumbbell Shoulder Press,2024-09-02 06:28:00,12.0,17.63699536147022,8.0,,,,
Dumbbell Shoulder Press,2024-09-02 06:29:19,12.0,17.63699536147022,8.0,,,,
Dumbbell Flys,2024-09-02 06:31:08,12.0,17.63699536147022,8.0,,,,
Dumbbell Flys,2024-09-02 06:32:35,12.0,17.63699536147022,8.0,,,,
Dumbbell Flys,2024-09-02 06:34:43,12.0,17.63699536147022,8.0,,,,
Dumbbell Press,2024-09-02 06:37:15,12.0,26.45549304220533,12.0,,,,
Dumbbell Press,2024-09-02 06:39:43,12.0,26.45549304220533,12.0,,,,
Dumbbell Press,2024-09-02 06:42:19,12.0,26.45549304220533,12.0,,,,
Trx Tricep Extensions,2024-09-02 06:47:43,12.0,0.0,0.0,,,,
Trx Tricep Extensions,2024-09-02 06:50:13,12.0,0.0,0.0,,,,
Trx Tricep Extensions,2024-09-02 06:52:12,12.0,0.0,0.0,,,,
Rope Tricep extension,2024-09-02 06:55:16,12.0,19.290463676608052,8.75,,,,
Rope Tricep extension,2024-09-02 06:57:30,12.0,19.290463676608052,8.75,,,,
Rope Tricep extension,2024-09-02 07:00:00,12.0,19.290463676608052,8.75,,,,
Seated Shoulder Press,2024-09-02 07:01:51,12.0,26.45549304220533,12.0,,,,
Seated Shoulder Press,2024-09-02 07:04:26,10.0,27.557805252297218,12.5,,,,
Seated Shoulder Press,2024-09-02 07:06:25,12.0,33.06936630275666,15.0,,,,
Incline Bench Press,2024-09-02 07:10:46,10.0,63.93410818532955,29.0,,,,
Incline Bench Press,2024-09-02 07:16:18,12.0,63.93410818532955,29.0,,,,
Incline Bench Press,2024-09-02 07:18:36,12.0,63.93410818532955,29.0,,,,
Chest Supported Incline Dumbbell Row,2024-09-04 06:53:15,10.0,22.046244201837776,10.0,,,,
Chest Supported Incline Dumbbell Row,2024-09-04 06:56:17,12.0,22.046244201837776,10.0,,,,
Chest Supported Incline Dumbbell Row,2024-09-04 06:59:08,12.0,22.046244201837776,10.0,,,,
Chest Supported Reverse Fly,2024-09-04 07:01:33,12.0,8.81849768073511,4.0,,,,
Chest Supported Reverse Fly,2024-09-04 07:03:41,12.0,8.81849768073511,4.0,,,,
Chest Supported Reverse Fly,2024-09-04 07:05:59,12.0,8.81849768073511,4.0,,,,
Single Arm Kettlebell Sumo Deadlift High Pull,2024-09-04 07:08:02,8.0,26.45549304220533,12.0,,,,
Single Arm Kettlebell Sumo Deadlift High Pull,2024-09-04 07:09:56,8.0,26.45549304220533,12.0,,,,
Single Arm Kettlebell Sumo Deadlift High Pull,2024-09-04 07:11:40,8.0,26.45549304220533,12.0,,,,
Lat Pulldown,2024-09-04 07:15:12,6.0,44.09248840367555,20.0,,,,
Lat Pulldown,2024-09-04 07:15:13,12.0,60.627171555053884,27.5,,,,
Lat Pulldown,2024-09-04 07:18:10,12.0,60.627171555053884,27.5,,,,
Lat Pulldown,2024-09-04 07:19:46,12.0,77.16185470643221,35.0,,,,
Supinated Barbell Bent Over Row,2024-09-04 07:24:00,12.0,22.046244201837776,10.0,,,,
Supinated Barbell Bent Over Row,2024-09-04 07:24:59,12.0,27.557805252297218,12.5,,,,
Supinated Barbell Bent Over Row,2024-09-04 07:26:55,12.0,27.557805252297218,12.5,,,,
TRX Row,2024-09-04 07:29:20,12.0,0.0,0.0,,,,
TRX Row,2024-09-04 07:30:36,12.0,0.0,0.0,,,,
TRX Row,2024-09-04 07:31:41,12.0,0.0,0.0,,,,
Incline Bench Press,2024-09-06 10:43:36,10.0,44.09248840367555,20.0,,,,
Incline Bench Press,2024-09-06 10:45:54,7.0,88.1849768073511,40.0,,,,
Incline Bench Press,2024-09-06 10:48:02,6.0,99.20809890826999,45.0,,,,
Dumbbell Bench Press,2024-09-06 10:54:52,12.0,30.864741882572886,14.0,,,,
Dumbbell Bench Press,2024-09-06 10:57:50,12.0,30.864741882572886,14.0,,,,
Dumbbell Bench Press,2024-09-06 11:01:48,12.0,26.45549304220533,12.0,,,,
Gorilla Rows,2024-09-06 11:09:30,20.0,26.45549304220533,12.0,,,,
Gorilla Rows,2024-09-06 11:09:31,20.0,26.45549304220533,12.0,,,,
Clean And Press Kettlebells,2024-09-06 11:09:54,10.0,17.63699536147022,8.0,,,,
Clean And Press Kettlebells,2024-09-06 11:15:44,10.0,17.63699536147022,8.0,,,,
Chest Supported Reverse Fly,2024-09-06 11:16:49,25.0,4.409248840367555,2.0,,,,
Lat Pulldown,2024-09-09 08:52:35,10.0,60.627171555053884,27.5,,,,
Lat Pulldown,2024-09-09 08:52:38,12.0,77.16185470643221,35.0,,,,
Lat Pulldown,2024-09-09 08:53:12,12.0,93.69653785781054,42.5,,,,
Lat Pulldown,2024-09-09 08:55:11,10.0,93.69653785781054,42.5,,,,
Close Grip Pull-Down,2024-09-09 08:56:45,10.0,77.16185470643221,35.0,,,,
Close Grip Pull-Down,2024-09-09 09:00:32,10.0,77.16185470643221,35.0,,,,
Close Grip Pull-Down,2024-09-09 09:00:33,10.0,77.16185470643221,35.0,,,,
Low Cable Row,2024-09-09 09:02:01,12.0,60.627171555053884,27.5,,,,
Low Cable Row,2024-09-09 09:04:11,12.0,77.16185470643221,35.0,,,,
Low Cable Row,2024-09-09 09:06:11,12.0,77.16185470643221,35.0,,,,
Cable Reverse Fly,2024-09-09 09:08:20,12.0,44.09248840367555,20.0,,,,
Cable Reverse Fly,2024-09-09 09:11:17,12.0,44.09248840367555,20.0,,,,
Cable Reverse Fly,2024-09-09 09:13:46,12.0,44.09248840367555,20.0,,,,
Dumbbell face pull,2024-09-09 09:17:15,12.0,8.81849768073511,4.0,,,,
Dumbbell face pull,2024-09-09 09:21:06,12.0,8.81849768073511,4.0,,,,
Dumbbell face pull,2024-09-09 09:21:07,12.0,8.81849768073511,4.0,,,,
Renegade Row,2024-09-09 09:22:59,12.0,8.81849768073511,4.0,,,,
Bent Over Dual KB Row,2024-09-09 09:24:48,12.0,17.63699536147022,8.0,,,,
Bent Over Dual KB Row,2024-09-09 09:26:09,12.0,26.45549304220533,12.0,,,,
Renegade Row,2024-09-09 09:26:17,12.0,8.81849768073511,4.0,,,,
Renegade Row,2024-09-09 09:30:18,12.0,8.81849768073511,4.0,,,,
Bent Over Dual KB Row,2024-09-09 09:30:22,12.0,26.45549304220533,12.0,,,,
Squat,2024-09-11 08:47:57,10.0,44.09248840367555,20.0,,,,
Squat,2024-09-11 08:50:30,10.0,88.1849768073511,40.0,,,,
Squat,2024-09-11 08:54:19,10.0,110.23122100918887,50.0,,,,
Squat,2024-09-11 09:02:49,10.0,132.27746521102665,60.0,,,,
Squat,2024-09-11 09:06:01,10.0,132.27746521102665,60.0,,,,
Squat,2024-09-11 09:10:51,15.0,0.0,0.0,,,,
Press Ups,2024-09-11 09:11:07,15.0,22.046244201837776,10.0,,,,
Press Ups,2024-09-11 09:15:42,2.0,22.046244201837776,10.0,,,,
Press Ups,2024-09-11 09:15:43,6.0,11.023122100918888,5.0,,,,
Press Ups,2024-09-11 09:16:05,10.0,0.0,0.0,,,,
Squat,2024-09-11 09:16:09,15.0,0.0,0.0,,,,
Dumbbell Bench Press,2024-09-16 06:25:17,12.0,22.046244201837776,10.0,,,,
Dumbbell Bench Press,2024-09-16 06:27:34,12.0,26.45549304220533,12.0,,,,
Dumbbell Bench Press,2024-09-16 06:29:27,10.0,30.864741882572886,14.0,,,,
Dumbbell Bench Press,2024-09-16 06:31:56,10.0,30.864741882572886,14.0,,,,
Dumbbell Flys,2024-09-16 06:35:24,10.0,17.63699536147022,8.0,,,,
Dumbbell Flys,2024-09-16 06:38:26,10.0,17.63699536147022,8.0,,,,
Dumbbell Flys,2024-09-16 06:41:59,10.0,17.63699536147022,8.0,,,,
Standing Cable Flies,2024-09-16 06:45:40,10.0,19.290463676608052,8.75,,,,
Standing Cable Flies,2024-09-16 06:48:02,12.0,19.290463676608052,8.75,,,,
Standing Cable Flies,2024-09-16 06:50:43,12.0,19.290463676608052,8.75,,,,
Dumbbell Lateral Raise,2024-09-16 06:53:16,12.0,6.613873260551332,3.0,,,,
Dumbbell Frontal Raises,2024-09-16 06:53:38,12.0,6.613873260551332,3.0,,,,
Dumbbell Frontal Raises,2024-09-16 06:56:43,12.0,6.613873260551332,3.0,,,,
Dumbbell Lateral Raise,2024-09-16 06:56:48,12.0,6.613873260551332,3.0,,,,
TRX Row,2024-09-20 07:44:34,10.0,0.0,0.0,,,,
TRX Row,2024-09-20 07:44:39,10.0,0.0,0.0,,,,
TRX Row,2024-09-20 07:46:21,10.0,0.0,0.0,,,,
Wall Balls,2024-09-20 07:46:38,10.0,8.81849768073511,4.0,,,,
Boxing,2024-09-20 07:56:52,1.0,0.0,0.0,,,,
Push ups,2024-09-20 07:58:04,10.0,0.0,0.0,,,,
Kettlebell squat,2024-09-20 07:59:11,10.0,35.27399072294044,16.0,,,,
Kettlebell squat,2024-09-20 08:00:46,10.0,35.27399072294044,16.0,,,,
Push ups,2024-09-20 08:00:50,10.0,0.0,0.0,,,,
Push ups,2024-09-20 08:05:08,10.0,0.0,0.0,,,,
Kettlebell squat,2024-09-20 08:05:12,10.0,35.27399072294044,16.0,,,,
Dumbbell Thrusters,2024-09-20 08:05:52,10.0,13.227746521102665,6.0,,,,
Heavy ball slams,2024-09-20 08:06:04,8.0,19.841619781653996,9.0,,,,
Heavy ball slams,2024-09-20 08:07:37,8.0,19.841619781653996,9.0,,,,
Dumbbell Thrusters,2024-09-20 08:07:40,10.0,13.227746521102665,6.0,,,,
Dumbbell Thrusters,2024-09-20 08:09:14,10.0,13.227746521102665,6.0,,,,
Heavy ball slams,2024-09-20 08:09:17,8.0,19.841619781653996,9.0,,,,
TRX Row,2024-09-25 07:42:45,10.0,0.0,0.0,,,,
TRX Row,2024-09-25 07:42:46,10.0,0.0,0.0,,,,
TRX Row,2024-09-25 07:42:46,10.0,0.0,0.0,,,,
Push ups,2024-09-25 08:03:32,20.0,0.0,0.0,,,,
Squat Jump,2024-09-25 08:04:11,20.0,0.0,0.0,,,,
Abs - Crunches,2024-09-25 08:04:23,20.0,0.0,0.0,,,,
Sled Push,2024-09-25 08:14:53,1.0,44.09248840367555,20.0,,,,
Sled Push,2024-09-25 08:14:59,1.0,66.13873260551333,30.0,,,,
Sled Push,2024-09-25 08:15:07,1.0,66.13873260551333,30.0,,,,
Sled Face Pull,2024-09-25 08:15:15,1.0,44.09248840367555,20.0,,,,
Sled Face Pull,2024-09-25 08:15:23,1.0,66.13873260551333,30.0,,,,
Sled Face Pull,2024-09-25 08:15:28,1.0,66.13873260551333,30.0,,,,
Standing Cable Flies,2024-09-25 08:17:06,15.0,8.267341575689166,3.75,,,,
Standing Cable Flies,2024-09-25 08:19:16,10.0,13.778902626148609,6.25,,,,
Standing Cable Flies,2024-09-25 08:22:00,10.0,16.53468315137833,7.5,,,,
Cable Reverse Fly,2024-09-25 08:23:26,10.0,2.755780525229722,1.25,,,,
Bench Press,2024-10-02 07:46:29,10.0,44.09248840367555,20.0,,,,
Bench Press,2024-10-02 07:49:02,10.0,88.1849768073511,40.0,,,,
Bench Press,2024-10-02 07:52:43,6.0,110.23122100918887,50.0,,,,
Bench Press,2024-10-02 07:55:32,10.0,88.1849768073511,40.0,,,,
Dumbbell Shoulder Press,2024-10-02 07:57:35,10.0,22.046244201837776,10.0,,,,
Dumbbell Shoulder Press,2024-10-02 07:58:51,10.0,22.046244201837776,10.0,,,,
Dumbbell Shoulder Press,2024-10-02 08:01:20,6.0,30.864741882572886,14.0,,,,
Dumbbell Shoulder Press,2024-10-02 08:02:33,10.0,22.046244201837776,10.0,,,,
Cable Face Pull,2024-10-02 08:07:11,10.0,19.290463676608052,8.75,,,,
Lateral ball throw,2024-10-02 08:07:59,20.0,8.81849768073511,4.0,,,,
Lateral ball throw,2024-10-02 08:10:01,20.0,13.227746521102665,6.0,,,,
Cable Face Pull,2024-10-02 08:10:11,10.0,13.778902626148609,6.25,,,,
TRX Row,2024-10-09 07:51:51,10.0,0.0,0.0,,,,
TRX Row,2024-10-09 07:51:52,10.0,0.0,0.0,,,,
TRX Row,2024-10-09 07:51:52,10.0,0.0,0.0,,,,
TRX Bicep Curl,2024-10-09 07:52:08,10.0,0.0,0.0,,,,
TRX Bicep Curl,2024-10-09 07:52:08,10.0,0.0,0.0,,,,
TRX Bicep Curl,2024-10-09 07:52:09,10.0,0.0,0.0,,,,
Decline Pushup,2024-10-09 07:52:30,12.0,0.0,0.0,,,,
Decline Pushup,2024-10-09 07:52:31,12.0,0.0,0.0,,,,
Barbell Bicep Curl,2024-10-09 07:52:51,12.0,33.06936630275666,15.0,,,,
Barbell Bicep Curl,2024-10-09 07:52:52,12.0,33.06936630275666,15.0,,,,
Decline Pushup,2024-10-09 07:57:28,20.0,0.0,0.0,,,,
Barbell Bicep Curl,2024-10-09 07:59:43,20.0,33.06936630275666,15.0,,,,
Pec Dec Machine,2024-10-09 08:01:58,10.0,71.65029365597277,32.5,,,,
Pec Dec Machine,2024-10-09 08:04:32,8.0,71.65029365597277,32.5,,,,
Pec Dec Machine,2024-10-09 08:04:33,7.0,55.115610504594436,25.0,,,,
Pec Dec Machine,2024-10-09 08:08:22,8.0,71.65029365597277,32.5,,,,
Pec Dec Machine,2024-10-09 08:08:24,12.0,55.115610504594436,25.0,,,,
Straight Arm Pull Down,2024-10-09 08:10:56,12.0,24.802024727067497,11.25,,,,
Straight Arm Pull Down,2024-10-09 08:13:11,8.0,30.313585777526942,13.75,,,,
Straight Arm Pull Down,2024-10-09 08:13:12,4.0,24.802024727067497,11.25,,,,
Straight Arm Pull Down,2024-10-09 08:13:14,4.0,19.290463676608052,8.75,,,,
Straight Arm Pull Down,2024-10-09 08:15:27,8.0,19.290463676608052,8.75,,,,
Straight Arm Pull Down,2024-10-09 08:15:28,8.0,8.267341575689166,3.75,,,,
Push Up,2024-10-21 06:14:32,12.0,0.0,0.0,,,,
Push Up,2024-10-21 06:16:10,12.0,0.0,0.0,,,,
Push Up,2024-10-21 06:17:27,12.0,0.0,0.0,,,,
Dumbbell Lateral Raise,2024-10-21 06:18:20,12.0,6.613873260551332,3.0,,,,
Dumbbell Lateral Raise,2024-10-21 06:19:28,12.0,6.613873260551332,3.0,,,,
Dumbbell Lateral Raise,2024-10-21 06:20:48,12.0,6.613873260551332,3.0,,,,
Dumbbell Frontal Raises,2024-10-21 06:22:56,12.0,6.613873260551332,3.0,,,,
Dumbbell Frontal Raises,2024-10-21 06:24:43,12.0,6.613873260551332,3.0,,,,
Dumbbell Frontal Raises,2024-10-21 06:26:46,12.0,6.613873260551332,3.0,,,,
Rope Tricep extension,2024-10-21 06:30:27,12.0,27.557805252297218,12.5,,,,
Rope Tricep extension,2024-10-21 06:32:25,12.0,27.557805252297218,12.5,,,,
Rope Tricep extension,2024-10-21 06:34:42,7.0,27.557805252297218,12.5,,,,
Rope Tricep extension,2024-10-21 06:34:43,5.0,22.046244201837776,10.0,,,,
Cable Tricep Pushdown With Straight Bar,2024-10-21 06:36:42,12.0,22.046244201837776,10.0,,,,
Cable Tricep Pushdown With Straight Bar,2024-10-21 06:38:17,12.0,22.046244201837776,10.0,,,,
Cable Tricep Pushdown With Straight Bar,2024-10-21 06:40:19,12.0,22.046244201837776,10.0,,,,
chest press,2024-10-21 06:42:21,12.0,27.557805252297218,12.5,,,,
chest press,2024-10-21 06:44:45,12.0,33.06936630275666,15.0,,,,
chest press,2024-10-21 06:46:43,12.0,38.580927353216104,17.5,,,,
chest press,2024-10-21 06:48:32,12.0,44.09248840367555,20.0,,,,
Standing Cable Flies,2024-10-21 06:54:48,12.0,19.290463676608052,8.75,,,,
Standing Cable Flies,2024-10-21 06:57:24,12.0,19.290463676608052,8.75,,,,
Standing Cable Flies,2024-10-21 06:59:20,12.0,19.290463676608052,8.75,,,,
TRX Row,2024-10-22 06:21:54,12.0,0.0,0.0,,,,
TRX Row,2024-10-22 06:23:58,12.0,0.0,0.0,,,,
TRX Row,2024-10-22 06:26:24,12.0,0.0,0.0,,,,
TRX Bicep Curl,2024-10-22 06:28:18,12.0,0.0,0.0,,,,
TRX Bicep Curl,2024-10-22 06:29:35,12.0,0.0,0.0,,,,
TRX Bicep Curl,2024-10-22 06:30:46,12.0,0.0,0.0,,,,
Barbell Upright Row,2024-10-22 06:33:05,12.0,11.023122100918888,5.0,,,,
Barbell Upright Row,2024-10-22 06:34:52,12.0,16.53468315137833,7.5,,,,
Barbell Upright Row,2024-10-22 06:37:12,12.0,16.53468315137833,7.5,,,,
Kettlebell Shrug,2024-10-22 06:38:43,12.0,26.45549304220533,12.0,,,,
Kettlebell Shrug,2024-10-22 06:41:05,12.0,26.45549304220533,12.0,,,,
Kettlebell Shrug,2024-10-22 06:43:26,12.0,26.45549304220533,12.0,,,,
Standing Rope Bicep Curl on Cable Machine,2024-10-22 06:45:33,12.0,24.802024727067497,11.25,,,,
Standing Rope Bicep Curl on Cable Machine,2024-10-22 06:47:26,12.0,24.802024727067497,11.25,,,,
Standing Rope Bicep Curl on Cable Machine,2024-10-22 06:49:08,12.0,24.802024727067497,11.25,,,,
Lat Pulldown,2024-10-22 06:54:28,12.0,93.69653785781054,42.5,,,,
Lat Pulldown,2024-10-22 06:56:34,12.0,93.69653785781054,42.5,,,,
Lat Pulldown,2024-10-22 06:59:40,3.0,93.69653785781054,42.5,,,,
Lat Pulldown,2024-10-22 06:59:41,7.0,77.16185470643221,35.0,,,,
Close Grip Lat Pulldowns,2024-10-22 07:00:42,10.0,77.16185470643221,35.0,,,,
Close Grip Lat Pulldowns,2024-10-22 07:02:26,10.0,77.16185470643221,35.0,,,,
Close Grip Lat Pulldowns,2024-10-22 07:04:36,10.0,77.16185470643221,35.0,,,,
Bench Press,2024-10-23 06:56:37,12.0,44.09248840367555,20.0,,,,
Bench Press,2024-10-23 06:57:34,8.0,88.1849768073511,40.0,,,,
Bench Press,2024-10-23 07:02:13,8.0,110.23122100918887,50.0,,,,
Bench Press,2024-10-23 07:05:05,3.0,121.25434311010777,55.0,,,,
Bench Press,2024-10-23 07:06:37,7.0,88.1849768073511,40.0,,,,
Seated Machine Row,2024-10-23 07:08:44,10.0,60.627171555053884,27.5,,,,
Seated Machine Row,2024-10-23 07:11:20,10.0,77.16185470643221,35.0,,,,
Seated Machine Row,2024-10-23 07:13:56,8.0,77.16185470643221,35.0,,,,
Seated Machine Row,2024-10-23 07:13:59,8.0,60.627171555053884,27.5,,,,
Standing Rope Bicep Curl on Cable Machine,2024-10-23 07:16:23,10.0,19.290463676608052,8.75,,,,
Standing Rope Bicep Curl on Cable Machine,2024-10-23 07:18:37,12.0,24.802024727067497,11.25,,,,
Standing Rope Bicep Curl on Cable Machine,2024-10-23 07:21:37,12.0,24.802024727067497,11.25,,,,
Straight Arm Pull Down,2024-10-23 07:23:39,10.0,30.313585777526942,13.75,,,,
Straight Arm Pull Down,2024-10-23 07:26:13,12.0,24.802024727067497,11.25,,,,
Straight Arm Pull Down,2024-10-23 07:29:08,12.0,24.802024727067497,11.25,,,,
Seated Shoulder Press,2024-10-28 06:25:25,12.0,27.557805252297218,12.5,,,,
Seated Shoulder Press,2024-10-28 06:26:47,15.0,27.557805252297218,12.5,,,,
Seated Shoulder Press,2024-10-28 06:28:38,15.0,27.557805252297218,12.5,,,,
Dumbbell Bench Press,2024-10-28 06:33:34,12.0,26.45549304220533,12.0,,,,
Dumbbell Bench Press,2024-10-28 06:38:16,12.0,30.864741882572886,14.0,,,,
Dumbbell Bench Press,2024-10-28 06:38:21,12.0,30.864741882572886,14.0,,,,
Incline Dumbbell Press,2024-10-28 06:41:13,12.0,30.864741882572886,14.0,,,,
Incline Dumbbell Press,2024-10-28 06:43:07,12.0,30.864741882572886,14.0,,,,
Incline Dumbbell Press,2024-10-28 06:47:58,12.0,30.864741882572886,14.0,,,,
Standing Cable Flies,2024-10-28 06:50:50,12.0,19.290463676608052,8.75,,,,
Standing Cable Flies,2024-10-28 06:53:49,12.0,19.290463676608052,8.75,,,,
Standing Cable Flies,2024-10-28 06:56:33,12.0,19.290463676608052,8.75,,,,
Seated cable lateral raise,2024-10-28 07:02:12,10.0,2.755780525229722,1.25,,,,
Seated cable lateral raise,2024-10-28 07:02:24,8.0,8.267341575689166,3.75,,,,
Seated cable lateral raise,2024-10-28 07:03:43,8.0,8.267341575689166,3.75,,,,
Landmine lateral raise,2024-10-28 07:07:13,10.0,5.511561050459444,2.5,,,,
Landmine lateral raise,2024-10-28 07:09:00,10.0,5.511561050459444,2.5,,,,
Landmine lateral raise,2024-10-28 07:12:14,10.0,5.511561050459444,2.5,,,,
Single arm landmine press,2024-10-28 07:15:31,10.0,5.511561050459444,2.5,,,,
Single arm landmine press,2024-10-28 07:15:32,10.0,5.511561050459444,2.5,,,,
Single arm landmine press,2024-10-28 07:16:29,10.0,5.511561050459444,2.5,,,,
Cable Face Pull,2024-10-29 06:23:05,12.0,16.53468315137833,7.5,,,,
Cable Face Pull,2024-10-29 06:24:27,12.0,16.53468315137833,7.5,,,,
Cable Face Pull,2024-10-29 06:25:46,12.0,16.53468315137833,7.5,,,,
Pendalay Row,2024-10-29 06:29:01,12.0,38.580927353216104,17.5,,,,
Pendalay Row,2024-10-29 06:30:55,12.0,38.580927353216104,17.5,,,,
Pendalay Row,2024-10-29 06:33:30,12.0,38.580927353216104,17.5,,,,
Barbell Upright Row,2024-10-29 06:35:31,12.0,16.53468315137833,7.5,,,,
Barbell Upright Row,2024-10-29 06:37:05,12.0,16.53468315137833,7.5,,,,
Barbell Upright Row,2024-10-29 06:38:51,12.0,16.53468315137833,7.5,,,,
Kettlebell clean,2024-10-29 06:41:33,10.0,26.45549304220533,12.0,,,,
Kettlebell clean,2024-10-29 06:43:50,10.0,26.45549304220533,12.0,,,,
Kettlebell clean,2024-10-29 06:46:09,10.0,26.45549304220533,12.0,,,,
Gorilla Rows,2024-10-29 06:48:33,12.0,26.45549304220533,12.0,,,,
Gorilla Rows,2024-10-29 06:51:24,12.0,35.27399072294044,16.0,,,,
Gorilla Rows,2024-10-29 06:53:06,12.0,35.27399072294044,16.0,,,,
Ring Face-Pulls,2024-10-29 06:54:23,12.0,0.0,0.0,,,,
Ring Face-Pulls,2024-10-29 06:56:42,12.0,0.0,0.0,,,,
Ring Face-Pulls,2024-10-29 07:00:11,12.0,0.0,0.0,,,,
Ring Face-Pulls,2024-10-30 06:54:58,10.0,0.0,0.0,,,,
Ring Face-Pulls,2024-10-30 06:55:02,10.0,0.0,0.0,,,,
Push Up,2024-10-30 06:55:11,10.0,0.0,0.0,,,,
Push Up,2024-10-30 06:58:11,10.0,0.0,0.0,,,,
Push Up,2024-10-30 06:58:13,10.0,0.0,0.0,,,,
Ring Face-Pulls,2024-10-30 06:58:15,10.0,0.0,0.0,,,,
Bench Press,2024-10-30 07:00:07,10.0,33.06936630275666,15.0,,,,
Bench Press,2024-10-30 07:01:08,10.0,77.16185470643221,35.0,,,,
Bench Press,2024-10-30 07:03:08,8.0,99.20809890826999,45.0,,,,
Bench Press,2024-10-30 07:06:59,5.0,110.23122100918887,50.0,,,,
Bench Press,2024-10-30 07:10:53,15.0,55.115610504594436,25.0,,,,
Bulgarian Split Squat,2024-10-30 07:20:35,20.0,0.0,0.0,,,,
Bulgarian Split Squat,2024-10-30 07:20:43,20.0,17.63699536147022,8.0,,,,
Push Up,2024-10-30 07:25:10,10.0,22.046244201837776,10.0,,,,
Push Up,2024-10-30 07:27:35,8.0,22.046244201837776,10.0,,,,
Push Up,2024-10-30 07:27:36,4.0,11.023122100918888,5.0,,,,
Sled Push,2024-11-04 06:24:15,2.0,88.1849768073511,40.0,,,,
Sled Push,2024-11-04 06:27:10,2.0,88.1849768073511,40.0,,,,
Dumbbell Flys,2024-11-04 06:30:52,12.0,17.63699536147022,8.0,,,,
Dumbbell Flys,2024-11-04 06:32:57,12.0,17.63699536147022,8.0,,,,
Dumbbell Flys,2024-11-04 06:35:30,12.0,17.63699536147022,8.0,,,,
Dumbbell Floor Press,2024-11-04 06:37:35,12.0,17.63699536147022,8.0,,,,
Dumbbell Floor Press,2024-11-04 06:40:32,12.0,22.046244201837776,10.0,,,,
Dumbbell Floor Press,2024-11-04 06:43:03,12.0,22.046244201837776,10.0,,,,
Barbell Floor Press,2024-11-04 06:47:24,12.0,16.53468315137833,7.5,,,,
Barbell Floor Press,2024-11-04 06:50:34,12.0,22.046244201837776,10.0,,,,
Barbell Floor Press,2024-11-04 06:57:27,12.0,22.046244201837776,10.0,,,,
Ring Fly,2024-11-04 06:59:31,12.0,0.0,0.0,,,,
Ring Fly,2024-11-04 07:01:09,12.0,0.0,0.0,,,,
Ring Fly,2024-11-04 07:02:58,12.0,0.0,0.0,,,,
Ring Tricep Extension,2024-11-04 07:04:52,12.0,0.0,0.0,,,,
Ring Tricep Extension,2024-11-04 07:06:17,12.0,0.0,0.0,,,,
Ring Tricep Extension,2024-11-04 07:08:24,12.0,0.0,0.0,,,,
Cable Tricep Extension,2024-11-04 07:10:27,12.0,19.290463676608052,8.75,,,,
Cable Tricep Extension,2024-11-04 07:12:03,12.0,22.046244201837776,10.0,,,,
Cable Tricep Extension,2024-11-04 07:13:59,12.0,22.046244201837776,10.0,,,,
Standing Cable Flies,2024-11-04 07:16:14,12.0,19.290463676608052,8.75,,,,
Standing Cable Flies,2024-11-04 07:17:47,12.0,19.290463676608052,8.75,,,,
Standing Cable Flies,2024-11-04 07:19:43,12.0,19.290463676608052,8.75,,,,
TRX Row,2024-11-05 06:35:24,12.0,0.0,0.0,,,,
TRX Bicep Curl,2024-11-05 06:36:02,12.0,0.0,0.0,,,,
TRX Row,2024-11-05 06:39:56,12.0,0.0,0.0,,,,
TRX Bicep Curl,2024-11-05 06:39:59,12.0,0.0,0.0,,,,
TRX Bicep Curl,2024-11-05 06:42:02,12.0,0.0,0.0,,,,
TRX Row,2024-11-05 06:42:10,12.0,0.0,0.0,,,,
Barbell Upright Row,2024-11-05 06:44:57,12.0,11.023122100918888,5.0,,,,
Barbell Upright Row,2024-11-05 06:46:44,12.0,11.023122100918888,5.0,,,,
Barbell Upright Row,2024-11-05 06:49:22,12.0,11.023122100918888,5.0,,,,
Lat Pulldown,2024-11-05 06:51:15,12.0,44.09248840367555,20.0,,,,
Lat Pulldown,2024-11-05 06:52:13,12.0,77.16185470643221,35.0,,,,
Lat Pulldown,2024-11-05 06:53:58,12.0,77.16185470643221,35.0,,,,
Lat Pulldown,2024-11-05 06:56:04,12.0,77.16185470643221,35.0,,,,
Close Grip Lat Pulldowns,2024-11-05 06:58:33,12.0,77.16185470643221,35.0,,,,
Close Grip Lat Pulldowns,2024-11-05 07:00:15,12.0,77.16185470643221,35.0,,,,
Close Grip Lat Pulldowns,2024-11-05 07:02:21,12.0,77.16185470643221,35.0,,,,
Standing Rope Bicep Curl on Cable Machine,2024-11-05 07:04:29,12.0,19.290463676608052,8.75,,,,
Standing Rope Bicep Curl on Cable Machine,2024-11-05 07:06:48,12.0,20.657330817121995,9.37,,,,
Standing Rope Bicep Curl on Cable Machine,2024-11-05 07:08:24,12.0,22.046244201837776,10.0,,,,
Kettlebell Shrug,2024-11-05 07:10:02,12.0,26.45549304220533,12.0,,,,
Kettlebell Shrug,2024-11-05 07:14:27,12.0,26.45549304220533,12.0,,,,
Kettlebell Shrug,2024-11-05 07:16:17,12.0,26.45549304220533,12.0,,,,
Press Ups,2024-11-11 06:16:07,12.0,0.0,0.0,,,,
Press Ups,2024-11-11 06:16:49,12.0,0.0,0.0,,,,
Press Ups,2024-11-11 06:17:52,12.0,0.0,0.0,,,,
Ring Push Ups,2024-11-11 06:21:45,12.0,0.0,0.0,,,,
Ring Push Ups,2024-11-11 06:23:02,12.0,0.0,0.0,,,,
Ring Push Ups,2024-11-11 06:24:35,12.0,0.0,0.0,,,,
Standing Cable Flies,2024-11-11 06:28:26,12.0,19.290463676608052,8.75,,,,
Standing Cable Flies,2024-11-11 06:29:56,12.0,19.290463676608052,8.75,,,,
Standing Cable Flies,2024-11-11 06:32:13,12.0,19.290463676608052,8.75,,,,
Dumbbell Flys,2024-11-11 06:37:45,12.0,19.841619781653996,9.0,,,,
Dumbbell Flys,2024-11-11 06:39:54,12.0,19.841619781653996,9.0,,,,
Dumbbell Flys,2024-11-11 06:42:41,12.0,19.841619781653996,9.0,,,,
Plate push up,2024-11-11 06:45:20,10.0,0.0,0.0,,,,
Plate floor press,2024-11-11 06:47:50,12.0,22.046244201837776,10.0,,,,
Plate floor press,2024-11-11 06:48:56,12.0,22.046244201837776,10.0,,,,
Plate push up,2024-11-11 06:51:43,10.0,0.0,0.0,,,,
Plate push up,2024-11-11 06:51:44,10.0,0.0,0.0,,,,
Plate floor press,2024-11-11 06:51:50,12.0,22.046244201837776,10.0,,,,
Romanian Deadlift,2024-11-13 10:16:54,10.0,33.06936630275666,15.0,,,,
Overhead Press,2024-11-13 10:17:13,10.0,33.06936630275666,15.0,,,,
Overhead Press,2024-11-13 10:19:56,12.0,33.06936630275666,15.0,,,,
Romanian Deadlift,2024-11-13 10:20:00,12.0,33.06936630275666,15.0,,,,
Overhead Press,2024-11-13 10:24:34,6.0,44.09248840367555,20.0,,,,
Romanian Deadlift,2024-11-13 10:25:01,8.0,44.09248840367555,20.0,,,,
Dumbbell Floor Press,2024-11-13 10:26:11,10.0,22.046244201837776,10.0,,,,
Lateral Raises,2024-11-13 10:27:24,10.0,8.81849768073511,4.0,,,,
Lateral Raises,2024-11-13 10:28:58,10.0,8.81849768073511,4.0,,,,
Dumbbell Floor Press,2024-11-13 10:29:11,10.0,30.864741882572886,14.0,,,,
Dumbbell Floor Press,2024-11-13 10:32:16,12.0,35.27399072294044,16.0,,,,
Dumbbell Floor Press,2024-11-13 10:33:49,15.0,22.046244201837776,10.0,,,,
Lateral Raises,2024-11-13 10:34:42,12.0,8.81849768073511,4.0,,,,
Lunges,2024-11-13 10:38:14,10.0,8.81849768073511,4.0,,,,
Lunges,2024-11-13 10:39:19,10.0,8.81849768073511,4.0,,,,
Dumbbell Flys,2024-11-18 06:22:05,12.0,11.023122100918888,5.0,,,,
Dumbbell Flys,2024-11-18 06:23:24,12.0,11.023122100918888,5.0,,,,
Dumbbell Flys,2024-11-18 06:25:45,12.0,11.023122100918888,5.0,,,,
Dumbbell Shoulder Press,2024-11-18 06:28:11,12.0,26.45549304220533,12.0,,,,
Dumbbell Shoulder Press,2024-11-18 06:31:32,12.0,30.864741882572886,14.0,,,,
Dumbbell Shoulder Press,2024-11-18 06:34:24,12.0,30.864741882572886,14.0,,,,
Dumbbell Bench Press,2024-11-18 06:36:49,12.0,30.864741882572886,14.0,,,,
Dumbbell Bench Press,2024-11-18 06:39:09,12.0,30.864741882572886,14.0,,,,
Dumbbell Bench Press,2024-11-18 06:42:27,12.0,30.864741882572886,14.0,,,,
Bench Press,2024-11-18 06:44:28,10.0,33.06936630275666,15.0,,,,
Bench Press,2024-11-18 06:46:23,10.0,55.115610504594436,25.0,,,,
Bench Press,2024-11-18 06:48:50,10.0,66.13873260551333,30.0,,,,
Bench Press,2024-11-18 06:53:08,10.0,66.13873260551333,30.0,,,,
Rope Tricep extension,2024-11-18 06:57:45,12.0,19.290463676608052,8.75,,,,
Rope Tricep extension,2024-11-18 06:58:51,12.0,24.802024727067497,11.25,,,,
Rope Tricep extension,2024-11-18 06:59:57,12.0,24.802024727067497,11.25,,,,
Trx Tricep Extensions,2024-11-18 07:02:25,12.0,0.0,0.0,,,,
Trx Tricep Extensions,2024-11-18 07:03:42,12.0,0.0,0.0,,,,
Trx Tricep Extensions,2024-11-18 07:05:21,12.0,0.0,0.0,,,,
TRX Bicep Curl,2024-11-23 11:42:02,10.0,0.0,0.0,,,,
Ring Face-Pulls,2024-11-23 11:42:12,10.0,0.0,0.0,,,,
Ring Face-Pulls,2024-11-23 11:46:14,10.0,0.0,0.0,,,,
Ring Face-Pulls,2024-11-23 11:46:15,10.0,0.0,0.0,,,,
TRX Bicep Curl,2024-11-23 11:46:18,10.0,0.0,0.0,,,,
TRX Bicep Curl,2024-11-23 11:46:19,10.0,0.0,0.0,,,,
Standing Cable Flies,2024-11-23 11:47:32,12.0,16.53468315137833,7.5,,,,
Standing Cable Flies,2024-11-23 11:48:50,12.0,16.53468315137833,7.5,,,,
Standing Cable Flies,2024-11-23 11:51:06,10.0,22.046244201837776,10.0,,,,
Standing Cable Flies,2024-11-23 11:53:40,10.0,22.046244201837776,10.0,,,,
Standing Cable Flies,2024-11-23 11:56:32,12.0,16.53468315137833,7.5,,,,
Standing Cable Flies,2024-11-23 11:58:37,12.0,16.53468315137833,7.5,,,,
Standing Cable Rear Delt Fly,2024-11-23 12:00:29,12.0,4.122647665743664,1.87,,,,
Standing Cable Rear Delt Fly,2024-11-23 12:04:10,12.0,4.122647665743664,1.87,,,,
Supinated Barbell Bent Over Row,2024-11-23 12:04:39,10.0,66.13873260551333,30.0,,,,
Pendalay Row,2024-11-23 12:06:41,12.0,66.13873260551333,30.0,,,,
Pendalay Row,2024-11-23 12:11:47,12.0,66.13873260551333,30.0,,,,
L sit shoulder press,2024-11-23 12:14:55,10.0,15.432370941286443,7.0,,,,
L sit shoulder press,2024-11-23 12:14:56,10.0,15.432370941286443,7.0,,,,
Ski,2024-11-25 06:19:11,1.0,0.0,0.0,,,,
Ski,2024-11-25 06:22:50,1.0,0.0,0.0,,,,
Seated Shoulder Press,2024-11-25 06:25:16,12.0,22.046244201837776,10.0,,,,
Seated Shoulder Press,2024-11-25 06:28:24,12.0,44.09248840367555,20.0,,,,
Seated Shoulder Press,2024-11-25 06:30:36,12.0,44.09248840367555,20.0,,,,
Lat Pulldown,2024-11-25 06:36:04,12.0,77.16185470643221,35.0,,,,
Lat Pulldown,2024-11-25 06:36:06,12.0,77.16185470643221,35.0,,,,
Lat Pulldown,2024-11-25 06:40:22,12.0,77.16185470643221,35.0,,,,
Standing Cable Flies,2024-11-25 06:41:35,12.0,19.290463676608052,8.75,,,,
Standing Cable Flies,2024-11-25 06:44:36,12.0,19.290463676608052,8.75,,,,
Standing Cable Flies,2024-11-25 06:46:10,12.0,19.290463676608052,8.75,,,,
Plate floor press,2024-11-25 06:49:43,12.0,44.09248840367555,20.0,,,,
Plate floor press,2024-11-25 06:51:33,12.0,44.09248840367555,20.0,,,,
Plate floor press,2024-11-25 06:53:58,12.0,44.09248840367555,20.0,,,,
Dumbbell Floor Press,2024-11-25 06:56:32,12.0,19.841619781653996,9.0,,,,
Dumbbell Floor Press,2024-11-25 06:58:50,12.0,19.841619781653996,9.0,,,,
Dumbbell Floor Press,2024-11-25 07:01:52,12.0,19.841619781653996,9.0,,,,
TRX Bicep Curl,2024-11-27 07:45:49,10.0,0.0,0.0,,,,
Ring Push Ups,2024-11-27 07:46:00,12.0,0.0,0.0,,,,
Chest supported cable row,2024-11-27 07:49:18,12.0,22.046244201837776,10.0,,,,
Chest supported cable row,2024-11-27 07:53:57,12.0,22.046244201837776,10.0,,,,
Chest supported cable row,2024-11-27 07:55:19,12.0,27.557805252297218,12.5,,,,
Seated Cable Flyes,2024-11-27 07:57:12,12.0,16.53468315137833,7.5,,,,
Seated Cable Flyes,2024-11-27 07:58:43,12.0,22.046244201837776,10.0,,,,
Seated Cable Flyes,2024-11-27 08:03:45,12.0,16.53468315137833,7.5,,,,
Dumbbell Shoulder Press,2024-11-27 08:04:06,12.0,22.046244201837776,10.0,,,,
Kettlebell Shrug,2024-11-27 08:05:26,12.0,44.09248840367555,20.0,,,,
Dumbbell Shoulder Press,2024-11-27 08:07:33,15.0,22.046244201837776,10.0,,,,
Kettlebell Shrug,2024-11-27 08:10:37,12.0,44.09248840367555,20.0,,,,
Kettlebell Shrug,2024-11-27 08:10:39,12.0,22.046244201837776,10.0,,,,
Dumbbell Shoulder Press,2024-11-27 08:13:29,12.0,22.046244201837776,10.0,,,,
Press Ups,2024-12-04 07:54:11,10.0,0.0,0.0,,,,
Press Ups,2024-12-04 07:54:12,10.0,0.0,0.0,,,,
Cable Reverse Fly,2024-12-04 08:01:29,10.0,2.755780525229722,1.25,,,,
Cable Reverse Fly,2024-12-04 08:02:42,10.0,4.078555177339989,1.85,,,,
Decline Bench Press,2024-12-04 08:10:01,12.0,33.06936630275666,15.0,,,,
Decline Bench Press,2024-12-04 08:10:04,12.0,55.115610504594436,25.0,,,,
Dumbbell Bench Press,2024-12-04 08:11:51,8.0,17.63699536147022,8.0,,,,
Dumbbell Bench Press,2024-12-04 08:12:42,6.0,30.864741882572886,14.0,,,,
Dumbbell Bench Press,2024-12-04 08:13:50,6.0,39.68323956330799,18.0,,,,
Dumbbell Bench Press,2024-12-04 08:17:02,6.0,44.09248840367555,20.0,,,,
Dumbbell Bench Press,2024-12-04 08:19:00,12.0,17.63699536147022,8.0,,,,
Dumbbell Bench Press,2024-12-04 08:24:17,16.0,17.63699536147022,8.0,,,,
Dumbbell Bench Press,2024-12-04 08:24:22,22.0,8.81849768073511,4.0,,,,
Cable Face Pull,2024-12-04 08:26:00,10.0,2.755780525229722,1.25,,,,
Cable Face Pull,2024-12-04 08:30:01,10.0,13.778902626148609,6.25,,,,
Cable Face Pull,2024-12-04 08:30:02,10.0,13.778902626148609,6.25,,,,
Ring Push Ups,2024-12-09 06:16:42,10.0,0.0,0.0,,,,
Ring Push Ups,2024-12-09 06:17:36,10.0,0.0,0.0,,,,
Ring Push Ups,2024-12-09 06:18:35,10.0,0.0,0.0,,,,
Push Up Negative,2024-12-09 06:20:20,10.0,0.0,0.0,,,,
Push Up Negative,2024-12-09 06:23:24,10.0,0.0,0.0,,,,
Push Up Negative,2024-12-09 06:23:25,10.0,0.0,0.0,,,,
Seated Shoulder Press,2024-12-09 06:26:16,6.0,44.09248840367555,20.0,,,,
Seated Shoulder Press,2024-12-09 06:26:21,6.0,33.06936630275666,15.0,,,,
Seated Shoulder Press,2024-12-09 06:28:42,12.0,33.06936630275666,15.0,,,,
Seated Shoulder Press,2024-12-09 06:30:55,12.0,33.06936630275666,15.0,,,,
Dumbbell Bench Press,2024-12-09 06:32:39,12.0,22.046244201837776,10.0,,,,
Dumbbell Bench Press,2024-12-09 06:35:46,12.0,30.864741882572886,14.0,,,,
Dumbbell Bench Press,2024-12-09 06:39:13,12.0,35.27399072294044,16.0,,,,
Dumbbell Bench Press,2024-12-09 06:46:36,12.0,35.27399072294044,16.0,,,,
Standing Cable Flies,2024-12-09 06:46:56,12.0,13.778902626148609,6.25,,,,
Standing Cable Flies,2024-12-09 06:48:39,12.0,19.290463676608052,8.75,,,,
Standing Cable Flies,2024-12-09 06:50:49,12.0,19.290463676608052,8.75,,,,
TRX Bicep Curl,2024-12-10 09:17:14,10.0,0.0,0.0,,,,
TRX Bicep Curl,2024-12-10 09:17:15,10.0,0.0,0.0,,,,
TRX Bicep Curl,2024-12-10 09:17:16,10.0,0.0,0.0,,,,
Ring Push Ups,2024-12-10 09:17:22,10.0,0.0,0.0,,,,
Ring Push Ups,2024-12-10 09:17:23,10.0,0.0,0.0,,,,
Ring Push Ups,2024-12-10 09:17:23,10.0,0.0,0.0,,,,
Push Up,2024-12-10 09:17:32,10.0,0.0,0.0,,,,
Push Up,2024-12-10 09:19:03,10.0,0.0,0.0,,,,
Push Up,2024-12-10 09:23:34,10.0,0.0,0.0,,,,
Standing Cable Flies,2024-12-10 09:24:07,10.0,16.53468315137833,7.5,,,,
Standing Cable Flies,2024-12-10 09:25:59,12.0,16.53468315137833,7.5,,,,
Standing Cable Flies,2024-12-10 09:28:22,12.0,16.53468315137833,7.5,,,,
Cable Reverse Fly,2024-12-10 09:30:45,12.0,2.755780525229722,1.25,,,,
Cable Reverse Fly,2024-12-10 09:33:32,12.0,2.755780525229722,1.25,,,,
Cable Reverse Fly,2024-12-10 09:33:35,12.0,2.755780525229722,1.25,,,,
Standing chest press,2024-12-10 09:36:11,10.0,13.778902626148609,6.25,,,,
Standing chest press,2024-12-10 09:38:08,12.0,19.290463676608052,8.75,,,,
Standing chest press,2024-12-10 09:43:47,12.0,19.290463676608052,8.75,,,,
Overhead Triceps Extension,2024-12-10 09:44:29,12.0,30.313585777526942,13.75,,,,
Overhead Triceps Extension,2024-12-10 09:46:03,15.0,24.691793506058307,11.2,,,,
Overhead Triceps Extension,2024-12-10 09:47:34,17.0,24.691793506058307,11.2,,,,
Ring Push Ups,2024-12-16 06:23:04,10.0,0.0,0.0,,,,
Ring Push Ups,2024-12-16 06:24:12,10.0,0.0,0.0,,,,
Ring Push Ups,2024-12-16 06:26:30,10.0,0.0,0.0,,,,
Dumbbell Bench Press,2024-12-16 06:30:59,12.0,26.45549304220533,12.0,,,,
Dumbbell Bench Press,2024-12-16 06:31:09,12.0,39.68323956330799,18.0,,,,
Dumbbell Bench Press,2024-12-16 06:34:10,12.0,39.68323956330799,18.0,,,,
Incline Press,2024-12-16 06:38:44,12.0,44.09248840367555,20.0,,,,
Incline Press,2024-12-16 06:38:45,10.0,44.09248840367555,20.0,,,,
Bench Press,2024-12-16 06:41:34,12.0,44.09248840367555,20.0,,,,
Bench Press,2024-12-16 06:44:08,12.0,88.1849768073511,40.0,,,,
Bench Press,2024-12-16 06:45:50,7.0,88.1849768073511,40.0,,,,
Lat Pulldown,2024-12-16 06:49:31,12.0,77.16185470643221,35.0,,,,
Lat Pulldown,2024-12-16 06:51:44,12.0,93.69653785781054,42.5,,,,
Lat Pulldown,2024-12-16 06:53:33,6.0,110.23122100918887,50.0,,,,
Standing Cable Flies,2024-12-16 07:05:03,12.0,19.290463676608052,8.75,,,,
Standing Cable Flies,2024-12-16 07:05:04,12.0,19.290463676608052,8.75,,,,
Standing Cable Flies,2024-12-16 07:05:05,12.0,19.290463676608052,8.75,,,,
TRX Bicep Curl,2024-12-18 07:40:00,10.0,0.0,0.0,,,,
TRX Bicep Curl,2024-12-18 07:40:01,10.0,0.0,0.0,,,,
TRX Row,2024-12-18 07:40:10,12.0,0.0,0.0,,,,
TRX Row,2024-12-18 07:40:12,12.0,0.0,0.0,,,,
TRX Row,2024-12-18 07:43:22,12.0,0.0,0.0,,,,
TRX Row,2024-12-18 07:43:23,12.0,0.0,0.0,,,,
TRX Bicep Curl,2024-12-18 07:43:29,10.0,0.0,0.0,,,,
TRX Bicep Curl,2024-12-18 07:43:30,10.0,0.0,0.0,,,,
Standing Cable Flies,2024-12-18 07:44:39,12.0,16.53468315137833,7.5,,,,
Cable Reverse Fly,2024-12-18 07:46:13,12.0,5.511561050459444,2.5,,,,
Standing Cable Flies,2024-12-18 07:47:25,12.0,16.53468315137833,7.5,,,,
Cable Reverse Fly,2024-12-18 07:49:10,12.0,5.511561050459444,2.5,,,,
Standing Cable Flies,2024-12-18 07:50:02,12.0,22.046244201837776,10.0,,,,
Low cable fly,2024-12-18 07:51:26,10.0,18.739307571562108,8.5,,,,
Low cable fly,2024-12-18 07:53:15,10.0,18.739307571562108,8.5,,,,
Low cable fly,2024-12-18 07:55:30,10.0,18.739307571562108,8.5,,,,
Low cable fly,2024-12-18 07:57:19,10.0,18.739307571562108,8.5,,,,
Bench Press,2024-12-18 08:02:02,8.0,88.1849768073511,40.0,,,,
Bench Press,2024-12-18 08:02:04,10.0,88.1849768073511,40.0,,,,
Bench Press,2024-12-18 08:06:03,12.0,66.13873260551333,30.0,,,,
Incline Press,2024-12-18 08:08:22,10.0,22.046244201837776,10.0,,,,
Incline Press,2024-12-18 08:12:28,10.0,22.046244201837776,10.0,,,,
Incline Press,2024-12-18 08:12:28,10.0,22.046244201837776,10.0,,,,
Rope Tricep extension,2024-12-18 08:13:48,10.0,27.557805252297218,12.5,,,,
Rope Tricep extension,2024-12-18 08:15:03,10.0,22.046244201837776,10.0,,,,
Push Up,2024-12-23 10:51:09,10.0,0.0,0.0,,,,
Front pulldown,2024-12-23 10:52:44,10.0,44.09248840367555,20.0,,,,
Push Up,2024-12-23 10:52:50,10.0,22.046244201837776,10.0,,,,
Push Up,2024-12-23 10:55:22,10.0,22.046244201837776,10.0,,,,
Front pulldown,2024-12-23 10:55:25,10.0,44.09248840367555,20.0,,,,
Front pulldown,2024-12-23 10:59:23,12.0,44.09248840367555,20.0,,,,
Push Up,2024-12-23 10:59:27,10.0,22.046244201837776,10.0,,,,
Dumbbell Shoulder Press,2024-12-23 11:00:44,15.0,17.63699536147022,8.0,,,,
Dumbbell Shoulder Press,2024-12-23 11:02:32,12.0,22.046244201837776,10.0,,,,
Dumbbell Shoulder Press,2024-12-23 11:04:58,6.0,30.864741882572886,14.0,,,,
Dumbbell Shoulder Press,2024-12-23 11:05:02,9.0,17.63699536147022,8.0,,,,
Dumbbell Shoulder Press,2024-12-23 11:07:51,8.0,30.864741882572886,14.0,,,,
Dumbbell Shoulder Press,2024-12-23 11:09:02,12.0,13.227746521102665,6.0,,,,
TRX Row,2024-12-23 11:12:21,12.0,0.0,0.0,,,,
TRX Row,2024-12-23 11:15:13,12.0,0.0,0.0,,,,
TRX Row,2024-12-23 11:17:17,12.0,0.0,0.0,,,,
Sled Push,2024-12-23 11:19:34,2.0,44.09248840367555,20.0,,,,
Sled Push,2024-12-23 11:22:16,2.0,88.1849768073511,40.0,,,,
Sled Push,2024-12-23 11:27:14,2.0,143.30058731194555,65.0,,,,
Push Up,2025-01-04 09:20:42,10.0,22.046244201837776,10.0,,,,
Push Up,2025-01-04 09:25:09,10.0,22.046244201837776,10.0,,,,
Push Up,2025-01-04 09:25:10,10.0,22.046244201837776,10.0,,,,
Bicep Curls,2025-01-04 09:25:47,10.0,13.227746521102665,6.0,,,,
Bicep Curls,2025-01-04 09:27:10,10.0,17.63699536147022,8.0,,,,
Bicep Curls,2025-01-04 09:30:10,10.0,17.63699536147022,8.0,,,,
Dumbbell Bench Press,2025-01-04 09:31:42,10.0,26.45549304220533,12.0,,,,
Dumbbell Bench Press,2025-01-04 09:33:45,8.0,35.27399072294044,16.0,,,,
Dumbbell Bench Press,2025-01-04 09:35:26,10.0,30.864741882572886,14.0,,,,
Dumbbell Lateral Raise,2025-01-04 09:37:45,12.0,8.81849768073511,4.0,,,,
Dumbbell Lateral Raise,2025-01-04 09:40:31,8.0,13.227746521102665,6.0,,,,
Dumbbell Lateral Raise,2025-01-04 09:40:36,12.0,8.81849768073511,4.0,,,,
Lateral Raises,2025-01-04 09:43:42,9.0,13.227746521102665,6.0,,,,
Lateral Raises,2025-01-04 09:43:48,4.0,8.81849768073511,4.0,,,,
Seated Shoulder Press,2025-01-04 09:45:50,10.0,22.046244201837776,10.0,,,,
Seated Shoulder Press,2025-01-04 09:49:11,10.0,22.046244201837776,10.0,,,,
Seated Shoulder Press,2025-01-04 09:52:49,10.0,22.046244201837776,10.0,,,,
TRX Row,2025-01-15 06:58:07,10.0,0.0,0.0,,,,
Push Up,2025-01-15 06:58:22,10.0,0.0,0.0,,,,
Wall Balls,2025-01-15 06:58:30,10.0,8.81849768073511,4.0,,,,
Wall Balls,2025-01-15 07:01:14,10.0,8.81849768073511,4.0,,,,
Push Up,2025-01-15 07:01:20,10.0,0.0,0.0,,,,
TRX Row,2025-01-15 07:01:23,10.0,0.0,0.0,,,,
TRX Row,2025-01-15 07:03:36,10.0,0.0,0.0,,,,
Push Up,2025-01-15 07:03:38,10.0,0.0,0.0,,,,
Wall Balls,2025-01-15 07:03:40,10.0,8.81849768073511,4.0,,,,
Hack Squat,2025-01-15 07:05:43,10.0,110.23122100918887,50.0,,,,
Hack Squat,2025-01-15 07:08:07,10.0,132.27746521102665,60.0,,,,
Bicep Curls,2025-01-15 07:08:20,15.0,13.227746521102665,6.0,,,,
Bicep Curls,2025-01-15 07:09:19,12.0,19.841619781653996,9.0,,,,
Hack Squat,2025-01-15 07:11:13,12.0,154.32370941286442,70.0,,,,
Bicep Curls,2025-01-15 07:12:14,12.0,19.841619781653996,9.0,,,,
Leg Curl,2025-01-15 07:13:48,12.0,27.557805252297218,12.5,,,,
Leg Curl,2025-01-15 07:16:17,10.0,27.557805252297218,12.5,,,,
Leg Curl,2025-01-15 07:17:35,10.0,27.557805252297218,12.5,,,,
Leg Curl,2025-01-15 07:19:37,10.0,27.557805252297218,12.5,,,,
Leg Curl,2025-01-15 07:19:42,5.0,11.023122100918888,5.0,,,,
Seated single leg press,2025-01-15 07:22:31,20.0,60.627171555053884,27.5,,,,
Seated single leg press,2025-01-15 07:23:54,20.0,66.13873260551333,30.0,,,,
Seated single leg press,2025-01-15 07:26:23,20.0,66.13873260551333,30.0,,,,
Push Up,2025-01-15 07:28:33,10.0,0.0,0.0,,,,
Push Up,2025-01-15 07:28:38,12.0,0.0,0.0,,,,
Push Up,2025-01-15 07:28:41,15.0,0.0,0.0,,,,
TRX Row,2025-02-01 12:29:55,10.0,0.0,0.0,,,,
TRX Row,2025-02-01 12:29:56,10.0,0.0,0.0,,,,
TRX Row,2025-02-01 12:29:56,10.0,0.0,0.0,,,,
Barbell Bent Over Row,2025-02-01 12:30:54,12.0,44.09248840367555,20.0,,,,
Barbell Bent Over Row,2025-02-01 12:33:05,12.0,66.13873260551333,30.0,,,,
Barbell Bent Over Row,2025-02-01 12:36:04,10.0,77.16185470643221,35.0,,,,
Barbell Bent Over Row,2025-02-01 12:40:16,10.0,77.16185470643221,35.0,,,,
Barbell Bent Over Row,2025-02-01 12:40:20,10.0,55.115610504594436,25.0,,,,
Strict Press,2025-02-01 12:42:54,10.0,44.09248840367555,20.0,,,,
Strict Press,2025-02-01 12:49:01,10.0,44.09248840367555,20.0,,,,
Strict Press,2025-02-01 12:52:31,10.0,55.115610504594436,25.0,,,,
Wide Grip Cable Row,2025-02-01 12:55:30,10.0,77.16185470643221,35.0,,,,
Wide Grip Cable Row,2025-02-01 12:56:57,10.0,77.16185470643221,35.0,,,,
Wide Grip Cable Row,2025-02-01 12:59:30,7.0,77.16185470643221,35.0,,,,
Wide Grip Cable Row,2025-02-01 12:59:40,8.0,44.09248840367555,20.0,,,,
Seated Cable Flyes,2025-02-01 13:01:52,12.0,13.778902626148609,6.25,,,,
Seated Cable Flyes,2025-02-01 13:03:37,12.0,19.290463676608052,8.75,,,,
Lat Pulldown,2025-02-03 06:21:18,12.0,44.09248840367555,20.0,,,,
Lat Pulldown,2025-02-03 06:22:04,12.0,77.16185470643221,35.0,,,,
Lat Pulldown,2025-02-03 06:25:18,12.0,93.69653785781054,42.5,,,,
Rope Tricep extension,2025-02-03 06:26:53,10.0,16.53468315137833,7.5,,,,
Rope Tricep extension,2025-02-03 06:28:21,10.0,27.557805252297218,12.5,,,,
Rope Tricep extension,2025-02-03 06:30:11,10.0,27.557805252297218,12.5,,,,
Rope Bicep Curls,2025-02-03 06:37:42,12.0,22.046244201837776,10.0,,,,
Rope Bicep Curls,2025-02-03 06:38:55,12.0,22.046244201837776,10.0,,,,
Rope Bicep Curls,2025-02-03 06:41:33,12.0,22.046244201837776,10.0,,,,
Low Cable Row,2025-02-03 06:44:59,12.0,60.627171555053884,27.5,,,,
Low Cable Row,2025-02-03 06:46:43,12.0,77.16185470643221,35.0,,,,
Low Cable Row,2025-02-03 06:49:30,12.0,77.16185470643221,35.0,,,,
Assist Pull Ups,2025-02-03 06:52:39,10.0,60.627171555053884,27.5,,,,
Assist Pull Ups,2025-02-03 06:55:53,10.0,55.115610504594436,25.0,,,,
Assist Pull Ups,2025-02-03 06:58:16,10.0,60.627171555053884,27.5,,,,
Single Arm Rows,2025-02-05 08:14:05,8.0,26.45549304220533,12.0,,,,
Single Arm Rows,2025-02-05 08:14:12,8.0,26.45549304220533,12.0,,,,
Single Arm Rows,2025-02-05 08:17:09,10.0,26.45549304220533,12.0,,,,
Single Arm Rows,2025-02-05 08:17:10,10.0,26.45549304220533,12.0,,,,
Single Arm Rows,2025-02-05 08:22:36,10.0,35.27399072294044,16.0,,,,
Single Arm Rows,2025-02-05 08:22:37,10.0,35.27399072294044,16.0,,,,
Farmer Walk,2025-02-05 08:29:21,4.0,44.09248840367555,20.0,,,,
L sit shoulder press,2025-02-05 08:29:44,10.0,19.841619781653996,9.0,,,,
L sit shoulder press,2025-02-05 08:31:27,10.0,19.841619781653996,9.0,,,,
Farmer Walk,2025-02-05 08:31:31,4.0,44.09248840367555,20.0,,,,
Farmer Walk,2025-02-05 08:32:36,4.0,44.09248840367555,20.0,,,,
L sit shoulder press,2025-02-05 08:32:59,12.0,19.841619781653996,9.0,,,,
Ring Face-Pulls,2025-02-08 16:03:26,10.0,0.0,0.0,,,,
Ring Face-Pulls,2025-02-08 16:04:28,10.0,0.0,0.0,,,,
Ring Face-Pulls,2025-02-08 16:05:59,10.0,0.0,0.0,,,,
Standing Cable Rear Delt Fly,2025-02-08 16:08:28,10.0,13.778902626148609,6.25,,,,
Standing Cable Rear Delt Fly,2025-02-08 16:10:21,10.0,13.778902626148609,6.25,,,,
Standing Cable Rear Delt Fly,2025-02-08 16:13:13,10.0,13.778902626148609,6.25,,,,
Kneeling single arm cable row,2025-02-08 16:16:19,12.0,24.802024727067497,11.25,,,,
Kneeling single arm cable row,2025-02-08 16:16:20,12.0,24.802024727067497,11.25,,,,
Kneeling single arm cable row,2025-02-08 16:18:40,12.0,24.802024727067497,11.25,,,,
Kneeling single arm cable row,2025-02-08 16:18:42,12.0,24.802024727067497,11.25,,,,
Kneeling single arm cable row,2025-02-08 16:21:35,12.0,24.802024727067497,11.25,,,,
Kneeling single arm cable row,2025-02-08 16:21:36,12.0,24.802024727067497,11.25,,,,
Standing single arm bicep curl,2025-02-08 16:23:43,12.0,13.778902626148609,6.25,,,,
Standing single arm bicep curl,2025-02-08 16:23:44,12.0,13.778902626148609,6.25,,,,
Standing single arm bicep curl,2025-02-08 16:25:33,12.0,13.778902626148609,6.25,,,,
Standing single arm bicep curl,2025-02-08 16:25:33,12.0,13.778902626148609,6.25,,,,
Standing single arm bicep curl,2025-02-08 16:29:05,12.0,13.778902626148609,6.25,,,,
Standing single arm bicep curl,2025-02-08 16:29:05,12.0,13.778902626148609,6.25,,,,
Lat Pulldown,2025-02-08 16:31:02,12.0,77.16185470643221,35.0,,,,
Lat Pulldown,2025-02-08 16:33:04,12.0,77.16185470643221,35.0,,,,
Lat Pulldown,2025-02-08 16:35:50,12.0,77.16185470643221,35.0,,,,
Close Grip Lat Pulldowns,2025-02-08 16:38:04,12.0,77.16185470643221,35.0,,,,
Close Grip Lat Pulldowns,2025-02-08 16:41:53,12.0,77.16185470643221,35.0,,,,
Close Grip Lat Pulldowns,2025-02-08 16:42:26,12.0,77.16185470643221,35.0,,,,
TRX Bicep Curl,2025-02-08 16:44:09,10.0,0.0,0.0,,,,
TRX Bicep Curl,2025-02-08 16:46:29,12.0,0.0,0.0,,,,
TRX Bicep Curl,2025-02-08 16:48:47,12.0,0.0,0.0,,,,
Sled Push,2025-02-08 16:50:32,2.0,44.09248840367555,20.0,,,,
Sled Push,2025-02-08 16:52:29,2.0,88.1849768073511,40.0,,,,
Sled Push,2025-02-08 16:54:37,2.0,99.20809890826999,45.0,,,,
Leg Press,2025-02-09 11:37:27,12.0,60.627171555053884,27.5,,,,
Leg Press,2025-02-09 11:38:39,12.0,93.69653785781054,42.5,,,,
Leg Press,2025-02-09 11:39:57,12.0,126.7659041605672,57.5,,,,
Leg Press,2025-02-09 11:42:05,12.0,176.3699536147022,80.0,,,,
Sled Push,2025-02-09 11:44:52,2.0,99.20809890826999,45.0,,,,
Sled Push,2025-02-09 11:46:57,2.0,110.23122100918887,50.0,,,,
Sled Push,2025-02-09 11:49:44,2.0,110.23122100918887,50.0,,,,
Sled Face Pull,2025-02-09 11:51:58,2.0,88.1849768073511,40.0,,,,
Sled Face Pull,2025-02-09 11:56:47,2.0,88.1849768073511,40.0,,,,
Sled Face Pull,2025-02-09 11:59:55,2.0,88.1849768073511,40.0,,,,
Glute bridge kettlebell bench press,2025-02-09 12:04:07,12.0,26.45549304220533,12.0,,,,
Glute bridge kettlebell bench press,2025-02-09 12:06:40,12.0,26.45549304220533,12.0,,,,
Glute bridge kettlebell bench press,2025-02-09 12:10:54,12.0,26.45549304220533,12.0,,,,
Incline Dumbbell Press,2025-02-10 06:12:51,10.0,30.864741882572886,14.0,,,,
Dumbbell Bench Press,2025-02-10 06:18:33,12.0,26.45549304220533,12.0,,,,
Dumbbell Bench Press,2025-02-10 06:18:37,12.0,30.864741882572886,14.0,,,,
Dumbbell Bench Press,2025-02-10 06:18:38,12.0,30.864741882572886,14.0,,,,
Incline Dumbbell Press,2025-02-10 06:21:52,12.0,30.864741882572886,14.0,,,,
Incline Dumbbell Press,2025-02-10 06:24:31,12.0,30.864741882572886,14.0,,,,
Lateral Raises,2025-02-10 06:29:16,12.0,8.81849768073511,4.0,,,,
Lateral Raises,2025-02-10 06:31:27,12.0,8.81849768073511,4.0,,,,
Press Ups,2025-02-10 06:32:23,10.0,0.0,0.0,,,,
Lateral Raises,2025-02-10 06:33:46,12.0,8.81849768073511,4.0,,,,
Frontal raises,2025-02-10 06:35:30,12.0,8.81849768073511,4.0,,,,
Frontal raises,2025-02-10 06:37:39,12.0,8.81849768073511,4.0,,,,
Frontal raises,2025-02-10 06:40:48,12.0,8.81849768073511,4.0,,,,
Incline Pushup,2025-02-10 06:41:58,10.0,0.0,0.0,,,,
Press Ups,2025-02-10 06:42:04,10.0,0.0,0.0,,,,
Press Ups,2025-02-10 06:46:07,10.0,0.0,0.0,,,,
Incline Pushup,2025-02-10 06:46:10,10.0,0.0,0.0,,,,
Incline Pushup,2025-02-10 06:48:23,10.0,0.0,0.0,,,,
Seated Shoulder Press,2025-02-10 06:50:47,12.0,22.046244201837776,10.0,,,,
Seated Shoulder Press,2025-02-10 06:52:24,12.0,22.046244201837776,10.0,,,,
Seated Shoulder Press,2025-02-10 06:54:20,12.0,22.046244201837776,10.0,,,,
TRX Row,2025-02-12 09:14:20,10.0,0.0,0.0,,,,
TRX Row,2025-02-12 09:14:21,10.0,0.0,0.0,,,,
TRX Row,2025-02-12 09:14:21,10.0,0.0,0.0,,,,
Squat,2025-02-12 09:14:34,10.0,0.0,0.0,,,,
Squat,2025-02-12 09:14:36,10.0,0.0,0.0,,,,
Squat,2025-02-12 09:14:36,10.0,0.0,0.0,,,,
Strict Press,2025-02-12 09:19:48,10.0,17.63699536147022,8.0,,,,
Farmer Walk,2025-02-12 09:20:00,1.0,35.27399072294044,16.0,,,,
Farmer Walk,2025-02-12 09:23:31,1.0,35.27399072294044,16.0,,,,
Farmer Walk,2025-02-12 09:23:32,1.0,35.27399072294044,16.0,,,,
Strict Press,2025-02-12 09:23:36,10.0,17.63699536147022,8.0,,,,
Strict Press,2025-02-12 09:23:37,10.0,17.63699536147022,8.0,,,,
Barbell Push Press,2025-02-12 09:25:30,10.0,66.13873260551333,30.0,,,,
Barbell Push Press,2025-02-12 09:28:04,10.0,66.13873260551333,30.0,,,,
Barbell Push Press,2025-02-12 09:30:39,6.0,66.13873260551333,30.0,,,,
Barbell Push Press,2025-02-12 09:30:49,6.0,38.580927353216104,17.5,,,,
Standing Cable Flies,2025-02-12 09:34:57,12.0,8.267341575689166,3.75,,,,
Standing Cable Flies,2025-02-12 09:35:02,12.0,13.778902626148609,6.25,,,,
Standing Cable Flies,2025-02-12 09:36:32,10.0,19.290463676608052,8.75,,,,
Standing Cable Flies,2025-02-12 09:39:38,15.0,22.046244201837776,10.0,,,,
Barbell Bicep Curl,2025-02-12 09:42:43,12.0,38.580927353216104,17.5,,,,
Barbell Bicep Curl,2025-02-12 09:43:37,10.0,38.580927353216104,17.5,,,,
Barbell Bicep Curl,2025-02-12 09:44:45,8.0,38.580927353216104,17.5,,,,
Wall Balls,2025-02-15 18:18:16,20.0,8.81849768073511,4.0,,,,
Wall Balls,2025-02-15 18:20:22,20.0,8.81849768073511,4.0,,,,
Wall Balls,2025-02-15 18:22:50,20.0,8.81849768073511,4.0,,,,
Low Cable Row,2025-02-15 18:25:01,5.0,13.778902626148609,6.25,,,,
Low Cable Row,2025-02-15 18:25:44,12.0,30.313585777526942,13.75,,,,
Low Cable Row,2025-02-15 18:27:23,12.0,35.82514682798639,16.25,,,,
Low Cable Row,2025-02-15 18:29:43,12.0,35.82514682798639,16.25,,,,
Cable Reverse Fly,2025-02-15 18:32:51,12.0,8.267341575689166,3.75,,,,
Standing Rope Bicep Curl on Cable Machine,2025-02-15 18:33:14,12.0,19.290463676608052,8.75,,,,
Standing Rope Bicep Curl on Cable Machine,2025-02-15 18:36:12,12.0,19.290463676608052,8.75,,,,
Cable Reverse Fly,2025-02-15 18:36:16,12.0,8.267341575689166,3.75,,,,
Cable Reverse Fly,2025-02-15 18:39:08,12.0,8.267341575689166,3.75,,,,
Standing Rope Bicep Curl on Cable Machine,2025-02-15 18:39:11,12.0,19.290463676608052,8.75,,,,
Lat Pulldown,2025-02-15 18:46:05,12.0,60.627171555053884,27.5,,,,
Lat Pulldown,2025-02-15 18:46:51,12.0,77.16185470643221,35.0,,,,
Lat Pulldown,2025-02-15 18:48:26,12.0,77.16185470643221,35.0,,,,
Ring Face-Pulls,2025-02-15 18:50:56,10.0,0.0,0.0,,,,
TRX Bicep Curl,2025-02-15 18:51:10,12.0,0.0,0.0,,,,
TRX Bicep Curl,2025-02-15 18:53:18,10.0,0.0,0.0,,,,
Ring Face-Pulls,2025-02-15 18:53:25,12.0,0.0,0.0,,,,
Ring Face-Pulls,2025-02-15 18:56:08,10.0,0.0,0.0,,,,
TRX Bicep Curl,2025-02-15 18:56:12,10.0,0.0,0.0,,,,
Sled Face Pull,2025-02-15 19:00:28,2.0,88.1849768073511,40.0,,,,
Sled Face Pull,2025-02-15 19:03:04,1.0,88.1849768073511,40.0,,,,
Leg Press,2025-02-16 18:38:17,10.0,176.3699536147022,80.0,,,,
Leg Press,2025-02-16 18:40:15,10.0,176.3699536147022,80.0,,,,
Leg Press,2025-02-16 18:42:48,10.0,176.3699536147022,80.0,,,,
Farmer Walk,2025-02-16 18:47:20,8.0,35.27399072294044,16.0,,,,
Box jump,2025-02-16 18:50:26,10.0,0.0,0.0,,,,
Box jump,2025-02-16 18:51:52,10.0,0.0,0.0,,,,
Box jump,2025-02-16 18:56:23,10.0,0.0,0.0,,,,
Wall Balls,2025-02-16 18:56:30,10.0,8.81849768073511,4.0,,,,
Wall Balls,2025-02-16 18:57:50,10.0,8.81849768073511,4.0,,,,
External Shoulder Rotation Band,2025-02-17 06:12:50,12.0,8.267341575689166,3.75,,,,
External Shoulder Rotation Band,2025-02-17 06:14:03,12.0,13.778902626148609,6.25,,,,
External Shoulder Rotation Band,2025-02-17 06:15:45,12.0,13.778902626148609,6.25,,,,
Straight Bar Front Raises,2025-02-17 06:18:23,12.0,13.778902626148609,6.25,,,,
Straight Bar Front Raises,2025-02-17 06:19:31,12.0,24.802024727067497,11.25,,,,
Straight Bar Front Raises,2025-02-17 06:21:03,12.0,24.802024727067497,11.25,,,,
Cable Tricep Pushdown With Straight Bar,2025-02-17 06:22:25,12.0,30.313585777526942,13.75,,,,
Cable Tricep Pushdown With Straight Bar,2025-02-17 06:24:13,12.0,30.313585777526942,13.75,,,,
Cable Tricep Pushdown With Straight Bar,2025-02-17 06:25:58,12.0,30.313585777526942,13.75,,,,
Tricep Dips,2025-02-17 06:28:17,12.0,0.0,0.0,,,,
Tricep Dips,2025-02-17 06:30:25,12.0,0.0,0.0,,,,
Tricep Dips,2025-02-17 06:32:41,12.0,0.0,0.0,,,,
Lateral Raises,2025-02-17 06:35:24,12.0,8.81849768073511,4.0,,,,
Frontal raises,2025-02-17 06:35:29,12.0,8.81849768073511,4.0,,,,
Cable bench press,2025-02-17 06:43:51,12.0,19.290463676608052,8.75,,,,
Cable bench press,2025-02-17 06:44:43,12.0,19.290463676608052,8.75,,,,
Cable bench press,2025-02-17 06:47:27,12.0,19.290463676608052,8.75,,,,
Seated Shoulder cable press,2025-02-17 06:50:24,12.0,13.778902626148609,6.25,,,,
Seated Shoulder cable press,2025-02-17 06:51:27,12.0,13.778902626148609,6.25,,,,
Seated Shoulder cable press,2025-02-17 06:53:27,12.0,13.778902626148609,6.25,,,,
Incline Dumbbell Press,2025-02-17 06:56:33,12.0,30.864741882572886,14.0,,,,
Incline Dumbbell Press,2025-02-17 06:59:24,12.0,30.864741882572886,14.0,,,,
Incline Dumbbell Press,2025-02-17 07:00:00,12.0,30.864741882572886,14.0,,,,
Kettlebell Swing,2025-02-21 09:20:30,16.0,26.45549304220533,12.0,,,,
Kettlebell Swing,2025-02-21 09:21:11,16.0,26.45549304220533,12.0,,,,
Kettlebell Swing,2025-02-21 09:24:09,12.0,44.09248840367555,20.0,,,,
Overhead carry,2025-02-21 09:26:04,10.0,22.046244201837776,10.0,,,,
Overhead carry,2025-02-21 09:26:05,10.0,22.046244201837776,10.0,,,,
Suitcases,2025-02-21 09:29:31,10.0,44.09248840367555,20.0,,,,
Suitcases,2025-02-21 09:29:32,10.0,44.09248840367555,20.0,,,,
Overhead carry,2025-02-21 09:29:48,10.0,22.046244201837776,10.0,,,,
Overhead carry,2025-02-21 09:29:48,10.0,22.046244201837776,10.0,,,,
Overhead carry,2025-02-21 09:38:39,10.0,22.046244201837776,10.0,,,,
Overhead carry,2025-02-21 09:38:39,10.0,22.046244201837776,10.0,,,,
Overhead carry,2025-02-21 09:41:38,10.0,22.046244201837776,10.0,,,,
Overhead carry,2025-02-21 09:41:39,10.0,22.046244201837776,10.0,,,,
Push Up,2025-02-21 09:42:25,12.0,0.0,0.0,,,,
Push Up,2025-02-21 09:53:52,12.0,0.0,0.0,,,,
Dumbbell Shoulder Press,2025-02-24 06:19:01,12.0,17.63699536147022,8.0,,,,
Dumbbell Shoulder Press,2025-02-24 06:19:06,12.0,30.864741882572886,14.0,,,,
Dumbbell Shoulder Press,2025-02-24 06:20:04,12.0,30.864741882572886,14.0,,,,
Seated Lateral Raises,2025-02-24 06:22:51,12.0,8.81849768073511,4.0,,,,
Seated Lateral Raises,2025-02-24 06:24:05,12.0,8.81849768073511,4.0,,,,
Seated Lateral Raises,2025-02-24 06:27:43,12.0,8.81849768073511,4.0,,,,
Cable Tricep Pushdown With Straight Bar,2025-02-24 06:28:35,12.0,27.557805252297218,12.5,,,,
Cable Tricep Pushdown With Straight Bar,2025-02-24 06:30:01,12.0,33.06936630275666,15.0,,,,
Cable Tricep Pushdown With Straight Bar,2025-02-24 06:32:12,12.0,33.06936630275666,15.0,,,,
Standing Cable Flies,2025-02-24 06:34:43,12.0,19.290463676608052,8.75,,,,
Standing Cable Flies,2025-02-24 06:36:40,12.0,19.290463676608052,8.75,,,,
Standing Cable Flies,2025-02-24 06:39:19,12.0,19.290463676608052,8.75,,,,
Supine Cable Flies,2025-02-24 06:40:43,12.0,8.267341575689166,3.75,,,,
Supine Cable Flies,2025-02-24 06:43:27,12.0,8.267341575689166,3.75,,,,
Supine Cable Flies,2025-02-24 06:45:54,12.0,8.267341575689166,3.75,,,,
Tricep TRX,2025-02-24 06:47:32,12.0,0.0,0.0,,,,
Tricep TRX,2025-02-24 06:50:13,12.0,0.0,0.0,,,,
Tricep TRX,2025-02-24 06:52:14,12.0,0.0,0.0,,,,
Frog crunch,2025-02-24 06:54:33,12.0,0.0,0.0,,,,
Frog crunch,2025-02-24 06:58:44,12.0,0.0,0.0,,,,
Frog crunch,2025-02-24 06:58:48,12.0,0.0,0.0,,,,
Goblet Squat,2025-02-26 10:01:52,12.0,35.27399072294044,16.0,,,,
Goblet Squat,2025-02-26 10:03:07,12.0,35.27399072294044,16.0,,,,
Goblet Squat,2025-02-26 10:04:58,12.0,35.27399072294044,16.0,,,,
Sled Push,2025-02-26 10:09:55,2.0,44.09248840367555,20.0,,,,
Sled Push,2025-02-26 10:09:58,2.0,88.1849768073511,40.0,,,,
Sled Push,2025-02-26 10:12:57,2.0,132.27746521102665,60.0,,,,
Sled Push,2025-02-26 10:18:20,2.0,176.3699536147022,80.0,,,,
Leg Extension,2025-02-26 10:19:28,10.0,110.23122100918887,50.0,,,,
Leg Extension,2025-02-26 10:25:10,10.0,93.69653785781054,42.5,,,,
Leg Extension,2025-02-26 10:25:17,10.0,77.16185470643221,35.0,,,,
Tricep Dips,2025-02-26 10:26:32,10.0,0.0,0.0,,,,
Tricep Dips,2025-02-26 10:28:24,10.0,0.0,0.0,,,,
Tricep Dips,2025-02-26 10:28:25,10.0,0.0,0.0,,,,
Incline Dumbbell Press,2025-03-11 07:25:01,12.0,22.046244201837776,10.0,,,,
Incline Dumbbell Press,2025-03-11 07:25:03,12.0,30.864741882572886,14.0,,,,
Incline Dumbbell Press,2025-03-11 07:27:20,12.0,30.864741882572886,14.0,,,,
Incline Dumbbell Press,2025-03-11 07:30:19,12.0,30.864741882572886,14.0,,,,
Cable Tricep Pushdown With Straight Bar,2025-03-11 07:34:00,12.0,33.06936630275666,15.0,,,,
Cable Tricep Pushdown With Straight Bar,2025-03-11 07:35:55,12.0,33.06936630275666,15.0,,,,
Standing Cable Flies,2025-03-11 07:41:34,12.0,19.290463676608052,8.75,,,,
Standing Cable Flies,2025-03-11 07:43:29,12.0,19.290463676608052,8.75,,,,
Standing Cable Flies,2025-03-11 07:46:40,12.0,19.290463676608052,8.75,,,,
Sled Push,2025-03-11 07:49:49,2.0,110.23122100918887,50.0,,,,
Sled Push,2025-03-11 07:52:35,2.0,110.23122100918887,50.0,,,,
Dumbbell Floor Press,2025-03-11 07:56:27,12.0,22.046244201837776,10.0,,,,
Dumbbell Floor Press,2025-03-11 07:58:35,12.0,22.046244201837776,10.0,,,,
Dumbbell Floor Press,2025-03-11 08:02:12,12.0,22.046244201837776,10.0,,,,
TRX Row,2025-03-19 07:44:09,10.0,0.0,0.0,,,,
TRX Row,2025-03-19 07:44:10,10.0,0.0,0.0,,,,
TRX Row,2025-03-19 07:44:11,10.0,0.0,0.0,,,,
Push Up,2025-03-19 07:44:18,10.0,0.0,0.0,,,,
Push Up,2025-03-19 07:44:21,10.0,0.0,0.0,,,,
Push Up,2025-03-19 07:44:21,10.0,0.0,0.0,,,,
Assist Pull Ups,2025-03-19 07:45:55,10.0,27.557805252297218,12.5,,,,
Assist Pull Ups,2025-03-19 07:48:59,10.0,27.557805252297218,12.5,,,,
Assist Pull Ups,2025-03-19 07:53:42,6.0,0.0,0.0,,,,
Assist Pull Ups,2025-03-19 07:57:23,8.0,0.0,0.0,,,,
Assist Pull Ups,2025-03-19 07:58:44,8.0,0.0,0.0,,,,
Lat Pulldown,2025-03-19 08:05:23,12.0,93.69653785781054,42.5,,,,
Lat Pulldown,2025-03-19 08:09:07,10.0,110.23122100918887,50.0,,,,
Lat Pulldown,2025-03-19 08:14:13,8.0,132.27746521102665,60.0,,,,
Bench Press,2025-03-19 08:18:15,10.0,44.09248840367555,20.0,,,,
Bicep Curls,2025-03-19 08:18:28,10.0,17.63699536147022,8.0,,,,
Bench Press,2025-03-19 08:19:49,10.0,88.1849768073511,40.0,,,,
Bench Press,2025-03-19 08:22:28,10.0,110.23122100918887,50.0,,,,
Bicep Curls,2025-03-19 08:23:27,10.0,17.63699536147022,8.0,,,,
Bench Press,2025-03-19 08:27:57,10.0,110.23122100918887,50.0,,,,
Bicep Curls,2025-03-19 08:34:38,10.0,17.63699536147022,8.0,,,,
Rope Bicep Curls,2025-03-19 08:35:36,10.0,19.290463676608052,8.75,,,,
Cable Tricep Pushdown With Straight Bar,2025-03-19 08:36:33,12.0,35.82514682798639,16.25,,,,
Rope Bicep Curls,2025-03-19 08:37:20,12.0,24.802024727067497,11.25,,,,
Cable Tricep Pushdown With Straight Bar,2025-03-19 08:38:12,15.0,35.82514682798639,16.25,,,,
Rope Bicep Curls,2025-03-19 08:39:01,10.0,24.802024727067497,11.25,,,,
Cable Tricep Pushdown With Straight Bar,2025-03-19 08:39:55,12.0,35.82514682798639,16.25,,,,
Ring Push Ups,2025-03-24 06:36:51,12.0,0.0,0.0,,,,
Ring Push Ups,2025-03-24 06:38:07,12.0,0.0,0.0,,,,
Ring Push Ups,2025-03-24 06:40:00,12.0,0.0,0.0,,,,
chest press,2025-03-24 06:42:16,10.0,44.09248840367555,20.0,,,,
chest press,2025-03-24 06:45:07,10.0,60.627171555053884,27.5,,,,
chest press,2025-03-24 06:46:47,10.0,60.627171555053884,27.5,,,,
Dumbbell Bench Press,2025-03-24 06:49:12,12.0,30.864741882572886,14.0,,,,
Dumbbell Bench Press,2025-03-24 06:51:29,12.0,30.864741882572886,14.0,,,,
Dumbbell Bench Press,2025-03-24 06:54:23,12.0,30.864741882572886,14.0,,,,
Frontal raises,2025-03-24 06:55:30,12.0,8.81849768073511,4.0,,,,
Frontal raises,2025-03-24 06:57:25,12.0,8.81849768073511,4.0,,,,
Frontal raises,2025-03-24 06:59:01,12.0,8.81849768073511,4.0,,,,
Seated Shoulder cable press,2025-03-24 07:00:33,12.0,27.557805252297218,12.5,,,,
Seated Shoulder cable press,2025-03-24 07:02:35,12.0,27.557805252297218,12.5,,,,
Seated Shoulder cable press,2025-03-24 07:04:26,12.0,27.557805252297218,12.5,,,,
Rope Tricep extension,2025-03-24 07:06:28,10.0,27.557805252297218,12.5,,,,
Rope Tricep extension,2025-03-24 07:08:36,10.0,27.557805252297218,12.5,,,,
Rope Tricep extension,2025-03-24 07:10:11,10.0,27.557805252297218,12.5,,,,
Standing Cable Flies,2025-03-24 07:11:56,12.0,22.046244201837776,10.0,,,,
Standing Cable Flies,2025-03-24 07:13:36,12.0,22.046244201837776,10.0,,,,
Standing Cable Flies,2025-03-24 07:16:02,12.0,22.046244201837776,10.0,,,,
Push Up,2025-03-26 07:15:45,15.0,0.0,0.0,,,,
Push Up,2025-03-26 07:15:46,15.0,0.0,0.0,,,,
Push Up,2025-03-26 07:15:46,15.0,0.0,0.0,,,,
TRX Row,2025-03-26 07:15:59,15.0,0.0,0.0,,,,
TRX Row,2025-03-26 07:16:00,15.0,0.0,0.0,,,,
TRX Row,2025-03-26 07:16:01,15.0,0.0,0.0,,,,
Assist Pull Ups,2025-03-26 07:17:29,15.0,93.69653785781054,42.5,,,,
Bicep Curls,2025-03-26 07:18:46,10.0,17.63699536147022,8.0,,,,
Bicep Curls,2025-03-26 07:21:46,10.0,17.63699536147022,8.0,,,,
Assist Pull Ups,2025-03-26 07:21:52,12.0,77.16185470643221,35.0,,,,
Assist Pull Ups,2025-03-26 07:27:08,12.0,60.627171555053884,27.5,,,,
Bicep Curls,2025-03-26 07:27:12,10.0,17.63699536147022,8.0,,,,
Seated Row,2025-03-26 07:29:08,10.0,66.13873260551333,30.0,,,,
Seated Row,2025-03-26 07:31:33,10.0,88.1849768073511,40.0,,,,
Seated Row,2025-03-26 07:34:17,10.0,88.1849768073511,40.0,,,,
TRX Bicep Curl,2025-03-26 07:36:48,12.0,0.0,0.0,,,,
Overhead Triceps Extension,2025-03-26 07:37:56,10.0,31.967054092664775,14.5,,,,
Overhead Triceps Extension,2025-03-26 07:40:26,10.0,31.967054092664775,14.5,,,,
Overhead Triceps Extension,2025-03-26 07:43:36,15.0,31.967054092664775,14.5,,,,
Cable Tricep Pushdown,2025-03-26 07:45:08,10.0,22.59740030688372,10.25,,,,
Cable Tricep Pushdown,2025-03-26 07:48:37,10.0,22.59740030688372,10.25,,,,
TRX Row,2025-04-09 06:59:46,15.0,0.0,0.0,,,,
TRX Row,2025-04-09 06:59:47,15.0,0.0,0.0,,,,
TRX Row,2025-04-09 06:59:48,15.0,0.0,0.0,,,,
Dumbell Push Press,2025-04-09 06:59:59,12.0,13.227746521102665,6.0,,,,
Dumbell Push Press,2025-04-09 07:02:48,12.0,13.227746521102665,6.0,,,,
Dumbell Push Press,2025-04-09 07:02:50,12.0,13.227746521102665,6.0,,,,
Gorilla Rows,2025-04-09 07:04:40,12.0,35.27399072294044,16.0,,,,
Gorilla Rows,2025-04-09 07:08:11,12.0,35.27399072294044,16.0,,,,
Gorilla Rows,2025-04-09 07:10:13,12.0,35.27399072294044,16.0,,,,
Lunges,2025-04-09 07:17:50,10.0,35.27399072294044,16.0,,,,
Lunges,2025-04-09 07:17:51,10.0,35.27399072294044,16.0,,,,
Sled Face Pull,2025-04-09 07:18:12,1.0,110.23122100918887,50.0,,,,
Sled Face Pull,2025-04-09 07:18:16,1.0,110.23122100918887,50.0,,,,
Sled Face Pull,2025-04-09 07:26:13,1.0,110.23122100918887,50.0,,,,
Lunges,2025-04-09 07:26:18,10.0,35.27399072294044,16.0,,,,
Lunges,2025-04-09 07:26:25,10.0,35.27399072294044,16.0,,,,
TRX Row,2025-04-16 09:00:47,10.0,0.0,0.0,,,,
TRX Row,2025-04-16 09:00:47,10.0,0.0,0.0,,,,
TRX Row,2025-04-16 09:00:58,10.0,0.0,0.0,,,,
Press Ups,2025-04-16 09:01:04,10.0,0.0,0.0,,,,
Press Ups,2025-04-16 09:01:05,10.0,0.0,0.0,,,,
Press Ups,2025-04-16 09:01:08,10.0,0.0,0.0,,,,
Chest Supported Incline Dumbbell Row,2025-04-16 09:01:35,10.0,22.046244201837776,10.0,,,,
Chest Supported Incline Dumbbell Row,2025-04-16 09:02:33,10.0,35.27399072294044,16.0,,,,
Chest Supported Incline Dumbbell Row,2025-04-16 09:05:29,10.0,35.27399072294044,16.0,,,,
Assist Pull Ups,2025-04-16 09:07:00,10.0,44.09248840367555,20.0,,,,
Assist Pull Ups,2025-04-16 09:10:46,10.0,72.20144976101871,32.75,,,,
Assist Pull Ups,2025-04-16 09:13:59,10.0,60.627171555053884,27.5,,,,
Dumbbell Floor Press,2025-04-16 09:18:38,10.0,26.45549304220533,12.0,,,,
Dumbbell Floor Press,2025-04-16 09:18:44,10.0,35.27399072294044,16.0,,,,
Dumbbell Floor Press,2025-04-16 09:24:10,10.0,35.27399072294044,16.0,,,,
Overhead Press,2025-04-16 09:25:58,20.0,26.45549304220533,12.0,,,,
Overhead Press,2025-04-16 09:28:47,20.0,26.45549304220533,12.0,,,,
Standing Cable Flies,2025-04-16 09:31:28,10.0,19.290463676608052,8.75,,,,
Standing Cable Flies,2025-04-16 09:33:04,10.0,13.778902626148609,6.25,,,,
Standing Cable Flies,2025-04-16 09:34:00,10.0,13.778902626148609,6.25,,,,
TRX Row,2025-04-24 08:22:35,10.0,0.0,0.0,,,,
TRX Row,2025-04-24 08:23:30,10.0,0.0,0.0,,,,
TRX Row,2025-04-24 08:25:46,10.0,0.0,0.0,,,,
TRX Row,2025-04-24 08:25:47,10.0,0.0,0.0,,,,
Assist Pull Ups,2025-04-24 08:27:54,10.0,77.16185470643221,35.0,,,,
Assist Pull Ups,2025-04-24 08:29:24,10.0,0.0,0.0,,,,
Assist Pull Ups,2025-04-24 08:30:53,10.0,0.0,0.0,,,,
Assist Pull Ups,2025-04-24 08:35:07,10.0,0.0,0.0,,,,
Press Ups,2025-04-24 08:40:40,10.0,0.0,0.0,,,,
Press Ups,2025-04-24 08:40:41,10.0,0.0,0.0,,,,
Assist Pull Ups,2025-04-24 08:40:50,10.0,60.627171555053884,27.5,,,,
Press Ups,2025-04-24 08:43:03,10.0,0.0,0.0,,,,
Barbell Bent Over Row,2025-04-24 08:45:32,12.0,66.13873260551333,30.0,,,,
Barbell Bent Over Row,2025-04-24 08:49:28,10.0,77.16185470643221,35.0,,,,
Seated Shoulder cable press,2025-04-24 08:53:10,12.0,44.09248840367555,20.0,,,,
Seated Shoulder cable press,2025-04-24 08:57:19,12.0,44.09248840367555,20.0,,,,
Seated Shoulder cable press,2025-04-24 08:57:23,5.0,11.023122100918888,5.0,,,,
Seated Shoulder cable press,2025-04-24 09:00:36,30.0,11.023122100918888,5.0,,,,
Wall Balls,2025-05-12 06:13:10,25.0,13.227746521102665,6.0,,,,
Wall Balls,2025-05-12 06:17:08,25.0,13.227746521102665,6.0,,,,
Wall Balls,2025-05-12 06:20:27,25.0,13.227746521102665,6.0,,,,
Wall Balls,2025-05-12 06:24:36,25.0,13.227746521102665,6.0,,,,
Farmer Walk,2025-05-12 06:31:42,4.0,44.09248840367555,20.0,,,,
Farmer Walk,2025-05-12 06:34:22,4.0,44.09248840367555,20.0,,,,
Farmer Walk,2025-05-12 06:36:28,4.0,44.09248840367555,20.0,,,,
Farmer Walk,2025-05-12 06:38:40,4.0,44.09248840367555,20.0,,,,
Dumbell Push Press,2025-05-12 06:40:36,15.0,22.046244201837776,10.0,,,,
Dumbell Push Press,2025-05-12 06:42:58,15.0,22.046244201837776,10.0,,,,
Dumbell Push Press,2025-05-12 06:46:40,15.0,22.046244201837776,10.0,,,,
Dumbell Push Press,2025-05-12 06:49:54,15.0,22.046244201837776,10.0,,,,
Walking sandbag lunges,2025-05-12 06:55:13,2.0,33.06936630275666,15.0,,,,
Walking sandbag lunges,2025-05-12 06:55:14,2.0,33.06936630275666,15.0,,,,
Walking sandbag lunges,2025-05-12 06:56:16,2.0,33.06936630275666,15.0,,,,
Walking sandbag lunges,2025-05-12 06:58:21,2.0,33.06936630275666,15.0,,,,
Box jump,2025-05-14 17:52:42,15.0,0.0,0.0,,,,
Box jump,2025-05-14 17:54:02,15.0,0.0,0.0,,,,
Box jump,2025-05-14 17:56:43,15.0,0.0,0.0,,,,
Box jump,2025-05-14 17:58:56,15.0,0.0,0.0,,,,
Burpe broad jump,2025-05-14 18:10:26,30.0,0.0,0.0,,,,
Burpe broad jump,2025-05-14 18:12:30,30.0,0.0,0.0,,,,
Burpe broad jump,2025-05-14 18:16:23,30.0,0.0,0.0,,,,
Sled Push,2025-05-14 18:29:55,2.0,132.27746521102665,60.0,,,,
Sled Push,2025-05-14 18:29:56,2.0,132.27746521102665,60.0,,,,
Sled Face Pull,2025-05-14 18:31:35,2.0,132.27746521102665,60.0,,,,
Sled Push,2025-05-14 18:35:46,2.0,132.27746521102665,60.0,,,,
Sled Face Pull,2025-05-14 18:39:37,2.0,132.27746521102665,60.0,,,,
Dumbbell Floor Press,2025-05-16 06:34:05,10.0,30.864741882572886,14.0,,,,
Dumbbell Floor Press,2025-05-16 06:36:11,10.0,30.864741882572886,14.0,,,,
Dumbbell Floor Press,2025-05-16 06:41:48,10.0,30.864741882572886,14.0,,,,
Dumbbell Floor Press,2025-05-16 06:41:50,10.0,30.864741882572886,14.0,,,,
Burpe step up,2025-05-16 06:46:03,10.0,0.0,0.0,,,,
Burpe step up,2025-05-16 06:53:04,10.0,0.0,0.0,,,,
Burpe step up,2025-05-16 06:53:05,10.0,0.0,0.0,,,,
Burpe step up,2025-05-16 06:56:17,10.0,0.0,0.0,,,,
Walking sandbag lunges,2025-05-16 06:58:37,2.0,33.06936630275666,15.0,,,,
Walking sandbag lunges,2025-05-16 07:04:05,2.0,33.06936630275666,15.0,,,,
Walking sandbag lunges,2025-05-16 07:04:05,2.0,33.06936630275666,15.0,,,,
Walking sandbag lunges,2025-05-16 07:07:36,2.0,33.06936630275666,15.0,,,,
Trx push up,2025-05-16 07:09:23,15.0,0.0,0.0,,,,
Trx push up,2025-05-16 07:10:21,15.0,0.0,0.0,,,,
Trx push up,2025-05-16 07:12:22,15.0,0.0,0.0,,,,
Farmer Walk,2025-05-16 07:14:35,3.0,44.09248840367555,20.0,,,,
Farmer Walk,2025-05-16 07:16:02,3.0,44.09248840367555,20.0,,,,
Farmer Walk,2025-05-16 07:18:21,4.0,44.09248840367555,20.0,,,,
Kettlebell Horn Z Pallof Press,2025-05-16 07:20:49,15.0,26.45549304220533,12.0,,,,
Kettlebell Horn Z Pallof Press,2025-05-16 07:22:48,15.0,26.45549304220533,12.0,,,,
Kettlebell Horn Z Pallof Press,2025-05-16 07:24:18,15.0,26.45549304220533,12.0,,,,
Kettlebell Horn Z Pallof Press,2025-05-16 07:26:14,15.0,26.45549304220533,12.0,,,,
Wall Balls,2025-05-17 14:08:35,25.0,8.81849768073511,4.0,,,,
Wall Balls,2025-05-17 14:11:27,25.0,8.81849768073511,4.0,,,,
Wall Balls,2025-05-17 14:13:45,25.0,8.81849768073511,4.0,,,,
Wall Balls,2025-05-17 14:17:11,25.0,8.81849768073511,4.0,,,,
Farmer Walk,2025-05-17 14:26:48,4.0,52.91098608441066,24.0,,,,
Farmer Walk,2025-05-17 14:29:03,4.0,52.91098608441066,24.0,,,,
Farmer Walk,2025-05-17 14:30:38,4.0,52.91098608441066,24.0,,,,
Dumbell Push Press,2025-05-17 14:36:12,15.0,19.841619781653996,9.0,,,,
Dumbell Push Press,2025-05-17 14:37:05,15.0,19.841619781653996,9.0,,,,
Dumbell Push Press,2025-05-17 14:42:55,15.0,19.841619781653996,9.0,,,,
Dumbell Push Press,2025-05-17 14:42:56,15.0,19.841619781653996,9.0,,,,
Walking sandbag lunges,2025-05-17 14:54:18,2.0,33.06936630275666,15.0,,,,
Walking sandbag lunges,2025-05-17 14:54:21,2.0,33.06936630275666,15.0,,,,
Walking sandbag lunges,2025-05-17 14:54:24,4.0,33.06936630275666,15.0,,,,
Walking sandbag lunges,2025-05-17 14:54:25,4.0,33.06936630275666,15.0,,,,
Wall Balls,2025-05-19 20:33:37,20.0,13.227746521102665,6.0,,,,
Broad jump,2025-05-19 20:33:59,40.0,0.0,0.0,,,,
Wall Balls,2025-05-19 20:39:17,20.0,13.227746521102665,6.0,,,,
Broad jump,2025-05-19 20:39:20,40.0,0.0,0.0,,,,
Wall Balls,2025-05-19 20:45:19,20.0,13.227746521102665,6.0,,,,
Broad jump,2025-05-19 20:45:21,40.0,0.0,0.0,,,,
Dumbbell Clean And Press,2025-05-19 20:48:02,15.0,22.046244201837776,10.0,,,,
Dumbbell Clean And Press,2025-05-19 20:51:43,15.0,22.046244201837776,10.0,,,,
Dumbbell Clean And Press,2025-05-19 20:55:48,12.0,22.046244201837776,10.0,,,,
Leg Extension,2025-05-19 21:04:10,10.0,77.16185470643221,35.0,,,,
Leg Extension,2025-05-19 21:06:33,10.0,77.16185470643221,35.0,,,,
Leg Extension,2025-05-19 21:08:59,10.0,77.16185470643221,35.0,,,,
Leg Extension,2025-05-19 21:10:44,10.0,77.16185470643221,35.0,,,,
Wall Balls,2025-05-26 12:24:14,25.0,13.227746521102665,6.0,,,,
Wall Balls,2025-05-26 12:26:18,25.0,13.227746521102665,6.0,,,,
Wall Balls,2025-05-26 12:29:21,25.0,13.227746521102665,6.0,,,,
Wall Balls,2025-05-26 12:33:41,25.0,13.227746521102665,6.0,,,,
Farmer Walk,2025-05-26 12:44:11,4.0,44.09248840367555,20.0,,,,
Farmer Walk,2025-05-26 12:49:12,4.0,44.09248840367555,20.0,,,,
Farmer Walk,2025-05-26 12:49:13,4.0,44.09248840367555,20.0,,,,
Dumbell Push Press,2025-05-26 12:52:04,15.0,17.63699536147022,8.0,,,,
Dumbell Push Press,2025-05-26 12:54:00,15.0,17.63699536147022,8.0,,,,
Dumbell Push Press,2025-05-26 12:56:08,15.0,17.63699536147022,8.0,,,,
Dumbell Push Press,2025-05-26 12:58:07,15.0,17.63699536147022,8.0,,,,
Walking sandbag lunges,2025-05-26 12:59:59,2.0,33.06936630275666,15.0,,,,
Walking sandbag lunges,2025-05-26 13:01:51,2.0,33.06936630275666,15.0,,,,
Walking sandbag lunges,2025-05-26 13:01:52,2.0,33.06936630275666,15.0,,,,
Walking sandbag lunges,2025-05-26 13:04:33,2.0,33.06936630275666,15.0,,,,
Dumbbell Bench Press,2025-08-18 06:14:33,12.0,26.45549304220533,12.0,,,,
Dumbbell Bench Press,2025-08-18 06:16:54,12.0,22.046244201837776,10.0,,,,
Dumbbell Bench Press,2025-08-18 06:19:17,12.0,26.45549304220533,12.0,,,,
Dumbbell Bench Press,2025-08-18 06:21:07,12.0,26.45549304220533,12.0,,,,
Dumbbell Bent-Over Row,2025-08-18 06:23:07,12.0,26.45549304220533,12.0,,,,
Dumbbell Bent-Over Row,2025-08-18 06:24:49,12.0,26.45549304220533,12.0,,,,
Dumbbell Bent-Over Row,2025-08-18 06:27:45,12.0,26.45549304220533,12.0,,,,
Dumbbell Shoulder Press,2025-08-18 06:30:02,12.0,26.45549304220533,12.0,,,,
Dumbbell Shoulder Press,2025-08-18 06:32:48,12.0,26.45549304220533,12.0,,,,
Dumbbell Shoulder Press,2025-08-18 06:35:30,12.0,26.45549304220533,12.0,,,,
Bicep Curls,2025-08-18 06:39:24,12.0,17.63699536147022,8.0,,,,
Bicep Curls,2025-08-18 06:42:27,8.0,17.63699536147022,8.0,,,,
Bicep Curls,2025-08-18 06:47:15,10.0,17.63699536147022,8.0,,,,
Wall Balls,2025-09-08 16:50:22,25.0,8.81849768073511,4.0,,,,
Wall Balls,2025-09-08 16:52:25,25.0,8.81849768073511,4.0,,,,
Wall Balls,2025-09-08 16:56:01,25.0,8.81849768073511,4.0,,,,
Wall Balls,2025-09-08 16:59:10,25.0,8.81849768073511,4.0,,,,
Farmer Walk,2025-09-08 17:01:24,4.0,44.09248840367555,20.0,,,,
Farmer Walk,2025-09-08 17:05:34,4.0,44.09248840367555,20.0,,,,
Farmer Walk,2025-09-08 17:06:44,4.0,44.09248840367555,20.0,,,,
Farmer Walk,2025-09-08 17:09:02,4.0,44.09248840367555,20.0,,,,
Walking sandbag lunges,2025-09-08 17:11:33,2.0,33.06936630275666,15.0,,,,
Walking sandbag lunges,2025-09-08 17:12:50,2.0,33.06936630275666,15.0,,,,
Walking sandbag lunges,2025-09-08 17:15:44,2.0,33.06936630275666,15.0,,,,
Walking sandbag lunges,2025-09-08 17:18:05,2.0,33.06936630275666,15.0,,,,
Dumbell Push Press,2025-09-08 17:20:56,15.0,17.63699536147022,8.0,,,,
Dumbell Push Press,2025-09-08 17:22:56,15.0,17.63699536147022,8.0,,,,
Dumbell Push Press,2025-09-08 17:25:57,15.0,17.63699536147022,8.0,,,,
Dumbell Push Press,2025-09-08 17:28:04,15.0,17.63699536147022,8.0,,,,
Box jump,2025-09-10 10:02:06,15.0,0.0,0.0,,,,
Box jump,2025-09-10 10:05:45,15.0,0.0,0.0,,,,
Box jump,2025-09-10 10:08:37,15.0,0.0,0.0,,,,
Box jump,2025-09-10 10:11:50,15.0,0.0,0.0,,,,
Sled Push,2025-09-10 10:16:46,1.0,88.1849768073511,40.0,,,,
Sled Face Pull,2025-09-10 10:16:57,1.0,88.1849768073511,40.0,,,,
Sled Push,2025-09-10 10:21:07,1.0,88.1849768073511,40.0,,,,
Sled Face Pull,2025-09-10 10:21:09,1.0,88.1849768073511,40.0,,,,
Burpe broad jump,2025-09-10 10:23:46,30.0,0.0,0.0,,,,
Burpe broad jump,2025-09-10 10:28:20,30.0,0.0,0.0,,,,
Burpe broad jump,2025-09-10 10:32:27,30.0,0.0,0.0,,,,
Ski,2025-09-12 18:27:06,1.0,0.0,0.0,,,,
Ski,2025-09-12 18:35:10,1.0,0.0,0.0,,,,
Ski,2025-09-12 18:35:11,1.0,0.0,0.0,,,,
Barbell Floor Press,2025-09-12 18:39:25,20.0,22.046244201837776,10.0,,,,
Barbell Floor Press,2025-09-12 18:41:59,20.0,22.046244201837776,10.0,,,,
Barbell Floor Press,2025-09-12 18:44:38,20.0,22.046244201837776,10.0,,,,
Barbell Floor Press,2025-09-12 18:46:46,20.0,22.046244201837776,10.0,,,,
Kettlebell Horn Z Pallof Press,2025-09-12 18:48:08,10.0,26.45549304220533,12.0,,,,
Kettlebell Horn Z Pallof Press,2025-09-12 18:49:41,15.0,26.45549304220533,12.0,,,,
Kettlebell Horn Z Pallof Press,2025-09-12 18:51:12,15.0,26.45549304220533,12.0,,,,
Kettlebell Horn Z Pallof Press,2025-09-12 18:54:42,10.0,26.45549304220533,12.0,,,,
Trx push up,2025-09-12 18:55:51,15.0,0.0,0.0,,,,
Trx push up,2025-09-12 18:57:22,15.0,0.0,0.0,,,,
Trx push up,2025-09-12 18:59:09,15.0,0.0,0.0,,,,
Farmer Walk,2025-09-12 19:02:04,6.0,35.27399072294044,16.0,,,,
Farmer Walk,2025-09-12 19:04:46,6.0,35.27399072294044,16.0,,,,
Farmer Walk,2025-09-12 19:09:20,6.0,35.27399072294044,16.0,,,,
Walking sandbag lunges,2025-09-12 19:11:31,2.0,44.09248840367555,20.0,,,,
Walking sandbag lunges,2025-09-12 19:14:41,2.0,44.09248840367555,20.0,,,,
Walking sandbag lunges,2025-09-12 19:20:07,2.0,44.09248840367555,20.0,,,,
Wall Balls,2025-09-15 19:13:15,20.0,8.81849768073511,4.0,,,,
Broad jump,2025-09-15 19:13:24,40.0,0.0,0.0,,,,
Wall Balls,2025-09-15 19:17:40,20.0,8.81849768073511,4.0,,,,
Broad jump,2025-09-15 19:17:43,40.0,0.0,0.0,,,,
Wall Balls,2025-09-15 19:23:38,20.0,8.81849768073511,4.0,,,,
Broad jump,2025-09-15 19:23:40,40.0,0.0,0.0,,,,
Dumbbell Clean And Press,2025-09-15 19:31:32,15.0,13.227746521102665,6.0,,,,
Dumbbell Clean And Press,2025-09-15 19:31:41,15.0,13.227746521102665,6.0,,,,
Dumbbell Clean And Press,2025-09-15 19:34:43,15.0,13.227746521102665,6.0,,,,
Barbell thruster,2025-09-15 19:48:04,12.0,16.53468315137833,7.5,,,,
Barbell thruster,2025-09-15 19:51:11,12.0,16.53468315137833,7.5,,,,
Barbell thruster,2025-09-15 19:54:31,12.0,16.53468315137833,7.5,,,,
Walking sandbag lunges,2025-09-17 16:53:10,4.0,44.09248840367555,20.0,,,,
Dumbell Push Press,2025-09-17 16:53:22,20.0,17.63699536147022,8.0,,,,
Dumbell Push Press,2025-09-17 16:57:57,20.0,17.63699536147022,8.0,,,,
Walking sandbag lunges,2025-09-17 16:58:01,4.0,44.09248840367555,20.0,,,,
Walking sandbag lunges,2025-09-17 17:04:07,4.0,44.09248840367555,20.0,,,,
Dumbell Push Press,2025-09-17 17:04:10,20.0,17.63699536147022,8.0,,,,
Sled Push,2025-09-17 17:22:31,1.0,88.1849768073511,40.0,,,,
Sled Face Pull,2025-09-17 17:22:37,1.0,88.1849768073511,40.0,,,,
Sled Face Pull,2025-09-17 17:25:05,1.0,88.1849768073511,40.0,,,,
Sled Push,2025-09-17 17:25:09,1.0,88.1849768073511,40.0,,,,
Sled Push,2025-09-17 17:30:40,1.0,88.1849768073511,40.0,,,,
Sled Face Pull,2025-09-17 17:30:42,1.0,88.1849768073511,40.0,,,,
Broad jump,2025-09-17 17:35:50,20.0,0.0,0.0,,,,
Broad jump,2025-09-17 17:35:51,20.0,0.0,0.0,,,,
Broad jump,2025-09-17 17:35:52,20.0,0.0,0.0,,,,
Broad jump,2025-09-17 17:36:34,20.0,0.0,0.0,,,,
Wall Balls,2025-09-19 20:40:38,25.0,8.81849768073511,4.0,,,,
Wall Balls,2025-09-19 20:40:40,25.0,8.81849768073511,4.0,,,,
Wall Balls,2025-09-19 20:46:06,25.0,8.81849768073511,4.0,,,,
Wall Balls,2025-09-19 20:54:11,25.0,8.81849768073511,4.0,,,,
Burpee box jump,2025-09-19 20:58:02,12.0,0.0,0.0,,,,
Burpee box jump,2025-09-19 21:01:20,12.0,0.0,0.0,,,,
Burpee box jump,2025-09-19 21:05:27,12.0,0.0,0.0,,,,
Kettlebell Push Press,2025-09-19 21:08:22,15.0,17.63699536147022,8.0,,,,
Kettlebell Push Press,2025-09-19 21:10:16,15.0,17.63699536147022,8.0,,,,
Kettlebell Push Press,2025-09-19 21:11:33,15.0,17.63699536147022,8.0,,,,
Farmer Walk,2025-09-22 17:38:38,4.0,44.09248840367555,20.0,,,,
Farmer Walk,2025-09-22 17:39:53,4.0,44.09248840367555,20.0,,,,
Farmer Walk,2025-09-22 17:42:24,4.0,44.09248840367555,20.0,,,,
Walking sandbag lunges,2025-09-22 17:46:00,2.0,44.09248840367555,20.0,,,,
Walking sandbag lunges,2025-09-22 17:47:20,2.0,44.09248840367555,20.0,,,,
Walking sandbag lunges,2025-09-22 17:50:23,2.0,44.09248840367555,20.0,,,,
Walking sandbag lunges,2025-09-22 17:53:23,2.0,44.09248840367555,20.0,,,,
Wall Balls,2025-09-22 18:01:05,25.0,8.81849768073511,4.0,,,,
Wall Balls,2025-09-22 18:03:47,25.0,8.81849768073511,4.0,,,,
Wall Balls,2025-09-22 18:07:15,25.0,8.81849768073511,4.0,,,,
Wall Balls,2025-09-22 18:12:37,25.0,8.81849768073511,4.0,,,,
Dumbell Push Press,2025-09-22 18:15:08,15.0,22.046244201837776,10.0,,,,
Dumbell Push Press,2025-09-22 18:17:58,15.0,22.046244201837776,10.0,,,,
Dumbell Push Press,2025-09-22 18:19:56,15.0,22.046244201837776,10.0,,,,
Dumbell Push Press,2025-09-22 18:22:54,15.0,22.046244201837776,10.0,,,,
Box jump,2025-09-24 16:07:15,15.0,0.0,0.0,,,,
Box jump,2025-09-24 16:10:12,15.0,0.0,0.0,,,,
Box jump,2025-09-24 16:12:35,15.0,0.0,0.0,,,,
Box jump,2025-09-24 16:15:18,15.0,0.0,0.0,,,,
Sled Push,2025-09-24 16:17:36,2.0,132.27746521102665,60.0,,,,
Sled Push,2025-09-24 16:20:23,2.0,132.27746521102665,60.0,,,,
Sled Face Pull,2025-09-24 17:07:09,2.0,132.27746521102665,60.0,,,,
Sled Face Pull,2025-09-24 17:11:11,2.0,132.27746521102665,60.0,,,,
Burpe broad jump,2025-09-24 17:20:30,20.0,0.0,0.0,,,,
Burpe broad jump,2025-09-24 17:23:17,20.0,0.0,0.0,,,,
Burpe broad jump,2025-09-24 17:25:32,20.0,0.0,0.0,,,,
Dumbbell Floor Press,2025-09-26 14:28:37,10.0,30.864741882572886,14.0,,,,
Dumbbell Floor Press,2025-09-26 14:30:20,10.0,30.864741882572886,14.0,,,,
Dumbbell Floor Press,2025-09-26 14:32:19,10.0,30.864741882572886,14.0,,,,
Burpe step up,2025-09-26 14:36:34,10.0,0.0,0.0,,,,
Walking sandbag lunges,2025-09-26 14:40:07,2.0,44.09248840367555,20.0,,,,
Trx push up,2025-09-26 14:41:02,15.0,0.0,0.0,,,,
Trx push up,2025-09-26 14:44:26,15.0,0.0,0.0,,,,
Walking sandbag lunges,2025-09-26 14:44:29,2.0,44.09248840367555,20.0,,,,
Walking sandbag lunges,2025-09-26 14:47:43,2.0,44.09248840367555,20.0,,,,
Trx push up,2025-09-26 14:48:02,15.0,0.0,0.0,,,,
Farmer Walk,2025-09-26 14:52:32,6.0,35.27399072294044,16.0,,,,
Kettlebell Horn Z Pallof Press,2025-09-26 14:52:41,20.0,17.63699536147022,8.0,,,,
Farmer Walk,2025-09-26 14:55:57,6.0,35.27399072294044,16.0,,,,
Kettlebell Horn Z Pallof Press,2025-09-26 14:56:00,20.0,17.63699536147022,8.0,,,,
Kettlebell Horn Z Pallof Press,2025-09-26 15:00:51,20.0,17.63699536147022,8.0,,,,
Farmer Walk,2025-09-26 15:00:54,6.0,35.27399072294044,16.0,,,,
Wall Balls,2025-09-29 20:49:36,20.0,6.613873260551332,3.0,,,,
Wall Balls,2025-09-29 20:52:14,20.0,6.613873260551332,3.0,,,,
Broad jump,2025-09-29 20:52:27,40.0,0.0,0.0,,,,
Wall Balls,2025-09-29 20:55:41,20.0,6.613873260551332,3.0,,,,
Broad jump,2025-09-29 20:57:26,40.0,0.0,0.0,,,,
Broad jump,2025-09-29 20:58:11,40.0,0.0,0.0,,,,
Dumbell Push Press,2025-09-29 21:00:49,15.0,13.227746521102665,6.0,,,,
Dumbell Push Press,2025-09-29 21:03:20,15.0,13.227746521102665,6.0,,,,
Dumbell Push Press,2025-09-29 21:06:06,15.0,13.227746521102665,6.0,,,,
Leg Extension,2025-09-29 21:08:43,10.0,77.16185470643221,35.0,,,,
Leg Extension,2025-09-29 21:11:53,10.0,77.16185470643221,35.0,,,,
Leg Extension,2025-09-29 21:12:16,10.0,77.16185470643221,35.0,,,,
Leg Extension,2025-09-29 21:14:08,10.0,77.16185470643221,35.0,,,,
Dumbell Push Press,2025-10-01 07:42:22,20.0,13.227746521102665,6.0,,,,
Walking sandbag lunges,2025-10-01 07:42:31,2.0,44.09248840367555,20.0,,,,
Walking sandbag lunges,2025-10-01 07:46:10,2.0,44.09248840367555,20.0,,,,
Dumbell Push Press,2025-10-01 07:46:13,20.0,13.227746521102665,6.0,,,,
Dumbell Push Press,2025-10-01 07:50:31,20.0,13.227746521102665,6.0,,,,
Walking sandbag lunges,2025-10-01 07:50:33,2.0,44.09248840367555,20.0,,,,
Sled Push,2025-10-01 07:54:51,1.0,110.23122100918887,50.0,,,,
Sled Face Pull,2025-10-01 07:54:59,1.0,110.23122100918887,50.0,,,,
Sled Push,2025-10-01 07:59:03,1.0,110.23122100918887,50.0,,,,
Sled Face Pull,2025-10-01 07:59:09,1.0,110.23122100918887,50.0,,,,
Sled Face Pull,2025-10-01 08:05:06,1.0,110.23122100918887,50.0,,,,
Sled Push,2025-10-01 08:05:08,1.0,110.23122100918887,50.0,,,,
Broad jump,2025-10-01 08:09:56,20.0,0.0,0.0,,,,
Broad jump,2025-10-01 08:09:57,20.0,0.0,0.0,,,,
Broad jump,2025-10-01 08:10:21,20.0,0.0,0.0,,,,
Broad jump,2025-10-01 08:12:14,20.0,0.0,0.0,,,,
Wall Balls,2025-10-03 21:21:33,25.0,8.81849768073511,4.0,,,,
Wall Balls,2025-10-03 21:26:21,25.0,8.81849768073511,4.0,,,,
Wall Balls,2025-10-03 21:33:12,25.0,8.81849768073511,4.0,,,,
Box jump,2025-10-03 21:34:42,12.0,0.0,0.0,,,,
Kettlebell Push Press,2025-10-03 21:36:28,15.0,17.63699536147022,8.0,,,,
Box jump,2025-10-03 21:37:00,12.0,0.0,0.0,,,,
Kettlebell Push Press,2025-10-03 21:37:38,15.0,17.63699536147022,8.0,,,,
Kettlebell Push Press,2025-10-03 21:39:25,15.0,17.63699536147022,8.0,,,,
Box jump,2025-10-03 21:39:27,12.0,0.0,0.0,,,,
Wall Balls,2025-10-06 18:44:16,25.0,6.613873260551332,3.0,,,,
Wall Balls,2025-10-06 18:48:08,25.0,6.613873260551332,3.0,,,,
Wall Balls,2025-10-06 18:51:18,25.0,6.613873260551332,3.0,,,,
Dumbell Push Press,2025-10-06 18:52:17,15.0,13.227746521102665,6.0,,,,
Dumbell Push Press,2025-10-06 18:54:03,15.0,13.227746521102665,6.0,,,,
Dumbell Push Press,2025-10-06 18:55:46,15.0,13.227746521102665,6.0,,,,
Dumbell Push Press,2025-10-06 18:58:19,15.0,13.227746521102665,6.0,,,,
Farmer Walk,2025-10-06 19:02:06,4.0,35.27399072294044,16.0,,,,
Walking sandbag lunges,2025-10-06 19:02:31,2.0,22.046244201837776,10.0,,,,
Walking sandbag lunges,2025-10-06 19:06:47,2.0,22.046244201837776,10.0,,,,
Walking sandbag lunges,2025-10-06 19:06:50,2.0,22.046244201837776,10.0,,,,
Farmer Walk,2025-10-06 19:07:01,4.0,35.27399072294044,16.0,,,,
Farmer Walk,2025-10-06 19:07:02,4.0,35.27399072294044,16.0,,,,
Box jump,2025-10-08 07:43:35,15.0,0.0,0.0,,,,
Box jump,2025-10-08 07:44:57,15.0,0.0,0.0,,,,
Box jump,2025-10-08 07:46:47,15.0,0.0,0.0,,,,
Box jump,2025-10-08 07:49:19,15.0,0.0,0.0,,,,
Broad jump,2025-10-08 07:50:27,40.0,0.0,0.0,,,,
Broad jump,2025-10-08 07:51:53,40.0,0.0,0.0,,,,
Sled Push,2025-10-08 07:53:59,1.0,110.23122100918887,50.0,,,,
Sled Face Pull,2025-10-08 07:54:05,1.0,110.23122100918887,50.0,,,,
Sled Face Pull,2025-10-08 07:55:17,1.0,110.23122100918887,50.0,,,,
Sled Push,2025-10-08 07:55:20,1.0,110.23122100918887,50.0,,,,
Sled Push,2025-10-08 07:57:16,1.0,110.23122100918887,50.0,,,,
Sled Face Pull,2025-10-08 07:57:18,1.0,110.23122100918887,50.0,,,,
Dumbbell Floor Press,2025-10-10 20:43:26,20.0,11.023122100918888,5.0,,,,
Dumbbell Floor Press,2025-10-10 20:44:56,20.0,11.023122100918888,5.0,,,,
Dumbbell Floor Press,2025-10-10 20:44:57,20.0,11.023122100918888,5.0,,,,
Dumbbell Floor Press,2025-10-10 20:46:12,20.0,11.023122100918888,5.0,,,,
Walking sandbag lunges,2025-10-10 20:47:25,2.0,33.06936630275666,15.0,,,,
Walking sandbag lunges,2025-10-10 20:49:25,2.0,33.06936630275666,15.0,,,,
Trx push up,2025-10-10 20:49:32,15.0,0.0,0.0,,,,
Trx push up,2025-10-10 20:49:33,15.0,0.0,0.0,,,,
Trx push up,2025-10-10 20:54:40,15.0,0.0,0.0,,,,
Trx push up,2025-10-10 20:54:41,15.0,0.0,0.0,,,,
Walking sandbag lunges,2025-10-10 20:54:45,2.0,33.06936630275666,15.0,,,,
Walking sandbag lunges,2025-10-10 20:54:45,2.0,33.06936630275666,15.0,,,,
Farmer Walk,2025-10-10 21:01:12,6.0,26.45549304220533,12.0,,,,
Farmer Walk,2025-10-10 21:01:13,6.0,26.45549304220533,12.0,,,,
Farmer Walk,2025-10-10 21:01:13,6.0,26.45549304220533,12.0,,,,
Farmer Walk,2025-10-10 21:01:14,6.0,26.45549304220533,12.0,,,,
Kettlebell Horn Z Pallof Press,2025-10-10 21:01:25,15.0,17.63699536147022,8.0,,,,
Kettlebell Horn Z Pallof Press,2025-10-10 21:01:26,15.0,17.63699536147022,8.0,,,,
Kettlebell Horn Z Pallof Press,2025-10-10 21:01:27,15.0,17.63699536147022,8.0,,,,
Kettlebell Horn Z Pallof Press,2025-10-10 21:01:28,15.0,17.63699536147022,8.0,,,,
Wall Balls,2025-10-13 19:09:02,20.0,8.81849768073511,4.0,,,,
Wall Balls,2025-10-13 19:09:04,20.0,8.81849768073511,4.0,,,,
Broad jump,2025-10-13 19:09:09,40.0,0.0,0.0,,,,
Broad jump,2025-10-13 19:09:10,40.0,0.0,0.0,,,,
Broad jump,2025-10-13 19:13:02,40.0,0.0,0.0,,,,
Wall Balls,2025-10-13 19:13:07,20.0,8.81849768073511,4.0,,,,
Dumbbell Clean And Press,2025-10-13 19:15:16,10.0,22.046244201837776,10.0,,,,
Dumbbell Clean And Press,2025-10-13 19:17:02,10.0,22.046244201837776,10.0,,,,
Dumbbell Clean And Press,2025-10-13 19:19:19,10.0,22.046244201837776,10.0,,,,
Leg Extension,2025-10-13 19:30:19,10.0,77.16185470643221,35.0,,,,
Leg Extension,2025-10-13 19:33:19,10.0,77.16185470643221,35.0,,,,
Leg Extension,2025-10-13 19:36:15,10.0,77.16185470643221,35.0,,,,
Leg Extension,2025-10-13 19:36:16,10.0,77.16185470643221,35.0,,,,
Dumbell Push Press,2025-10-15 18:42:30,20.0,13.227746521102665,6.0,,,,
Dumbell Push Press,2025-10-15 18:42:32,20.0,13.227746521102665,6.0,,,,
Walking sandbag lunges,2025-10-15 18:42:47,2.0,22.046244201837776,10.0,,,,
Walking sandbag lunges,2025-10-15 18:42:52,4.0,22.046244201837776,10.0,,,,
Walking sandbag lunges,2025-10-15 18:46:09,4.0,22.046244201837776,10.0,,,,
Dumbell Push Press,2025-10-15 18:46:18,20.0,13.227746521102665,6.0,,,,
Sled Push,2025-10-15 18:55:02,2.0,143.30058731194555,65.0,,,,
Sled Push,2025-10-15 18:55:05,2.0,88.1849768073511,40.0,,,,
Broad jump,2025-10-15 18:55:17,40.0,0.0,0.0,,,,
Broad jump,2025-10-15 18:55:18,40.0,0.0,0.0,,,,
Broad jump,2025-10-15 18:58:13,40.0,0.0,0.0,,,,
Sled Push,2025-10-15 18:58:18,2.0,66.13873260551333,30.0,,,,
Sled Face Pull,2025-10-15 19:10:00,2.0,110.23122100918887,50.0,,,,
Sled Face Pull,2025-10-15 19:10:18,2.0,110.23122100918887,50.0,,,,
Sled Face Pull,2025-10-15 19:10:20,2.0,110.23122100918887,50.0,,,,
Farmer Walk,2025-10-20 18:05:21,4.0,35.27399072294044,16.0,,,,
Wall Balls,2025-10-20 18:05:30,25.0,8.81849768073511,4.0,,,,
Wall Balls,2025-10-20 18:07:34,25.0,8.81849768073511,4.0,,,,
Farmer Walk,2025-10-20 18:07:39,4.0,35.27399072294044,16.0,,,,
Farmer Walk,2025-10-20 18:09:57,4.0,35.27399072294044,16.0,,,,
Wall Balls,2025-10-20 18:10:00,25.0,8.81849768073511,4.0,,,,
Wall Balls,2025-10-20 18:13:24,25.0,8.81849768073511,4.0,,,,
Dumbell Push Press,2025-10-20 18:15:52,15.0,17.63699536147022,8.0,,,,
Walking sandbag lunges,2025-10-20 18:16:05,2.0,33.06936630275666,15.0,,,,
Walking sandbag lunges,2025-10-20 18:17:31,2.0,33.06936630275666,15.0,,,,
Dumbell Push Press,2025-10-20 18:17:35,15.0,17.63699536147022,8.0,,,,
Dumbell Push Press,2025-10-20 18:19:33,15.0,17.63699536147022,8.0,,,,
Walking sandbag lunges,2025-10-20 18:19:37,2.0,33.06936630275666,15.0,,,,
Walking sandbag lunges,2025-10-20 18:22:15,2.0,33.06936630275666,15.0,,,,
Dumbell Push Press,2025-10-20 18:22:21,15.0,17.63699536147022,8.0,,,,
Box jump,2025-10-22 07:43:48,15.0,0.0,0.0,,,,
Box jump,2025-10-22 07:45:33,15.0,0.0,0.0,,,,
Box jump,2025-10-22 07:47:02,15.0,0.0,0.0,,,,
Box jump,2025-10-22 07:53:55,15.0,0.0,0.0,,,,
Broad jump,2025-10-22 07:58:42,40.0,0.0,0.0,,,,
Broad jump,2025-10-22 07:58:43,40.0,0.0,0.0,,,,
Sled Push,2025-10-22 07:59:01,2.0,132.27746521102665,60.0,,,,
Sled Push,2025-10-22 08:02:10,2.0,132.27746521102665,60.0,,,,
Sled Face Pull,2025-10-22 08:04:14,2.0,132.27746521102665,60.0,,,,
Sled Face Pull,2025-10-22 08:07:53,2.0,132.27746521102665,60.0,,,,
Dumbbell Floor Press,2025-10-24 19:10:30,15.0,30.864741882572886,14.0,,,,
Dumbbell Floor Press,2025-10-24 19:13:23,15.0,30.864741882572886,14.0,,,,
Dumbbell Floor Press,2025-10-24 19:15:49,15.0,30.864741882572886,14.0,,,,
Dumbbell Floor Press,2025-10-24 19:20:12,15.0,30.864741882572886,14.0,,,,
Box jump,2025-10-24 19:20:58,10.0,0.0,0.0,,,,
Walking sandbag lunges,2025-10-24 19:23:57,2.0,33.06936630275666,15.0,,,,
Walking sandbag lunges,2025-10-24 19:23:58,2.0,33.06936630275666,15.0,,,,
Box jump,2025-10-24 19:24:02,10.0,0.0,0.0,,,,
Box jump,2025-10-24 19:28:52,10.0,0.0,0.0,,,,
Box jump,2025-10-24 19:28:52,10.0,0.0,0.0,,,,
Walking sandbag lunges,2025-10-24 19:28:54,2.0,33.06936630275666,15.0,,,,
Walking sandbag lunges,2025-10-24 19:28:55,2.0,33.06936630275666,15.0,,,,
Farmer Walk,2025-10-24 19:32:48,6.0,35.27399072294044,16.0,,,,
Farmer Walk,2025-10-24 19:32:50,6.0,35.27399072294044,16.0,,,,
Trx push up,2025-10-24 19:32:57,10.0,0.0,0.0,,,,
Trx push up,2025-10-24 19:32:58,10.0,0.0,0.0,,,,
Trx push up,2025-10-24 19:38:42,10.0,0.0,0.0,,,,
Farmer Walk,2025-10-24 19:38:45,6.0,35.27399072294044,16.0,,,,
Kettlebell Horn Z Pallof Press,2025-10-24 19:39:25,15.0,17.63699536147022,8.0,,,,
Kettlebell Horn Z Pallof Press,2025-10-24 19:41:19,20.0,17.63699536147022,8.0,,,,
Kettlebell Horn Z Pallof Press,2025-10-24 19:42:51,15.0,17.63699536147022,8.0,,,,
Kettlebell Horn Z Pallof Press,2025-10-24 19:44:36,15.0,17.63699536147022,8.0,,,,
Wall Balls,2025-10-27 20:15:01,20.0,6.613873260551332,3.0,,,,
Broad jump,2025-10-27 20:15:08,40.0,0.0,0.0,,,,
Broad jump,2025-10-27 20:16:58,40.0,0.0,0.0,,,,
Wall Balls,2025-10-27 20:17:04,20.0,6.613873260551332,3.0,,,,
Wall Balls,2025-10-27 20:20:58,20.0,6.613873260551332,3.0,,,,
Broad jump,2025-10-27 20:21:03,40.0,0.0,0.0,,,,
Dumbbell Clean And Press,2025-10-27 20:34:14,15.0,15.432370941286443,7.0,,,,
Dumbbell Clean And Press,2025-10-27 20:34:16,15.0,15.432370941286443,7.0,,,,
Dumbbell Clean And Press,2025-10-27 20:34:20,15.0,15.432370941286443,7.0,,,,
Dumbbell Clean And Press,2025-10-27 20:35:46,15.0,15.432370941286443,7.0,,,,
Leg Extension,2025-10-27 20:36:41,10.0,77.16185470643221,35.0,,,,
Leg Extension,2025-10-27 20:38:00,10.0,77.16185470643221,35.0,,,,
Leg Extension,2025-10-27 20:40:25,10.0,77.16185470643221,35.0,,,,
Leg Extension,2025-10-27 20:40:27,10.0,77.16185470643221,35.0,,,,
Dumbell Push Press,2025-10-29 15:36:58,20.0,15.432370941286443,7.0,,,,
Dumbell Push Press,2025-10-29 15:36:59,20.0,15.432370941286443,7.0,,,,
Walking sandbag lunges,2025-10-29 15:37:10,2.0,33.06936630275666,15.0,,,,
Walking sandbag lunges,2025-10-29 15:37:11,2.0,33.06936630275666,15.0,,,,
Walking sandbag lunges,2025-10-29 15:43:03,2.0,33.06936630275666,15.0,,,,
Dumbell Push Press,2025-10-29 15:43:08,20.0,15.432370941286443,7.0,,,,
Sled Push,2025-10-29 15:47:29,2.0,132.27746521102665,60.0,,,,
Sled Push,2025-10-29 15:50:34,2.0,110.23122100918887,50.0,,,,
Sled Push,2025-10-29 15:50:37,2.0,110.23122100918887,50.0,,,,
Sled Face Pull,2025-10-29 15:52:55,2.0,132.27746521102665,60.0,,,,
Sled Face Pull,2025-10-29 15:55:42,2.0,132.27746521102665,60.0,,,,
Sled Face Pull,2025-10-29 15:59:25,2.0,132.27746521102665,60.0,,,,
Broad jump,2025-10-29 16:03:28,20.0,0.0,0.0,,,,
Wall Balls,2025-10-31 15:34:14,20.0,8.81849768073511,4.0,,,,
Wall Balls,2025-10-31 15:34:17,20.0,8.81849768073511,4.0,,,,
Wall Balls,2025-10-31 15:41:50,20.0,8.81849768073511,4.0,,,,
Wall Balls,2025-10-31 15:51:41,20.0,8.81849768073511,4.0,,,,
Dumbell Push Press,2025-10-31 15:57:23,15.0,17.63699536147022,8.0,,,,
Dumbell Push Press,2025-10-31 15:57:24,15.0,17.63699536147022,8.0,,,,
Dumbell Push Press,2025-10-31 15:57:25,15.0,17.63699536147022,8.0,,,,
Dumbbell Shoulder Press,2025-11-17 20:36:19,10.0,26.45549304220533,12.0,,,,
Dumbbell Lateral Raise,2025-11-17 20:36:32,10.0,8.81849768073511,4.0,,,,
Dumbbell Lateral Raise,2025-11-17 20:37:43,10.0,8.81849768073511,4.0,,,,
Dumbbell Shoulder Press,2025-11-17 20:37:48,10.0,26.45549304220533,12.0,,,,
Dumbbell Shoulder Press,2025-11-17 20:40:41,10.0,26.45549304220533,12.0,,,,
Dumbbell Lateral Raise,2025-11-17 20:40:45,10.0,8.81849768073511,4.0,,,,
Standing Cable Flies,2025-11-17 20:43:47,8.0,19.290463676608052,8.75,,,,
Standing Cable Flies,2025-11-17 20:45:27,10.0,24.802024727067497,11.25,,,,
Standing Cable Flies,2025-11-17 20:47:53,10.0,19.290463676608052,8.75,,,,
Cable Tricep Pushdown,2025-11-17 20:50:33,15.0,24.802024727067497,11.25,,,,
Tricep Dips,2025-11-17 20:50:42,15.0,0.0,0.0,,,,
Tricep Dips,2025-11-17 20:53:53,15.0,0.0,0.0,,,,
Cable Tricep Pushdown,2025-11-17 20:53:56,15.0,24.802024727067497,11.25,,,,
Cable Tricep Pushdown,2025-11-17 20:57:41,15.0,24.802024727067497,11.25,,,,
Tricep Dips,2025-11-17 20:57:44,15.0,0.0,0.0,,,,
Incline Chest Press Machine,2025-11-17 21:01:04,15.0,11.023122100918888,5.0,,,,
Incline Chest Press Machine,2025-11-17 21:04:31,12.0,16.53468315137833,7.5,,,,
Incline Chest Press Machine,2025-11-17 21:05:49,10.0,22.046244201837776,10.0,,,,
Incline Chest Press Machine,2025-11-17 21:09:21,10.0,27.557805252297218,12.5,,,,
Assist Pull Ups,2025-11-19 15:17:09,12.0,93.69653785781054,42.5,,,,
Assist Pull Ups,2025-11-19 15:18:03,10.0,88.1849768073511,40.0,,,,
Assist Pull Ups,2025-11-19 15:18:40,8.0,77.16185470643221,35.0,,,,
Assist Pull Ups,2025-11-19 15:19:29,6.0,60.627171555053884,27.5,,,,
Assist Pull Ups,2025-11-19 15:24:35,8.0,60.627171555053884,27.5,,,,
Lat Pulldown,2025-11-19 15:25:42,8.0,93.69653785781054,42.5,,,,
Lat Pulldown,2025-11-19 15:27:48,8.0,93.69653785781054,42.5,,,,
Lat Pulldown,2025-11-19 15:31:03,8.0,93.69653785781054,42.5,,,,
Standing Cable Rear Delt Fly,2025-11-19 15:32:14,12.0,8.267341575689166,3.75,,,,
Standing Cable Rear Delt Fly,2025-11-19 15:34:34,12.0,8.267341575689166,3.75,,,,
Standing Cable Rear Delt Fly,2025-11-19 15:37:13,12.0,8.267341575689166,3.75,,,,
Barbell Bicep Curl,2025-11-19 15:40:09,10.0,22.046244201837776,10.0,,,,
Barbell Upright Row,2025-11-19 15:43:00,12.0,22.046244201837776,10.0,,,,
Barbell Bicep Curl,2025-11-19 15:43:05,12.0,22.046244201837776,10.0,,,,
Barbell Bicep Curl,2025-11-19 15:45:21,10.0,22.046244201837776,10.0,,,,
Barbell Upright Row,2025-11-19 15:45:24,10.0,22.046244201837776,10.0,,,,
Barbell Upright Row,2025-11-19 15:45:26,10.0,22.046244201837776,10.0,,,,
Gorilla Rows,2025-11-19 15:52:36,12.0,35.27399072294044,16.0,,,,
Rope Bicep Curls,2025-11-19 15:53:48,12.0,24.802024727067497,11.25,,,,
Rope Bicep Curls,2025-11-19 15:54:55,12.0,13.778902626148609,6.25,,,,
Gorilla Rows,2025-11-19 15:55:06,12.0,35.27399072294044,16.0,,,,
Gorilla Rows,2025-11-19 15:58:25,12.0,35.27399072294044,16.0,,,,
Rope Bicep Curls,2025-11-19 15:58:29,12.0,24.802024727067497,11.25,,,,
Leg Press,2025-11-21 20:04:05,12.0,176.3699536147022,80.0,,,,
Leg Press,2025-11-21 20:06:30,12.0,176.3699536147022,80.0,,,,
Leg Press,2025-11-21 20:08:42,12.0,176.3699536147022,80.0,,,,
Leg Extension,2025-11-21 20:10:10,12.0,60.627171555053884,27.5,,,,
Leg Extension,2025-11-21 20:12:32,12.0,60.627171555053884,27.5,,,,
Leg Extension,2025-11-21 20:15:32,12.0,60.627171555053884,27.5,,,,
Leg Extension,2025-11-21 20:17:29,12.0,60.627171555053884,27.5,,,,
Hamstring Curl,2025-11-21 20:18:33,10.0,27.557805252297218,12.5,,,,
Hamstring Curl,2025-11-21 20:21:19,10.0,27.557805252297218,12.5,,,,
Hamstring Curl,2025-11-21 20:23:04,10.0,27.557805252297218,12.5,,,,
Landmine Lunges,2025-11-21 20:26:28,20.0,22.046244201837776,10.0,,,,
Wall Balls,2025-11-21 20:26:44,20.0,6.613873260551332,3.0,,,,
Wall Balls,2025-11-21 20:30:03,20.0,6.613873260551332,3.0,,,,
Landmine Lunges,2025-11-21 20:30:06,20.0,22.046244201837776,10.0,,,,
Landmine Lunges,2025-11-21 20:34:31,20.0,22.046244201837776,10.0,,,,
Wall Balls,2025-11-21 20:34:33,20.0,6.613873260551332,3.0,,,,
chest press,2025-11-24 21:05:11,12.0,11.023122100918888,5.0,,,,
chest press,2025-11-24 21:05:16,12.0,44.09248840367555,20.0,,,,
chest press,2025-11-24 21:07:56,12.0,44.09248840367555,20.0,,,,
chest press,2025-11-24 21:09:36,12.0,44.09248840367555,20.0,,,,
Seated Shoulder Press,2025-11-24 21:10:46,12.0,44.09248840367555,20.0,,,,
Seated Shoulder Press,2025-11-24 21:12:35,12.0,44.09248840367555,20.0,,,,
Seated Shoulder Press,2025-11-24 21:14:46,12.0,44.09248840367555,20.0,,,,
Rope Tricep extension,2025-11-24 21:16:34,12.0,24.802024727067497,11.25,,,,
Rope Tricep extension,2025-11-24 21:17:37,12.0,24.802024727067497,11.25,,,,
Rope Tricep extension,2025-11-24 21:19:16,12.0,24.802024727067497,11.25,,,,
Ring Tricep Extension,2025-11-24 21:21:00,15.0,0.0,0.0,,,,
Ring Tricep Extension,2025-11-24 21:23:10,15.0,0.0,0.0,,,,
Ring Tricep Extension,2025-11-24 21:25:00,15.0,0.0,0.0,,,,
Dumbbell Shoulder Press,2025-11-24 21:27:21,12.0,8.81849768073511,4.0,,,,
Dumbbell Shoulder Press,2025-11-24 21:27:23,12.0,8.81849768073511,4.0,,,,
Dumbbell Flys,2025-11-24 21:28:35,12.0,8.81849768073511,4.0,,,,
Dumbbell Flys,2025-11-24 21:29:57,12.0,8.81849768073511,4.0,,,,
Dumbbell Flys,2025-11-24 21:31:33,12.0,8.81849768073511,4.0,,,,
Dumbbell Bench Press,2025-11-24 21:33:10,12.0,26.45549304220533,12.0,,,,
Dumbbell Bench Press,2025-11-24 21:35:25,12.0,26.45549304220533,12.0,,,,
Dumbbell Bench Press,2025-11-24 21:37:41,12.0,26.45549304220533,12.0,,,,
Ring Face-Pulls,2025-11-26 15:35:33,12.0,0.0,0.0,,,,
Ring Face-Pulls,2025-11-26 15:35:58,12.0,0.0,0.0,,,,
Ring Face-Pulls,2025-11-26 15:36:30,12.0,0.0,0.0,,,,
Straight Arm Pull Down,2025-11-26 15:39:02,15.0,19.290463676608052,8.75,,,,
Straight Arm Pull Down,2025-11-26 15:40:38,12.0,11.25,5.10291,,,,
Straight Arm Pull Down,2025-11-26 15:41:36,10.0,13.75,6.23689,,,,
Single Arm Kettlebell Sumo Deadlift High Pull,2025-11-26 15:44:02,8.0,17.63699536147022,8.0,,,,
Single Arm Kettlebell Sumo Deadlift High Pull,2025-11-26 15:45:46,8.0,26.45549304220533,12.0,,,,
Single Arm Kettlebell Sumo Deadlift High Pull,2025-11-26 15:51:46,8.0,26.45549304220533,12.0,,,,
Single Arm Kettlebell Sumo Deadlift High Pull,2025-11-26 15:51:46,8.0,26.45549304220533,12.0,,,,
Dumbbell Bent-Over Row,2025-11-26 15:56:43,15.0,26.45549304220533,12.0,,,,
Dumbbell Bent-Over Row,2025-11-26 16:01:06,15.0,26.45549304220533,12.0,,,,
Dumbbell Bent-Over Row,2025-11-26 16:02:16,15.0,26.45549304220533,12.0,,,,
Chest Supported Reverse Fly,2025-11-26 16:04:54,12.0,8.81849768073511,4.0,,,,
Chest Supported Reverse Fly,2025-11-26 16:07:33,12.0,8.81849768073511,4.0,,,,
Leg Press,2025-11-28 19:11:00,12.0,88.1849768073511,40.0,,,,
Leg Press,2025-11-28 19:12:41,12.0,132.27746521102665,60.0,,,,
Leg Press,2025-11-28 19:17:33,12.0,132.27746521102665,60.0,,,,
Leg Press,2025-11-28 19:19:11,12.0,154.32370941286442,70.0,,,,
Sumo Deadlift,2025-11-28 19:24:35,12.0,27.557805252297218,12.5,,,,
Sumo Deadlift High Pull,2025-11-28 19:25:20,12.0,27.557805252297218,12.5,,,,
Sumo Deadlift High Pull,2025-11-28 19:28:16,12.0,27.557805252297218,12.5,,,,
Sumo Deadlift,2025-11-28 19:28:19,12.0,27.557805252297218,12.5,,,,
Dual Dumbbell Squat,2025-11-28 19:31:09,12.0,17.63699536147022,8.0,,,,
Dumbell Push Press,2025-11-28 19:31:18,12.0,17.63699536147022,8.0,,,,
Dumbell Push Press,2025-11-28 19:33:39,12.0,17.63699536147022,8.0,,,,
Dual Dumbbell Squat,2025-11-28 19:33:45,12.0,17.63699536147022,8.0,,,,
Dual Dumbbell Squat,2025-11-28 19:35:14,12.0,17.63699536147022,8.0,,,,
Lunges,2025-11-28 19:36:58,10.0,0.0,0.0,,,,
Lunges,2025-11-28 19:36:59,10.0,0.0,0.0,,,,
Lunges,2025-11-28 19:37:02,10.0,0.0,0.0,,,,
Standing Cable Flies,2025-12-01 21:13:38,12.0,19.290463676608052,8.75,,,,
Standing Cable Flies,2025-12-01 21:15:00,12.0,19.290463676608052,8.75,,,,
Standing Cable Flies,2025-12-01 21:16:42,12.0,19.290463676608052,8.75,,,,
Dumbbell Flys,2025-12-01 21:18:31,12.0,11.023122100918888,5.0,,,,
Dumbbell Flys,2025-12-01 21:21:11,12.0,11.023122100918888,5.0,,,,
Dumbbell Flys,2025-12-01 21:23:39,12.0,11.023122100918888,5.0,,,,
Dumbbell Lateral Raise,2025-12-01 21:24:38,12.0,11.023122100918888,5.0,,,,
Dumbbell Lateral Raise,2025-12-01 21:27:13,12.0,11.023122100918888,5.0,,,,
Frontal raises,2025-12-01 21:29:16,12.0,11.023122100918888,5.0,,,,
Frontal raises,2025-12-01 21:30:59,12.0,11.023122100918888,5.0,,,,
Dumbbell Bench Press,2025-12-01 21:33:25,12.0,30.864741882572886,14.0,,,,
Dumbbell Bench Press,2025-12-01 21:35:42,12.0,30.864741882572886,14.0,,,,
Dumbbell Bench Press,2025-12-01 21:37:52,12.0,30.864741882572886,14.0,,,,
Dumbbell Bench Press,2025-12-01 21:38:56,12.0,30.864741882572886,14.0,,,,
Lat Pulldown,2025-12-03 07:30:50,12.0,77.16185470643221,35.0,,,,
Lat Pulldown,2025-12-03 07:32:49,12.0,77.16185470643221,35.0,,,,
Lat Pulldown,2025-12-03 07:34:14,12.0,77.16185470643221,35.0,,,,
Lat Pulldown,2025-12-03 07:36:10,10.0,77.16185470643221,35.0,,,,
Single arm bent over cable row,2025-12-03 07:38:33,10.0,19.290463676608052,8.75,,,,
Single arm bent over cable row,2025-12-03 07:38:34,10.0,19.290463676608052,8.75,,,,
Wide cable bent over row,2025-12-03 07:40:26,12.0,35.82514682798639,16.25,,,,
Wide cable bent over row,2025-12-03 07:41:54,12.0,41.33670787844583,18.75,,,,
Wide cable bent over row,2025-12-03 07:43:27,12.0,46.84826892890527,21.25,,,,
Single arm bent over cable reverse fly,2025-12-03 07:45:45,10.0,13.778902626148609,6.25,,,,
Single arm bent over cable reverse fly,2025-12-03 07:48:04,10.0,13.778902626148609,6.25,,,,
Single arm bent over cable reverse fly,2025-12-03 07:50:24,10.0,13.778902626148609,6.25,,,,
Seated rear delt raise,2025-12-03 07:52:50,12.0,8.81849768073511,4.0,,,,
Seated rear delt raise,2025-12-03 07:53:41,12.0,8.81849768073511,4.0,,,,
Seated rear delt raise,2025-12-03 07:55:29,12.0,8.81849768073511,4.0,,,,
Dumbbell Bent-Over Row,2025-12-03 07:57:48,15.0,26.45549304220533,12.0,,,,
Dumbbell Bent-Over Row,2025-12-03 08:00:28,12.0,30.864741882572886,14.0,,,,
Dumbbell Bent-Over Row,2025-12-03 08:03:53,10.0,35.27399072294044,16.0,,,,
Leg Press,2025-12-05 14:14:45,12.0,176.3699536147022,80.0,,,,
Leg Press,2025-12-05 14:16:43,12.0,176.3699536147022,80.0,,,,
Leg Press,2025-12-05 14:20:18,12.0,176.3699536147022,80.0,,,,
Leg Press,2025-12-05 14:22:34,12.0,176.3699536147022,80.0,,,,
Standing Calf Raise,2025-12-05 14:24:20,12.0,44.09248840367555,20.0,,,,
Standing Calf Raise,2025-12-05 14:25:34,12.0,44.09248840367555,20.0,,,,
Standing Calf Raise,2025-12-05 14:27:44,12.0,44.09248840367555,20.0,,,,
Box jump,2025-12-05 14:30:46,12.0,0.0,0.0,,,,
Heavy ball slams,2025-12-05 14:32:07,10.0,11.023122100918888,5.0,,,,
Heavy ball slams,2025-12-05 14:33:03,10.0,11.023122100918888,5.0,,,,
Box jump,2025-12-05 14:33:06,12.0,0.0,0.0,,,,
Box jump,2025-12-05 14:36:30,12.0,0.0,0.0,,,,
Heavy ball slams,2025-12-05 14:36:32,10.0,11.023122100918888,5.0,,,,
Leg Extension,2025-12-05 14:37:23,10.0,77.16185470643221,35.0,,,,
Leg Extension,2025-12-05 14:39:42,10.0,77.16185470643221,35.0,,,,
Leg Extension,2025-12-05 14:43:45,10.0,77.16185470643221,35.0,,,,
Kettlebell Lunge,2025-12-05 14:45:28,16.0,35.27399072294044,16.0,,,,
Kettlebell Lunge,2025-12-05 14:47:14,15.0,35.27399072294044,16.0,,,,
Kettlebell Lunge,2025-12-05 14:49:37,16.0,35.27399072294044,16.0,,,,
Bench Press,2025-12-08 21:06:43,12.0,44.09248840367555,20.0,,,,
Bench Press,2025-12-08 21:10:05,10.0,88.1849768073511,40.0,,,,
Bench Press,2025-12-08 21:11:23,10.0,88.1849768073511,40.0,,,,
Dumbbell Bench Press,2025-12-08 21:15:12,8.0,35.27399072294044,16.0,,,,
Dumbbell Bench Press,2025-12-08 21:17:40,8.0,39.68323956330799,18.0,,,,
Dumbbell Bench Press,2025-12-08 21:19:52,7.0,39.68323956330799,18.0,,,,
Pec Dec Machine,2025-12-08 21:23:17,10.0,60.627171555053884,27.5,,,,
Pec Dec Machine,2025-12-08 21:27:46,10.0,60.627171555053884,27.5,,,,
Pec Dec Machine,2025-12-08 21:27:51,8.0,71.65029365597277,32.5,,,,
Pec Dec Machine,2025-12-08 21:28:51,8.0,82.67341575689166,37.5,,,,
Dumbbell Flys,2025-12-08 21:32:31,12.0,11.023122100918888,5.0,,,,
Press Ups,2025-12-08 21:32:46,10.0,0.0,0.0,,,,
Press Ups,2025-12-08 21:41:03,12.0,0.0,0.0,,,,
Press Ups,2025-12-08 21:41:10,8.0,0.0,0.0,,,,
Dumbbell Flys,2025-12-08 21:41:24,10.0,11.023122100918888,5.0,,,,
Dumbbell Flys,2025-12-08 21:41:27,8.0,11.023122100918888,5.0,,,,
Lat Pulldown,2025-12-10 07:37:54,10.0,60.627171555053884,27.5,,,,
Lat Pulldown,2025-12-10 07:38:41,10.0,60.627171555053884,27.5,,,,
Lat Pulldown,2025-12-10 07:39:38,10.0,77.16185470643221,35.0,,,,
Lat Pulldown,2025-12-10 07:42:17,8.0,77.16185470643221,35.0,,,,
Close Grip Lat Pulldowns,2025-12-10 07:42:59,10.0,77.16185470643221,35.0,,,,
Close Grip Lat Pulldowns,2025-12-10 07:46:03,10.0,77.16185470643221,35.0,,,,
Close Grip Lat Pulldowns,2025-12-10 07:47:01,10.0,77.16185470643221,35.0,,,,
Low Cable Row,2025-12-10 07:49:19,10.0,35.82514682798639,16.25,,,,
Low Cable Row,2025-12-10 07:50:38,10.0,41.33670787844583,18.75,,,,
Low Cable Row,2025-12-10 07:51:54,10.0,41.33670787844583,18.75,,,,
Cable Reverse Fly,2025-12-10 07:53:32,8.0,27.557805252297218,12.5,,,,
Cable Reverse Fly,2025-12-10 07:54:41,8.0,27.557805252297218,12.5,,,,
Cable Reverse Fly,2025-12-10 07:55:59,8.0,27.557805252297218,12.5,,,,
Bent Over Dual KB Row,2025-12-10 07:57:30,10.0,17.63699536147022,8.0,,,,
Bent Over Dual KB Row,2025-12-10 07:58:11,10.0,17.63699536147022,8.0,,,,
Bent Over Dual KB Row,2025-12-10 07:59:35,10.0,17.63699536147022,8.0,,,,
Renegade Row,2025-12-10 08:00:50,12.0,8.81849768073511,4.0,,,,
Renegade Row,2025-12-10 08:02:56,12.0,8.81849768073511,4.0,,,,
Renegade Row,2025-12-10 08:07:53,12.0,8.81849768073511,4.0,,,,
Leg Press,2025-12-12 19:07:29,10.0,176.3699536147022,80.0,,,,
Leg Press,2025-12-12 19:09:01,10.0,176.3699536147022,80.0,,,,
Leg Press,2025-12-12 19:11:01,10.0,176.3699536147022,80.0,,,,
Leg Press,2025-12-12 19:12:53,10.0,176.3699536147022,80.0,,,,
Leg Press,2025-12-12 19:14:53,10.0,176.3699536147022,80.0,,,,
Leg Extension,2025-12-12 19:15:58,10.0,77.16185470643221,35.0,,,,
Leg Extension,2025-12-12 19:17:27,10.0,77.16185470643221,35.0,,,,
Leg Extension,2025-12-12 19:18:37,10.0,77.16185470643221,35.0,,,,
Leg Extension,2025-12-12 19:18:55,10.0,77.16185470643221,35.0,,,,
Leg Extension,2025-12-12 19:20:48,10.0,77.16185470643221,35.0,,,,
Hamstring Curl,2025-12-12 19:21:48,12.0,27.557805252297218,12.5,,,,
Hamstring Curl,2025-12-12 19:23:19,12.0,27.557805252297218,12.5,,,,
Hamstring Curl,2025-12-12 19:25:44,12.0,27.557805252297218,12.5,,,,
Goblet Squat,2025-12-12 19:27:26,10.0,22.046244201837776,10.0,,,,
Goblet Squat,2025-12-12 19:29:45,10.0,22.046244201837776,10.0,,,,
Goblet Squat,2025-12-12 19:31:45,10.0,22.046244201837776,10.0,,,,
Walking sandbag lunges,2025-12-12 19:34:11,3.0,33.06936630275666,15.0,,,,
Dumbbell Bench Press,2026-01-05 20:56:01,10.0,26.45549304220533,12.0,,,,
Dumbbell Bench Press,2026-01-05 20:58:30,10.0,26.45549304220533,12.0,,,,
Dumbbell Bench Press,2026-01-05 21:00:29,10.0,26.45549304220533,12.0,,,,
Incline Dumbbell Press,2026-01-05 21:02:04,10.0,26.45549304220533,12.0,,,,
Incline Dumbbell Press,2026-01-05 21:04:20,10.0,26.45549304220533,12.0,,,,
Incline Dumbbell Press,2026-01-05 21:06:56,10.0,26.45549304220533,12.0,,,,
Pec Dec Machine,2026-01-05 21:08:33,10.0,60.627171555053884,27.5,,,,
Pec Dec Machine,2026-01-05 21:11:01,10.0,60.627171555053884,27.5,,,,
Pec Dec Machine,2026-01-05 21:13:00,10.0,60.627171555053884,27.5,,,,
Ring Tricep Extension,2026-01-05 21:14:30,15.0,0.0,0.0,,,,
Ring Tricep Extension,2026-01-05 21:16:22,15.0,0.0,0.0,,,,
Ring Tricep Extension,2026-01-05 21:18:24,15.0,0.0,0.0,,,,
Cable Tricep Pushdown,2026-01-05 21:19:41,12.0,24.802024727067497,11.25,,,,
Cable Tricep Pushdown,2026-01-05 21:21:06,12.0,24.802024727067497,11.25,,,,
Cable Tricep Pushdown,2026-01-05 21:21:54,12.0,24.802024727067497,11.25,,,,
Press Ups,2026-01-05 21:23:30,10.0,0.0,0.0,,,,
Press Ups,2026-01-05 21:27:55,10.0,0.0,0.0,,,,
Press Ups,2026-01-05 21:27:59,10.0,0.0,0.0,,,,
Lat Pulldown,2026-01-07 07:32:54,12.0,77.16185470643221,35.0,,,,
Lat Pulldown,2026-01-07 07:34:57,12.0,77.16185470643221,35.0,,,,
Lat Pulldown,2026-01-07 07:36:51,12.0,77.16185470643221,35.0,,,,
Seated Row,2026-01-07 07:38:05,10.0,77.16185470643221,35.0,,,,
Seated Row,2026-01-07 07:40:08,10.0,77.16185470643221,35.0,,,,
Seated Row,2026-01-07 07:41:26,10.0,77.16185470643221,35.0,,,,
Assist Pull Ups,2026-01-07 07:43:34,10.0,60.627171555053884,27.5,,,,
Assist Pull Ups,2026-01-07 07:45:42,10.0,77.16185470643221,35.0,,,,
Assist Pull Ups,2026-01-07 07:47:43,10.0,77.16185470643221,35.0,,,,
Dumbbell Bicep Curl,2026-01-07 07:49:25,12.0,15.432370941286443,7.0,,,,
Dumbbell Bicep Curl,2026-01-07 07:51:14,12.0,15.432370941286443,7.0,,,,
Dumbbell Bicep Curl,2026-01-07 07:52:49,12.0,15.432370941286443,7.0,,,,
Dumbbell Hammer Curl,2026-01-07 07:54:29,12.0,15.432370941286443,7.0,,,,
Dumbbell Hammer Curl,2026-01-07 07:56:51,12.0,15.432370941286443,7.0,,,,
Dumbbell Hammer Curl,2026-01-07 07:58:56,12.0,15.432370941286443,7.0,,,,
Single arm bicep curl to press,2026-01-07 08:01:21,10.0,15.432370941286443,7.0,,,,
Single arm bicep curl to press,2026-01-07 08:05:06,10.0,15.432370941286443,7.0,,,,
Single arm bicep curl to press,2026-01-07 08:07:33,10.0,15.432370941286443,7.0,,,,
Leg Press,2026-01-09 07:59:25,10.0,88.1849768073511,40.0,,,,
Leg Press,2026-01-09 08:01:34,10.0,88.1849768073511,40.0,,,,
Leg Press,2026-01-09 08:03:11,10.0,88.1849768073511,40.0,,,,
Single Leg Press,2026-01-09 08:06:16,10.0,44.09248840367555,20.0,,,,
Single Leg Press,2026-01-09 08:07:54,10.0,44.09248840367555,20.0,,,,
Single Leg Press,2026-01-09 08:10:04,10.0,44.09248840367555,20.0,,,,
Seated Shoulder Press,2026-01-09 08:11:04,12.0,27.557805252297218,12.5,,,,
Seated Shoulder Press,2026-01-09 08:12:59,12.0,27.557805252297218,12.5,,,,
Seated Shoulder Press,2026-01-09 08:14:43,12.0,27.557805252297218,12.5,,,,
Barbell thruster,2026-01-09 08:17:21,10.0,16.53468315137833,7.5,,,,
Barbell thruster,2026-01-09 08:18:40,10.0,16.53468315137833,7.5,,,,
Barbell thruster,2026-01-09 08:21:02,10.0,16.53468315137833,7.5,,,,
Dumbbell Thrusters,2026-01-09 08:22:19,10.0,13.227746521102665,6.0,,,,
Dumbbell Thrusters,2026-01-09 08:23:37,10.0,13.227746521102665,6.0,,,,
Dumbbell Thrusters,2026-01-09 08:25:41,10.0,13.227746521102665,6.0,,,,
Standing Cable Rear Delt Fly,2026-01-09 08:27:44,12.0,8.267341575689166,3.75,,,,
Standing Cable Rear Delt Fly,2026-01-09 08:29:06,12.0,8.267341575689166,3.75,,,,
Standing Cable Rear Delt Fly,2026-01-09 08:30:53,12.0,8.267341575689166,3.75,,,,
Dumbbell Bench Press,2026-01-19 07:23:30,10.0,30.864741882572886,14.0,,,,
Dumbbell Bench Press,2026-01-19 07:24:55,10.0,30.864741882572886,14.0,,,,
Dumbbell Bench Press,2026-01-19 07:26:35,10.0,30.864741882572886,14.0,,,,
Dumbbell Bench Press,2026-01-19 07:29:40,10.0,30.864741882572886,14.0,,,,
Overhead Dumbell Tricep Extension,2026-01-19 07:33:56,15.0,22.046244201837776,10.0,,,,
Overhead Dumbell Tricep Extension,2026-01-19 07:34:49,15.0,22.046244201837776,10.0,,,,
Overhead Dumbell Tricep Extension,2026-01-19 07:38:10,15.0,22.046244201837776,10.0,,,,
Pec Dec Machine,2026-01-19 07:39:55,12.0,60.627171555053884,27.5,,,,
Pec Dec Machine,2026-01-19 07:42:56,12.0,60.627171555053884,27.5,,,,
Pec Dec Machine,2026-01-19 07:44:57,12.0,60.627171555053884,27.5,,,,
Cable Tricep Pushdown,2026-01-19 07:46:26,12.0,24.802024727067497,11.25,,,,
Cable Tricep Pushdown,2026-01-19 07:48:13,12.0,30.313585777526942,13.75,,,,
Press Ups,2026-01-19 07:48:19,10.0,0.0,0.0,,,,
Press Ups,2026-01-19 07:48:20,10.0,0.0,0.0,,,,
Press Ups,2026-01-19 07:50:09,10.0,0.0,0.0,,,,
Dumbbell Bench Press,2026-02-09 20:37:59,12.0,26.45549304220533,12.0,,,,
Dumbbell Bench Press,2026-02-09 20:40:34,12.0,26.45549304220533,12.0,,,,
Dumbbell Shoulder Press,2026-02-09 20:43:35,12.0,26.45549304220533,12.0,,,,
Dumbbell Shoulder Press,2026-02-09 20:45:54,12.0,26.45549304220533,12.0,,,,
Dumbbell Shoulder Press,2026-02-09 20:48:33,8.0,26.45549304220533,12.0,,,,
Standing Cable Flies,2026-02-09 20:51:46,12.0,16.53468315137833,7.5,,,,
Standing Cable Flies,2026-02-09 20:54:13,12.0,16.53468315137833,7.5,,,,
Standing Cable Flies,2026-02-09 20:55:28,12.0,16.53468315137833,7.5,,,,
Cable Tricep Pushdown,2026-02-09 20:57:11,12.0,27.557805252297218,12.5,,,,
Cable Tricep Pushdown,2026-02-09 20:58:07,12.0,27.557805252297218,12.5,,,,
Cable Tricep Pushdown,2026-02-09 20:59:18,12.0,27.557805252297218,12.5,,,,
Trx push up,2026-02-09 21:02:53,10.0,0.0,0.0,,,,
Trx push up,2026-02-09 21:02:54,10.0,0.0,0.0,,,,
Trx push up,2026-02-09 21:03:34,10.0,0.0,0.0,,,,
Air Squats,2026-02-11 07:38:50,12.0,0.0,0.0,,,,
Air Squats,2026-02-11 07:38:51,12.0,0.0,0.0,,,,
Single Glute Bridge,2026-02-11 07:39:00,12.0,0.0,0.0,,,,
Single Glute Bridge,2026-02-11 07:40:06,12.0,0.0,0.0,,,,
Goblet Squat,2026-02-11 07:42:25,15.0,26.45549304220533,12.0,,,,
Goblet Squat,2026-02-11 07:44:11,15.0,26.45549304220533,12.0,,,,
Goblet Squat,2026-02-11 07:46:44,15.0,26.45549304220533,12.0,,,,
Leg Press,2026-02-11 07:48:16,12.0,88.1849768073511,40.0,,,,
Leg Press,2026-02-11 07:49:32,10.0,88.1849768073511,40.0,,,,
Leg Press,2026-02-11 07:51:26,8.0,88.1849768073511,40.0,,,,
Leg Press,2026-02-11 07:52:48,10.0,88.1849768073511,40.0,,,,
Leg Press,2026-02-11 07:54:09,12.0,88.1849768073511,40.0,,,,
Leg Curl,2026-02-11 07:56:34,12.0,44.09248840367555,20.0,,,,
Leg Curl,2026-02-11 07:57:16,10.0,55.115610504594436,25.0,,,,
Leg Curl,2026-02-11 07:58:41,15.0,11.023122100918888,5.0,,,,
TRX Row,2026-02-13 07:37:10,10.0,0.0,0.0,,,,
TRX Row,2026-02-13 07:37:33,10.0,0.0,0.0,,,,
TRX Row,2026-02-13 07:38:36,10.0,0.0,0.0,,,,
TRX Bicep Curl,2026-02-13 07:39:44,10.0,0.0,0.0,,,,
TRX Bicep Curl,2026-02-13 07:40:21,10.0,0.0,0.0,,,,
TRX Bicep Curl,2026-02-13 07:41:34,10.0,0.0,0.0,,,,
Seated Row,2026-02-13 07:42:42,12.0,77.16185470643221,35.0,,,,
Seated Row,2026-02-13 07:44:35,12.0,77.16185470643221,35.0,,,,
Seated Row,2026-02-13 07:47:17,12.0,77.16185470643221,35.0,,,,
Lat Pulldown,2026-02-13 07:49:23,12.0,44.09248840367555,20.0,,,,
Lat Pulldown,2026-02-13 07:49:32,10.0,60.627171555053884,27.5,,,,
Lat Pulldown,2026-02-13 07:52:27,8.0,77.16185470643221,35.0,,,,
Lat Pulldown,2026-02-13 07:56:02,10.0,60.627171555053884,27.5,,,,
Lat Pulldown,2026-02-13 07:56:04,8.0,77.16185470643221,35.0,,,,
Single arm incline bench dumbbell preacher curl,2026-02-13 08:00:21,10.0,13.227746521102665,6.0,,,,
Single arm incline bench dumbbell preacher curl,2026-02-13 08:02:37,10.0,13.227746521102665,6.0,,,,
Single arm incline bench dumbbell preacher curl,2026-02-13 08:02:40,10.0,17.63699536147022,8.0,,,,
Single arm incline bench dumbbell preacher curl,2026-02-13 08:02:43,10.0,17.63699536147022,8.0,,,,
Single arm incline bench dumbbell preacher curl,2026-02-13 08:05:19,10.0,17.63699536147022,8.0,,,,
Single arm incline bench dumbbell preacher curl,2026-02-13 08:05:21,10.0,17.63699536147022,8.0,,,,
Incline Press,2026-02-16 20:48:56,10.0,22.046244201837776,10.0,,,,
Incline Press,2026-02-16 20:50:02,12.0,22.046244201837776,10.0,,,,
Incline Press,2026-02-16 20:51:12,10.0,22.046244201837776,10.0,,,,
Incline Dumbbell Press,2026-02-16 20:54:01,10.0,35.27399072294044,16.0,,,,
Incline Dumbbell Press,2026-02-16 20:56:04,10.0,26.45549304220533,12.0,,,,
Incline Dumbbell Press,2026-02-16 20:58:33,10.0,26.45549304220533,12.0,,,,
Dumbbell Bench Press,2026-02-16 21:00:54,10.0,26.45549304220533,12.0,,,,
Dumbbell Bench Press,2026-02-16 21:02:59,10.0,26.45549304220533,12.0,,,,
Dumbbell Bench Press,2026-02-16 21:06:09,12.0,26.45549304220533,12.0,,,,
Frontal raises,2026-02-16 21:08:50,10.0,13.227746521102665,6.0,,,,
Frontal raises,2026-02-16 21:10:35,10.0,13.227746521102665,6.0,,,,
Frontal raises,2026-02-16 21:13:32,10.0,13.227746521102665,6.0,,,,
Air Squats,2026-02-18 06:55:52,8.0,0.0,0.0,,,,
Air Squats,2026-02-18 06:55:53,8.0,0.0,0.0,,,,
Air Squats,2026-02-18 06:55:55,8.0,0.0,0.0,,,,
Inchworm to standup,2026-02-18 07:00:43,8.0,0.0,0.0,,,,
Inchworm to standup,2026-02-18 07:00:53,8.0,0.0,0.0,,,,
Squat Jump,2026-02-18 07:01:40,6.0,0.0,0.0,,,,
Squat Jump,2026-02-18 07:03:07,6.0,0.0,0.0,,,,
Squat Jump,2026-02-18 07:03:08,6.0,0.0,0.0,,,,
Squat,2026-02-18 07:13:41,10.0,16.53468315137833,7.5,,,,
Squat,2026-02-18 07:14:47,10.0,16.53468315137833,7.5,,,,
Squat,2026-02-18 07:16:14,10.0,16.53468315137833,7.5,,,,
Wide Grip Cable Row,2026-02-20 07:41:05,12.0,60.627171555053884,27.5,,,,
Wide Grip Cable Row,2026-02-20 07:42:37,12.0,60.627171555053884,27.5,,,,
Wide Grip Cable Row,2026-02-20 07:43:35,12.0,60.627171555053884,27.5,,,,
Standing Rope Bicep Curl on Cable Machine,2026-02-20 07:45:40,12.0,19.290463676608052,8.75,,,,
Standing Rope Bicep Curl on Cable Machine,2026-02-20 07:47:19,12.0,19.290463676608052,8.75,,,,
Standing Rope Bicep Curl on Cable Machine,2026-02-20 07:49:20,12.0,19.290463676608052,8.75,,,,
Gorilla Rows,2026-02-20 07:50:58,16.0,26.45549304220533,12.0,,,,
Gorilla Rows,2026-02-20 07:51:52,16.0,26.45549304220533,12.0,,,,
Gorilla Rows,2026-02-20 07:53:12,16.0,26.45549304220533,12.0,,,,
Barbell Bicep Curl,2026-02-20 07:55:05,10.0,27.557805252297218,12.5,,,,
Barbell Bicep Curl,2026-02-20 07:57:09,10.0,27.557805252297218,12.5,,,,
Barbell Bicep Curl,2026-02-20 08:00:48,10.0,27.557805252297218,12.5,,,,
Cable Tricep Pushdown,2026-02-23 20:14:50,12.0,30.313585777526942,13.75,,,,
Cable Tricep Pushdown,2026-02-23 20:16:03,12.0,30.313585777526942,13.75,,,,
Cable Tricep Pushdown,2026-02-23 20:17:02,12.0,30.313585777526942,13.75,,,,
Lateral Raises,2026-02-23 20:18:45,12.0,11.023122100918888,5.0,,,,
Lateral Raises,2026-02-23 20:19:46,12.0,11.023122100918888,5.0,,,,
Lateral Raises,2026-02-23 20:21:47,12.0,11.023122100918888,5.0,,,,
Dumbbell Shoulder Press,2026-02-23 20:24:21,12.0,30.864741882572886,14.0,,,,
Dumbbell Shoulder Press,2026-02-23 20:25:53,12.0,30.864741882572886,14.0,,,,
Dumbbell Shoulder Press,2026-02-23 20:28:43,12.0,30.864741882572886,14.0,,,,
Barbell Bench Press,2026-02-23 20:29:00,12.0,30.864741882572886,14.0,,,,
Barbell Bench Press,2026-02-23 20:31:58,12.0,30.864741882572886,14.0,,,,
Barbell Bench Press,2026-02-23 20:36:15,12.0,30.864741882572886,14.0,,,,
Trx push up,2026-02-23 20:40:03,10.0,0.0,0.0,,,,
Trx push up,2026-02-23 20:40:53,10.0,0.0,0.0,,,,
Trx push up,2026-02-23 20:41:55,10.0,0.0,0.0,,,,
Air Squats,2026-02-25 07:32:11,10.0,0.0,0.0,,,,
Air Squats,2026-02-25 07:32:12,10.0,0.0,0.0,,,,
Single Glute Bridge,2026-02-25 07:33:07,10.0,0.0,0.0,,,,
Single Glute Bridge,2026-02-25 07:33:48,10.0,0.0,0.0,,,,
Poor mans leg extension,2026-02-25 07:35:11,6.0,0.0,0.0,,,,
Poor mans leg extension,2026-02-25 07:35:52,6.0,0.0,0.0,,,,
Goblet Squat,2026-02-25 07:37:42,15.0,22.046244201837776,10.0,,,,
Goblet Squat,2026-02-25 07:40:43,15.0,22.046244201837776,10.0,,,,
Goblet Squat,2026-02-25 07:43:15,15.0,22.046244201837776,10.0,,,,
Leg Curl,2026-02-25 07:44:27,12.0,44.09248840367555,20.0,,,,
Leg Curl,2026-02-25 07:45:41,12.0,44.09248840367555,20.0,,,,
Leg Curl,2026-02-25 07:47:13,12.0,44.09248840367555,20.0,,,,
Leg Press,2026-02-25 07:48:54,12.0,88.1849768073511,40.0,,,,
Leg Press,2026-02-25 07:50:15,12.0,88.1849768073511,40.0,,,,
Leg Press,2026-02-25 07:51:54,12.0,88.1849768073511,40.0,,,,
Ring Row,2026-02-27 07:40:45,12.0,0.0,0.0,,,,
Ring Row,2026-02-27 07:41:21,12.0,0.0,0.0,,,,
Ring Row,2026-02-27 07:42:04,12.0,0.0,0.0,,,,
Kneeling single arm cable row,2026-02-27 07:44:48,12.0,24.802024727067497,11.25,,,,
Kneeling single arm cable row,2026-02-27 07:47:29,12.0,24.802024727067497,11.25,,,,
Kneeling single arm cable row,2026-02-27 07:49:58,12.0,24.802024727067497,11.25,,,,
Lat Pulldown,2026-02-27 07:51:42,12.0,60.627171555053884,27.5,,,,
Lat Pulldown,2026-02-27 07:53:15,12.0,77.16185470643221,35.0,,,,
Lat Pulldown,2026-02-27 07:55:20,12.0,77.16185470643221,35.0,,,,
TRX Bicep Curl,2026-02-27 07:56:18,12.0,0.0,0.0,,,,
TRX Bicep Curl,2026-02-27 07:57:49,12.0,0.0,0.0,,,,
TRX Bicep Curl,2026-02-27 07:58:53,12.0,0.0,0.0,,,,
Single arm incline bench dumbbell preacher curl,2026-02-27 08:00:57,10.0,13.227746521102665,6.0,,,,
Single arm incline bench dumbbell preacher curl,2026-02-27 08:01:26,10.0,13.227746521102665,6.0,,,,
Single arm incline bench dumbbell preacher curl,2026-02-27 08:02:37,10.0,15.432370941286443,7.0,,,,
Single arm incline bench dumbbell preacher curl,2026-02-27 08:02:38,10.0,15.432370941286443,7.0,,,,
Single arm incline bench dumbbell preacher curl,2026-02-27 08:04:42,10.0,15.432370941286443,7.0,,,,
Single arm incline bench dumbbell preacher curl,2026-02-27 08:04:45,10.0,15.432370941286443,7.0,,,,
Incline Dumbbell Press,2026-03-02 20:19:48,12.0,35.27399072294044,16.0,,,,
Incline Dumbbell Press,2026-03-02 20:21:38,12.0,35.27399072294044,16.0,,,,
Incline Dumbbell Press,2026-03-02 20:25:29,12.0,35.27399072294044,16.0,,,,
Dumbbell Bench Press,2026-03-02 20:32:19,10.0,35.27399072294044,16.0,,,,
Dumbbell Bench Press,2026-03-02 20:32:24,10.0,35.27399072294044,16.0,,,,
Dumbbell Bench Press,2026-03-02 20:36:25,10.0,35.27399072294044,16.0,,,,
Frontal raises,2026-03-02 20:40:19,10.0,13.227746521102665,6.0,,,,
Frontal raises,2026-03-02 20:42:07,10.0,13.227746521102665,6.0,,,,
Frontal raises,2026-03-02 20:44:12,10.0,13.227746521102665,6.0,,,,
chest press,2026-03-02 20:47:35,12.0,22.046244201837776,10.0,,,,
chest press,2026-03-02 20:49:25,12.0,22.046244201837776,10.0,,,,
chest press,2026-03-02 20:51:45,12.0,22.046244201837776,10.0,,,,
Air Squats,2026-03-04 07:39:16,10.0,0.0,0.0,,,,
Air Squats,2026-03-04 07:39:17,6.0,0.0,0.0,,,,
Air Squats,2026-03-04 07:39:58,6.0,0.0,0.0,,,,
Squat Jump,2026-03-04 07:47:02,6.0,0.0,0.0,,,,
Squat Jump,2026-03-04 07:47:02,6.0,0.0,0.0,,,,
Squat Jump,2026-03-04 07:47:04,6.0,0.0,0.0,,,,
Inchworm to standup,2026-03-04 07:47:14,6.0,0.0,0.0,,,,
Inchworm to standup,2026-03-04 07:47:15,6.0,0.0,0.0,,,,
Squat,2026-03-04 07:51:48,10.0,26.45549304220533,12.0,,,,
Squat,2026-03-04 07:53:44,10.0,26.45549304220533,12.0,,,,
Squat,2026-03-04 07:56:10,10.0,26.45549304220533,12.0,,,,
Poor mans leg extension,2026-03-04 07:57:24,10.0,0.0,0.0,,,,
Poor mans leg extension,2026-03-04 07:58:54,10.0,0.0,0.0,,,,
Poor mans leg extension,2026-03-04 07:58:56,10.0,0.0,0.0,,,,
Assist Pull Ups,2026-03-06 07:39:46,10.0,60.627171555053884,27.5,,,,
Assist Pull Ups,2026-03-06 07:41:56,10.0,77.16185470643221,35.0,,,,
Assist Pull Ups,2026-03-06 07:43:17,10.0,77.16185470643221,35.0,,,,
Wide Grip Cable Row,2026-03-06 07:45:11,10.0,60.627171555053884,27.5,,,,
Wide Grip Cable Row,2026-03-06 07:47:27,10.0,60.627171555053884,27.5,,,,
Wide Grip Cable Row,2026-03-06 07:49:28,10.0,60.627171555053884,27.5,,,,
Rope Bicep Curls,2026-03-06 07:50:47,12.0,24.802024727067497,11.25,,,,
Rope Bicep Curls,2026-03-06 07:52:19,12.0,24.802024727067497,11.25,,,,
Rope Bicep Curls,2026-03-06 07:54:55,12.0,24.802024727067497,11.25,,,,
Gorilla Rows,2026-03-06 07:57:43,16.0,35.27399072294044,16.0,,,,
Gorilla Rows,2026-03-06 08:00:24,16.0,35.27399072294044,16.0,,,,
Gorilla Rows,2026-03-06 08:02:32,16.0,35.27399072294044,16.0,,,,
Barbell Bicep Curl,2026-03-06 08:05:10,10.0,27.557805252297218,12.5,,,,
Barbell Bicep Curl,2026-03-06 08:06:59,10.0,27.557805252297218,12.5,,,,
Barbell Bicep Curl,2026-03-06 08:08:42,10.0,27.557805252297218,12.5,,,,
Dumbbell Shoulder Press,2026-03-09 20:45:57,12.0,35.27399072294044,16.0,,,,
Dumbbell Shoulder Press,2026-03-09 20:47:14,12.0,35.27399072294044,16.0,,,,
Dumbbell Shoulder Press,2026-03-09 20:51:03,12.0,35.27399072294044,16.0,,,,
Lateral Raises,2026-03-09 20:53:38,12.0,17.63699536147022,8.0,,,,
Lateral Raises,2026-03-09 20:59:05,12.0,17.63699536147022,8.0,,,,
Lateral Raises,2026-03-09 20:59:06,12.0,17.63699536147022,8.0,,,,
Trx push up,2026-03-09 21:01:20,12.0,0.0,0.0,,,,
Trx push up,2026-03-09 21:02:14,12.0,0.0,0.0,,,,
Trx push up,2026-03-09 21:04:08,12.0,0.0,0.0,,,,
Cable Tricep Pushdown,2026-03-09 21:08:05,12.0,29.21127356743505,13.25,,,,
Cable Tricep Pushdown,2026-03-09 21:08:43,12.0,29.21127356743505,13.25,,,,
Cable Tricep Pushdown,2026-03-09 21:11:58,12.0,29.21127356743505,13.25,,,,
Standing Cable Flies,2026-03-09 21:13:22,12.0,24.802024727067497,11.25,,,,
Standing Cable Flies,2026-03-09 21:16:26,12.0,24.802024727067497,11.25,,,,
Standing Cable Flies,2026-03-09 21:20:31,12.0,24.802024727067497,11.25,,,,
Seated Shoulder Press,2026-03-16 20:16:50,12.0,44.09248840367555,20.0,,,,
Seated Shoulder Press,2026-03-16 20:17:57,12.0,44.09248840367555,20.0,,,,
Seated Shoulder Press,2026-03-16 20:21:08,12.0,44.09248840367555,20.0,,,,
Incline Dumbbell Press,2026-03-16 20:23:22,7.0,39.68323956330799,18.0,,,,
Incline Dumbbell Press,2026-03-16 20:26:15,10.0,39.68323956330799,18.0,,,,
Incline Dumbbell Press,2026-03-16 20:30:20,9.0,39.68323956330799,18.0,,,,
Dumbbell Bench Press,2026-03-16 20:34:31,8.0,39.68323956330799,18.0,,,,
Dumbbell Bench Press,2026-03-16 20:38:01,6.0,39.68323956330799,18.0,,,,
Dumbbell Bench Press,2026-03-16 20:44:39,10.0,39.68323956330799,18.0,,,,
Frontal raises,2026-03-16 20:47:03,10.0,13.227746521102665,6.0,,,,
Frontal raises,2026-03-16 20:48:22,10.0,13.227746521102665,6.0,,,,
Frontal raises,2026-03-16 20:50:24,10.0,13.227746521102665,6.0,,,,
Air Squats,2026-03-19 21:07:25,10.0,0.0,0.0,,,,
Air Squats,2026-03-19 21:07:26,10.0,0.0,0.0,,,,
Air Squats,2026-03-19 21:07:28,10.0,0.0,0.0,,,,
Inchworm to standup,2026-03-19 21:08:19,10.0,0.0,0.0,,,,
Inchworm to standup,2026-03-19 21:08:43,6.0,0.0,0.0,,,,
Squat Jump,2026-03-19 21:09:16,6.0,0.0,0.0,,,,
Squat Jump,2026-03-19 21:09:30,6.0,0.0,0.0,,,,
Squat Jump,2026-03-19 21:10:06,6.0,0.0,0.0,,,,
Squat,2026-03-19 21:15:40,12.0,52.91098608441066,24.0,,,,
Squat,2026-03-19 21:18:07,10.0,85.98035238716733,39.0,,,,
Squat,2026-03-19 21:19:48,6.0,130.07284079084286,59.0,,,,
Squat,2026-03-19 21:25:09,2.0,108.0265965890051,49.0,,,,
Assist Pull Ups,2026-03-20 07:42:36,10.0,77.16185470643221,35.0,,,,
Assist Pull Ups,2026-03-20 07:44:25,10.0,77.16185470643221,35.0,,,,
Wide Grip Cable Row,2026-03-20 07:46:45,12.0,60.627171555053884,27.5,,,,
Wide Grip Cable Row,2026-03-20 07:48:08,12.0,60.627171555053884,27.5,,,,
Wide Grip Cable Row,2026-03-20 07:50:48,12.0,60.627171555053884,27.5,,,,
Barbell Bent Over Row,2026-03-20 07:55:58,12.0,38.580927353216104,17.5,,,,
Barbell Bent Over Row,2026-03-20 07:56:43,12.0,38.580927353216104,17.5,,,,
Barbell Bent Over Row,2026-03-20 07:57:38,12.0,38.580927353216104,17.5,,,,
Barbell Upright Row,2026-03-20 07:58:34,10.0,38.580927353216104,17.5,,,,
Barbell Upright Row,2026-03-20 08:00:50,10.0,38.580927353216104,17.5,,,,
Barbell Upright Row,2026-03-20 08:03:06,10.0,38.580927353216104,17.5,,,,
Rope Bicep Curls,2026-03-20 08:05:23,12.0,24.802024727067497,11.25,,,,
Rope Bicep Curls,2026-03-20 08:06:54,12.0,24.802024727067497,11.25,,,,
Rope Bicep Curls,2026-03-20 08:08:48,12.0,24.802024727067497,11.25,,,,
Dumbbell Shoulder Press,2026-03-23 20:08:53,12.0,26.45549304220533,12.0,,,,
Dumbbell Shoulder Press,2026-03-23 20:10:20,12.0,26.45549304220533,12.0,,,,
Lateral Raises,2026-03-23 20:14:48,12.0,8.81849768073511,4.0,,,,
Lateral Raises,2026-03-23 20:17:08,12.0,8.81849768073511,4.0,,,,
Lateral Raises,2026-03-23 20:18:10,12.0,8.81849768073511,4.0,,,,
Cable Tricep Pushdown,2026-03-23 20:21:17,12.0,29.21127356743505,13.25,,,,
Cable Tricep Pushdown,2026-03-23 20:22:09,12.0,29.21127356743505,13.25,,,,
Cable Tricep Pushdown,2026-03-23 20:23:26,12.0,29.21127356743505,13.25,,,,
Trx push up,2026-03-23 20:24:42,10.0,0.0,0.0,,,,
Trx push up,2026-03-23 20:25:44,10.0,0.0,0.0,,,,
Trx push up,2026-03-23 20:27:25,10.0,0.0,0.0,,,,
chest press,2026-03-30 19:19:47,12.0,44.09248840367555,20.0,,,,
chest press,2026-03-30 19:20:54,12.0,44.09248840367555,20.0,,,,
chest press,2026-03-30 19:22:24,12.0,44.09248840367555,20.0,,,,
Incline Dumbbell Press,2026-03-30 19:25:58,12.0,26.45549304220533,12.0,,,,
Incline Dumbbell Press,2026-03-30 19:28:01,12.0,26.45549304220533,12.0,,,,
Incline Dumbbell Press,2026-03-30 19:30:51,12.0,26.45549304220533,12.0,,,,
Dumbbell Bench Press,2026-03-30 19:34:21,12.0,26.45549304220533,12.0,,,,
Dumbbell Bench Press,2026-03-30 19:36:39,12.0,26.45549304220533,12.0,,,,
Dumbbell Bench Press,2026-03-30 19:39:19,12.0,26.45549304220533,12.0,,,,
Frontal raises,2026-03-30 19:42:50,12.0,13.227746521102665,6.0,,,,
Frontal raises,2026-03-30 19:44:01,12.0,13.227746521102665,6.0,,,,
Frontal raises,2026-03-30 19:46:18,12.0,13.227746521102665,6.0,,,,
Assist Pull Ups,2026-04-06 18:31:13,6.0,0.0,0.0,,,,
Assist Pull Ups,2026-04-06 18:32:33,10.0,60.627171555053884,27.5,,,,
Assist Pull Ups,2026-04-06 18:34:04,10.0,60.627171555053884,27.5,,,,
Wide Grip Cable Row,2026-04-06 18:35:45,12.0,60.627171555053884,27.5,,,,
Wide Grip Cable Row,2026-04-06 18:37:21,12.0,77.16185470643221,35.0,,,,
Wide Grip Cable Row,2026-04-06 18:39:28,12.0,77.16185470643221,35.0,,,,
Rope Bicep Curls,2026-04-06 18:41:58,12.0,27.557805252297218,12.5,,,,
Rope Bicep Curls,2026-04-06 18:43:11,12.0,27.557805252297218,12.5,,,,
Rope Bicep Curls,2026-04-06 18:45:41,12.0,27.557805252297218,12.5,,,,
Barbell Upright Row,2026-04-06 18:48:41,12.0,26.45549304220533,12.0,,,,
Barbell Upright Row,2026-04-06 18:49:25,12.0,26.45549304220533,12.0,,,,
Barbell Upright Row,2026-04-06 18:50:48,12.0,26.45549304220533,12.0,,,,
Barbell Bent Over Row,2026-04-13 19:53:52,12.0,58.4225471348701,26.5,,,,
Barbell Bent Over Row,2026-04-13 19:54:58,12.0,58.4225471348701,26.5,,,,
Barbell Bent Over Row,2026-04-13 19:56:15,12.0,58.4225471348701,26.5,,,,
Barbell Upright Row,2026-04-13 19:58:13,10.0,58.4225471348701,26.5,,,,
Barbell Upright Row,2026-04-13 20:00:12,10.0,58.4225471348701,26.5,,,,
Barbell Upright Row,2026-04-13 20:02:19,10.0,58.4225471348701,26.5,,,,
Seated Row,2026-04-13 20:07:53,12.0,93.69653785781054,42.5,,,,
Seated Row,2026-04-13 20:07:54,12.0,93.69653785781054,42.5,,,,
Seated Row,2026-04-13 20:08:47,12.0,93.69653785781054,42.5,,,,
Rope Bicep Curls,2026-04-13 20:10:23,12.0,27.557805252297218,12.5,,,,
Rope Bicep Curls,2026-04-13 20:11:48,12.0,27.557805252297218,12.5,,,,
Rope Bicep Curls,2026-04-13 20:14:14,12.0,27.557805252297218,12.5,,,,
Cable Tricep Pushdown,2026-04-13 20:16:18,12.0,27.557805252297218,12.5,,,,
Cable Tricep Pushdown,2026-04-13 20:19:13,12.0,27.557805252297218,12.5,,,,
Cable Tricep Pushdown,2026-04-13 20:19:15,12.0,27.557805252297218,12.5,,,,
Ring Push Ups,2026-04-20 20:24:46,12.0,0.0,0.0,,,,
Ring Push Ups,2026-04-20 20:27:19,12.0,0.0,0.0,,,,
Ring Push Ups,2026-04-20 20:27:21,12.0,0.0,0.0,,,,
TRX Row,2026-04-20 20:28:38,12.0,0.0,0.0,,,,
TRX Row,2026-04-20 20:30:07,10.0,0.0,0.0,,,,
TRX Row,2026-04-20 20:30:49,12.0,0.0,0.0,,,,
Assist Dips,2026-04-20 20:33:41,8.0,60.627171555053884,27.5,,,,
Assist Dips,2026-04-20 20:35:25,10.0,55.115610504594436,25.0,,,,
Assist Dips,2026-04-20 20:36:44,8.0,55.115610504594436,25.0,,,,
Assist Dips,2026-04-20 20:38:31,10.0,55.115610504594436,25.0,,,,
chest press,2026-04-20 20:41:14,12.0,44.09248840367555,20.0,,,,
chest press,2026-04-20 20:42:52,12.0,60.627171555053884,27.5,,,,
chest press,2026-04-20 20:44:19,12.0,60.627171555053884,27.5,,,,
Dumbbell Bench Press,2026-04-20 20:48:29,10.0,39.68323956330799,18.0,,,,
Dumbbell Bench Press,2026-04-20 20:51:25,8.0,39.68323956330799,18.0,,,,
Dumbbell Bench Press,2026-04-20 20:53:18,6.0,39.68323956330799,18.0,,,,
Dumbbell Bench Press,2026-04-20 20:56:43,6.0,39.68323956330799,18.0,,,,
Dumbbell Bench Press,2026-04-20 20:59:12,8.0,39.68323956330799,18.0,,,,
Ring Tricep Extension,2026-04-20 21:02:22,10.0,0.0,0.0,,,,
Ring Tricep Extension,2026-04-20 21:03:03,10.0,0.0,0.0,,,,
Ring Tricep Extension,2026-04-20 21:04:14,10.0,0.0,0.0,,,,
Hip flexor triangle,2026-04-23 21:29:22,8.0,0.0,0.0,,,,
Hip flexor triangle,2026-04-23 21:29:23,8.0,0.0,0.0,,,,
Hip flexor triangle,2026-04-23 21:29:26,8.0,0.0,0.0,,,,
Hip flexor triangle,2026-04-23 21:29:28,8.0,0.0,0.0,,,,
Poor mans leg extension,2026-04-23 21:30:25,8.0,0.0,0.0,,,,
Poor mans leg extension,2026-04-23 21:31:53,8.0,0.0,0.0,,,,
Poor mans leg extension,2026-04-23 21:33:26,8.0,0.0,0.0,,,,
Inchworm to standup,2026-04-23 21:35:03,6.0,0.0,0.0,,,,
Inchworm to standup,2026-04-23 21:35:05,6.0,0.0,0.0,,,,
Inchworm to standup,2026-04-23 21:36:23,6.0,0.0,0.0,,,,
Hamstring walkout,2026-04-23 21:38:20,6.0,0.0,0.0,,,,
Hamstring walkout,2026-04-23 21:41:20,6.0,0.0,0.0,,,,
Cossack Squat,2026-04-23 21:44:32,12.0,0.0,0.0,,,,
Cossack Squat,2026-04-23 21:47:47,12.0,0.0,0.0,,,,
Cossack Squat,2026-04-23 21:47:50,12.0,0.0,0.0,,,,
Standing Calf Raise,2026-04-23 21:50:54,20.0,88.1849768073511,40.0,,,,
Standing Calf Raise,2026-04-23 21:55:37,20.0,88.1849768073511,40.0,,,,
Standing Calf Raise,2026-04-23 21:56:10,20.0,88.1849768073511,40.0,,,,
Leg Press,2026-04-23 21:58:39,12.0,88.1849768073511,40.0,,,,
Leg Press,2026-04-23 22:00:43,12.0,88.1849768073511,40.0,,,,
Leg Press,2026-04-23 22:02:11,12.0,88.1849768073511,40.0,,,,
Leg Press,2026-04-23 22:03:46,12.0,88.1849768073511,40.0,,,,
Lat Pulldown,2026-04-25 19:18:20,12.0,60.627171555053884,27.5,,,,
Lat Pulldown,2026-04-25 19:19:41,12.0,77.16185470643221,35.0,,,,
Lat Pulldown,2026-04-25 19:23:03,12.0,77.16185470643221,35.0,,,,
Lat Pulldown,2026-04-25 19:24:05,12.0,77.16185470643221,35.0,,,,
Wide Grip Cable Row,2026-04-25 19:28:06,12.0,77.16185470643221,35.0,,,,
Wide Grip Cable Row,2026-04-25 19:30:15,12.0,77.16185470643221,35.0,,,,
Wide Grip Cable Row,2026-04-25 19:32:09,12.0,77.16185470643221,35.0,,,,
Standing single arm bicep curl,2026-04-25 19:33:44,8.0,16.53468315137833,7.5,,,,
Standing single arm bicep curl,2026-04-25 19:33:45,8.0,16.53468315137833,7.5,,,,
Standing single arm bicep curl,2026-04-25 19:34:45,8.0,16.53468315137833,7.5,,,,
Standing single arm bicep curl,2026-04-25 19:34:48,8.0,16.53468315137833,7.5,,,,
Standing single arm bicep curl,2026-04-25 19:36:00,8.0,16.53468315137833,7.5,,,,
Standing single arm bicep curl,2026-04-25 19:36:06,8.0,16.53468315137833,7.5,,,,
Kettlebell Shrug,2026-04-25 19:38:14,15.0,26.45549304220533,12.0,,,,
Kettlebell Shrug,2026-04-25 19:38:48,15.0,26.45549304220533,12.0,,,,
Kettlebell Shrug,2026-04-25 19:40:35,15.0,26.45549304220533,12.0,,,,
Barbell Bicep Curl,2026-04-25 19:42:46,10.0,22.046244201837776,10.0,,,,
Barbell Bicep Curl,2026-04-25 19:46:03,10.0,22.046244201837776,10.0,,,,
Barbell Bicep Curl,2026-04-25 19:48:43,10.0,22.046244201837776,10.0,,,,
Press Ups,2026-04-27 20:03:05,12.0,0.0,0.0,,,,
Press Ups,2026-04-27 20:03:55,12.0,0.0,0.0,,,,
Press Ups,2026-04-27 20:05:29,12.0,0.0,0.0,,,,
chest press,2026-04-27 20:07:46,12.0,60.627171555053884,27.5,,,,
chest press,2026-04-27 20:10:02,12.0,60.627171555053884,27.5,,,,
chest press,2026-04-27 20:11:31,12.0,60.627171555053884,27.5,,,,
Cable Tricep Pushdown,2026-04-27 20:15:50,12.0,33.06936630275666,15.0,,,,
Cable Tricep Pushdown,2026-04-27 20:17:16,12.0,33.06936630275666,15.0,,,,
Cable Tricep Pushdown,2026-04-27 20:19:05,12.0,33.06936630275666,15.0,,,,
Dumbbell Bench Press,2026-04-27 20:23:00,8.0,44.09248840367555,20.0,,,,
Dumbbell Bench Press,2026-04-27 20:27:37,8.0,44.09248840367555,20.0,,,,
Dumbbell Bench Press,2026-04-27 20:34:36,8.0,44.09248840367555,20.0,,,,
Dumbbell Shoulder Press,2026-04-27 20:40:11,10.0,39.68323956330799,18.0,,,,
Dumbbell Shoulder Press,2026-04-27 20:42:52,7.0,39.68323956330799,18.0,,,,
Hip flexor triangle,2026-04-29 07:45:22,8.0,0.0,0.0,,,,
Hip flexor triangle,2026-04-29 07:45:24,8.0,0.0,0.0,,,,
Hip flexor triangle,2026-04-29 07:45:29,8.0,0.0,0.0,,,,
Hip flexor triangle,2026-04-29 07:45:30,8.0,0.0,0.0,,,,
Poor mans leg extension,2026-04-29 07:46:52,8.0,0.0,0.0,,,,
Poor mans leg extension,2026-04-29 07:48:09,8.0,0.0,0.0,,,,
Poor mans leg extension,2026-04-29 07:48:51,8.0,0.0,0.0,,,,
Inchworm to standup,2026-04-29 07:49:45,6.0,0.0,0.0,,,,
Inchworm to standup,2026-04-29 07:54:00,6.0,0.0,0.0,,,,
Inchworm to standup,2026-04-29 07:54:02,6.0,0.0,0.0,,,,
Hamstring walkout,2026-04-29 07:55:23,6.0,0.0,0.0,,,,
Hamstring walkout,2026-04-29 07:56:04,6.0,0.0,0.0,,,,
Cossack Squat,2026-04-29 07:58:06,12.0,0.0,0.0,,,,
Cossack Squat,2026-04-29 07:58:08,12.0,0.0,0.0,,,,
Leg Press,2026-04-29 08:00:53,12.0,176.3699536147022,80.0,,,,
Leg Press,2026-04-29 08:02:49,12.0,176.3699536147022,80.0,,,,
Leg Press,2026-04-29 08:03:59,12.0,176.3699536147022,80.0,,,,
Leg Press,2026-04-29 08:05:10,12.0,220.46244201837774,100.0,,,,
Leg Press,2026-04-29 08:07:12,12.0,220.46244201837774,100.0,,,,
Leg Press,2026-04-29 08:10:24,12.0,220.46244201837774,100.0,,,,
Wide Grip Cable Row,2026-05-01 07:39:00,12.0,77.16185470643221,35.0,,,,
Wide Grip Cable Row,2026-05-01 07:40:35,12.0,77.16185470643221,35.0,,,,
Wide Grip Cable Row,2026-05-01 07:42:16,12.0,77.16185470643221,35.0,,,,
Lat Pulldown,2026-05-01 07:45:07,12.0,77.16185470643221,35.0,,,,
Lat Pulldown,2026-05-01 07:45:10,12.0,77.16185470643221,35.0,,,,
Lat Pulldown,2026-05-01 07:47:27,12.0,77.16185470643221,35.0,,,,
Standing single arm bicep curl,2026-05-01 07:49:22,10.0,16.53468315137833,7.5,,,,
Standing single arm bicep curl,2026-05-01 07:49:26,10.0,16.53468315137833,7.5,,,,
Standing single arm bicep curl,2026-05-01 07:51:21,8.0,16.53468315137833,7.5,,,,
Standing single arm bicep curl,2026-05-01 07:51:23,8.0,16.53468315137833,7.5,,,,
Standing single arm bicep curl,2026-05-01 07:54:22,8.0,16.53468315137833,7.5,,,,
Standing single arm bicep curl,2026-05-01 07:54:23,8.0,16.53468315137833,7.5,,,,
Kettlebell Shrug,2026-05-01 07:54:28,15.0,26.45549304220533,12.0,,,,
Kettlebell Shrug,2026-05-01 07:54:53,15.0,26.45549304220533,12.0,,,,
Kettlebell Shrug,2026-05-01 07:57:17,15.0,26.45549304220533,12.0,,,,
Barbell Curl,2026-05-01 07:58:50,10.0,33.06936630275666,15.0,,,,
Barbell Curl,2026-05-01 08:01:13,10.0,33.06936630275666,15.0,,,,
Barbell Curl,2026-05-01 08:02:45,10.0,33.06936630275666,15.0,,,,
Tricep Dips,2026-05-04 10:13:10,12.0,77.16185470643221,35.0,,,,
Tricep Dips,2026-05-04 10:14:45,12.0,66.13873260551333,30.0,,,,
Tricep Dips,2026-05-04 10:16:27,12.0,66.13873260551333,30.0,,,,
Dumbbell Bench Press,2026-05-04 10:19:39,10.0,44.09248840367555,20.0,,,,
Dumbbell Bench Press,2026-05-04 10:23:45,10.0,44.09248840367555,20.0,,,,
Dumbbell Bench Press,2026-05-04 10:27:58,10.0,44.09248840367555,20.0,,,,
Dumbbell Shoulder Press,2026-05-04 10:31:15,10.0,39.68323956330799,18.0,,,,
Dumbbell Shoulder Press,2026-05-04 10:36:14,10.0,39.68323956330799,18.0,,,,
Dumbbell Shoulder Press,2026-05-04 10:42:46,10.0,39.68323956330799,18.0,,,,
Standing Cable Flies,2026-05-04 10:48:27,10.0,24.802024727067497,11.25,,,,
Standing Cable Flies,2026-05-04 10:49:44,10.0,24.802024727067497,11.25,,,,
Standing Cable Flies,2026-05-04 10:52:24,10.0,19.290463676608052,8.75,,,,
Hip flexor triangle,2026-05-06 06:52:47,8.0,0.0,0.0,,,,
Hip flexor triangle,2026-05-06 06:52:49,8.0,0.0,0.0,,,,
Hip flexor triangle,2026-05-06 06:52:50,8.0,0.0,0.0,,,,
Hip flexor triangle,2026-05-06 06:52:52,8.0,0.0,0.0,,,,
Poor mans leg extension,2026-05-06 06:52:58,8.0,0.0,0.0,,,,
Poor mans leg extension,2026-05-06 06:53:00,8.0,0.0,0.0,,,,
Poor mans leg extension,2026-05-06 06:53:38,8.0,0.0,0.0,,,,
Inchworm to standup,2026-05-06 06:54:39,6.0,0.0,0.0,,,,
Inchworm to standup,2026-05-06 06:55:48,6.0,0.0,0.0,,,,
Inchworm to standup,2026-05-06 06:57:19,6.0,0.0,0.0,,,,
Hamstring walkout,2026-05-06 06:58:45,6.0,0.0,0.0,,,,
Hamstring walkout,2026-05-06 07:02:31,6.0,0.0,0.0,,,,
Cossack Squat,2026-05-06 07:05:17,12.0,0.0,0.0,,,,
Cossack Squat,2026-05-06 07:05:19,12.0,0.0,0.0,,,,
Standing Calf Raise,2026-05-06 07:07:11,15.0,176.3699536147022,80.0,,,,
Standing Calf Raise,2026-05-06 07:13:07,15.0,176.3699536147022,80.0,,,,
Hack Squat,2026-05-06 07:15:13,10.0,176.3699536147022,80.0,,,,
Hack Squat,2026-05-06 07:16:50,10.0,176.3699536147022,80.0,,,,
Hack Squat,2026-05-06 07:19:31,10.0,176.3699536147022,80.0,,,,
Lat Pulldown,2026-05-08 07:47:45,12.0,77.16185470643221,35.0,,,,
Lat Pulldown,2026-05-08 07:48:35,12.0,77.16185470643221,35.0,,,,
Lat Pulldown,2026-05-08 07:50:43,12.0,77.16185470643221,35.0,,,,
Seated Row,2026-05-08 07:52:25,12.0,93.69653785781054,42.5,,,,
Seated Row,2026-05-08 07:58:58,12.0,93.69653785781054,42.5,,,,
Seated Row,2026-05-08 07:59:00,12.0,93.69653785781054,42.5,,,,
Standing single arm bicep curl,2026-05-08 08:00:39,12.0,16.53468315137833,7.5,,,,
Standing single arm bicep curl,2026-05-08 08:00:41,12.0,16.53468315137833,7.5,,,,
Standing single arm bicep curl,2026-05-08 08:03:35,12.0,16.53468315137833,7.5,,,,
Standing single arm bicep curl,2026-05-08 08:03:37,12.0,16.53468315137833,7.5,,,,
Standing single arm bicep curl,2026-05-08 08:07:03,12.0,16.53468315137833,7.5,,,,
Standing single arm bicep curl,2026-05-08 08:07:05,12.0,16.53468315137833,7.5,,,,
Kettlebell Shrug,2026-05-08 08:08:04,12.0,35.27399072294044,16.0,,,,
Kettlebell Shrug,2026-05-08 08:10:00,12.0,35.27399072294044,16.0,,,,
Kettlebell Shrug,2026-05-08 08:15:00,12.0,35.27399072294044,16.0,,,,
Tricep Dips,2026-05-11 20:43:41,12.0,66.13873260551333,30.0,,,,
Tricep Dips,2026-05-11 20:46:28,12.0,60.627171555053884,27.5,,,,
Tricep Dips,2026-05-11 20:46:30,12.0,60.627171555053884,27.5,,,,
Dumbbell Bench Press,2026-05-11 20:50:57,10.0,44.09248840367555,20.0,,,,
Dumbbell Bench Press,2026-05-11 20:55:22,10.0,44.09248840367555,20.0,,,,
Dumbbell Bench Press,2026-05-11 21:01:24,10.0,44.09248840367555,20.0,,,,
Dumbbell Shoulder Press,2026-05-11 21:07:46,10.0,44.09248840367555,20.0,,,,
Dumbbell Shoulder Press,2026-05-11 21:12:58,10.0,44.09248840367555,20.0,,,,
Dumbbell Shoulder Press,2026-05-11 21:19:33,10.0,44.09248840367555,20.0,,,,
Hip flexor triangle,2026-05-13 07:45:44,8.0,0.0,0.0,,,,
Hip flexor triangle,2026-05-13 07:45:46,8.0,0.0,0.0,,,,
Hip flexor triangle,2026-05-13 07:46:31,8.0,0.0,0.0,,,,
Hip flexor triangle,2026-05-13 07:46:33,8.0,0.0,0.0,,,,
Poor mans leg extension,2026-05-13 07:47:15,8.0,0.0,0.0,,,,
Poor mans leg extension,2026-05-13 07:47:48,8.0,0.0,0.0,,,,
Poor mans leg extension,2026-05-13 07:49:01,8.0,0.0,0.0,,,,
Inchworm to standup,2026-05-13 07:50:33,6.0,0.0,0.0,,,,
Inchworm to standup,2026-05-13 07:52:36,6.0,0.0,0.0,,,,
Inchworm to standup,2026-05-13 07:56:08,6.0,0.0,0.0,,,,
Hamstring walkout,2026-05-13 08:00:52,8.0,0.0,0.0,,,,
Hamstring walkout,2026-05-13 08:00:58,8.0,0.0,0.0,,,,
Standing Calf Raise,2026-05-13 08:04:48,15.0,176.3699536147022,80.0,,,,
Standing Calf Raise,2026-05-13 08:06:21,15.0,176.3699536147022,80.0,,,,
Standing Calf Raise,2026-05-13 08:08:07,15.0,176.3699536147022,80.0,,,,
Leg Press,2026-05-13 08:10:05,12.0,176.3699536147022,80.0,,,,
Leg Press,2026-05-13 08:12:32,12.0,176.3699536147022,80.0,,,,
Leg Press,2026-05-13 08:12:36,12.0,176.3699536147022,80.0,,,,
Seated Row,2026-05-15 07:43:53,12.0,93.69653785781054,42.5,,,,
Seated Row,2026-05-15 07:45:18,12.0,93.69653785781054,42.5,,,,
Seated Row,2026-05-15 07:46:00,12.0,93.69653785781054,42.5,,,,
Standing single arm bicep curl,2026-05-15 07:49:10,6.0,16.53468315137833,7.5,,,,
Standing single arm bicep curl,2026-05-15 07:49:12,6.0,16.53468315137833,7.5,,,,
Standing single arm bicep curl,2026-05-15 07:52:53,6.0,16.53468315137833,7.5,,,,
Lat Pulldown,2026-05-15 07:53:35,12.0,77.16185470643221,35.0,,,,
Lat Pulldown,2026-05-15 07:55:50,12.0,77.16185470643221,35.0,,,,
Lat Pulldown,2026-05-15 07:58:21,12.0,77.16185470643221,35.0,,,,
Kettlebell Shrug,2026-05-15 07:59:12,12.0,35.27399072294044,16.0,,,,
Kettlebell Shrug,2026-05-15 08:03:02,12.0,35.27399072294044,16.0,,,,
Kettlebell Shrug,2026-05-15 08:04:01,12.0,35.27399072294044,16.0,,,,
Dumbbell Bench Press,2026-05-18 20:43:33,12.0,44.09248840367555,20.0,,,,
Dumbbell Bench Press,2026-05-18 20:46:51,12.0,44.09248840367555,20.0,,,,
Dumbbell Bench Press,2026-05-18 20:50:45,12.0,44.09248840367555,20.0,,,,
Incline Dumbbell Press,2026-05-18 20:54:21,7.0,44.09248840367555,20.0,,,,
Incline Dumbbell Press,2026-05-18 21:00:20,8.0,44.09248840367555,20.0,,,,
Incline Dumbbell Press,2026-05-18 21:05:17,9.0,44.09248840367555,20.0,,,,
Rope Tricep extension,2026-05-18 21:08:29,12.0,27.557805252297218,12.5,,,,
Rope Tricep extension,2026-05-18 21:10:35,12.0,27.557805252297218,12.5,,,,
Rope Tricep extension,2026-05-18 21:12:55,12.0,27.557805252297218,12.5,,,,
Seated Shoulder cable press,2026-05-18 21:16:16,10.0,44.09248840367555,20.0,,,,
Seated Shoulder cable press,2026-05-18 21:18:23,10.0,55.115610504594436,25.0,,,,
Seated Shoulder cable press,2026-05-18 21:20:09,8.0,60.627171555053884,27.5,,,,
Bench Press,2026-05-25 20:14:35,8.0,63.93410818532955,29.0,,,,
Bench Press,2026-05-25 20:17:42,8.0,85.98035238716733,39.0,,,,
Bench Press,2026-05-25 20:18:54,8.0,97.00347448808621,44.0,,,,
Bench Press,2026-05-25 20:23:20,8.0,108.0265965890051,49.0,,,,
chest press,2026-05-25 20:27:24,8.0,44.09248840367555,20.0,,,,
chest press,2026-05-25 20:27:30,12.0,55.115610504594436,25.0,,,,
chest press,2026-05-25 20:28:50,12.0,55.115610504594436,25.0,,,,
chest press,2026-05-25 20:30:03,8.0,44.09248840367555,20.0,,,,
Seated Shoulder Press,2026-05-25 20:32:36,8.0,44.09248840367555,20.0,,,,
Seated Shoulder Press,2026-05-25 20:34:56,8.0,44.09248840367555,20.0,,,,
Seated Shoulder Press,2026-05-25 20:37:51,8.0,44.09248840367555,20.0,,,,
Rope Tricep extension,2026-05-25 20:40:17,12.0,27.557805252297218,12.5,,,,
Rope Tricep extension,2026-05-25 20:41:35,12.0,27.557805252297218,12.5,,,,
Rope Tricep extension,2026-05-25 20:43:00,12.0,33.06936630275666,15.0,,,,
Leg Press,2026-05-27 07:46:42,12.0,88.1849768073511,40.0,,,,
Leg Press,2026-05-27 07:49:28,12.0,88.1849768073511,40.0,,,,
Leg Press,2026-05-27 07:51:37,12.0,88.1849768073511,40.0,,,,
Standing Calf Raise,2026-05-27 07:51:51,12.0,88.1849768073511,40.0,,,,
Standing Calf Raise,2026-05-27 07:53:24,12.0,88.1849768073511,40.0,,,,
Standing Calf Raise,2026-05-27 07:55:09,12.0,88.1849768073511,40.0,,,,
Bulgarian Split Squat,2026-05-27 07:57:55,24.0,17.63699536147022,8.0,,,,
Bulgarian Split Squat,2026-05-27 07:59:30,24.0,17.63699536147022,8.0,,,,
Bulgarian Split Squat,2026-05-27 08:01:49,24.0,17.63699536147022,8.0,,,,
Cossack Squat,2026-05-27 08:03:45,16.0,0.0,0.0,,,,
Cossack Squat,2026-05-27 08:05:49,16.0,0.0,0.0,,,,
Cossack Squat,2026-05-27 08:06:57,16.0,0.0,0.0,,,,
Dumbbell Lunges,2026-05-27 08:09:02,20.0,17.63699536147022,8.0,,,,
Dumbbell Lunges,2026-05-27 08:10:15,20.0,17.63699536147022,8.0,,,,
Dumbbell Lunges,2026-05-27 08:11:00,20.0,17.63699536147022,8.0,,,,
Barbell Bent Over Row,2026-05-31 19:55:55,12.0,66.13873260551333,30.0,,,,
Barbell Bent Over Row,2026-05-31 19:58:14,12.0,88.1849768073511,40.0,,,,
Barbell Bent Over Row,2026-05-31 20:00:04,12.0,88.1849768073511,40.0,,,,
Seated Row,2026-05-31 20:01:20,12.0,93.69653785781054,42.5,,,,
Seated Row,2026-05-31 20:05:06,12.0,93.69653785781054,42.5,,,,
Seated Row,2026-05-31 20:07:15,12.0,93.69653785781054,42.5,,,,
Single Arm Rows,2026-05-31 20:09:03,10.0,35.27399072294044,16.0,,,,
Single Arm Rows,2026-05-31 20:09:04,10.0,35.27399072294044,16.0,,,,
Single Arm Rows,2026-05-31 20:13:12,10.0,35.27399072294044,16.0,,,,
Single Arm Rows,2026-05-31 20:13:16,10.0,35.27399072294044,16.0,,,,
Single Arm Rows,2026-05-31 20:16:52,10.0,35.27399072294044,16.0,,,,
Single Arm Rows,2026-05-31 20:16:54,10.0,35.27399072294044,16.0,,,,
Barbell Bicep Curl,2026-05-31 20:18:11,10.0,26.45549304220533,12.0,,,,
Barbell Bicep Curl,2026-05-31 20:19:33,10.0,26.45549304220533,12.0,,,,
Barbell Bicep Curl,2026-05-31 20:21:09,10.0,26.45549304220533,12.0,,,,
Incline Dumbbell Press,2026-06-01 20:40:53,12.0,35.27399072294044,16.0,,,,
Incline Dumbbell Press,2026-06-01 20:43:13,12.0,35.27399072294044,16.0,,,,
Incline Dumbbell Press,2026-06-01 20:45:57,12.0,35.27399072294044,16.0,,,,
Dumbbell Shoulder Press,2026-06-01 20:49:06,10.0,35.27399072294044,16.0,,,,
Dumbbell Shoulder Press,2026-06-01 20:52:20,10.0,35.27399072294044,16.0,,,,
Dumbbell Shoulder Press,2026-06-01 20:56:08,10.0,35.27399072294044,16.0,,,,
Lateral Raises,2026-06-01 20:59:56,12.0,11.023122100918888,5.0,,,,
Frontal raises,2026-06-01 21:00:03,12.0,11.023122100918888,5.0,,,,
Frontal raises,2026-06-01 21:02:48,12.0,11.023122100918888,5.0,,,,
Lateral Raises,2026-06-01 21:02:51,12.0,11.023122100918888,5.0,,,,
Lateral Raises,2026-06-01 21:07:37,12.0,11.023122100918888,5.0,,,,
Frontal raises,2026-06-01 21:07:39,12.0,11.023122100918888,5.0,,,,
Decline Sit Up,2026-06-01 21:12:19,10.0,,,,,,
Lat Pulldown,2026-06-22 20:38:42,10.0,77.16185470643221,35.0,,,,
Lat Pulldown,2026-06-22 20:41:36,10.0,77.16185470643221,35.0,,,,
Lat Pulldown,2026-06-22 20:41:40,10.0,77.16185470643221,35.0,,,,
Dumbbell Bench Press,2026-06-22 20:43:49,20.0,26.45549304220533,12.0,,,,
Dumbbell Bench Press,2026-06-22 20:46:59,20.0,26.45549304220533,12.0,,,,
Dumbbell Bench Press,2026-06-22 20:49:43,20.0,26.45549304220533,12.0,,,,
Dumbbell Bicep Curl,2026-06-22 20:54:33,8.0,26.45549304220533,12.0,,,,
Dumbbell Bicep Curl,2026-06-22 20:57:14,8.0,26.45549304220533,12.0,,,,
Dumbbell Bicep Curl,2026-06-22 21:01:32,8.0,26.45549304220533,12.0,,,,
Cable Tricep Pushdown With Straight Bar,2026-06-22 21:01:48,12.0,38.580927353216104,17.5,,,,
Cable Tricep Pushdown With Straight Bar,2026-06-22 21:02:45,12.0,38.580927353216104,17.5,,,,
Cable Tricep Pushdown With Straight Bar,2026-06-22 21:04:10,12.0,38.580927353216104,17.5,,,,