iata_code,icao_code,name,country
,GNL,"135 Airways","United States"
2T,TBS,"Timbis Air",Kenya
,WYT,"2 Sqn No 1 Elementary Flying Training School","United Kingdom"
,TFU,"213th Flight Unit",Russia
,CHD,"223rd Flight Unit",Russia
,TTF,"224th Flight Unit",Russia
,TWF,"247 Jet Ltd","United Kingdom"
,SEC,"3D Aviation","United States"
3J,JUB,"Jubba Airways",Kenya
Q5,MLA,"40-Mile Air","United States"
,QRT,"4D Air",Thailand
,PIU,"43 Air School","South Africa"
4D,ASD,"Air Sinai",Egypt
4R,SEK,"Star East Airline",Romania
4O,AIJ,Interjet,Mexico
7A,XRC,"Express Air Cargo",Tunisia
7B,UBE,"Bees Airline",Ukraine
7S,RYA,"Ryan Air Services","United States"
,BRO,"2Excel Aviation","United Kingdom"
A2,AWG,Animawings,Romania
,WSN,"Advanced Air","United States"
,GBT,"A-Jet Aviation Aircraft Management",Austria
,AJR,"A-Jet Aviation Company",Mongolia
,SFM,"A-Safar Air Services",Nigeria
,AJJ,"A2 Jet Leasing","United States"
,XXV,AASANA,Bolivia
,LEP,"Air Costa",India
,NKP,"Abakan Air","Russian Federation"
,ADD,"Advanced Air Co.",Japan
,OWN,"Aero Owen",Mexico
,ASR,"Aero Sotravia",France
,ARH,Aerohelicopteros,Venezuela
,VMX,"Aeroventas de Mexico",Mexico
WP,ATW,"Air Antwerp",Belgium
,ACC,"Airspeed Charter",Jamaica
,FSY,"Algonquin Airlink",Canada
,TTX,"Alliance Air Charters","United States"
,ALN,"Alpha Jet, S.R.O.",Slovakia
,UJX,"Atlas Ukraine Airlines",Ukraine
,RGR,"Avior Regional",Venezuela
,NGF,"Air Charity Network","United States"
,WFT,"Aircharters Worldwide","United States"
,ATT,"Attawasol Airlines",Libya
,EDY,"Apollo Air Service","United Kingdom"
JY,IWY,"InterCaribbean Airways","Turks and Caicos Islands"
JU,ASL,"Air Serbia",Serbia
QH,LYN,"Air Kyrgyzstan",Kyrgyzstan
XK,CCM,"Air Corsica",France
,AHS,"AHS Air International",Pakistan
,ROH,"Aberdair Aviation Ghana",Ghana
,ROO,"Aero Roa",Mexico
,AWF,Aeroforward,"United States"
,SUP,"Aeronautical Charters","United States"
,PSO,"Aerotaxis Pegaso",Mexico
EI,EIN,"Aer Lingus",Ireland
,VLB,"Air Volta",Bulgaria
,WAS,Air-Watania,Iraq
,FCJ,"AirSprint US","United States"
,TEW,"Airteam Charter","South Africa"
,STT,"Alpha Star Charter","Saudi Arabia"
,LBZ,"Angkasa Super Service",Indonesia
,HEZ,"Arrow Aviation",Israel
,UAH,"Air Experience Flight, Cranwell","United Kingdom"
,DRO,"Adro Servicios Aereos",Mexico
,RVQ,"Aero Jet International","United States"
,ASK,Aerosky,Spain
,AEH,Aero4m,Slovenia
,ERO,Aeroecom,Venezuela
A8,XAU,"Aerolink Uganda",Uganda
,NKY,Aeromonkey,Mexico
,AWP,"Aeroworld Pakistan",Pakistan
,AGA,"AG Air",Georgia
,ABZ,"Air Ambulance Services",Bahamas
RV,ROU,"Air Canada Rouge",Canada
,CNM,"Air China Inner Mongolia",China
,VRE,"Air Côte d'Ivoire","Ivory Coast"
,AWL,"Air Walser",Malta
,AXY,"Air X Charter",Malta
,OES,"ART Aviation",Austria
,ASF,"Austrian Air Force",Austria
,AVG,"Aviation Legacy",Gambia
7A,AZY,"Aztec Worldwide Airlines","United States"
W9,AAB,"Abelag Aviation",Belgium
6U,ACX,"Air Cargo Germany",Germany
,AAD,"Aero Aviation Centre Ltd.",Canada
,SII,"Aero Servicios Ejecutivos Internacionales",Mexico
,BZS,"Aero Biniza",Mexico
,AET,Aero-Palma,Spain
,ABM,"Aero Albatros",Spain
E4,RSO,"Aero Asia International",Pakistan
ZI,AAF,"Aigle Azur",France
,AAM,"Aim Air",Moldova
,AAO,"Atlantis Airlines (USA)","United States"
,AAP,"Aerovista Airlines",Kyrgyzstan
AE,AE,"Air Ceylon","Sri Lanka"
OZ,AAR,"Asiana Airlines","Republic of Korea"
4K*,AAS,"Askari Aviation",Pakistan
,AAU,"Australia Asia Airlines",Australia
,AAV,"Astro Air International","United States"
8U,AAW,"Afriqiyah Airways",Libya
Q9,AFU,"Afrinat International Airlines",Gambia
,AAX,"Afric'air Express","Côte d'Ivoire"
,BRL,"Air Brasd'or",Canada
,AFH,"Air Fecteau",Canada
,BRM,"Air 500",Canada
,AAG,"Atlantic Flight Training","United Kingdom"
QB,AAJ,"Air Alma",Canada
,ACS,"Air Cess",Liberia
,ADT,"Air Dorval",Canada
,AHN,"Air Hungaria",Hungary
,AHR,"Air Adriatic",Croatia
LD,AHK,"Air Hong Kong","Hong Kong"
,AEQ,"Air Express",Sweden
,AAI,"Air Aurora","United States"
,ACU,"Air Cargo Transportation System",Kenya
UL,ALK,"SriLankan Airlines","Sri Lanka"
,ACV,"Air Charter Service","United Kingdom"
,ADC,"Air Atlantic Dominicana","Dominican Republic"
,ADW,"Air Andaman",Thailand
UX,AEA,"Air Europa",Spain
IG,AEY,"Air Italy",Italy
,ASW,"Air Southwest Ltd.",Canada
,ASX,"Air Special","Czech Republic"
NX,AMU,"Air Macau",Macao
ZV,AMW,"Air Midwest","United States"
HM,SEY,"Air Seychelles",Seychelles
,SFB,"Air Sofia",Bulgaria
,BRF,"Air Bravo",Uganda
AF,AFR,"Air France",France
,ACG,"Air Partner","United Kingdom"
SB,ACI,"Air Caledonie International",France
,VSG,"AirClass Airways",Spain
EH,AKX,"Air Nippon Network Co. Ltd.",Japan
,ALM,"Air ALM","Netherlands Antilles"
,ACM,"Air Caledonia",Canada
,AGM,"Air Guam","United States"
ZW,AWI,"Air Wisconsin","United States"
,ALU,"Air Luxor STP","São Tomé and Príncipe"
YI,RSI,"Air Sunshine","United States"
GN,AGN,"Air Gabon",Gabon
,AFS,"Air Data","United Kingdom"
,AFV,"Air Afrique Vacancies","Côte d'Ivoire"
NQ,AJX,"Air Japan",Japan
VD,LIB,"Air Liberté",France
TT,KLA,"Air Lithuania",Lithuania
,AMG,"Air Minas Linhas Aéreas",Brazil
4N,ANT,"Air North Charter - Canada",Canada
,ANV,"Air Nevada","United States"
"NZ TE",ANZ,"Air New Zealand","New Zealand"
,AOE,"Air One Executive",Italy
,AMI,"Air Maldives",Maldives
QM,AML,"Air Malawi",Malawi
,AMN,"Air Montenegro",Montenegro
ML,BIE,"Air Mediterranee",France
P8,MKG,"Air Mekong",Vietnam
,TAH,"Air Moorea",France
,AVZ,"Air Valencia",Spain
,AMO,"Air Montreal (Air Holdings Inc.)",Canada
,AMR,"Air Specialties Corporation","United States"
,AMS,"Air Muskoka",Canada
,AOJ,"Avcon Jet",Austria
,AJU,"Air Jetsul",Portugal
,AKA,"Air Korea Co. Ltd.","Republic of Korea"
,LIV,"Air Livonia",Estonia
ZX,ABL,"Air BC",Canada
,ABN,"Air Fret Senegal",Senegal
,LJA,"Air Jamahiriya Company",Libya
G8,AGB,"Air Service Gabon",Gabon
7T,AGV,"Air Glaciers",Switzerland
,MVM,"Air Cargo America","United States"
,AMY,"Air Ambar","Dominican Republic"
6V,VGA,"Air Vegas","United States"
,AOU,"Air Tractor",Croatia
,APA,"Air Park Aviation Ltd.",Canada
,APG,"Air People International",Thailand
NH,ANA,"All Nippon Airways",Japan
,ANB,"Air Navigation And Trading Co. Ltd.","United Kingdom"
,NGO,Air-Angol,Angola
TZ,TWG,"air-taxi Europe",Germany
,NGP,"Air Nigeria",Nigeria
2Q,SNC,"Air Cargo Carriers","United States"
,SND,"Air Samarkand",Uzbekistan
V7,SNG,"Air Senegal International",Senegal
,SNY,"Air Sandy",Canada
,AII,"Air Integra",Canada
,BFF,"Air Baffin",Canada
,BDM,"Air Bandama","Ivory Coast"
AB,BER,"Air Berlin",Germany
,ABT,"Air Brousse",Canada
,APV,"Air Plan International","Democratic Republic of the Congo"
,ARX,"Air Xpress, Inc.","United States"
,HTT,"Air Tchad",Chad
,ARZ,"Air Resorts","United States"
,ASB,"Air-Spray 1967 Ltd.",Canada
,ASC,"Air Star Corporation",Canada
,AQN,"Air Queensland",Australia
,ARC,"Air Routing International Corp.","United States"
QN,ARR,"Air Armenia",Armenia
,ABR,"ASL Airlines Ireland",Ireland
,AIL,"Air Illinois","United States"
AI,AIC,"Air India Limited",India
,AIG,"Air Inter Gabon",Gabon
PJ,SPM,"Air Saint Pierre",France
SZ,WOW,"Air Southwest","United Kingdom"
,ATJ,"Air Traffic GmbH",Germany
8C,ATN,"Air Transport International","United States"
,ATQ,"Air Transport Schiphol",Netherlands
,ATS,"Air Transport Service","Democratic Republic of the Congo"
,AUX,"Air Uganda International Ltd.",Uganda
NF,AVN,"Air Vanuatu",Vanuatu
ZB,BUB,"Air Bourbon",Reunion
CC,ABD,"Air Atlanta Icelandic",Iceland
,AIE,"Air Inuit",Canada
,AIS,"Air Sureste",Spain
RB,SBK,"Air Srpska","Bosnia and Herzegovina"
TN,THT,"Air Tahiti Nui",France
SW,NMB,"Air Namibia",Namibia
,NSK,"Air Intersalonika",Greece
,NTL,"Air Anatolia",Turkey
,SGA,"Air Saigon",Vietnam
,AFW,"Afrique Regional Airways","Côte d'Ivoire"
PE,AEL,"Air Europe Italy",Italy
JM,AJM,"Air Jamaica",Jamaica
,AWN,"Air Niamey",Niger
,AWT,"Air West",Canada
6G,AWW,"Air Wales","United Kingdom"
TX,FWI,"Air Caraïbes",France
IX,AXB,"Air India Express",India
,AXD,"Air Express",Sudan
,BSB,"Air Wings",Moldova
BT,BTI,"Air Baltic",Latvia
,ANI,"Air Atlantic (Nig) Limited",Nigeria
EL,ANK,"Air Nippon",Japan
YW,ANE,"Air Nostrum",Spain
PX,ANG,"Air Niugini","Papua New Guinea"
G9,ABY,"Air Arabia","United Arab Emirates"
AC,ACA,"Air Canada",Canada
AP,LAV,AlbaStar,Spain
,MHS,"Air Memphis",Egypt
XT,AXL,"Air Exel",Netherlands
,AZF,"Air Zermatt AG",Switzerland
UM,AZW,"Air Zimbabwe",Zimbabwe
,MHU,"Air Memphis",Uganda
,MKH,"Air Marrakech Service",Morocco
,AZX,"Air Max Africa",Gabon
S2,RSH,"Air Sahara",India
,ATA,"Air Transport Association","United States"
TC,ATC,"Air Tanzania",Tanzania
,XAC,"Air Charter World","United States"
2J,VBW,"Air Burkina","Burkina Faso"
,ATH,"Air Travel Corp.","United States"
KM,AMC,"Air Malta",Malta
YT,TGA,"Air Togo",Togo
,ASJ,"Air Satellite",Canada
,ASN,"Air and Sea Transport",Russia
,ASS,"Air Class, S.A. de C.V.",Mexico
,NPL,"Air Nepal International",Nepal
,NPR,"Air Napier","New Zealand"
,WAM,"Air Taxi & Cargo",Sudan
,RSM,"Air Somalia","Somali Republic"
,AWZ,AirWest,Sudan
G4,AAY,"Allegiant Air","United States"
,AAZ,"Angus Aviation",Canada
,ABA,Artem-Avia,Ukraine
,ABB,"African Business and Transportations","Democratic Republic of the Congo"
,ABE,"Aban Air",Iran
,ABF,"Aerial Oy",Finland
,ABG,Abakan-Avia,Russia
M3,TUS,"ABSA Cargo",Brazil
,ABJ,"Abaeté Linhas Aéreas",Brazil
,ABK,"Alberta Citylink",Canada
,ABO,"APSA Colombia",Colombia
,ABU,"Aerovías Bueno",Colombia
,ACR,"Aerocenter, Escuela de Formación de Pilotos Privados de Avión",Spain
O4,ABV,"Antrak Air",Ghana
GB,ABX,"Airborne Express","United States"
,ACD,"Academy Airlines","United States"
8V,ACP,"Astral Aviation",Kenya
,ACY,"Atlas Cargo Airlines",Morocco
,ADA,"Airservices Australia",Australia
8T,TID,"Air Tindi",Canada
,ADB,"Antonov Airlines",Ukraine
,ADE,"Ada Air",Albania
,ADG,"Aerea Flying Training Organization",Spain
,ADI,"Audeli Air",Spain
,ADJ,"Abidjan Air Cargo","Côte d'Ivoire"
Z7*,ADK,"ADC Airlines",Nigeria
,ADL,"Aero Dynamics","United Kingdom"
,ADN,Aero-Dienst,Germany
,ADP,Aerodiplomatic,Mexico
,ADY,Aerodyne,"United States"
,ADQ,"Avion Taxi",Canada
JP,ADR,"Adria Airways",Slovenia
,ADS,"Aviones de Sonora",Mexico
,ADU,"Airdeal Oy",Finland
,ADV,"Advance Air Charters",Canada
EM*,AEB,"Aero Benin",Benin
,AEC,Aerocésar,Colombia
,AED,"Aerotrans Airlines",Russia
,ADX,"Anderson Aviation","United States"
A3,AEE,"Aegean Airlines",Greece
,AEG,"Aerofumigaciones Sam",Chile
2K,GLG,Aerogal,Ecuador
,AEI,"Aeroexpreso Interamericano",Colombia
,AEJ,"Air Express",Tanzania
,AEK,Aerocon,Bolivia
,AEM,"Aero Madrid",Spain
KD,AEN,"Air Enterprise",France
,AEO,"Aeroservicios Ejecutivos Del Occidente",Mexico
,AEP,"Aerotec Escuela de Pilotos",Spain
KO,AER,"Alaska Central Express","United States"
VX,AES,"ACES Colombia",Colombia
KH,AAH,"Aloha Air Cargo","United States"
,AAK,"Alaska Island Air","United States"
AA,AAL,"American Airlines","United States"
AX,—,AmericanConnection[5],"United States"
AN,AAA,"Ansett Australia",Australia
,AAC,"Army Air Corps","United Kingdom"
5W,AEU,Astraeus,"United Kingdom"
,AEV,Aeroventas,Mexico
VV,AEW,"Aerosvit Airlines",Ukraine
,AEX,"Airway Express","United States"
,AEZ,"Aerial Transit","United States"
,AFA,"Alfa Air","Czech Republic"
WK,AFB,"American Falcon",Argentina
QQ,UTY,"Alliance Airlines",Australia
,UVS,"Air Universal","Sierra Leone"
,UVT,"Auvia Air",Indonesia
,AFC,"African West Air",Senegal
,AFE,"Airfast Indonesia",Indonesia
FG,AFG,"Ariana Afghan Airlines",Afghanistan
RV*,AFI,Africaone,"The Gambia"
Y2,AFJ,"Alliance Air",Uganda
,AFK,"Africa Air Links","Sierra Leone"
SU,AFL,"Aeroflot Russian Airlines",Russia
,AFO,"Aero Empresa Mexicana",Mexico
,AFQ,"Alba Servizi Aerotrasporti",Italy
5Z,AFX,"Airfreight Express","United Kingdom"
,AFY,"Africa Chartered Services",Nigeria
,AFZ,"Africa Freight Services",Zambia
,AGC,"Arab Agricultural Aviation Company",Egypt
,AGF,"Atlantic Gulf Airlines","United States"
5D,SLI,"Aeroméxico Connect",Mexico
,AGG,"Algoma Airways",Canada
,AGH,Altagna,France
,AGO,"Angola Air Charter",Angola
,AGP,"AERFI Group",Ireland
,AGQ,Aerogala,Chile
1A,AGT,"Amadeus IT Group",Spain
,AGU,"Angara Airlines",Russia
,AGW,"Aero Gambia",Gambia
JJ,AGX,Aviogenex,Serbia
,BLR,"Atlantic Coast Airlines","United States"
,BLZ,"Aero Barloz",Mexico
PL,PLI,Aeroperú,Peru
8A,BMM,"Atlas Blue",Morocco
,BNB,"Aero Banobras",Mexico
,AGY,"Aero Flight Service","United States"
,AGZ,Agrolet-Mci,Slovakia
GD,AHA,"Air Alpha Greenland",Denmark
,AHC,"Azal Avia Cargo",Azerbaijan
,AHE,"Airport Helicopter Basel, Muller & Co.",Switzerland
,CJE,"Aeroservices Corporate",France
,AHF,"Aspen Helicopters","United States"
,AHG,"Aerochago Airlines","Dominican Republic"
,AHH,"Airplanes Holdings",Ireland
,AHP,Aerochiapas,Mexico
,AHU,"ABC Air Hungary",Hungary
HT,AHW,Aeromist-Kharkiv,Ukraine
J2,AHY,"Azerbaijan Airlines",Azerbaijan
U3,AIA,Avies,Estonia
4Y,AIB,"Airbus Industrie",France
,AIH,"Air Incheon","South Korea"
RS,ASV,"Air Seoul","South Korea"
,AIK,"African Airlines International Limited",Kenya
,AIN,"African International Airways",Swaziland
5A,AIP,"Alpine Air Express","United States"
,AIU,"Alicante Internacional Airlines",Spain
,ABP,"ABS Jets","Czech Republic"
ED*,ABQ,Airblue,Pakistan
,THM,"Airmark Aviation",Thailand
,AIR,"Airlift International","United States"
,AIT,Airest,Estonia
,AIV,"Airvias S/A Linhas Aéreas",Brazil
W4,BES,"Aero Services Executive",France
,AIW,"Atlantic Island Airways",Canada
,AIX,"Aircruising Australia",Australia
,AIY,"Aircrew Check and Training Australia",Australia
IZ,AIZ,"Arkia Israel Airlines",Israel
,AJA,"Afghan Jet International Airlines",Afghanistan
,AJB,"Aero JBR",Mexico
,AJE,"Aero Jet Express",Mexico
,AJF,"Avia Consult Flugbetriebs",Austria
,AJI,"Ameristar Jet Charter","United States"
,AJK,"Allied Air",Nigeria
,AJO,"Aero Ejecutivo",Mexico
,AJP,"Aero Jets Corporativos",Mexico
,AJS,"Aeroejecutivos Colombia",Colombia
M6,AJT,"Amerijet International","United States"
,AJV,"ANA & JP Express",Japan
,AJW,"Alpha Jet International","United States"
,AJY,AJet,Cyprus
,AKB,Aktjubavia,Kazakhstan
,AKC,"Arca Aerovías Colombianas Ltda.",Colombia
,AKF,"Anikay Air Company",Kyrgyzstan
,AKH,Akhal,Turkmenistan
,MNI,Aeromilenio,Mexico
,AKK,"Aklak Air",Canada
4A,AKL,"Air Kiribati",Kiribati
,AKN,"Alkan Air",Canada
,AKW,"Angkor Airways",Cambodia
,AKZ,"AK Navigator LLC",Kazakhstan
,ALB,"Aero Albatros",Mexico
,ALD,"Albion Aviation","United Kingdom"
,ALE,"Aeroalas Colombia",Colombia
,ALF,"Allied Command Europe (Mobile Force)",Belgium
,BTS,"Aerotaxis Albatros",Mexico
,FYS,"American Flyers","United States"
,DFA,"Aero Coach Aviation","United States"
EV,ASQ,"Atlantic Southeast Airlines","United States"
,BVR,"ACM Air Charter",Germany
,ALG,"Air Logistics","United States"
,ALL,Aerovallarta,Mexico
HP,AWE,"America West Airlines","United States"
,TNO,"Aerotransporte de Carga Union",Mexico
,TND,"Aero Taxis Cessna",Mexico
,TMP,"Arizona Express Airlines","United States"
,ALO,"Allegheny Commuter Airlines","United States"
,ALP,"Allpoints Jet",China
,ALQ,"Altair Aviation (1986)",Canada
VH,ALV,"Aeropostal Alas de Venezuela",Venezuela
,ALW,"Alas Nacionales, S.A.","Dominican Republic"
,ALY,"Alyeska Air Service","United States"
,ALZ,"Alta Flights (Charters) Ltd.",Canada
,AMA,ATMA,Kazakhstan
,AMD,"Aerolíneas Medellín",Colombia
,AMF,Ameriflight,"United States"
,AMH,"Alan Mann Helicopters Ltd.","United Kingdom"
,AMJ,"Aviation Amos",Canada
,AMK,"Amerer Air",Austria
,AMM,"Aeroputul International Marculesti",Moldova
,AMP,"Aero Transporte S.A. (ATSA)",Peru
,AMQ,"Aeromedicare Ltd.","United Kingdom"
TZ,AMT,"ATA Airlines","United States"
,AMV,"AMC Airlines",Egypt
AM,AMX,Aeroméxico,Mexico
,AMZ,"Amiya Airline",Nigeria
,ANC,"Anglo Cargo","United Kingdom"
,BRP,AeroBratsk,Russia
,ANH,"Alajnihah for Air Transport",Libya
,ANM,"Aerotransportacion de Norteamerica",Mexico
TL,ANO,Airnorth,Australia
,ANQ,"Aerolínea de Antioquia",Colombia
OY,ANS,"Andes Líneas Aéreas",Argentina
IW,AOM,"AOM French Airlines",France
,ANW,"Aviación Del Noroeste, S.A. de C.V.",Mexico
,SAP,"Avia Jaynar",Kazakhstan
,EMS,"Aero Servicios Empresariales",Mexico
,AOA,"Alcon Servicios Aéreos, S.A. de C.V.",Mexico
J6,AOC,AVCOM,Russia
,AOD,"Aero Vodochody","Czech Republic"
,AOF,"Atair Pty Ltd.","South Africa"
2D,AOG,"Aero VIP",Argentina
,MUN,"Aeromundo Ejecutivo",Mexico
,MUR,"Aerolínea Muri",Mexico
,AOI,"Astoria, Inc.",Canada
,NRO,"Aero Rent JSC",Russia
,NRP,Aeronord-Grup,Moldova
,AOK,"Aeroatlantico Colombia",Colombia
,AOL,"Angkor Airlines",Cambodia
,AON,"Aero Entreprise",France
,AOO,"As, Opened Joint Stock Company",Ukraine
,AOP,Aeropiloto,Portugal
VB,VIV,"Aeroenlaces Nacionales",Mexico
,VIZ,"Aerovis Airlines",Ukraine
,VJE,"AvJet Routing","United Arab Emirates"
,VGF,"Aerovista Gulf Express","United Arab Emirates"
,VER,Almaver,Mexico
,AOR,"Afro International Ent. Limited",Nigeria
,SMX,"Alitalia Express",Italy
OE,AOT,"Asia Overnight Express",Philippines
,AOV,"Aero Vision",France
,AOX,"Aerotaxi Del Valle",Colombia
,APC,"Airpac Airlines, Inc.","United States"
,SVM,"Aeroservicios Monterrey",Mexico
,APF,"Amapola Flyg AB",Sweden
,APH,"Alpha Aviation, Inc.","United States"
,API,"ASA Pesada, Lda.",Angola
,APJ,"Peach Aviation",Japan
,PET,"Aerotransporte Petrolero",Colombia
GV,ARF,"Aero Flight",Germany
,BJT,"ACM Aviation","United States"
,BKL,"Aircompany Barcol",Russia
,BLA,"All Charter Limited","United Kingdom"
,APL,"Appalachian Flying Service, Inc.","United States"
,APM,"Airpac, Inc.","United States"
,APO,Aeropro,Canada
,APP,"Aerolíneas Pacífico Atlántico, S.A. (Apair)",Panama
,APQ,"Aspen Aviation","United States"
,APU,"Aeropuma, S.A.","El Salvador"
JW,APW,"Arrow Air","United States"
,APX,"Apex Air Cargo","United States"
,APY,"APA Internacional","Dominican Republic"
,AQA,"Aeroatlas, S.A.",Colombia
,AQL,"Aquila Air Ltd.",Canada
,AQO,"Aluminum Company Of America","United States"
,AQT,"Aviones de Renta de Quintana Roo, S.A. de C.V.",Mexico
,AQU,"AirQuarius Aviation","South Africa"
,AQZ,"Aerodyne Charter Company","United States"
,ARA,"Arik Air",Nigeria
,ARB,"Avia Air N.V.",Aruba
4C,ARE,"Aires, Aerovías de Integración Regional, S.A.",Colombia
AR,ARG,"Aerolíneas Argentinas",Argentina
,ARI,"Aero Vics",Mexico
,ARJ,"Aerojet de Costa Rica, S.A.","Costa Rica"
,SUN,"Antillana De Navegación Aérea","Dominican Republic"
,SUO,"Aeroservicios De San Luis",Mexico
,ARK,"Aero Link Air Services S.L.",Spain
,ARL,"Airlec - Air Aquitaine Transport",France
,ARM,"Aeromarket Express",Spain
,ARO,"Arrow Aviation Ltd.",Canada
,KLD,"Air Klaipėda",Lithuania
,ARQ,"Armstrong Air, Inc.",Canada
,ARS,"Aeromet Servicios",Chile
,ART,"Aerotal Aerolíneas Territoriales de Colombia Ltda.",Colombia
,ARV,"Aravco Ltd.","United Kingdom"
,ARW,Aria,France
,OST,"Airline Alania",Russia
,HUC,"Aerolíneas de Techuacán",Mexico
,HUT,"Aerotransportes Huitzilin",Mexico
,HUY,"Aero Transportes Del Humaya",Mexico
,ARY,"Argosy Airways","United States"
AS,ASA,"Alaska Airlines, Inc.","United States"
PL,ASE,Airstars,Russia
,ASG,"African Star Airways (PTY) Ltd.","South Africa"
,ASI,"Aerosun International, Inc.","United States"
,ASM,"Awesome Flight Services (PTY) Ltd.","South Africa"
,ASO,"Aero Slovakia",Slovakia
,ASP,Airsprint,Canada
,AST,"Aerolíneas Del Oeste",Mexico
,NRE,"Aviones Are",Mexico
,WAP,"Arrow Panama",Panama
OB,ASZ,"Astrakhan Airlines",Russia
,ATB,"Atlantair Ltd.",Canada
,ATD,"Aerotours Dominicana","Dominican Republic"
,ATE,"Atlantis Transportation Services, Ltd.",Canada
,ATG,Aerotranscargo[6],Moldova
HC,ATI,"Aero-Tropics Air Services",Australia
,ATK,AeroTACA,Colombia
FO,ATM,"Airlines of Tasmania",Australia
,CPV,"Air Corporate",Italy
,ATP,"ASTRAL Colombia - Aerotransportes Especiales Ltda.",Colombia
,FEO,Aeroferinco,Mexico
,FES,"Aero Taxis Y Servicios Alfe",Mexico
,FFA,Avialesookhrana,Russia
,FFB,"Africair Service",Senegal
,ATR,"Atlas Airlines","United States"
,ATU,"Atlant Aerobatics Ltd.",Hungary
,ATV,"Avanti Air",Germany
OS,AUA,"Austrian Airlines",Austria
IQ,AUB,"Augsburg Airways",Germany
,TUP,Aviastar-Tu,Russia
RU,ABW,"AirBridge Cargo",Russia
,TUR,ATUR,Ecuador
,TXU,"ATESA Aerotaxis Ecuatorianos",Ecuador
,TXX,"Austin Express","United States"
,AUD,"Audi Air, Inc.","United States"
,AUF,"Augusta Air Luftfahrtunternehmen",Germany
MO,AUH,"Abu Dhabi Amiri Flight","United Arab Emirates"
,AUM,"Air Atlantic Uruguay",Uruguay
,AUN,"Aviones Unidos",Mexico
,AUP,"Avia Business Group",Russia
,SVE,"Aero Servicios Expecializados",Mexico
GR,AUR,"Aurigny Air Services","United Kingdom"
NO,AUS,Aus-Air,Australia
AU,AUT,"Austral Líneas Aéreas",Argentina
,AUU,"Aurora Aviation, Inc.","United States"
,AUY,"Aerolíneas Uruguayas, S.A.",Uruguay
AO,AUZ,"Australian Airlines",Australia
AV,AVA,Avianca,Colombia
A0,MCJ,"Avianca Argentina",Argentina
O6,ONE,"Avianca Brasil",Brazil
,AVB,"Aviation Beauport","United Kingdom"
,AVF,"Aviair Aviation Ltd.",Canada
,AVH,"AV8 Helicopters","United Kingdom"
,AVJ,"Avia Traffic Company",Kyrgyzstan
,AVK,"AV8 Helicopters","South Africa"
,AVM,"Aviación Ejecutiva Mexicana, S.A.",Mexico
,AVO,"Aviation at Work","South Africa"
,AVP,"Avcorp Registrations","United Kingdom"
,LFP,"Alfa Aerospace",Australia
,LFR,"Atlantic Airfreight Aviation","São Tomé and Príncipe"
,LFT,"Aerolift Company","Sierra Leone"
,AVQ,"Aviation Services, Inc.","United States"
,AVR,"Active Aero Charter, Inc.","United States"
,AVS,"Avialsa T-35",Spain
,AVT,"Asia Avia Airlines",Indonesia
,AVU,"Avia Sud Aérotaxi",France
,AVV,"Airvantage Incorporated","United States"
,AVW,"Aviator Airways",Greece
,AVX,Aviapaslauga,Lithuania
,XXX,"ASL (Air Service Liege)",Belgium
,YRG,"Air Yugoslavia",Serbia
K8,ZAK,"Airlink Zambia",Zambia
,ZZM,"Agence Nationale des Aerodromes et de la Meteorologie","Ivory Coast"
4Y,BGA,"Airbus Transport International",France
B9,BGD,"Air Bangladesh",Bangladesh
,BGF,Aviodetachment-28,Bulgaria
,BGG,"Aero BG",Mexico
,BHC,"Aerotaxis De La Bahia",Mexico
,BIV,Aviaservice,Georgia
,SZA,"Aerolíneas de El Salvador","El Salvador"
,AVY,"Aerovaradero, S.A.",Cuba
,AWB,"Airways International, Inc.","United States"
,AWK,Airwork,"New Zealand"
,AWO,"Awood Air Ltd.",Canada
,AWR,"Arctic Wings And Rotors Ltd.",Canada
,ISM,"Auo Airclub AIST-M",Russia
,AWS,"Arab Wings",Jordan
,AWV,"Airwave Transport, Inc.",Canada
,AWY,"Aeroway, S.L.",Spain
HJ,AXF,"Asian Express Airlines",Australia
,AXH,Aeromexhaga,Mexico
,AXI,"Aeron International Airlines, Inc.","United States"
,AXK,"African Express Airways",Kenya
AK,AXM,AirAsia,Malaysia
D7,XAX,"AirAsia X",Malaysia
DJ,WAJ,"AirAsia Japan",Japan
I5,IAD,"AirAsia India",India
,AXN,Alexandair,Greece
,AXP,Aeromax,Spain
,AXQ,"Action Airlines (Action Air Charter)","United States"
,BNI,"Alberni Airways",Canada
,BNZ,"Aerolíneas Bonanza",Mexico
,BOC,Aerobona,Mexico
,BOI,"Aboitiz Air",Philippines
,AXR,"Axel Rent, S.A.",Mexico
,AXS,"Altus Airlines","United States"
,AXV,Aviaxess,France
,AXX,"Avioimpex A.D.p.o.",Macedonia
,AYD,"Aladia Airlines",Mexico
,AYK,"Aykavia Aircompany",Armenia
,AYM,"Airman, S.L.",Spain
,NPT,"West Atlantic UK","United Kingdom"
,GBN,"Atlantic Airlines",Gabon
EX,BJK,"Atlantic Airlines","United States"
,HHA,"Atlantic Airlines de Honduras",Honduras
,AYN,"Atlantic Airlines, S.A.",Nicaragua
,AYS,"Awsaj Aviation Services",Libya
,AYT,"Ayeet Aviation & Tourism",Israel
3G,AYZ,"Atlant-Soyuz Airlines",Russia
AZ,AZA,Alitalia,Italy
,AZB,Azamat,Kazakhstan
ZE,AZE,"Arcus-Air Logistic",Germany
A2,AZI,"Astra Airlines",Greece
,AZK,Azalhelikopter,Azerbaijan
,AZL,"Africa One",Zambia
,AZM,Aerocozumel,Mexico
,AZP,"Arizona Pacific Airways","United States"
,AZS,"Aviacon Zitotrans Air Company",Russia
,AZT,"Azimut, S.A.",Spain
,AZV,"Azov Avia Airlines",Ukraine
,MHC,"Aero Jomacha",Mexico
,AZZ,"Azza Transport",Sudan
,NAR,"Air Continental Inc","United States"
,NAU,Antanik-Air,Ukraine
,NER,"Air Newark","United States"
,NFF,"Aircraft Support and Services",Lebanon
,OBA,Aerobanana,Mexico
,OBK,"Amako Airlines",Nigeria
R7,OCA,"Aserca Airlines",Venezuela
,NFS,"Afrique CArgo Service Senegal",Senegal
,NGC,Angoservice,Angola
,NGE,"Angel Airlines",Thailand
,OUL,"Air Atonabee",Canada
,OVA,"Aero Nova",Spain
,XPE,"Amira Air",Austria
,XSS,"Aero Express Intercontinental",Mexico
,XTJ,"Advance Aviation Services","United States"
,TLR,"Air Libya Tibesti",Libya
,OVC,Aerovic,Ecuador
,RVE,Airventure,Belgium
,RVI,"Aero Servicios",Mexico
,RVL,Airvallee,Italy
,OVE,Aeromover,Mexico
,OVI,"Aerovías Ejecutivas",Mexico
,PTD,"Aero Servicio Pity",Mexico
,PTE,"Aero Copter",Mexico
,PLL,"Air Pal",Spain
,PLM,"Air Pullmantur",Spain
,PSG,"Aviones Para Servirle",Mexico
,SLU,"Avio Sluzba",Serbia
,SCU,"Air Scorpio",Bulgaria
,SIP,"Air Spirit","United States"
,BMV,"Alatau Airlines",Kazakhstan
,GUG,Aviateca,Guatemala
,PXX,"Aroostook Aviation","United States"
,PYC,Aeropycsa,Mexico
,PVK,"Association of Private Pilots of Kazakhstan",Kazakhstan
,BAS,"Aero Services",Barbados
,BBE,"Ababeel Aviation",Sudan
,BBT,"Air Bashkortostan",Russia
,MCY,"Ambulance Air Africa","South Africa"
MQ,EGF,"American Eagle Airlines","United States"
,PUE,Aeropuelche,Chile
,PUT,Aeroput,Serbia
ML,ETC,"African Transport Trading and Investment Company",Sudan
,VUE,"AD Aviation","United Kingdom"
,XCT,"Aero Costa Taxi Aéreo",Mexico
,VRO,Aerovitro,Mexico
,VRI,"Aerotaxi Villa Rica",Mexico
,VEG,Aerovega,Mexico
,VVG,Aerovilla,Colombia
,VLR,"Aerolíneas Villaverde",Mexico
WI,WIL,"Aero Air","United States"
,VEJ,"Aero Ejecutivos",Venezuela
,WAB,"Aero Industries Inc","United States"
,VNG,"Aero Servicios Vanguardia",Mexico
,VAD,"Aero Taxi Los Valles",Spain
,VMR,"Aero Vilamoura",Portugal
,VLS,"Aero Virel",Mexico
,XAA,"Aeronautical Radio Inc","United States"
,VUO,Aerovuelox,Mexico
,VTM,"Aeronaves TSM",Mexico
VU,VUN,"Air Ivoire","Ivory Coast"
BP,BOT,"Air Botswana",Botswana
,XPR,Air-Rep,"United States"
,XLL,"Air Excel",Tanzania
,VAE,"Air Evans",Spain
,WHY,"Air Sorel",Canada
,WDR,"Air Net Private Charter","United States"
,XEC,"Air Executive Charter",Germany
GS,UPA,"Air Foyle","United Kingdom"
,VTY,"Air Midwest (Nigeria)",Nigeria
VT,VTA,"Air Tahiti","French Polynesia"
3N,URG,"Air Urga",Ukraine
,VDR,"Air Vardar",Macedonia
VL,VIM,"Air VIA",Bulgaria
,WLR,"Air Walser",Italy
,URA,"Aircompany Rosavia",Ukraine
,XLB,"Aircraft Performance Group","United States"
,WLA,"Airwaves Airlink",Zambia
,XFX,"Airways Corporation of New Zealand","New Zealand"
,WAY,Airways,France
,WGS,"Airwings oy",Finland
,XAK,Airkenya,Kenya
,WPK,"Air-Lift Associates","United States"
,VAB,"Airtrans Ltd",Russia
,URP,"ARP 410 Airlines",Ukraine
,WPR,"Auckland Regional Rescue Helicopter Trust","New Zealand"
,URR,"Aurora Airlines",Slovenia
,UST,"Austro Aéreo",Ecuador
,WLT,"Aviation Partners","United States"
,VLV,"Avialift Vladivostok",Russia
,VME,"Aviación Comercial de América",Mexico
,VVA,"Aviast Air",Russia
,WLV,"Aviation North","United States"
FK,WTA,"Africa West",Togo
,VNT,"Avient Air Zambia",Zambia
,VZR,Aviazur,France
,VID,Aviaprad,Russia
G2,VXG,Avirex,Gabon
,VXX,"Aviaexpress Aircompany",Ukraine
,XAM,"AMR Services Corporation","United States"
,XAO,"Airline Operations Services","United States"
,VAZ,"Airlines 400",Russia
V8,VAS,"ATRAN Cargo Airlines","Russian Federation"
,VAM,Ameravia,Uruguay
K6,KHV,"Angkor Air",Cambodia
,VBC,"AVB-2004 Ltd",Bulgaria
,XKX,ASECNA,France
,XAT,"AT and T Aviation Division","United States"
,VAI,Avalair,Serbia
,VRT,"Averitt Air Charter","United States"
VE,AVE,Avensa,Venezuela
V5,VLI,"Avolar Aerolíneas",Mexico
,VSA,"Avstar Aviation","South Africa"
,VSC,AVESCA,Colombia
,XAV,"Aviaprom Enterprises",Russia
,VTT,"Avia Trans Air Transport",Sudan
,VSR,"Aviostart AS",Bulgaria
,VTG,"Aviação Transportes Aéreos e Cargas",Angola
,XJA,"Assistance Aeroportuaire de L'Aeroport de Paris",France
,XFS,"American Flight Service Systems","United States"
,XME,"Australian airExpress",Australia
,XMG,"AMS Group",Russia
,CAJ,"Air Caraibes Atlantique",France
,CAO,"Air China Cargo",China
,CBE,"Aerovías Caribe",Mexico
,CBO,"Aerotaxi del Cabo",Mexico
,CBS,"Air Columbus",Ukraine
,CBV,"Aereo Cabo",Mexico
CA,CCA,"Air China",China
,CDA,Aerocardal,Chile
Q6,CDP,"Aero Condor Peru",Peru
,CDU,Aerotrans,Russia
,CDV,"Airline Skol",Russia
,CFF,Aerofan,Spain
,CFM,ACEF,Portugal
,CFR,"Africa One","Democratic Republic of the Congo"
,CFV,"Aero Calafia",Mexico
,CGB,"Air Cargo Belize",Belize
,CGV,"Aero Clube Do Algarve",Portugal
,CGW,"Air Great Wall",China
,CHJ,"Aircompany Chaika",Ukraine
,CHR,"Air Charter Services","Democratic Republic of the Congo"
,CHV,"Air Charter Professionals","United States"
,CID,"Asia Continental Airlines",Kazakhstan
5F,CIR,"Arctic Circle Air Service","United States"
,CKL,"Aviation Charter Services","United States"
,CLL,"Aerovías Castillo",Mexico
,CLP,"Aero Club De Portugal",Portugal
,CMF,"Air Care Alliance","United States"
,CND,"Aero Continente Dominicana","Dominican Republic"
,CNE,"Air Toronto",Canada
,CNH,"Aquila Air","United States"
,CNU,"Air Consul",Spain
,CNX,"AllCanada Express",Canada
,CPF,Airtechservice,Ukraine
QC,CRD,"Air Corridor",Mozambique
NV,CRF,"Air Central",Japan
,CRJ,"Air Cruzal",Angola
,CRP,"Aerotransportes Corporativos",Mexico
,CRQ,"Air Creebec",Canada
,CTA,"Aero Charter and Transport","United States"
,CTE,"Air Tenglong",China
,CTR,"Aerolíneas Centauro",Mexico
,CUO,Aerocuahonte,Mexico
CV,CVA,"Air Chathams","New Zealand"
CW,CWM,"Air Marshall Islands","Marshall Islands"
,CWP,"Australian Customs Service",Australia
,CYL,"Air One Cityliner",Italy
,CYO,"Air Transport","United States"
ZA,CYD,AccessAir,"United States"
,CYE,Aerocheyenne,Mexico
AH,DAH,"Air Algérie",Algeria
,DAP,"Aerovías DAP",Chile
,DBA,"Air Alpha","United States"
,DBD,"Air Niagara Express",Canada
,DEF,"Aviation Defense Service",France
,DEG,"Air Service Groningen",Netherlands
KI,DHI,"Adam Air",Indonesia
ER,DHL,"Astar Air Cargo","United States"
,DHM,"Archer Aviation","United Kingdom"
,DIC,Aeromedica,Mexico
,DIN,Aerodin,Mexico
HO,DJA,"Antinea Airlines",Algeria
,DJU,"Air Djibouti",Djibouti
EN,DLA,"Air Dolomiti",Italy
,DLS,"Aero Modelo",Mexico
,DLU,"Aerolíneas del Sur",Chile
,DMC,"Aerodinamica de Monterrey",Mexico
,DMI,"Aeroservicios Dinamicos",Mexico
,DML,"Aerotaxis Dosmil",Mexico
,DNA,"Aerodespachos de El Salvador","El Salvador"
,DNC,"Aerodynamics Málaga",Spain
,DNJ,"Aerodynamics Incorporated","United States"
NM,DRD,"Air Madrid",Spain
,DRM,"Airways Flight Training","United Kingdom"
,DSC,"Addis Air Cargo Services",Ethiopia
,DSK,"Aero Algarve",Portugal
,DST,"Aex Air","United States"
,DVI,"Aero Davinci International",Mexico
,DYN,"Aero Dynamics","United States"
,EAE,"Aeroservicios Ecuatorianos",Ecuador
,EAP,Aero-Pyrenees,France
,EAT,"Air Transport",Slovakia
EE,EAY,"Aero Airlines",Estonia
,EBC,"Aero Ejecutivo De Baja California",Mexico
4F,ECE,"Air City",Germany
,ECG,"Aero Ejecutivos RCG",Mexico
,ECL,"Aeronáutica Castellana",Spain
,ECM,"Aerolíneas Comerciales",Mexico
,EDA,"Aerolineas Nacionales Del Ecuador",Ecuador
,EET,"Air Este",Spain
,EFC,"Air Mana",France
,EJP,"Aeroservicios Ejecutivos Corporativos",Mexico
E8,ELG,"Alpi Eagles",Italy
,END,"Arrendadora y Transportadora Aérea",Mexico
,ENW,"Aeronaves Del Noroeste",Spain
,EOL,Airailes,France
,EOM,"Aero Ermes",Mexico
,EPL,"Aero Transportes Empresariales",Mexico
,EPE,"Aero Empresarial",Mexico
KY,EQL,"Air São Tomé and Príncipe","São Tomé and Príncipe"
,ERG,Avianergo,Russia
,ERI,"Aero Servicios Regiomontanos",Mexico
,ERK,Aerosec,Chile
,ERM,Aeromaan,Mexico
,ESB,Aereosaba,Mexico
,ESO,Avitat,"United Kingdom"
,ESU,"Aerolíneas Ejecutivas Del Sureste",Mexico
,ESZ,"Aeronáutica La Esperanza",Mexico
,ETE,"Aero Siete",Mexico
,EUK,"Air Atlanta Europe","United Kingdom"
,EVE,"Air Evex",Germany
,EVR,"Aeronautical Academy of Europe",Portugal
,EWE,"Eurowings Europe",Austria
,EXG,"Air Exchange","United States"
,FAC,"Atlantic Helicopters",Denmark
,FAG,"Argentine Air Force",Argentina
PC,FAJ,"Air Fiji",Fiji
,FAN,"AF-Air International",Angola
,FBW,"Aviation Data Systems","United States"
,FCI,"Air Carriers","United States"
,FCO,Aerofrisco,Mexico
,FCU,"Alfa 4",Mexico
JH,FDA,"Fuji Dream Airlines",Japan
,FDS,"African Medical and Research Foundation",Kenya
,FGT,"Aero Freight",Mexico
,FIC,Aerosafin,Mexico
OF,FIF,"Air Finland",Finland
,FII,"Aerodata Flight Inspection",Germany
,FIX,"Airfix Aviation",Finland
FJ,FJI,"Fiji Airways",Fiji
,FLD,"Air Falcon",Pakistan
RC,FLI,"Atlantic Airways","Faroe Islands"
QH,FLZ,"Aero Leasing","United States"
,FMT,"Air Fret De Mauritanie",Mauritania
,FNM,"Avio Nord",Italy
,FNO,"Aeroflota Del Noroeste",Spain
,FNX,"Aero Fenix",France
,FPY,"African Company Airlines","Democratic Republic of the Congo"
,FRJ,"Afrijet Airlines",Nigeria
,FRK,"Afrika Aviation Handlers",Kenya
,FRQ,"Afrique Chart'air",Cameroon
,FRT,"Aerofreight Airlines",Russia
,FST,"Aeros Limited","United Kingdom"
,FTC,"Air Affaires Tchad",Chad
,FTY,"ABC Bedarfsflug",Austria
NY,FXI,"Air Iceland",Iceland
2P,GAP,"Air Philippines",Philippines
,GAU,Aerogaucho,Uruguay
,GBJ,"Aero Business Charter",Germany
,GCF,Aeronor,Spain
,GCK,"Aerogem Cargo",Ghana
,GFO,"Aerovías del Golfo",Mexico
,GGL,Aeronáutica,Angola
ZX,GGN,"Air Georgian",Canada
,GHL,Aviance,"United Kingdom"
,GHN,"Air Ghana",Ghana
,GIL,"African International Transport",Guinea
2U,GIP,"Air Guinee Express",Guinea
,GIZ,"Africa Airlines",Guinea
,GLL,"Air Gemini",Angola
,GLT,"Aero Charter","United States"
,GME,"Aguilas Mayas Internacional",Guatemala
,GMM,"Aerotaxis Guamuchil",Mexico
,GMS,"Aeroservicios Gama",Mexico
0A,GNT,"Amber Air",Lithuania
,GOA,"Alberta Government",Canada
,GRE,"Air Scotland",Greece
DA,GRG,"Air Georgia",Georgia
,GRI,"Air Cargo Center","São Tomé and Príncipe"
GL,GRL,"Air Greenland",Denmark
LL,GRO,Allegro,Mexico
,GRR,"Agroar - Trabalhos Aéreos",Portugal
,GRX,"Aircompany Grodno",Belarus
,GSP,"Airlift Alaska","United States"
,ITI,AirSwift,Philippines
,GSV,Agrocentr-Avia,Kazakhstan
,GTC,"Altin Havayolu Tasimaciligi Turizm Ve Ticaret",Turkey
5Y,GTI,"Atlas Air","United States"
,GTP,"Aerotaxi Grupo Tampico",Mexico
,GUA,"Aerotaxis de Aguascalientes",Mexico
GG,GUY,"Air Guyane","French Guiana"
,GVI,"Air Victoria Georgia",Georgia
H9,HAD,"Air d'Ayiti",Haiti
GG,HAH,"Air Comores International",Comoros
,HAT,"Air Taxi",France
,HEI,Aerohein,Chile
,HGH,"Atlantic Air Lift",France
,HID,"Aviación Ejecutiva De Hildago",Mexico
,HJA,"Air Haiti",Haiti
HD,HLN,"Air Holland",Netherlands
,HJT,"Al Rais Cargo","United Arab Emirates"
,HKH,Air-Invest,Hungary
,HMA,"Air Tahoma","United States"
,HMT,"Air Nova","United Kingdom"
,HOM,"Aero Homex",Mexico
,HPO,"Almiron Aviation",Uganda
,HQO,Avinor,Norway
,HYR,"Airlink Airways",Ireland
8C,HZT,"Air Horizon",Togo
,IAE,"AC Insat-Aero",Russia
,ICM,"Air Inter Cameroun",Cameroon
,IFI,"Air Lift",Greece
,IKM,"Aero Survey",Ghana
,ILK,"Aero Airline",Kazakhstan
,IME,"Airtime Charters","United Kingdom"
,IMN,"Aerotaxis Cimarron",Mexico
,INA,"Aero Internacional",Mexico
,ING,Aeroingenieria,Chile
,INO,"Aeroservicios Intergrados de Norte",Mexico
,IPL,"Airpull Aviation",Spain
,IRD,"Arvand Airlines",Iran
,IRH,"Atlas Aviation Group",Iran
,IRW,"Aram Airline",Iran
,IRX,"Aria Tour",Iran
,ITE,"Aerotaxi S.R.O.","Czech Republic"
,ITF,"Avita-Servicos Aéreos",Angola
,ITO,"Aero Citro",Mexico
,IVE,"Air Executive",Spain
,IWS,Aviainvest,Russia
W9,JAB,"Air Bagan",Myanmar
,JAD,Aerojal,Mexico
,JAR,Airlink,Austria
,JEE,"Ambjek Air Services",Nigeria
,UTX,Avfinity,"United States"
,JMR,Alexandair,Canada
,JMX,"Air Jamaica Express",Jamaica
,JOA,"Air Swift Aviation",Australia
,JOB,Aerojobeni,Mexico
IP,JOL,"Atyrau Air Ways",Kazakhstan
,JPR,"Aerosmith Aviation","United States"
,JTS,"Arrendamiento de Aviones Jets",Mexico
,JUA,"Aero Juarez",Mexico
QK,JZA,"Air Canada Jazz",Canada
,KAA,"Asia Aero Survey and Consulting Engineers","Republic of Korea"
,KAD,"Air Kirovograd",Ukraine
,KAM,"Air Mach",Italy
,KAV,"Air Kufra",Libya
,KEK,Arkhabay,Kazakhstan
,KFK,"Aero Charter Krifka",Austria
,KFT,"Air Kraft Mir",Uzbekistan
,KGD,"Air Concorde",Bulgaria
,KHH,"Alexandria Airlines",Egypt
,KIE,Afit,Germany
,KKB,"Air South","United States"
KK,KKK,Atlasjet,Turkey
,KLB,"Air Mali International",Mali
,KLZ,Aerokaluz,Mexico
JS,KOR,"Air Koryo","Democratic People's Republic of Korea"
,KOY,Araiavia,Kazakhstan
,KRE,AeroSucre,Colombia
,KRT,"Air Kokshetau",Kazakhstan
,KSI,"Air Kissari",Angola
,KTN,Aeronavigaciya,Ukraine
,KVR,"Alliance Avia",Kazakhstan
,KYC,"Av Atlantic","United States"
KC,KZR,"Air Astana",Kazakhstan
,LAG,"Aviation Legacy",Gambia
LV,LBC,"Albanian Airlines",Albania
,LBI,Albisa,Mexico
,LBW,"Albatros Airways",Albania
,LDG,"Aerolíneas Aéreas Ejecutivas De Durango",Mexico
3S,BOX,Aerologic,Germany
,LDN,"Al-Donas Airlines",Nigeria
,LDR,"Aero Lider",Mexico
,LEM,Aleem,Egypt
,LET,"Aerolíneas Ejecutivas",Mexico
,LFA,"Air Alfa",Turkey
,LFC,"Aero Control Air",Canada
,LGN,Aerolaguna,Mexico
,LHR,"Al Ahram Aviation",Egypt
D4,LID,Alidaunia,Italy
,LIE,"Al-Dawood Air",Nigeria
,LKP,"American Aviation","United States"
,LKS,"Airlink Solutions",Spain
,LKY,"Air Solutions","United States"
9I,LLR,"Air India Regional",India
,LMA,Aerolima,Mexico
,LML,"Alamia Air",Libya
,LMP,"Air Plus Argentina",Argentina
,LMT,"Almaty Aviation",Kazakhstan
,LMX,"Aerolíneas Mexicanas J S",Mexico
,LMY,"Air Almaty",Kazakhstan
,LMZ,"Air Almaty ZK",Kazakhstan
XL,LNE,Aerolane,Ecuador
4Z,LNK,Airlink,"South Africa"
,LNT,"Aerolíneas Internacionales",Mexico
,LOK,"Alok Air",Sudan
,LOU,"Air Saint Louis",Senegal
FL,LPA,"Air Leap",Sweden
,LPC,"Alpine Aviation","South Africa"
A6,LPV,"Air Alps Aviation",Austria
,LRO,Alrosa-Avia,Russia
,LRW,"Al Rida Airways",Mauritania
,LSK,Aurela,Lithuania
,LSM,Aerobusinessservice,Russia
,LSR,Alsair,France
,LTI,"Aerotaxis Latinoamericanos",Mexico
,LUC,"Albinati Aeronautics",Switzerland
TD,LUR,"Atlantis European Airways",Armenia
,LVN,Aliven,Italy
,LVR,Aviavilsa,Lithuania
L8,LXG,"Air Luxor GB",Guinea-Bissau
LK,LXR,"Air Luxor",Portugal
,LYT,"Apatas Air",Lithuania
,LZP,"Air Ban",Bulgaria
,LZR,"Air Lazur",Bulgaria
,MAM,"Aeródromo De La Mancha",Spain
MK,MAU,"Air Mauritius",Mauritius
,MBA,"Avag Air",Austria
,MBB,"Air Manas",Kyrgyzstan
,MBC,"Airjet Exploracao Aerea de Carga",Angola
,MBV,Aeriantur-M,Moldova
,MCB,"Air Mercia","United Kingdom"
,MCD,"Air Medical","United Kingdom"
,MCO,"Aerolíneas Marcos",Mexico
,MDC,"Atlantic Aero and Mid-Atlantic Freight","United States"
MD,MDG,"Air Madagascar",Madagascar
,MDX,"Aerosud Charter","South Africa"
,MEF,"Air Meridan",Nigeria
,MFL,"Aero McFly",Mexico
,MGE,"Asia Pacific Airlines","United States"
,MGS,Aeromagar,Mexico
,MIE,"Aero Premier De Mexico",Mexico
9U,MLD,"Air Moldova",Moldova
,MLF,"Amal Airlines",Djibouti
L9,MLI,"Air Mali",Mali
,MLN,"Air Madeleine",Canada
,MMC,Aermarche,Italy
,MMD,"Air Alsie",Denmark
,MMM,"Aviation Company Meridian",Russia
,MMP,"AMP Incorporated","United States"
,MMX,Airmax,Peru
,MNE,"Aerolíneas Amanecer",Mexico
,MNG,"Aero Mongolia",Mongolia
,MOC,"Air Monarch Cargo",Mexico
,MOP,"Aeropublicitaria De Angola",Angola
,MOR,"Aerolíneas De Morelia",Mexico
A7,MPD,"Air Plus Comet",Spain
QO,MPX,Aeromexpress,Mexico
,MQT,"Air ITM",France
,MRL,Aeromorelos,Mexico
,MRM,Aerocharter,Canada
,MRP,Abas,"Czech Republic"
MR,MRT,"Air Mauritanie",Mauritania
,MSC,"Air Cairo",Egypt
,MSK,"Air Sport",Bulgaria
,MSM,Aeromas,Uruguay
,MSO,"Aerolíneas Mesoamericanas",Mexico
,MSV,Aero-Kamov,Russia
,MTB,"Aerotaxis Metropolitanos",Mexico
,MTE,"Aeromet Línea Aérea",Chile
,MTK,"Air Metack",Angola
,MTY,"Air Montegomery","United Kingdom"
,MXO,"Aerotaxi Mexicano",Mexico
,MYS,"Aero Yaqui Mayo",Mexico
,MZK,"AVC Airlines",Japan
,MZL,"Aerovías Montes Azules",Mexico
8D*,SUW,Astair,"Russian Federation"
F4,NBK,"Albarka Air",Nigeria
,NCL,"ACA-Ancargo Air Sociedade de Transporte de Carga Lda",Angola
,NEL,"Aero Servicios de Nuevo Laredo",Mexico
,NGV,Angoavia,Angola
,NID,Aeroni,Mexico
,NIE,"Aeroejecutiva Nieto",Mexico
AJ,NIG,"Aero Contractors",Nigeria
,NKZ,Aerokuzbass,Russia
,NRS,"Atlantic Richfield Company","United States"
,NSO,"Aerolíneas Sosa",Honduras
,NTD,"Aero Norte",Mexico
,NTV,"Air Inter Ivoire","Ivory Coast"
,NUL,"Aeroservicios De Nuevo Leon",Mexico
,NVI,"Avial NV Aviation Company",Russia
,NWG,Airwing,Norway
,NXA,"Air Next",Japan
,OAO,"Arkhangelsk 2 Aviation Division",Russia
,OGI,Aerogisa,Mexico
,OLV,"Aerolíneas Olve",Mexico
,OMG,Aeromega,"United Kingdom"
,ONR,"Air One Nine",Libya
,ONT,"Air Ontario",Canada
,ORP,Aerocorp,Mexico
,ORS,"Action Air",Italy
,OSN,Aerosan,Mexico
,OSO,"Aviapartner Limited Company",Russia
,PAJ,Aliparma,Italy
,PBT,"Air Parabet",Bangladesh
8Y,PBU,"Air Burundi",Burundi
,PCG,"Aeropostal Cargo de Mexico",Mexico
,PCK,"Air Pack Express",Spain
,PCS,"Air Palace",Mexico
OT,PEL,"Aeropelican Air Services",Australia
,PEV,"Peoples Vienna Line",Austria
,PFI,"Aerolíneas Chihuahua",Mexico
,PFT,"Air Cargo Express International","United States"
,PHR,"Al Farana Airline",Egypt
,PHW,Ave.com,"United Arab Emirates"
,PIE,"Air South West","United Kingdom"
,PIF,"Aeroservicios California Pacifico",Mexico
,PKA,"AST Pakistan Airways",Pakistan
,PNL,"Aero Personal",Mexico
,PNU,"Aero Servicios Platinum",Mexico
,POY,"Apoyo Aéreo",Mexico
,PRI,"Aerotransportes Privados",Mexico
,PRT,"Atlantic Coast Jet","United States"
AD,PRZ,"Air Paradise International",Indonesia
,PSE,"Aeroservicio Sipse",Mexico
,PSL,"Aeroservicios Corporativos De San Luis",Mexico
,PVA,"Aerotransportes Privados",Mexico
,PZA,"Aéreo Taxi Paraza",Mexico
QD,QCL,"Air Class Líneas Aéreas",Uruguay
,QEA,"Aviation Consultancy Office",Australia
,QAT,"Aero Taxi",Canada
,QKC,"Aero Taxi Aviation","United States"
,QLA,"Aviation Quebec Labrador",Canada
QS,QSC,"African Safari Airways",Kenya
,QUI,"Aero Quimmco",Mexico
,RAD,Alada,Angola
,RAI,"Aerotur Air",Kazakhstan
,RAP,"Air Center Helicopters","United States"
,RBE,"Aur Rum Benin",Benin
,RBJ,"Aeroserivios Del Bajio",Mexico
4Y,RBU,"Airbus France",France
,RBV,"Air Roberval",Canada
AG,ARU,"Aruba Airlines",Aruba
,RCC,"Air Charters Eelde",Netherlands
,RCE,Aerocer,Mexico
,RCF,Aeroflot-Cargo,Russia
MC,RCH,"Air Mobility Command","United States"
,RCI,"Air Cassai",Angola
,RCO,"Aero Renta De Coahuila",Mexico
,RCP,Aerocorp,Mexico
,RCQ,"Aerolíneas Regionales",Mexico
,RCU,"Atlantic S.L.",Spain
,RCX,"Air Service Center",Italy
,RDD,"Adygeya Airlines",Russia
,RDM,"Air Ada",Mauritania
RE,REA,"Aer Arann",Ireland
,REN,Aero-Rent,Mexico
,RES,"Australian Maritime Safety Authority",Australia
UU,REU,"Air Austral",France
,REY,Aero-Rey,Mexico
,RFC,"Aero Africa",Swaziland
,RFD,"Aerotransportes Rafilher",Mexico
,RGO,Argo,"Dominican Republic"
,RGT,"Airbourne School of Flying","United Kingdom"
,RHL,"Air Archipels",France
,RIF,"Aviation Ministry of the Interior of the Russian Federation","Russian Federation"
,RIS,"Aeris Gestión",Spain
6K,RIT,"Asian Spirit",Philippines
,RJS,"Aeroservicios Jet",Mexico
,RKA,"Air Afrique","Ivory Coast"
A5,RLA,Airlinair,France
,RLK,"Air Nelson","New Zealand"
,RLL,"Air Leone","Sierra Leone"
QL,RLN,"Aero Lanka","Sri Lanka"
,RLZ,"Air Alize",France
,RMD,"Air Amder",Mauritania
R3,RME,"Armenian Airlines",Armenia
MV,RML,"Air Mediterranean",Greece
,RMO,Arm-Aero,Armenia
,RMX,"Air Max",Bulgaria
2O,RNE,"Air Salone","Sierra Leone"
,RNM,"Aeronem Air Cargo",Ecuador
,RNR,"Air Cargo Masters","United States"
U8,RNV,Armavia,Armenia
,ROE,Aeroeste,Bolivia
,ROI,"Avior Airlines",Venezuela
,ROL,"Aeroel Airways",Israel
BQ,ROM,"Aeromar Lineas Aereas Dominicanas","Dominican Republic"
,ROD,Aerodan,Mexico
P5,RPB,AeroRepública,Colombia
,RPC,"Aerolíneas Del Pacífico",Ecuador
,RRC,"Aero Roca",Mexico
,RRE,"Aerotransportes Internacionales De Torreon",Mexico
,RRM,"Acvila Air-Romanian Carrier",Romania
,RSC,"Aerolíneas Ejecutivas Tarascas",Mexico
BF,RSR,Aero-Service,"Republic of the Congo"
5L,RSU,AeroSur,Bolivia
,RTE,Aeronorte,Portugal
,RTH,Artis,France
,RTO,"Arhabaev Tourism Airlines",Kazakhstan
,RTQ,"Air Turquoise",France
,RTU,Aerotucan,Mexico
,RUD,"Air Anastasia",Ukraine
,RUM,"Air Rum","Sierra Leone"
,RUN,"ACT Havayollari",Turkey
,RVP,"Air VIP",Portugal
,RVT,"Aircompany Veteran",Armenia
,RWB,"Alliance Express Rwanda",Rwanda
,RWC,"Arrow Ecuador Arrowec",Ecuador
,RWY,"Aerogroup 98 Limited","United Kingdom"
,RXT,Aeroxtra,Mexico
,RWS,"Air Whitsunday",Australia
,RZL,"Aero Zambia",Zambia
,RZN,"Aero Zano",Mexico
,RZZ,"Anoka Air Charter","United States"
,SBH,Aerosaab,Mexico
,SCD,"Associated Aviation",Nigeria
,SCM,"American Jet International","United States"
EX,SDO,"Air Santo Domingo","Dominican Republic"
,SDP,"Aero Sudpacifico",Mexico
,SEF,"Aero Servicios Ejecutivas Del Pacifico",Mexico
JR,SER,"Aero California",Mexico
,SGV,Aerosegovia,Nicaragua
,SHH,"Airshare Holdings","United Kingdom"
,SIY,Aerosiyusa,Mexico
,SIZ,"Aero Silza",Mexico
,SJN,"Air San Juan","United States"
,SKP,"Aero-North Aviation Services",Canada
,SMI,"Aero Sami",Mexico
Z3,SMJ,"Avient Aviation",Zimbabwe
,SOD,"Aerolíneas Sol",Mexico
,SOE,"Air Soleil",Mauritania
,SOG,"Aero Soga",Guinea-Bissau
,SPD,"Airspeed Aviation",Canada
M3,SPJ,"Air Service",Macedonia
,SPO,"Aeroservicios Ejecutivos Del Pacifico",Mexico
,SPY,"Asian Aerospace Service",Thailand
,SPZ,Airworld,"South Africa"
,SQR,"Alsaqer Aviation",Libya
,SRI,"Air Safaris and Services","New Zealand"
,SRV,"Aero Servicio Corporativo",Mexico
,SSL,"Air Sultan","Sierra Leone"
,SSM,"Aero 1 Pro-Jet",Canada
,SSN,"Airquarius Air Charter","South Africa"
,STK,Aeropac,"United States"
,SUE,"Aerolíneas Del Sureste",Mexico
,SUY,"Aerial Surveys (1980) Limited","New Zealand"
GM,SVK,"Air Slovakia",Slovakia
,SWH,"Adler Aviation",Canada
R3,SYL,"Aircompany Yakutia",Russia
,SYT,"Aerosud Aviation","South Africa"
HC,SZN,"Air Senegal",Senegal
,TAA,"Aeroservicios de La Costa",Mexico
VW,TAO,Aeromar,Mexico
,TBL,Aerotrebol,Mexico
,TBO,"Aero Taxi de Los Cabos",Mexico
JY,TCI,"Air Turks and Caicos","Turks and Caicos Islands"
,TCO,"Aerotranscolombina de Carga",Colombia
,TDG,"Air Cargo Express","United States"
,TDT,"Atlas Helicopters","United Kingdom"
,TDY,"Air Today","United States"
,TED,"Aero Servicios Azteca",Mexico
,TIR,Antair,Mexico
,TLB,"Atlantique Air Assistance",France
,TLD,"Aereo Taxi Autlan",Mexico
,TLE,"Aero Util",Mexico
,TLU,"Aero Toluca Internactional",Mexico
,TME,"Aero Taxi del Centro de Mexico",Mexico
,TOC,Aerotropical,Mexico
,TOH,"Air Tomisko",Serbia
CG,TOK,"Airlines PNG","Papua New Guinea"
,TON,"Aero Tonala",Mexico
,TPB,"Aero Tropical",Angola
TY,TPC,"Air Calédonie",France
,TPK,"Air Horizon",Chad
,TPO,"Aero Taxi del Potosi",Mexico
,TQS,Aeroturquesa,Mexico
,TRH,"Airmark Aviation","United States"
FL,TRS,"AirTran Airways","United States"
TS,TSC,"Air Transat",Canada
,TSQ,airtransse,Japan
,TTB,"Aerolíneas Turísticas del Caribe",Mexico
,TTE,Avcenter,"United States"
,TUN,"Air Tungaru",Kiribati
EC,TWN,"Avialeasing Aviation Company",Uzbekistan
,TXD,"Aerotaxis del Noroeste",Mexico
,TXF,"Aerotaxis Alfe",Mexico
,TXI,Aereotaxis,Mexico
,TZA,"Aero Tomza",Mexico
,TZT,"Air Zambezi",Zimbabwe
,UAG,"Afra Airlines",Ghana
,UAR,"Aerostar Airlines",Ukraine
,UCK,"Air Division of the Eastern Kazakhstan Region",Kazakhstan
DW,UCR,"Aero-Charter Ukraine",Ukraine
U7,UGA,"Air Uganda",Uganda
,UED,"Air LA","United States"
6U,UKR,"Air Ukraine",Ukraine
,UMB,"Air Umbria",Italy
,UND,"Atuneros Unidos de California",Mexico
,USC,"AirNet Express","United States"
,VNR,Avantair,"United States"
,FLP,"Aeroclub Flaps",Spain
6R,DRU,"Alrosa Air Company",Russia
AD,AZU,"Azul Linhas Aéreas Brasileiras",Brazil
6A,CHP,Aviacsa,Mexico
JZ,SKX,"Avia Express",Sweden
,SRY,As-Aero,Armenia
WD*,AAN,"Amsterdam Airlines",Netherlands
,AAT,"Air Central Asia",Kyrgyzstan
,ABI,"Antigua and Barbuda Airways","Antigua and Barbuda"
,ACB,"African Cargo Services",Kenya
,ACH,"Air Cargo Plus",Liberia
,ACJ,Avicon,Kenya
,AAE,"Astec Air East","United States"
3J,AAQ,"Air Alliance",Canada
,ACE,"Air Charter Express",Ghana
YE,ACQ,"Aryan Cargo Express",India
,ABS,"Air Central","United States"
,ADF,"Ade, Aviación Deportiva",Spain
,ADZ,"Avio Delta",Bulgaria
VJ,AFF,"Africa Airways",Benin
,AFM,"AEROSPEED FORMATION ET MAINTENANCE",France
QH,FLA,"Air Florida","United States"
3O,MAC,"Air Arabia Maroc",Morocco
,ADO,"Air Do",Japan
,MRY,"Air Marine",France
,PNK,"Air Pink",Serbia
,AFN,"African International Airlines",Lesotho
,BDV,"Aberdair Aviation",Kenya
,TTN,"Absolute Flight Services","South Africa"
,ATZ,"Ace Air","South Korea"
,CRV,"Acropolis Aviation","United Kingdom"
,DDS,"Addis Airlines",Ethiopia
,TEC,"ADI Shuttle Group","United States"
,DVN,Adventia,Spain
,EBS,"AEG Aviation Services","United States"
,ALS,Aeralp,France
,AEF,Aerea,Spain
,FUT,"Aereo Futuro",Mexico
,MMG,"Aereo Ruta Maya",Guatemala
,AGI,"Aereo Transportes Los Angeles de America",Mexico
,WWG,"Aereo WWG",Mexico
,AKR,"Aero Clinker",Mexico
,RRB,"Aero Club de Castellon",Spain
,ARP,"Aero Corporate","Côte d'Ivoire"
,EPU,"Aero Elite Acapulco",Mexico
,XPN,"Aero Express",Niger
,TEJ,AeroJet,Angola
,GHM,"Aero Service Bolivia",Bolivia
,GLM,"Aero Services Mali",Mali
,GUE,"Aero Servicio Guerrero",Mexico
,AJH,Aeroaljarafe,Spain
,AOB,"Aerocaribe Coro",Venezuela
,ERC,Aerocharter,Guatemala
,BSO,"Aeroclub Barcelona-Sabadell",Spain
,NVA,"Aeroclub de Albacete",Spain
,LUE,"Aeroclub de Alicante",Spain
,MLL,"Aeroclub de Mallorca",Spain
,CTD,Aerocorporativos,Mexico
,RRO,Aerocredo,Russia
,FAQ,Aerofaq,Ecuador
,PLS,Aeroflot-Plus,Russia
,LIN,Aerolimousine,Russia
,PCP,"Aerolínea Principal Chile",Chile
,ALT,"Aerolíneas Centrales",Mexico
,DMJ,"Aerolíneas Damojh",Mexico
,AHL,"Aerolíneas Hidalgo",Mexico
,LDL,Aerologic,Russia
,APR,"Aerolíneas Primordiales",Mexico
X9,NVD,"Avion Express",Lithuania
,BAH,"The Amiri Flight",Bahrain
UJ,LMU,"Al Masria Universal Airlines",Egypt
,AVD,"Álamo Aviación, S.L.",Spain
,PNX,"AIS Airlines",Netherlands
,AHO,"Air Hamburg",Germany
,BBF,"B-Air Charter",Germany
BO,BBW,"BB Airways",Nepal
JD,CBJ,"Beijing Capital Airlines",China
,OUF,"Beijing Eofa International Jet",China
,OTA,"Business Aviators","United States"
,BWD,"Bluewest Helicopters-Greenland",Denmark
,CWR,"Beijing City International Jet",China
,BJV,"Beijing Vistajet Aviation",China
,BHK,"Blu Halkin","United Kingdom"
,BXJ,"Brixtel Group","United States"
,BYG,"Bygone Aviation","United States"
,BOB,"Backbone A/S",Denmark
ID,BTK,"Batik Air",Indonesia
,BBJ,"Blue Air Lines","South Korea"
,BCJ,"Blue Jet Charters",Poland
,BNA,"Bun Air Corporation","United States"
,PVO,"Bearing Supplies Limited","United Kingdom"
,BAA,"Balkan Agro Aviation",Bulgaria
,BAB,"Bahrain Air BSC (Closed)",Bahrain
,BAC,"BAC Leasing Limited","United Kingdom"
,BAE,"BAE Systems","United Kingdom"
,BAF,"Belgian Air Force",Belgium
8Q*,BAJ,"Baker Aviation","United States"
,BAK,"Blackhawk Airways","United States"
L9,BAL,"Belle Air Europe",Italy
,BAM,"Business Air Services",Canada
,BAN,"British Antarctic Survey","United Kingdom"
,BAR,"Bradly Air (Charter) Services",Canada
,BAU,"Bissau Airlines",Guinea-Bissau
,BAV,"Bay Aviation Ltd",Bangladesh
BA,BAW,"British Airways","United Kingdom"
,BAX,"Best Aero Handling Ltd",Russia
,BAY,"Bravo Airways",Ukraine
,BBA,"Bannert Air",Austria
BG,BBC,"Biman Bangladesh Airlines",Bangladesh
BO,BBD,"Bluebird Nordic",Iceland
,BBS,"Beibars CJSC",Kazakhstan
,BBV,"Bravo Airlines",Spain
,BBZ,"Bluebird Aviation",Kenya
B4,BCF,"BACH Flugbetriebsges",Austria
SI,BCI,"Blue Islands","United Kingdom"
,BCL,"British Caribbean Airways","United Kingdom"
,BCR,"British Charter","United Kingdom"
,BCT,"BCT Aviation","United Kingdom"
,BCV,"Business Aviation Center",Ukraine
WX,BCY,CityJet,Ireland
BZ,BDA,"Blue Dart Aviation",India
JA,BON,"B&H Airlines","Bosnia and Herzegovina"
,BDF,"Bissau Discovery Flying Club",Guinea-Bissau
,AYB,"Belgian Army",Belgium
,BDR,"Badr Airlines",Sudan
,BEA,"Best Aviation Ltd",Bangladesh
,BED,"Belgorod Aviation Enterprise",Russia
,AJC,"Bar Harbor Airlines","United States"
,BEF,"Balear Express",Spain
,BEH,"Bel Air Helicopters",Denmark
,BEK,"Berkut Air",Kazakhstan
,BET,"BETA - Brazilian Express Transportes Aéreos",Brazil
,BFC,"Basler Flight Service","United States"
,BFG,"Bear Flight",Sweden
J4,BFL,"Buffalo Airways",Canada
,BFO,Bombardier,Canada
,BFR,"Burkina Airlines","Burkina Faso"
,BFS,"Business Flight Sweden",Sweden
,BFW,"Bahrain Defence Force",Bahrain
8H,BGH,"BH Air",Bulgaria
,BGI,"British Gulf International","São Tomé and Príncipe"
,BGK,"British Gulf International-Fez",Kyrgyzstan
A8,BGL,"Benin Golf Air",Benin
,BGM,"Bugulma Air Enterprise",Russia
,BGR,"Budget Air Bangladesh",Bangladesh
,BGT,"Bergen Air Transport",Norway
U4,BHA,"Buddha Air",Nepal
,BHI,"Balkh Airlines",Afghanistan
,BHL,"Bristow Helicopters","United Kingdom"
,BHN,"Bristow Helicopters Nigeria",Nigeria
,BHO,"Bhoja Airlines",Pakistan
4T,BHP,"Belair Airlines",Switzerland
,BHR,"Bighorn Airways","United States"
UP,BHS,Bahamasair,Bahamas
,BHT,"Bright Air",Netherlands
,BHY,"Bosphorus European Airways",Turkey
,BID,Binair,Germany
,BIG,"Big Island Air","United States"
BS,BIH,"British International Helicopters","United Kingdom"
,BIL,"Billund Air Center",Denmark
,BIN,"Boise Interagency Fire Center","United States"
,BIO,"Bioflight A/S",Denmark
,BIR,"Bird Leasing","United States"
,BIZ,"Bizjet Ltd","United Kingdom"
,BJA,"Baja Air",Mexico
,BJC,"Baltic Jet Aircompany",Latvia
,BJS,"Business Jet Solutions","United States"
B4,BKA,Bankair,"United States"
,BKF,"BF-Lento OY",Finland
,BKK,Blink,"United Kingdom"
,BKJ,"Barken International","United States"
PG,BKP,"Bangkok Airways",Thailand
,BKV,Bukovyna,Ukraine
,BLB,"Blue Bird Aviation",Sudan
,BLC,Bellesavia,Belarus
,BLE,"Blue Line",France
KF,BLF,Blue1,Finland
,BLG,Belgavia,Belgium
,BLH,"Blue Horizon Travel Club","United States"
,BLJ,"Blue Jet",Spain
,BLL,"Baltic Airlines",Russia
,BLN,"Bali International Air Service",Indonesia
JV,BLS,"Bearskin Lake Air Service",Canada
,BLT,"Baltic Aviation","United States"
B3,BLV,"Bellview Airlines",Nigeria
BD,BMA,BMI,"United Kingdom"
BM,BMR,"BMI Regional","United Kingdom"
,BMD,"British Medical Charter","United Kingdom"
,BME,"Briggs Marine Environmental Services","United Kingdom"
,BMH,"Bristow Masayu Helicopters",Indonesia
WW,BMI,Bmibaby,"United Kingdom"
CH,BMJ,"Bemidji Airlines","United States"
5Z,BML,"Bismillah Airlines",Bangladesh
,BMN,"Bowman Aviation","United States"
,BMW,BMW,Germany
,BMX,"Banco de Mexico",Mexico
,BND,"Bond Offshore Helicopters","United Kingdom"
,BNE,"Benina Air",Libya
,BNG,"BN Group Limited","United Kingdom"
,BNJ,"Air Service Liège (ASL)",Belgium
,BNL,"Blue Nile Ethiopia Trading",Ethiopia
,BNR,"Bonair Aviation",Canada
,BNS,"Bancstar - Valley National Corporation","United States"
,BNT,"Bentiu Air Transport",Sudan
,BNV,"Benane Aviation Corporation",Mauritania
,BNW,"British North West Airlines","United Kingdom"
,BOA,Boniair,Macedonia
,BOD,"Bond Air Services",Uganda
,BOE,Boeing,"United States"
,BOF,Bordaire,Canada
,BOO,"Bookajet Limited","United Kingdom"
BO,BOU,"Bouraq Indonesia Airlines",Indonesia
BV,BPA,"Blue Panorama Airlines",Italy
,BPK,"Berkhut ZK",Kazakhstan
,BPO,Bundespolizei-Fliegertruppe,Germany
,BPS,"Budapest Aircraft Services/Manx2",Hungary
,BPT,"Bonus Aviation","United Kingdom"
,BPX,"British Petroleum Exploration",Colombia
7R,BRB,"BRA-Transportes Aéreos",Brazil
,BRD,"Brock Air Services",Canada
,BRE,"Breeze Ltd",Ukraine
8E,BRG,"Bering Air","United States"
,BRK,"Briansk State Air Enterprise",Russia
,BRN,"Branson Airlines","United States"
,BRS,"Brazilian Air Force",Brazil
,BRT,"British Regional Airlines","United Kingdom"
B2,BRU,"Belavia Belarusian Airlines",Belarus
,BRV,"Bravo Air Congo","Democratic Republic of the Congo"
,BRW,"Bright Aviation Services",Bulgaria
BN,BNF,"Braniff International Airways","United States"
,BRX,"Buffalo Express Airlines","United States"
,BRY,Burundayavia,Kazakhstan
,BSC,"Bistair - Fez",Kyrgyzstan
,BSD,"Blue Star Airlines",Mexico
,BSI,"Brasair Transportes Aéreos",Brazil
,BSJ,"Blue Swan Aviation","United Kingdom"
,BSM,"Blue Sky Aviation",Lebanon
,BSS,"Bissau Aero Transporte",Guinea-Bissau
,BST,"Best Air",Turkey
,BSW,"Blue Sky Airways","Czech Republic"
GQ,BSY,"Big Sky Airlines","United States"
V9,BTC,"BAL Bashkirian Airlines",Russia
,BTH,"Baltijas Helicopters",Latvia
BQ,BTL,"Baltia Air Lines","United States"
,BTR,Botir-Avia,Kyrgyzstan
,GAA,"Business Express","United States"
,BTT,BT-Slavuta,Ukraine
4B,BTQ,"Boutique Air","United States"
Y6,BTV,"Batavia Air",Indonesia
L9,BTZ,"Bristow U.S. LLC","United States"
1T,BUC,"Bulgarian Air Charter",Bulgaria
,BUL,"Blue Airlines","Democratic Republic of the Congo"
BU,BUN,"Buryat Airlines Aircompany",Russia
,BUZ,"Buzz Stansted","United Kingdom"
,BVA,"Buffalo Airways","United States"
,BVC,"Bulgarian Aeronautical Centre",Bulgaria
,BVN,"Baron Aviation Services","United States"
J8,BVT,"Berjaya Air",Malaysia
,BVU,"Bellview Airlines, Sierra Leone","Sierra Leone"
QW,BWG,"Blue Wings",Germany
,BWI,"Blue Wing Airlines",Suriname
,BWL,"British World Airlines","United Kingdom"
,BXA,"Bahrain Executive Air Services",Bahrain
,BXH,"Bar XH Air",Canada
SN,BXI,"Brussels International Airlines",Belgium
,BYA,"Berry Aviation","United States"
,BYC,"Cambodia Bayon Airlines",Cambodia
,BYF,"San Carlos Flight Center","United States"
,BYL,"Bylina Joint-Stock Company",Russia
,BYR,"Berytos Airlines",Lebanon
,BYE,"Bayu Indonesia Air",Indonesia
,BZA,"Bizair Fluggesellschaft",Germany
DB,BZH,"Brit Air",France
,BZZ,"Butane Buzzard Aviation Corporation","United Kingdom"
,AUJ,"Business Flight Salzburg",Austria
,CKM,"BKS Air (Rivaflecha)",Spain
,CLF,"Bristol Flying Centre","United Kingdom"
,CLN,"Barnes Olsen Aeroleasing","United Kingdom"
,CPJ,"Baltimore Air Transport","United States"
E9,CXS,"Boston-Maine Airways","United States"
SN,BEL,"Brussels Airlines",Belgium
,EAH,"Baltimore Airways","United States"
,EBA,"Bond Aviation",Italy
,EXB,"Brazilian Army Aviation",Brazil
,EXP,"Business Express Delivery",Canada
,FOS,"Bel Limited",Russia
,HAW,"Bangkok Aviation Center",Thailand
,HAX,Benair,Norway
NT,IBB,"Binter Canarias",Spain
,IRJ,"Bonyad Airlines",Iran
,IVR,Burundaiavia,Kazakhstan
KJ,LAJ,"British Mediterranean Airways","United Kingdom"
,LBY,"Belle Air",Albania
,LED,"Blom Geomatics",Norway
,LTL,"Benin Littoral Airways",Benin
,LXJ,"Bombardier Business Jet Solutions","United States"
FB,LZB,"Bulgaria Air",Bulgaria
,MBR,"Brazilian Navy Aviation",Brazil
8N,NKF,"Barents AirLink",Sweden
,NYB,"Belgian Navy",Belgium
,OGJ,"Bakoji Airlines Services",Nigeria
,PEB,"Benders Air",Sweden
,PNT,"Balmoral Central Contracts","South Africa"
,POI,"BGB Air",Kazakhstan
,PPS,"Butte Aviation","United States"
,RHD,"Bond Air Services","United Kingdom"
,RLR,"Business Airfreight","United States"
,RPX,"BAC Express Airlines","United Kingdom"
,RRS,"Boscombe Down DERA (Formation)","United Kingdom"
,SCJ,"Business Jet Sweden",Sweden
,SHT,"British Airways Shuttle","United Kingdom"
,SKH,"British Sky Broadcasting","United Kingdom"
,TXB,"Bell Helicopter Textron",Canada
,UKA,"Buzzaway Limited","United Kingdom"
,VLX,"Biz Jet Charter","United States"
,VOL,"Blue Chip Jet",Sweden
,WFD,"BAE Systems","United Kingdom"
,WTN,"BAE Systems","United Kingdom"
,XBO,"Baseops International","United States"
,XDA,"Bureau Veritas",France
,XMS,"British Airways Santa","United Kingdom"
,ZBA,"Boskovic Air Charters Limited",Kenya
,BLM,"Blue Sky Airlines",Armenia
,JMP,Businesswings,Germany
CJ,CFE,"BA CityFlyer","United Kingdom"
OB,BOV,"Boliviana de Aviación",Bolivia
YB,BRJ,Borajet,Turkey
MX,MXY,Breeze_Airways,"United States"
BW,BWA,"Caribbean Airlines","Trinidad and Tobago"
,QAI,"Conquest Air","United States"
,CNW,"Continental Airways",Moldovoa
,CBH,"Corporate Eagle Management Services","United States"
,CCT,"Connect Air",Canada
,CME,"Commerce Bank","United States"
,CAA,"Civil Aviation Authority of the Czech Republic","Czech Republic"
,BKR,"Civil Air Patrol South Carolina Wing","United States"
,BFN,"Compagnie Nationale Naganagani","Burkino Faso"
,AWX,"Civil Aviation Authority Directorate of Airspace Policy","United Kingdom"
,BBN,"Civil Aviation Authority Airworthiness Division","United Kingdom"
,AIO,"Chief of Staff, United States Air Force","United States"
,AID,"Christian Konig - Century Airbirds",Austria
7N,PWD,"Pawa Dominicana","Dominican Republic"
,SMW,"Carpatair Flight Service",Romania
,CCL,"Cambodia Airlines",Cambodia
KR,KME,"Cambodia Airways",Cambodia
,CCB,"Caricom Airways",Barbados
,CYH,"China Southern Airlines Henan",China
,CFB,"Chongqing Forebase General Aviation",China
,XCA,"Colt Transportes Aereos",Brazil
,GCY,"CHC Global Operations International","United Kingdom"
,TIP,"C and M Aviation","United States"
,SRJ,"C Air Jet Airlines","Syrian Arab Republic"
,ORO,"C N Air",Spain
,RWG,"C&M Airways","United States"
,RMU,"C.S.P., Societe",Mauritania
,CJZ,"Caliber Jet","United States"
,CRC,"Cameroon Airlines Corporation",Cameroon
,CBI,Cabi,Ukraine
,CPI,"Compagnia Aeronautica Italiana",Italy
5C,ICL,"CAL Cargo Air Lines",Israel
,CMR,"CAM Air Management","United Kingdom"
,CTZ,"CATA Línea Aérea",Argentina
,CCF,"CCF Manager Airline",Germany
,CED,"CEDTA (Compañía Ecuatoriana De Transportes Aéreos)",Ecuador
,HBI,"CHC Denmark",Denmark
,HEM,"CHC Helicopter",Australia
AW,SCH,"CHC Airways",Netherlands
,HKS,"CHC Helikopter Service",Norway
,VCI,CI-Tours,"Ivory Coast"
,CKC,"CKC Services","United States"
,CMZ,"CM Stair",Mauritania
,CNT,"Centre national d'études des télécommunications - C.N.E.T.",France
,OAP,"COAPA AIR",Mexico
,PDR,COMAV,Namibia
,CRH,"CRI Helicopters Mexico",Mexico
,IRO,"CSA Air","United States"
,CSE,"CSE Aviation","United Kingdom"
,CTQ,"CTK Network Aviation",Ghana
,CBR,"Cabair College of Air Training","United Kingdom"
,CVE,"Cabo Verde Express","Cape Verde"
,CWD,"Caernarfon Airworld","United Kingdom"
,CXE,"Caicos Express Airways","Turks and Caicos Islands"
,CCE,"Cairo Air Transport Company",Egypt
,CGC,"Cal Gulf Aviation","São Tomé and Príncipe"
,REZ,"Cal-West Aviation","United States"
,CSL,"California Air Shuttle","United States"
3C,CMV,"Calima Aviación",Spain
MO,CAV,"Calm Air",Canada
R9,CAM,"Camai Air","United States"
UY,UYC,"Cameroon Airlines",Cameroon
,HSO,"Campania Helicopteros De Transporte",Spain
C6,CJA,CanJet,Canada
,PIL,"Canada Jet Charters",Canada
CP,CDN,"Canadian Airlines",Canada
,CTG,"Canadian Coast Guard",Canada
,HIA,"Canadian Eagle Aviation",Canada
,CFC,"Canadian Forces",Canada
,BZD,"Canadian Global Air Ambulance",Canada
,TKR,"Canadian Interagency Forest Fire Centre",Canada
,XNC,"Canadian National Telecommunications",Canada
7F,AKT,"Canadian North",Canada
CP,CPC,"Canadian Pacific Airlines",Canada
,CDR,"Canadian Regional Airlines",Canada
,CWH,"Canadian Warplane Heritage Museum",Canada
W2,CWA,"Canadian Western Airlines",Canada
,CWW,Canair,China
,CUI,"Cancun Air",Mexico
9K,KAP,"Cape Air","United States"
,CTO,"Cape Air Transport",Australia
,SEM,"Cape Central Airways","United States"
,CMY,"Cape Smythe Air","United States"
,CPX,"Capital Air Service","United States"
,CPD,"Capital Airlines",Kenya
,NCP,"Capital Airlines Limited",Nigeria
PT,CCI,"Capital Cargo International Airlines","United States"
,CCQ,"Capital City Air Carriers","United States"
,EGL,"Capital Trading Aviation","United Kingdom"
,CEX,"Capitol Air Express","United States"
,CWZ,"Capitol Wings Airline","United States"
,VAN,"Caravan Air",Mauritania
,CWN,"Cardiff Wales Flying Club","United Kingdom"
,FVA,"Cardinal/Air Virginia","United States"
,GOL,Cardolaar,Namibia
,CDI,"Cards Air Services",Philippines
,CFH,CareFlight,Australia
,CDM,"Carga Aérea Dominicana","Dominican Republic"
,EST,"Carga Express Internacional",Mexico
GG,GGC,"Cargo 360","United States"
,MCX,"Cargo Express",Mauritania
,CLM,"Cargo Link (Caribbean)",Barbados
P3,CLU,"Cargo Logic Air","United Kingdom"
,CTW,"Cargo Three",Panama
2G,CRG,Cargoitalia,Italy
W8,CJT,"Cargojet Airways",Canada
CV,CLX,Cargolux,Luxembourg
C8,ICV,"Cargolux Italia",Italy
,CGM,Cargoman,Oman
,DEL,"Carib Aviation","Antigua and Barbuda"
,BCB,"Carib Express",Barbados
,DCC,"Caribbean Air Cargo",Barbados
,CLT,"Caribbean Air Transport",Netherlands
,IQQ,"Caribbean Airways",Barbados
,CSX,"Choice Airways","United States"
,TLC,"Caribbean Express","United States"
8B,GFI,"Caribbean Star Airlines","Antigua and Barbuda"
,CRB,"Caricom Airways",Suriname
,CRT,Caribintair,Haiti
,CVG,"Carill Aviation","United Kingdom"
V3,KRP,Carpatair,Romania
,CRR,Carranza,Chile
,ULS,"Carroll Air Service","United States"
,CMT,"Casement Aviation","United States"
,CSO,"Casino Airline","United States"
,CSP,"Casper Air Service","United States"
RV,CPN,"Caspian Airlines",Iran
,CSJ,"Castle Aviation","United States"
,CAZ,"Cat Aviation",Switzerland
,CBT,"Catalina Flying Boats","United States"
,TEX,Catex,France
KA,HDA,"Cathay Dragon","Hong Kong"
CX,CPA,"Cathay Pacific","Hong Kong"
,CJR,"Caverton Helicopters",Nigeria
KX,CAY,"Cayman Airways","Cayman Islands"
5J,CEB,"Cebu Pacific",Philippines
,CIL,"Cecil Aviation","United Kingdom"
,CEG,"Cega Aviation","United Kingdom"
,CEC,"Celtic Airways","United Kingdom"
,CWE,"Celtic West","United Kingdom"
,CEV,"Centre d'Essais en Vol",France
,CNL,"Centennial Airlines","United States"
,CNS,"Cobalt Air LLC","United States"
,CVO,"Center Vol",Spain
,CTS,Center-South,Russia
,CET,"Centrafrican Airlines","Central African Republic"
,CAX,"Central Air Express","Democratic Republic of the Congo"
,CTL,"Central Airlines","United States"
,CNY,"Central Airways","Sierra Leone"
,ACN,"Central American Airlines",Nicaragua
,YOG,"Central Aviation","United States"
,DRN,"Central De Discos De Reynosa",Mexico
,CMA,"Central European Airlines","Czech Republic"
,CHA,"Central Flying Service","United States"
,CEM,"Central Mongolia Airways",Mongolia
9M,GLR,"Central Mountain Air",Canada
,CQC,"Central Queensland Aviation College",Australia
,CSI,"Central Skyport","United States"
,CLW,Centralwings,Poland
,DTV,"Centre Airlines","United States"
,CGS,"Centre of Applied Geodynamica",Russia
J7,CVC,Centre-Avia,Russia
,CCV,"Centro De Helicopteros Corporativos",Mexico
,ACF,"Centro de Formación Aeronáutica de Canarias",Spain
WE,CWC,"Centurion Air Cargo","United States"
,URY,"Century Aviation",Mexico
,HAI,"Century Aviation International",Canada
,XAD,"Certified Air Dispatch","United States"
,CER,"Cetraca Aviation Service","Democratic Republic of the Congo"
,IRU,"Chabahar Airlines",Iran
,CLG,"Chalair Aviation",France
OP,CHK,"Chalk's International Airlines","United States"
,CLS,"Challenge Air Transport",Germany
,CHS,"Challenge Aviation",Australia
,OFF,"Challenge International Airlines","United States"
,CHG,"Challenge Aero",Ukraine
,CPH,"Champagne Airlines",France
MG,CCP,"Champion Air","United States"
,NCH,"Chanchangi Airlines",Nigeria
2Z,CGN,"Chang An Airlines",China
,CHN,"Channel Island Aviation","United States"
,WML,"Chantilly Air","United States"
,CPL,"Chaparral Airlines","United States"
S8,CSU,"Chari Aviation Services",Chad
,CAH,"Charlan Air Charter","South Africa"
,HMD,"Charlie Hammonds Flying Service","United States"
,CGD,"Charlotte Air National Guard","United States"
,CHW,"Charter Air",Austria
,HRT,"Chartright Air",Canada
RP*,CHQ,"Chautauqua Airlines","United States"
,CBB,"Cheboksary Airenterprise JSC",Russia
,CHM,"Chemech Aviation",Pakistan
,CHZ,Cherline,Russia
,CMK,Chernomor-Avia,Russia
,CBM,"Cherokee Express","United States"
,CCY,"Cherry Air","United States"
,CAB,"Chesapeake Air Service","United States"
,CVR,"Chevron U.S.A","United States"
,CYA,"Cheyenne Airways","United States"
,CGO,"Chicago Air","United States"
C8,WDY,"Chicago Jet Group","United States"
,RAT,"Chief Rat Flight Services","South Africa"
,CCH,"Chilchota Taxi Aéreo",Mexico
,DES,"Chilcotin Caribou Aviation",Canada
,CAD,"Chilliwack Aviation",Canada
,ETN,"Chim-Nir Aviation",Israel
CI,CAL,"China Airlines",Taiwan
CK,CKK,"China Cargo Airlines",China
MU,CES,"China Eastern Airlines",China
G5,HXA,"China Express Airlines",China
,CFA,"China Flying Dragon Aviation",China
,CTH,"China General Aviation Corporation",China
,CAG,"China National Aviation Corporation",China
CJ,CBF,"China Northern Airlines",China
,CHC,"China Ocean Helicopter Corporation",China
8Y,CYZ,"China Postal Airlines",China
CZ,CSN,"China Southern Airlines",China
,CXN,"China Southwest Airlines",China
KN,CUA,"China United Airlines",China
XO,CXH,"China Xinhua Airlines",China
,CGU,"Chinguetti Airlines",Mauritania
,CEP,"Chipola Aviation","United States"
,CPW,"Chippewa Air Commuter","United States"
X7,CHF,Chitaavia,Russia
OQ,CQN,"Chongqing Airlines",China
,CAS,"Christman Air System","United States"
,OEC,"Christophorus Flugrettungsverein",Austria
,CHO,"Chrome Air Services","United States"
,CHU,"Church Aircraft","United States"
A2,CIU,"Cielos Airlines",Peru
QI,CIM,"Cimber Sterling",Denmark
C7,CIN,"Cinnamon Air","Sri Lanka"
,RRU,Cirrus,Chile
,NTS,"Cirrus Air","United States"
C9,RUS,"Cirrus Airlines",Germany
,JTI,"Cirrus Middle East",Lebanon
,FIV,CitationAir,"United States"
,XCX,Citibank,"United States"
,HZX,"Citic General Aviation",China
,SDR,"City Airline",Sweden
G3,CIX,"City Connexion Airlines",Burundi
,XBG,"City of Bangor","United States"
,CAQ,"Cityair (Chester) Limited","United Kingdom"
,CII,Cityfly,Italy
,CNB,"Cityline Hungary",Hungary
,HSR,"Citylink Airlines","United States"
,CIW,"Civair Airways","South Africa"
,CAP,"Civil Air Patrol","United States"
CT,CAT,"Civil Air Transport",Taiwan
,CIA,"Civil Aviation Authority",Slovakia
,CIV,"Civil Aviation Authority of New Zealand","New Zealand"
,CBA,"Civil Aviation Inspectorate of the Czech Republic","Czech Republic"
,FMC,"Claessens International Limited","United Kingdom"
,CLK,"Clark Aviation","United States"
,CSF,Clasair,"United Kingdom"
,CLY,"Clay Lacy Aviation","United States"
,CGK,"Click Airways",Kyrgyzstan
,CLZ,"Cloud 9 Air Charters","South Africa"
,CLD,"Clowes Estates Limited","United Kingdom"
,SDJ,"Club 328","United Kingdom"
6P,ISG,"Club Air",Italy
BX,CST,"Coast Air",Norway
,TCL,"Coastal Air Transport","United States"
,CNG,"Coastal Airways","United States"
,CSV,"Coastal Travels",Tanzania
,CHL,"Cohlmia Aviation","United States"
,OLR,Colaéreos,Ecuador
,CLE,"Colemill Enterprises","United States"
9L,CJC,"Colgan Air","United States"
,CAE,"Colibri Aviation",Canada
,CCX,"Colt International","United States"
,WCO,"Columbia Helicopters","United States"
,KLR,"Columbus Air Transport","United States"
,GHP,"Colvin Aviation","United States"
OH,COM,Comair,"United States"
MN,CAW,Comair,"South Africa"
,GCM,"Comair Flight Services","South Africa"
,CDE,"Comed Group","United Kingdom"
,CVV,Comeravia,Venezuela
,CRS,"Comercial Aérea",Mexico
,CMG,"Comet Airlines",Nigeria
,FYN,"Comfort Air",Germany
,CMJ,"Comfort Jet Services",Togo
,CLA,"Comlux Aviation",Switzerland
,KAZ,"Comlux Kazakhstan",Kazakhstan
,MLM,"Comlux Malta",Malta
,CXB,"Comlux Aruba",Aruba
,CMH,"Commair Aviation","United Kingdom"
,CTM,"Commandement Du Transport Aerien Militaire Francais",France
,CML,"Commander Air Charter",Canada
,CRM,"Commander Mexicana",Mexico
,CMS,"Commercial Aviation",Canada
,GAR,"Commodore Aviation",Australia
,CJS,"Commonwealth Jet Service","United States"
C5,UCA,CommutAir,"United States"
KR,CWK,"Comores Airlines",Comoros
,CGR,"Compagnia Generale Ripreseaeree",Italy
,CMM,"Compagnie Aérienne du Mali",Mali
,CPM,"Compagnie Mauritanienne Des Transports",Mauritania
,GIC,"Compagnie de Bauxites de Guinee",Guinea
,AIF,"Compañía Aérea de Valencia",Spain
,ATF,"Compañía Aerotécnicas Fotográficas",Spain
,LCT,"Compañía De Actividades Y Servicios De Aviación",Spain
,EJV,"Compania Ejecutiva",Mexico
,HSE,"Compania Helicopteros Del Sureste",Spain
,MDR,"Compania Mexicana De Aeroplanos",Mexico
GJ,MXC,"Compania Mexicargo",Mexico
,HSS,"Compañía Transportes Aéreos Del Sur",Spain
,TAV,"Compañía de Servicios Aéreos Tavisa",Spain
,CYF,"Company Flight",Denmark
CP,CPZ,"Compass Airlines","United States"
,CPS,"Compass International Airways","United Kingdom"
,XCO,"Compuflight Operations Service","United States"
,XCS,"Compuserve Incorporated","United States"
,COD,Concordavia,Ukraine
,CNR,"Condor Aero Services","United States"
,CIB,Condor,Germany
DE,CFG,"Condor Flugdienst",Germany
,COF,"Confort Air",Canada
,CAK,"Congo Air",Bahamas
,CGA,"Congressional Air","United States"
,ROY,"Conifair Aviation",Canada
,BSN,"Connectair Charters",Canada
,CAC,"Conquest Airlines","United States"
,CXO,"Conroe Aviation Services","United States"
,VCH,"Consorcio Helitec",Venezuela
,UZA,"Constanta Airline",Ukraine
,KIS,Contactair,Germany
,XCL,"Contel ASC","United States"
CO,COA,"Continental Airlines","United States"
CS,CMI,"Continental Micronesia","United States"
,CON,"Continental Oil","United States"
V0,VCV,Conviasa,Venezuela
,CKA,"Cook Inlet Aviation","United States"
,SVY,"Cooper Aerial Surveys","United Kingdom"
CM,CMP,"Copa Airlines",Panama
,COP,"Copper State Air Service","United States"
CQ,CCW,"Central Charter","Czech Republic"
XC,CAI,"Corendon Airlines",Turkey
,CRA,"Coronado Aerolíneas",Colombia
,CPB,"Corpac Canada",Canada
,CNC,"Corporación Aéreo Cencor",Mexico
,CPG,"Corporacion Aeroangeles",Mexico
,CGY,"Corporacion Paraguaya De Aeronautica",Paraguay
,CPT,"Corporate Air","United States"
,CPR,"Corporate Air","United States"
,CPO,"Corporate Aircraft Company","United States"
,COO,"Corporate Airlink",Canada
,CKE,"Corporate Aviation Services","United States"
,VHT,"Corporate Flight International","United States"
LF,VTE,"Contour Airlines","United States"
,CJI,"Corporate Jets","United States"
SS,CRL,Corsairfly,France
F5,COZ,"Cosmic Air",Nepal
,COT,"Costa Airlines",Venezuela
,CHI,"Cougar Helicopters",Canada
,MGB,"Coulson Flying Service","United Kingdom"
,NSW,"Country Connection Airlines",Australia
,CIK,"Country International Airlines",Kyrgyzstan
,CSD,"Courier Services","United States"
,CUT,"Court Helicopters","South Africa"
,OU,"Court Line","United Kingdom"
,CVL,"Coval Air",Canada
,COW,COWI,Denmark
7C,COY,"Coyne Aviation","United Kingdom"
,CFD,"Cranfield University","United Kingdom"
,CRE,"Cree Airways",Canada
,ELM,Crelam,Mexico
,CAN,"Crest Aviation","United Kingdom"
,KRM,"Crimea Universal Avia",Ukraine
OU,CTN,"Croatia Airlines",Croatia
,HRZ,"Croatian Air Force",Croatia
,CRX,"Cross Aviation","United Kingdom"
QE,ECC,"Crossair Europe",Switzerland
,CWX,"Crow Executive Air","United States"
,CKR,"Crown Air Systems","United States"
,CRO,"Crown Airways","United States"
,CRW,Crownair,Canada
,VCR,"Cruiser Linhas Aéreas",Brazil
,CTY,"Cryderman Air Service","United States"
,CYT,"Crystal Shamrock Airlines","United States"
CU,CUB,"Cubana de Aviación",Cuba
,CTF,"Cutter Aviation","United States"
,CBL,"Cumberland Airways (Nicholson Air Service)","United States"
,CTT,"Custom Air Transport","United States"
,RGN,"Cygnus Air",Spain
,CYC,"Cyprair Tours",Cyprus
,CYS,"Cypress Airlines",Canada
CY,CYP,"Cyprus Airways",Cyprus
YK,KYV,"Cyprus Turkish Airlines",Turkey
,CEF,"Czech Air Force","Czech Republic"
,AHD,"Czech Air Handling","Czech Republic"
OK,CSA,"Czech Airlines","Czech Republic"
,CIE,"Czech Government Flying Service","Czech Republic"
8L,CGP,"Cargo Plus Aviation","United Arab Emirates"
GJ,CDC,"CDI Cargo Airlines",China
,HNL,"CHC Helicopters Netherlands",Netherlands
5Z,KEM,CemAir,"South Africa"
,JLH,"Centro de Servicio Aeronautico",Mexico
,FCB,Cobalt,Cyprus
,CVK,"CAVOK Airlines",Ukraine
XG,CLI,Clickair,Spain
PN,CHB,"West Air (China)",China
,CRN,"Carson Air Ltd",CANADA
,DJT,Dreamjet,France
,DPJ,"Delta Private Jets","United States"
,DJR,"Desert Jet","United States"
,DLC,"Dehong South Asian General Aviation",China
,DNS,"Dniproaviaservis Company",Ukraine
,DRF,"Dream Flyers Training Center",Spain
,DMF,DMCFLY,Mexico
,GDF,"DF Aviation",Ukraine
,DDA,"D & D Aviation","United States"
,DNK,"D&K Aviation","United States"
V5,VPA,DanubeWings,Slovakia
,DHE,"DAP Helicopteros",Chile
,VLF,"DFS UK Limited","United Kingdom"
WD,DSR,"DAS Air Cargo",Uganda
,RKC,"DAS Airlines","Democratic Republic of the Congo"
DX,DTR,"DAT Danish Air Transport",Denmark
,ENT,"DAT Enterprise Limited","United Kingdom"
,BDN,"DERA Boscombe Down","United Kingdom"
,DSN,DESNA,Ukraine
,DET,"DETA Air",Kazakhstan
,DGO,"DGO Jet",Mexico
,DAE,"DHL Aero Expreso",Panama
D0,DHK,"DHL Air Limited","United Kingdom"
,DHV,"DHL Aviation","South Africa"
ES,DHX,"DHL International",Bahrain
L3,JOS,"DHL de Guatemala",Guatemala
,RSK,DSWA,"United States"
D3,DAO,"Daallo Airlines",Djibouti
N2,DAG,"Dagestan Airlines",Russia
,DHA,"Dahla Airlines","Democratic Republic of Congo"
,DCS,"DC Aviation",Germany
,DCX,Daimler-Chrysler,"United States"
,DKA,Daka,Kazakhstan
,DLR,"Dala Air Services",Nigeria
H8,KHB,Dalavia,Russia
,DXP,"Dallas Express Airlines","United States"
,DAS,"Damascene Airways","Syrian Arab Republic"
,DSA,"Danbury Airways","United States"
,DOP,Dancopter,Denmark
,DAF,"Danish Air Force",Denmark
DD,DDL,"Danish Air Lines",Denmark
,DAR,"Danish Army",Denmark
,DNY,"Danish Navy",Denmark
,DNU,"Danu Oro Transportas",Lithuania
,DRT,Darta,France
0D,DWT,"Darwin Airline",Switzerland
,DSQ,"Dasab Airlines",Uganda
,DSH,"Dash Air Charter","United States"
,GOB,"Dash Aviation","United Kingdom"
,DGX,Dasnair,Switzerland
,DAB,"Dassault Aviation",France
,CVF,"Dassault Falcon Jet Corporation","United States"
,DSO,"Dassault Falcon Service",France
,DTN,"Data International",Sudan
,XDT,"Date Transformation Corp","United States"
D5,DAU,Dauair,Germany
,DCO,"David Crawshaw Consultants Limited","United Kingdom"
,DWN,"Dawn Air","United States"
,DJS,DayJet,"United States"
,DAY,"Daya Aviation","Sri Lanka"
,DHC,"De Havilland",Canada
,IAY,"Deadalos Flugtbetriebs",Austria
,DAA,"Decatur Aviation","United States"
,DKN,"Deccan Charters",India
,JDC,"Deere and Company","United States"
,DWR,"Delaware Skyways","United States"
,DEA,"Delta Aerotaxi",Italy
,SNO,"Delta Air Charter",Canada
,ELJ,"Delta Private Jets","United States"
DL,DAL,"Delta Air Lines","United States"
,KMB,"Delta Engineering Aviation","United Kingdom"
,DLI,"Delta Express International",Ukraine
,DSU,"Delta State University","United States"
J7,DNM,"Denim Air",Netherlands
,FEC,"Denver Express","United States"
,FGC,"Departament d'Agricultura de la Generalitat de Catalunya",Spain
,DRY,"Deraya Air Taxi",Indonesia
,DRX,"Des R Cargo Express",Mauritania
,MIZ,"Desarrollo Milaz",Mexico
,DTY,"Destiny Air Services","Sierra Leone"
1I,AMB,"Deutsche Rettungsflugwacht",Germany
,LFO,"Deutsches Zentrum fur Luft-und Raumfahrt EV",Germany
,DIS,"Di Air",Serbia
,SPK,"Diamond Aviation","United States"
,DRB,"Didier Rousset Buy",Chile
,DGT,"Digital Equipment Corporation","United States"
,DIP,"Diplomatic Freight Services","United Kingdom"
,ENA,"Dirección General de Aviación Civil y Telecomunicasciones",Spain
,DIA,"Direct Air","United States"
,XAP,"Direct Air trading as Midway Connection","United States"
,DCT,"Direct Flight","United Kingdom"
,SXP,"Direct Fly",Poland
AW,DIR,"Dirgantara Air Service",Indonesia
,DCV,"Discover Air","United States"
DH,DVA,"Discovery Airways","United States"
,XDS,"Dispatch Services","United States"
,DIX,"Dix Aviation",Germany
,DEE,"Dixie Airways","United States"
Z6,UDN,Dniproavia,Ukraine
,FDN,"Dolphin Air","United Arab Emirates"
,IXX,"Dolphin Express Airlines","United States"
,DPL,"Dome Petroleum",Canada
YU,ADM,Dominair,"Dominican Republic"
,MYO,"Dominguez Toledo (Grupo Mayoral)",Spain
DO,DOA,"Dominicana de Aviación","Dominican Republic"
E3,DMO,"Domodedovo Airlines",Russia
,DVB,"Don Avia",Kazakhstan
,DON,"Donair Flying Club","United Kingdom"
D9,DNV,Donavia,Russia
5D,UDC,DonbassAero,Ukraine
,DAD,"Dorado Air","Dominican Republic"
,DOR,Dornier,Germany
,DAV,"Dornier Aviation Nigeria",Nigeria
,DOM,"Dos Mundos","Dominican Republic"
,DCA,"Dreamcatcher Airways","United Kingdom"
KB,DRK,"Druk Air",Bhutan
,DRE,"Drummond Island Air","United States"
,DUB,"Dubai Airwing","United Arab Emirates"
,DBK,"Dubrovnik Air",Croatia
,DUK,Ducair,Luxembourg
,DBJ,"Duchess of Britany (Jersey) Limited","United Kingdom"
,LPD,"UK Royal/HRH Duke of York","United Kingdom"
,DUN,Dun'Air,Mauritania
,PHD,"Duncan Aviation","United States"
,VVF,"Dunyaya Bakis Hava Tasimaciligi",Turkey
,DUO,"Duo Airways","United Kingdom"
,DJE,"Durango Jet",Mexico
,DNL,"Dutch Antilles Express","Netherlands Antilles"
,DCE,"Dutch Caribbean Express","Netherlands Antilles"
,DBR,Dutchbird,Netherlands
,DFS,"Dwyer Aircraft Services","United States"
,XDY,"Dynair Services","United States"
,DNR,"Dynamair Aviation",Canada
,DYE,"Dynamic Air",Netherlands
,DYA,"Dynamic Airways","United States"
DI,BAG,Dba,Germany
,EES,"Eagle Express",Serbia
,EBF,"Echo Airlines",Bahamas
MQ,ENY,"Envoy Air","United States"
,EVK,"Everett Aviation",Kenya
,ENK,"Executive Airlink","United States"
EL,ELB,Ellinair,Greece
,EVT,"Everett Limited",Tanzania
,ELN,"Eleron Aviation Company",Ukraine
,ELU,"Egyptian Leisure Airlines",Egypt
9E,EDV,"Endeavor Air","United States"
,LTD,"Executive Express Aviation/JA Air Charter","United States"
,EPR,"Express Airways",Slovenia
,XSL,"Excel-Aire Service","United States"
,XSR,"Executive Flight Services","United States"
,EZJ,"Ezjet GT",Guyana
9A,EZX,"Eagle Express Air Charter",Malaysia
,MNU,"Elite Airways","United States"
,EHD,"E H Darby Aviation","United States"
,EXW,"Executive Airlines Services",Nigeria
,EFS,"EFAOS- Agencia De Viagens e Turismo",Angola
,EFD,"Eisele Flugdienst",Germany
,FSD,EFS-Flugservice,Germany
,EIS,"EIS Aircraft",Germany
,IAG,EPAG,France
,ESI,"ESI Eliservizi Italiani",Italy
,EUY,"EU Airways",Ireland
VE,EUJ,EUjet,Ireland
BR,EVA,"EVA Air",Taiwan
,ICR,"Eagle Aero","United States"
,FEI,"Eagle Air",Iceland
,EGR,"Eagle Air","Sierra Leone"
,EFL,"Eagle Air",Tanzania
H7,EGU,"Eagle Air",Uganda
NZ,EAG,"Eagle Airways","New Zealand"
,EGX,"Eagle Air Company",Thailand
,GYP,"Eagle Aviation","United Kingdom"
,EGN,"Eagle Aviation France",France
,SEG,"Eagle International",Senegal
,EGJ,"Eagle Jet Charter","United States"
,EMD,"Eaglemed (Ballard Aviation)","United States"
,ERX,"Earth Airlines Services",Nigeria
QU,UTN,UTair-Ukraine,Ukraine
S9,HSA,"East African Safari Air",Kenya
,EXZ,"East African Safari Air Express",Kenya
,EMU,"East Asia Airlines",Macao
,ECT,"East Coast Airways","South Africa"
,ECJ,"East Coast Jets","United States"
,EHA,"East Hampton Aire","United States"
,EKC,"East Kansas City Aviation","United States"
,CTK,"East Midlands Helicopters","United Kingdom"
,DXH,"East Star Airlines",China
,EWA,"East-West Airlines",Australia
ZE,ESR,"Eastar Jet","South Korea"
,EAZ,"Eastern Air",Zambia
,EAX,"Eastern Air Executive","United Kingdom"
EA,EAL,"Eastern Air Lines","United States"
T3,EZE,"Eastern Airways","United Kingdom"
QF,EAQ,"Eastern Australia Airlines",Australia
,ECI,"Eastern Carolina Aviation","United States"
,GNS,"Eastern Executive Air Charter","United Kingdom"
,LIS,"Eastern Express",Kazakhstan
,EME,"Eastern Metro Express","United States"
,EPB,"Eastern Pacific Aviation",Canada
,ESJ,"Eastern SkyJets","United Arab Emirates"
DK,ELA,"Eastland Air",Australia
W9,SGR,"Eastwind Airlines","United States"
,FYE,"Easy Link Aviation Services",Nigeria
,CMN,"Eckles Aircraft","United States"
,EJT,"Eclipse Aviation","United States"
,ECQ,"Eco Air",Nigeria
,DEI,Ecoair,Algeria
,ECX,"Ecomex Air Cargo",Angola
,ECD,Ecotour,Mexico
,XCC,"Ecoturistica de Xcalak",Mexico
,ECV,"Ecuatoguineana De Aviación (EGA)","Equatorial Guinea"
,EQC,"Ecuatorial Cargo","Equatorial Guinea"
,ECU,Ecuavia,Ecuador
WK,EDW,"Edelweiss Air",Switzerland
,SLO,"Edgartown Air","United States"
,EDC,"Air Charter Scotland","United Kingdom"
,EDJ,"Edwards Jet Center of Montana","United States"
,EIJ,"Efata Papua Airlines",Indonesia
,EUW,"EFS European Flight Service",Sweden
MS,MSR,Egyptair,Egypt
,MSX,"Egyptair Cargo",Egypt
,EGY,"Egyptian Air Force",Egypt
,EJX,"Egyptian Aviation",Egypt
,EMA,"Egyptian Aviation Company",Egypt
,EIX,"Ei Air Exports",Ireland
,EIR,Eirjet,Ireland
LY,ELY,"El Al Israel Airlines",Israel
,CMX,"El Caminante Taxi Aéreo",Mexico
,GLQ,"El Quilada International Aviation",Sudan
,ELS,"El Sal Air","El Salvador"
,ESC,"El Sol De América",Venezuela
UZ,BRQ,"El-Buraq Air Transport",Libya
,ELX,"Elan Express","United States"
,LBR,"Elbe Air Transport",Germany
,NLK,"Elbrus-Avia Air Enterprise",Russia
,DND,"Eldinder Aviation",Sudan
,PDV,Elicar,Italy
,EDO,Elidolomiti,Italy
,EFG,Elifriulia,Italy
,ELH,"Elilario Italia",Italy
,EOA,Elilombarda,Italy
,MEE,Elimediterranea,Italy
,VUL,Elios,Italy
,IEP,Elipiu',Italy
,RSA,"Elisra Airlines",Sudan
,EAI,"Elite Air",Togo
,EJD,"Elite Jets","United Arab Emirates"
,FGS,Elitellina,Italy
,ELT,"Elliott Aviation","United States"
,MGG,"Elmagal Aviation Services",Sudan
,ELR,"Elrom Aviation and Investments",Israel
,EAM,"Embassy Airlines",Nigeria
,EFT,"Embassy Freight Company","United States"
,EMB,"Empresa Brasileira De Aeronáutica",Brazil
,JEM,"Emerald Airways","United Kingdom"
,EWW,"Emery Worldwide Airlines","United States"
,EMT,Emetebe,Ecuador
EK,UAE,"Emirates Airlines","United Arab Emirates"
,SBC,"Emoyeni Air Charter","South Africa"
,EMP,"Empire Air Service","United States"
EM,CFS,"Empire Airlines","United States"
,MPR,"Empire Aviation Services",Nigeria
,ETP,"Empire Test Pilots' School","United Kingdom"
,AUO,"Empresa (Aero Uruguay), S.A.",Uruguay
,PRG,"Empresa Aero-Servicios Parrague",Chile
,VNA,"Empresa Aviación Interamericana",Uruguay
EU,EEA,"Empresa Ecuatoriana De Aviación",Ecuador
,CNI,"Empresa Nacional De Servicios Aéreos",Cuba
,VNE,"Empresa Venezolana",Venezuela
,GTV,"Empresa de Aviación Aerogaviota",Cuba
,XLT,"Empressa Brasileira de Infra-Estrutura Aeroportuaria-Infraero",Brazil
,ENC,Endecots,Ecuador
,ENI,Enimex,Estonia
,EGV,"Enrique Gleisner Vivanco",Chile
,ESE,"Ensenada Vuelos Especiales",Mexico
,ENS,"Entergy Services","United States"
,EWS,"Enterprise World Airways","Democratic Republic of the Congo"
E0,ESS,"Eos Airlines","United States"
,EKA,"Equaflight Service","Republic of the Congo"
,EQZ,"Equatair Air Services (Zambia)",Zambia
,EQT,"Equatorial Airlines","Equatorial Guinea"
,ERH,"Era Helicopters","United States"
,IRY,"Eram Air",Iran
,ERF,Erfoto,Portugal
,ERE,"Erie Airways","United States"
B8,ERT,"Eritrean Airlines",Eritrea
,EAD,"Escola De Aviacao Aerocondor",Portugal
,CTV,"Escuela De Pilotos Are Aviación",Spain
,EPC,"Espace Aviation Services","Democratic Republic of the Congo"
E7,ESF,"Estafeta Carga Aérea",Mexico
,EEF,"Estonian Air Force",Estonia
OV,ELL,"Estonian Air",Estonia
,ETA,"Estrellas Del Aire",Mexico
ET,ETH,"Ethiopian Airlines",Ethiopia
,MJM,"Eti 2000",Italy
EY,ETD,"Etihad Airways","United Arab Emirates"
,ETM,"Etram Air Wing",Angola
,EVN,Euraviation,Italy
,ECN,"Euro Continental AIE",Spain
,ESN,"Euro Sun",Turkey
,EAK,"Euro-Asia Air",Kazakhstan
,KZE,"Euro-Asia Air International",Kazakhstan
MM,MMZ,"EuroAtlantic Airways",Portugal
,GOJ,"EuroJet Aviation","United Kingdom"
,EUP,"Pan Europeenne Air Service",France
,EUU,"Euroamerican Air",Uruguay
,ECY,"Euroceltic Airways","United Kingdom"
,EUC,Eurocontrol,Belgium
,ECF,Eurocopter,France
UI,ECA,"Eurocypria Airlines",Cyprus
GJ,EEZ,Eurofly,Italy
,EEU,"Eurofly Service",Italy
,EUG,"Euroguineana de Aviación","Equatorial Guinea"
,ERJ,"Eurojet Italia",Italy
,JLN,"Eurojet Limited",Malta
,RDP,"Eurojet Romania",Romania
,EJS,"Eurojet Servis","Czech Republic"
K2,ELO,Eurolot,Poland
3W,EMX,"Euromanx Airways",Austria
,GED,"Europe Air Lines",France
5O,FPO,"Europe Airpost",France
,EUT,"European 2000 Airlines",Malta
QY,BCS,"European Air Transport",Belgium
E7,EAF,"European Aviation Air Charter","United Kingdom"
,EBJ,"European Business Jets","United Kingdom"
,ECB,"European Coastal Airlines",Croatia
,ETV,"European Executive","United Kingdom"
,EXC,"European Executive Express",Sweden
,EBG,Eurosense,Bulgaria
,ESX,Euroskylink,"United Kingdom"
EW,EWG,Eurowings,Germany
4Y,OCN,"Eurowings Discover",Germany
EZ,EIA,"Evergreen International Airlines","United States"
,VTS,"Everts Air Alaska/Everts Air Cargo","United States"
ZD,EWR,"Ewa Air",France
,EMN,"Examiner Training Agency","United Kingdom"
JN,XLA,"Excel Airways","United Kingdom"
,XEL,"Excel Charter","United Kingdom"
,GZA,"Excellent Air",Germany
MB,EXA,"Execair Aviation",Canada
,VCN,"Execujet Charter",Switzerland
,EJO,"Execujet Middle East","United Arab Emirates"
,VMP,"Execujet Scandinavia",Denmark
,LFL,"Executive Air",Zimbabwe
,EAC,"Executive Air Charter","United States"
,XAF,"Executive Air Fleet","United States"
,ECS,"Executive Aircraft Charter and Charter Services",Ireland
,XAH,"Executive Aircraft Services","United Kingdom"
OW,EXK,"Executive Airlines","United States"
,EXU,"Executive Airlines",Spain
,JTR,"Executive Aviation Services","United Kingdom"
,EXE,"Executive Flight","United States"
,TRI,"Executive Flight Operations Ontario Government",Canada
,EXJ,"Executive Jet Charter","United Kingdom"
,EJM,"Executive Jet Management","United States"
,TEA,"Executive Turbine Aviation","South Africa"
,EXF,Eximflight,Mexico
,EXN,Exin,Poland
,EXR,"Expertos En Carga",Mexico
,FXA,"Express Air","United States"
,EIC,"Express International Cargo","São Tomé and Príncipe"
,XPL,"Express Line Aircompany","United States"
,XNA,"Express Net Airlines","United States"
EO,LHN,"Express One International","United States"
,XTO,"Express Tours",Canada
,JTM,"Exxavia Limited",Ireland
U2,EZY,"easyJet UK","United Kingdom"
DS,EZS,"easyJet Switzerland",Switzerland
,EAV,"Eagle Airlines Luftverkehrsges",Austria
,XRO,ExxAero,Netherlands
EC,EJU,"easyJet Europe",Austria
,EVL,"Evolem Aviation",France
,KWX,"Florida Aerocharter","United States"
,FAS,"Florida Air Cargo","United States"
,VNX,"Fly Advance","United States"
,FUM,"Fuxion Line Mexico",Mexico
,FRB,"Fly Rak","United Arab Emirates"
,FMI,"FMI Air",Myanmar
,FRX,"Fort Aero",Estonia
,PBR,"Fast Air",Canada
,SRE,"Fly Jetstream Aviation","South Africa"
,FTZ,Fastjet,Tanzania
,FAP,"F Air","Czech Republic"
,FFL,ForeFlight,"United States"
,EYE,"F.S. Air Service","United States"
,IFA,"FAI Air Service",Germany
,FLC,"FINFO Flight Inspection Aircraft","United States"
,FKI,"FLM Aviation Mohrdieck",Germany
,DCM,"FLTPLAN (anonymized service)","United States"
,FLW,"FLowair Aviation",France
,FMG,"FMG Verkehrsfliegerschule Flughafen Paderborn-Lippstadt",Germany
,FRA,"FR Aviation","United Kingdom"
,FSB,"FSB Flugservice & Development",Germany
,LEJ,"FSH Luftfahrtunternehmen",Germany
,FBA,"Fab Air",Kyrgyzstan
,FCS,"Facts Air",Mexico
,FAV,"Fair Aviation","South Africa"
,FWD,"Fair Wind Air Charter","United Arab Emirates"
,FLS,Fairlines,Netherlands
,FFC,"Fairoaks Flight Centre","United Kingdom"
,FWY,"Fairways Corporation","United States"
,FCN,"Falcon Air",Sweden
,FAR,"Falcon Air",Slovenia
,FAO,"Falcon Air Express","United States"
,FAU,"Falcon Airline",Nigeria
,FVS,"Falcon Aviation Services","United Arab Emirates"
,FJC,"Falcon Jet Centre","United Kingdom"
,FAW,"Falwell Aviation","United States"
FE,FEA,"Far Eastern Air Transport",Taiwan
,FDL,"Farmingdale State University","United States"
,FAH,"Farnair Hungary",Hungary
,FRN,"Farnair Netherlands",Netherlands
,FAT,"ASL Airlines Switzerland",Switzerland
,RAF,"Farnas Aviation Services",Sudan
,HBL,Faroecopter,Denmark
F6,RCK,FaroeJet,"Faroe Islands"
,FRW,"Farwest Airlines","United States"
F3,FSW,"Faso Airways","Burkina Faso"
,FHL,"Fast Helicopters","United Kingdom"
,FAY,"Fayban Air Services",Nigeria
,SKM,"Fayetteville Flying Service and Scheduled Skyways System","United States"
,FDR,"Federal Air","South Africa"
,FLL,"Federal Airlines",Sweden
,DCN,"Federal Armed Forces",Germany
,FRM,"Federal Armored Service","United States"
,NHK,"Federal Aviation Administration","United States"
FX,FDX,"FedEx Express","United States"
,FNK,"Feniks Airline",Kazakhstan
,FER,"Feria Aviación",Spain
N8,HGK,"Fika Salaama Airlines",Uganda
4S,FNC,"Finalair Congo","Republic of the Congo"
,FAK,"Financial Airxpress","United States"
,FBF,"Fine Airlines","United States"
,FTR,Finist'air,France
AY,FIN,Finnair,Finland
FC,WBA,"Finncomm Airlines",Finland
,FNF,"Finnish Air Force",Finland
,FIH,FinnHEMS,Finland
FY,FFM,Firefly,Malaysia
7F,FAB,"First Air",Canada
,JRF,"First Air Transport",Japan
,FCC,"First Cambodia Airlines",Cambodia
DP,FCA,"First Choice Airways","United Kingdom"
,MBL,"First City Air","United Kingdom"
,GGA,"First Flying Squadron","United States"
,FIR,"First Line Air","Sierra Leone"
,FTS,"First Sabre",Mexico
8F,FFR,"Fischer Air","Czech Republic"
,FFP,"Fischer Air Polska",Poland
8D,EXV,FitsAir,"Sri Lanka"
,FSX,"Flagship Express Services","United States"
,FLE,"Flair Airlines",Canada
,WAF,"Flamenco Airways","United States"
,FMR,"Flamingo Air","United States"
,FLN,"Flamingo Air-Line",Kazakhstan
,FSH,"Flash Airlines",Egypt
,BWY,"Fleet Requirements Air Direction Unit","United Kingdom"
,FLR,Fleetair,"South Africa"
,FXY,Flexair,Netherlands
,FXT,Flexflight,Denmark
,TUD,"Flight Alaska","United States"
,FCK,"FCS Flight Calibration Services",Germany
,VOR,"Flight Calibration Services Ltd.","United Kingdom"
,FCV,"Flight Centre Victoria",Canada
,FCP,"Nelson Aviation College Ltd","New Zealand"
,FDP,"Flight Dispatch Services",Poland
,FLX,"Flight Express, Inc.","United States"
,CFI,"Flight Inspection Center of the General Administration of Civil Aviation in China",China
,LTS,"Flight Inspections and Systems",Russia
,IVJ,"Flight International","United States"
,MIT,"Flight Line","United States"
,FOI,"Flight Ops International","United States"
,OPT,"Flight Options","United States"
,CLB,"Flight Precision Limited","United Kingdom"
,FSL,"Flight Safety Limited","United Kingdom"
,FSU,"Flight Support Sweden",Sweden
,CCK,"Flight Trac","United States"
,AYR,"Flight Training Europe",Spain
,FWQ,"Flight West Airlines",Australia
,KLO,"Flight-Ops International",Canada
,CSK,Flightcraft,"United States"
,FEX,Flightexec,Canada
B5,FLT,Flightline,"United Kingdom"
,FTL,Flightline,Spain
,FPS,"Flightpass Limited","United Kingdom"
,FSR,"Flightstar Corporation","United States"
,KDZ,Flightworks,"United States"
,FAZ,"Flint Aviation Services","United States"
,OJY,"Florida Air","United States"
PA,FCL,"Florida Coastal Airlines","United States"
,FFS,"Florida Department of Agriculture","United States"
,FJS,"Florida Jet Service","United States"
RF,FWL,"Florida West International Airways","United States"
,FFG,"Flugdienst Fehlhaber",Germany
,FLU,"Flugschule Basel",Switzerland
,EZB,"Flugschule Eichenberger",Switzerland
,FWZ,"Flugwerkzeuge Aviation Software",Austria
8W,EDR,"Fly All Ways",Suriname
F2,FLM,"Fly Air",Turkey
,FCT,"Fly CI Limited","United Kingdom"
,FEE,"Fly Europa Limited","United Kingdom"
,FXL,"Fly Excellent",Sweden
SX,TOR,"FlyGTA Airlines",Canada
,NVJ,"Fly International Airways",Tunisia
OJ,FJM,"Fly Jamaica Airways",Jamaica
,FIL,"Fly Line",Spain
SH,FLY,"Fly Me Sweden",Sweden
D7,XFA,FlyAsianXpress,Malaysia
FO,FBZ,Flybondi,Argentina
TE,LIL,FlyLal,Lithuania
XY,KNE,Flynas,"Saudi Arabia"
LF,NDC,FlyNordic,Sweden
F7,BBO,Flybaboo,Switzerland
BE,BEE,Flybe,"United Kingdom"
,FCE,Flycolumbia,Spain
,FLO,Flycom,Slovenia
,GVG,"Flygaktiebolaget Gota Vingar",Sweden
Y2,GSM,Flyglobespan,"United Kingdom"
,FPA,Flygprestanda,Sweden
,ETS,"Flygtransporter I Nykoping",Sweden
,INU,"Flyguppdraget Backamo",Sweden
W3,FYH,"Flyhy Cargo Airlines",Thailand
,FCR,"Flying Carpet Company",Lebanon
,FYG,"Flying Service",Belgium
,FGP,"Flying-Research Aerogeophysical Center",Russia
,FLK,"Flylink Express",Spain
FP,FRE,FlyPelican,Australia
FS,FOX,Flyr,Norway
,FTM,"Flyteam Aviation","United Kingdom"
,FKS,"Focus Air","United States"
,FOP,Fokker,Netherlands
,NOF,Fonnafly,Norway
,FOB,"Ford Motor Company","United Kingdom"
,FOR,"Formula One Management","United Kingdom"
,FHS,"Forth and Clyde Helicopter Services","United Kingdom"
,FXC,"Fortunair Canada",Canada
,FSA,"Foster Aviation","United States"
,JFY,"Foster Yeoman","United Kingdom"
,FTE,"Fotografia F3",Spain
5F,FIA,"Fly One",Moldova
HK,FSC,"Four Star Aviation / Four Star Cargo","United States"
,WDS,"Four Winds Aviation","United States"
,FXR,Foxair,Italy
,FDO,"France Douanes",France
FH,FHY,"Freebird Airlines",Turkey
SJ,FOM,"Freedom Air","New Zealand"
,FFF,"Freedom Air Services",Nigeria
,FRL,"Freedom Airlines","United States"
,FWC,"Freeway Air",Netherlands
,FRG,"Freight Runners Express","United States"
,FAF,"Force Aerienne Francaise",France
,FMY,"Aviation Legere De L'Armee De Terre",France
,FNY,"France Marine Nationale",France
,FRR,"Fresh Air",Nigeria
,BZY,"Fresh Air Aviation","United States"
,FAE,Freshaer,"United Kingdom"
,FAL,"Friendship Air Alaska","United States"
,FLF,"Friendship Airlines",Uganda
,FGY,"Froggy Corporate Aviation",Australia
F9,FFT,"Frontier Airlines","United States"
,ITR,"Frontier Commuter","United States"
2F,FTA,"Frontier Flying Service","United States"
,FNG,"Frontier Guard",Finland
,FUJ,"Fujairah Aviation Centre","United Arab Emirates"
,CFJ,"Fujian Airlines",China
,GAX,"Full Express","United States"
,FAM,"Fumigación Aérea Andaluza",Spain
,FFY,"Fun Flying Thai Air Service",Thailand
,ROG,"FundaciÃ³ Rego",Spain
,FUN,"Funtshi Aviation Service","Democratic Republic of the Congo"
,FGL,"Futura Gael",Ireland
FH,FUA,"Futura International Airways",Spain
FZ,FDB,Flydubai,UAE
,FWK,Flightworks,"United States"
,ACT,"Flight Line","United States"
9Y,FGE,"Fly Georgia",Georgia
,FRF,"Fleet Air International",Hungary
VK,FVK,FlyViking,Norway
,PVV[23][24],"Fly Pro",Moldova
FT,FEG,FlyEgypt,Egypt
,DBC,"Gemini Air Group","United States"
,GCH,"Gama Aviation Switzerland",Switzerland
GX,GBC,"Guangxi Beibu Gulf Airlines",China
,GOP,"Gospa Air",Mexico
,HGT,"GMJ Air Shuttle","United States"
,GMQ,"Germania Express",Germany
,KNM,"GB Helicopters","United Kingdom"
,GCW,"Global Air Crew",Denmark
,GBH,"Global Avia Handling",Russia
Y5,GMR,"Golden Myanmar Airlines",Myanmar
,GML,"G & L Aviation","South Africa"
,EXH,"G5 Executive",Switzerland
,MTA,"GAK/Mitchell Aero","United States"
,GGS,GATSA,Mexico
,GBX,"GB Airlink","United States"
GT,GBL,"GB Airways","United Kingdom"
,GCS,"GCS Air Service","United States"
,FFU,"GEC Marconi Avionics","United Kingdom"
,GCC,GECAS,Ireland
,GEN,GENSA,Brazil
,GET,"Get High",Portugal
,GFW,"GFW Aviation",Australia
,GGT,"Trans Island Airways",Bahamas
,GHI,"GH Stansted Limited","United Kingdom"
Z5,GMG,"GMG Airlines",Bangladesh
,GPE,"GP Express Airlines","United States"
,GPR,"GPM Aeroservicio",Mexico
,GIB,GR-Avia,Guinea
,BMK,"GST Aero Aircompany",Kazakhstan
,GTX,"GTA Air","United States"
,GAH,"Ga-Ma Helicoptere",France
,GBE,"Gabon Express",Gabon
,GRT,Gabon-Air-Transport,Gabon
,GIG,"Gacela Air Cargo",Mexico
,GFC,"Gail Force Express","United States"
,GNJ,"Gain Jet Aviation",Greece
,SWF,"Galair International","United Kingdom"
,GLS,Galaircervis,Ukraine
7O,GAL,"Galaxy Air",Kyrgyzstan
,GXY,"Galaxy Airlines",Japan
,GAS,"Galena Air Service","United States"
,GMA,"Gama Aviation","United Kingdom"
GC,GNR,"Gambia International Airlines",Gambia
,NML,"Gambia New Millennium Air",Gambia
,GMJ,"Gamisa Aviación",Spain
G7,GNF,"Gandalf Airlines",Italy
,GAN,"Gander Aviation",Canada
,GSA,"Garden State Airlines","United States"
,AHM,"Garrison Aviation",Canada
GA,GIA,"Garuda Indonesia",Indonesia
,GHS,"Gatari Hutama Air Services",Indonesia
,EGO,"Gauteng Air Cargo","South Africa"
,GVN,Gavina,Spain
4G,GZP,Gazpromavia,Russia
,GEE,Geesair,Canada
GR,GCO,"Gemini Air Cargo","United States"
,GAB,"Gendall Air",Canada
,GDB,"Gendarmerie Belge",Belgium
,FGN,"National Gendarmerie",France
,SWK,"General Aerospace",Canada
,GWS,"General Airways","South Africa"
,GNZ,"General Aviation",Poland
,GTH,"General Aviation Flying Services","United States"
,XGA,"General Aviation Terminal",Canada
,GMC,"General Motors","United States"
,GNX,Genex,Belarus
,GSL,"Geographic Air Surveys",Canada
A9,TGZ,"Georgian Airways",Georgia
,FGA,"Georgian Aviation Federation",Georgia
,GGF,"Georgian Cargo Airlines Africa",Senegal
QB,GFG,"Georgian National Airlines",Georgia
,GAF,"German Air Force",Germany
,GAM,"German Army",Germany
,GNY,"German Navy",Germany
HE,LGW,"German Airways",Germany
,GHY,"German Sky Airlines",Germany
ST,GMI,Germania,Germany
4U,GWI,Germanwings,Germany
,GDN,"Gerry's Dnata",Pakistan
,GFD,"Gesellschaft Fur Flugzieldarstellung",Germany
GP,RIV,"APG Airlines",France
,GES,Gestair,Spain
,GTR,Gestar,Chile
,GJT,"Gestión Aérea Ejecutiva",Spain
,GHT,"Ghadames Air Transport",Libya
GH,GLP,"Globus Airlines",Russia
GH,GHA,"Ghana Airways",Ghana
G0,GHB,"Ghana International Airlines",Ghana
,NTC,"Gibson Aviation","United States"
,RPS,"Global Air Charter","United States"
,GAG,"Greybird Pilot Academy",Denmark
,GBS,"Global Air Services Nigeria",Nigeria
,GLC,"Global Aircargo",Bahrain
,BSP,"Global Airways (BSP)","Democratic Republic of Congo"
,GLB,"Global Airways (GLB)","United States"
,GBB,"Global Aviation Operations","South Africa"
,GAK,"Global Aviation and Services Group",Libya
,GGZ,"Global Georgian Airways",Georgia
,GLJ,"Global Jet Austria",Austria
,NSM,"Global Jet Corporation","United States"
,SVW,"Global Jet Luxembourg",Luxembourg
,GSK,"Global Sky Aircharter","United States"
,GSS,"Global Supply Systems","United Kingdom"
,XGS,"Global System","United States"
,XGW,"Global Weather Dynamics","United States"
,GLW,"Global Wings",Japan
,GJA,"Globe Jet",Lebanon
G8,GOW,GoAir,India
G7,GJS,"GoJet Airlines","United States"
,GGE,"Gobierno De Guinea Ecuatorial","Equatorial Guinea"
,GOF,Gof-Air,Mexico
,GOI,Gofir,Switzerland
G3,GLO,"Gol Transportes Aéreos",Brazil
,GDA,GoldAir,"United Kingdom"
,GDK,Goldeck-Flug,Austria
DC,GAO,"Golden Air",Sweden
,GDD,"Golden Airlines","United States"
,GPA,"Golden Pacific Airlines","United States"
,GRS,"Golden Rule Airlines",Kyrgyzstan
,GLD,"Golden Star Air Cargo",Sudan
,GOS,"Goldfields Air Services",Australia
,GAQ,"Golfe Air Quebec",Canada
,GLE,"Goliaf Air","São Tomé and Príncipe"
,GOM,"Gomel Airlines",Belarus
5Z,GON,"Gonini Air Services",Suriname
,RDR,"Goodridge (UK) Limited","United Kingdom"
,GOR,"Gorlitsa Airlines",Ukraine
,HKG,"Government Flying Service","Hong Kong SAR of China"
,GRZ,"Government of Zambia Communications Flight",Zambia
,HLD,"Grampian Flight Centre","United Kingdom"
,GAV,"Granada Aviación",Spain
,GAE,"Grand Aire Express","United States"
,GND,"Grand Airways","United States"
,CVU,"Grand Canyon Airlines","United States"
GV,GUN,"Grant Aviation","United States"
,LMK,"Grantex Aviation","United Kingdom"
,GRA,"Great American Airways","United States"
ZK,GLA,"Great Lakes Airlines","United States"
,GLU,"Great Lakes Airways (Uganda)",Uganda
,GRP,"Great Plains Airlines","United States"
IJ,GWL,"Great Wall Airlines",China
,GWA,"Great Western Air","United States"
,HAF,"Hellenic Air Force",Greece
,HNA,"Greek Navy",Greece
,GFF,"Griffin Aviation",Cyprus
,GXA,Grixona,Moldova
,GZD,"Grizodubova Air Company",Russia
,HTG,"Grossmann Air Service",Austria
,GSJ,"Grossmann Jet Service","Czech Republic"
,GHV,"Ground Handling Service de Mexico",Mexico
,GPM,"Grup Air-Med",Spain
,EJC,"Grupo De Aviación Ejecutiva",Mexico
,TAT,"Grupo TACA","Costa Rica"
,VMM,"Grupo Vuelos Mediterraneo",Spain
,GMT,"Grupo Aéreo Monterrey",Mexico
,GSY,"Guard Systems",Norway
G6,BSR,"Guine Bissaur Airlines",Guinea-Bissau
,GIJ,"Guinea Airways",Guinea
,GNC,"Guinea Cargo","Equatorial Guinea"
J9,GIF,"Guinee Airlines",Guinea
,GEA,"Guinea Ecuatorial Airlines","Equatorial Guinea"
,GIQ,"Guinee Paramount Airlines",Guinea
,CGH,"Guizhou Airlines",China
,GUS,Guja,Mexico
G8,GUJ,"Gujarat Airways",India
,TSU,"Gulf & Caribbean Cargo / Contract Air Cargo","United States"
,GUF,"Gulf African Airlines","The Gambia"
GF,GFA,"Gulf Air",Bahrain
,GAT,"Gulf Air Inc","United States"
,GCN,"Gulf Central Airlines","United States"
,SFY,"Gulf Flite Center","United States"
,GPC,"Gulf Pearl Air Lines",Libya
,GLF,"Gulfstream Aerospace","United States"
,GFS,"Gulfstream Airlines","United States"
,GFT,"Gulfstream International Airlines","United States"
,GUL,"Gull Air","United States"
,GUM,"Gum Air",Suriname
,GDH,"Guneydogu Havacilik Isletmesi",Turkey
,GWN,"Gwyn Aviation","United Kingdom"
,GAC,GlobeAir,Austria
,HTB,"Helix-Craft Aviation",Panama
,HCK,Heli-Charter,"United Kingdom"
MR,MML,"Hunnu Air",Mongolia
,HAY,"Hamburg Airways",Germany
,HSN,"H.S.AVIATION CO., LTD.",Thailand
,HRN,"Heron Luftfahrt",Germany
,HYP,"Hyperion Aviation",Malta
,HFM,"Hi Fly Malta",Malta
A5,HOP,Hop!,France
,HLA,"HC Airlines","United Kingdom"
,HWD,"HPM Investments","United Kingdom"
,KTR,"HT Helikoptertransport",Sweden
,AHT,"HTA Helicopteros",Portugal
,FMS,"Hadison Aviation","United States"
H6,HAG,"Hageland Aviation Services","United States"
,POW,"Hagondale Limited","United Kingdom"
HR,HHN,"Hahn Air",Germany
HU,CHH,"Hainan Airlines",China
,HLS,"Haiti Air Freight",Haiti
2T,HAM,"Haiti Ambassador Airlines",Haiti
,HTI,"Haiti International Air",Haiti
,HRB,"Haiti International Airline",Haiti
,HNR,"Haiti National Airlines (HANA)",Haiti
,HTN,"Haiti North Airline",Haiti
,HTC,"Haiti Trans Air",Haiti
,HBC,"Haitian Aviation Line",Haiti
,HAJ,"Hajvairy Airlines",Pakistan
,HKL,"Hak Air",Nigeria
,HLH,"Hala Air",Sudan
,HCV,Halcyonair,"Cape Verde"
4R,HHI,"Hamburg International",Germany
,HJL,"Hamlin Jet","United Kingdom"
,HMM,"Hamra Air","United Arab Emirates"
,WVA,"Hand D Aviation","United States"
,HGR,"Hangar 8","United Kingdom"
,HGD,"Hangard Aviation",Mongolia
,HAN,"Hansung Airlines","Republic of Korea"
X3,HLX,"Hapag-Lloyd Express",Germany
HF,HLF,Hapagfly,Germany
HB,HAR,"Harbor Airlines","United States"
HQ,HMY,"Harmony Airways",Canada
,NBR,"Haughey Air","United Kingdom"
,PYN,"Haverfordwest Air Charter Services","United Kingdom"
,HAV,"Havilah Air Services",Nigeria
HA,HAL,"Hawaiian Airlines","United States"
,HKR,"Hawk Air",Argentina
,HMX,"Hawk De Mexico",Mexico
,HKI,Hawkaire,"United States"
,HZL,"Hazelton Airlines",Australia
HN,HVY,"Heavylift Cargo Airlines",Australia
,HVL,"Heavylift International","United Arab Emirates"
,HDC,"Helcopteros De Cataluna",Spain
,HCB,"Helenair (Barbados)",Barbados
,HCL,"Helenair Corporation","Saint Lucia"
,HHP,"Helenia Helicopter Service",Denmark
,HLR,"Heli Air Services",Bulgaria
,ALJ,"Heli Ambulance Team",Austria
,HEB,"Heli Bernina",Switzerland
,HFR,"Heli France",France
,HYH,"Heli Hungary",Hungary
,HLM,"Heli Medwest De Mexico",Mexico
,HLI,"Heli Securite",France
,HTP,"Heli Trip",Mexico
,HLU,"Heli Union Heli Prestations",France
,MCM,Heli-Air-Monaco,Monaco
,HHE,Heli-Holland,Netherlands
,HRA,Heli-Iberica,Spain
,HIF,"Heli-Iberica Fotogrametria",Spain
,HIG,"Heli-Inter Guyane",France
,HLK,Heli-Link,Switzerland
,HMC,"Heliamerica De Mexico",Mexico
,HEA,"Heliavia-Transporte Aéreo",Portugal
,CDY,"Heliaviation Limited","United Kingdom"
,HIB,"Helibravo Aviacao",Portugal
,HLC,Helicap,France
,COV,"Helicentre Coventry","United Kingdom"
,HEL,Helicol,Colombia
,HCP,Helicopter,"Czech Republic"
,JKY,"Helicopter & Aviation Services","United Kingdom"
,MVK,"Helicopter Training & Hire","United Kingdom"
,HAP,"Helicopteros Aero Personal",Mexico
,HAA,"Helicopteros Agroforestal",Chile
,HNT,"Helicopteros Internacionales",Mexico
,HEN,"Helicópteros Y Vehículos Nacionales Aéreos",Mexico
,HHH,Helicsa,Spain
JB,JBA,Helijet,Canada
,HDR,Helikopterdrift,Norway
,SCO,"Helikopterservice Euro Air",Sweden
,OCE,Heliocean,France
ZU,HCY,"Helios Airways",Cyprus
,HLP,Helipistas,Spain
,HPL,Heliportugal,Portugal
,HEC,"Heliservicio Campeche",Mexico
,HSU,Helisul,Portugal
,HSI,Heliswiss,Switzerland
,HLT,Helitafe,Mexico
,HIT,Helitalia,Italy
,OFA,"Helitaxi Ofavi",Mexico
9I,HTA,Helitrans,Norway
,HTS,"Helitrans Air Service","United States"
,HLW,Heliworks,Chile
HJ,HEJ,"Hellas Jet",Greece
HW,FHE,Hello,Switzerland
,HLG,Helog,Switzerland
2L,OAW,"Helvetic Airways",Switzerland
,HMS,"Hemus Air",Bulgaria
,HAC,"Henebury Aviation",Australia
,SSH,"Heritage Flight (Valley Air Services)","United States"
,MRX,"Herman's Markair Express","United States"
,HED,"Heritage Aviation Developments","United Kingdom"
EO,ALX,"Hewa Bora Airways","Democratic Republic of the Congo"
UD,HER,Hex'Air,France
,HHS,"Hi-Jet Helicopter Services",Suriname
5K,HFY,"Hi Fly",Portugal
,HLB,"High-Line Airways",Canada
,HWY,"Highland Airways","United Kingdom"
H9,HIM,"Himalaya Airlines",Nepal
,HSH,"Hispánica de Aviación",Spain
,HIS,"Hispaniola Airways","Dominican Republic"
VM,VMS,"His Majesty King Maha Vajiralongkorn",Thailand
,HGA,"Hogan Air","United States"
,NTH,"Hokkaido Air System",Japan
,ABH,"Hokuriki-Koukuu Company",Japan
H5,HOA,"Hola Airlines",Spain
,HIN,"Holding International Group",Mexico
,HOL,"Holiday Airlines (US Airline)","United States"
HC,HCC,"Holidays Czech Airlines","Czech Republic"
,HTR,"Holstenair Lubeck",Germany
,HMV,"Homac Aviation",Luxembourg
,HAS,"Honduras Airlines",Honduras
HX,CRK,"Hong Kong Airlines","Hong Kong"
RH,HKC,"Hong Kong Air Cargo","Hong Kong"
UO,HKE,"Hong Kong Express Airways","Hong Kong"
A6,HTU,"Hongtu Airlines",China
,HEX,"Honiara Cargo Express","Solomon Islands"
,HPJ,Hop-A-Jet,"United States"
QX,QXE,"Horizon Air","United States"
,KOK,"Horizon Air Service","United States"
,HSM,"Horizon Air for Transport and Training",Libya
,HOR,"Horizon Air-Taxi",Switzerland
BN,HZA,"Horizon Airlines",Australia
,HPS,"Horizon Plus",Bangladesh
,HUD,"Horizons Unlimited","United States"
,HOZ,"Horizontes Aéreos",Mexico
,HDI,"Hoteles Dinamicos",Mexico
,HHO,"Houston Helicopters","United States"
,GGV,"Houston Jet Services",Austria
,OZU,Hozu-Avia,Kazakhstan
,HUB,"Hub Airlines","United States"
,HUS,"Huessler Air Service","United States"
,GMH,"Hughes Aircraft Company","United States"
,WHR,"Hummingbird Helicopter Service","United States"
,HUV,"Hunair Hungarian Airlines",Hungary
,HUF,"Hungarian Air Force",Hungary
,HYA,"Hyack Air",Canada
,HYC,"Hydro Air Flight Operations","South Africa"
,HYD,Hydro-Québec,Canada
,HKB,"Hawker Beechcraft","United States"
,ETI,"H-Bird Aviation Services AB",Sweden
,IJW,"Interjet Inc.","United States"
,IIC,"Inter Island Air Charter",Bahamas
,IWL,"Island Wings",Bahamas
IK,KAR,Ikar,"Russian Federation"
,ICN,Iconair,Pakistan
,IAC,"Interaviation Charter",Romania
,IFM,Ifly,Greece
,ITC,"International Air Carrier Association",Belgium
II,CSQ,"IBC Airways","United States"
0C,IBL,"IBL Aviation",Mauritius
,BBL,"IBM Euroflight Operations",Switzerland
,YYY,ICAO,
C3,IPR,"Independent Carrier (ICAR)",Ukraine
,CIC,"ICC Canada",Canada
,IDG,"IDG Technology Air","Czech Republic"
,IFL,"IFL Group","United States"
,RDE,"II Lione Alato Arl","United Kingdom"
,IJM,"IJM International Jet Management",Austria
,IKK,"IKI International Airlines",Japan
,IKN,"IKON FTO",Germany
,BLU,"IMP Aviation Services",Canada
,XGG,"IMP Group Aviation Services",Canada
,IPA,"IPEC Aviation",Australia
,IPM,"IPM Europe","United Kingdom"
,LVB,"IRS Airlines",Nigeria
,ISD,"ISD Avia",Ukraine
,FDF,"IVV Femida",Russia
IB,IBE,"Iberia Airlines",Spain
I2,IBS,"Iberia Express",Spain
,IBR,"Ibertour Servicios Aéreos",Spain
,IBT,"Ibertrans Aérea",Spain
TY,IWD,Iberworld,Spain
FW,IBX,"Ibex Airlines",Japan
,IBC,"Ibicenca Air",Spain
,AKI,Ibk-Petra,Sudan
,RAC,"Icar Air","Bosnia and Herzegovina"
,FRC,"Icare Franche Compte",France
D8,IBK,"Norwegian Air International (Norway)",Norway
,ICD,"Icaro Air",Ecuador
,ICA,Icaro,Italy
,IUS,Icarus,Italy
,ICJ,Icejet,Iceland
FI,ICE,Icelandair,Iceland
,ICG,"Icelandic Coast Guard",Iceland
,IKR,"Ikaros DK",Denmark
,CIO,"Il Ciocco International Travel Service",Italy
,ILV,Il-Avia,Russia
,IDL,"Ildefonso Redriguez",Mexico
V8,IAR,"Iliamna Air Taxi","United States"
,ILP,"Ilpo Aruba Cargo",Aruba
,ILL,Ilyich-Avia,Ukraine
,IMR,Imaer,Portugal
,ITX,"Imair Airlines",Azerbaijan
,IMT,"Imtrec Aviation",Cambodia
DH,IDE,"Independence Air","United States"
,IDP,"Independent Air Freighters",Australia
6E,IGO,IndiGo,India
,IIL,"India International Airways",India
,IFC,"Indian Air Force",India
,IDR,"Indicator Company",Hungary
I9,IBU,"Indigo Airlines","United States"
,IDA,"Indonesia Air Transport",Indonesia
QZ,AWQ,"Indonesia AirAsia",Indonesia
IO,IAA,"Indonesian Airlines",Indonesia
,IPN,"Industri Pesawat Terbang Nusantara",Indonesia
,ITN,"Industrias Titan",Spain
,FFI,"Infinit Air",Spain
C4,IMX,"Zimex Aviation",Switzerland
,INS,"Inflite The Jet Centre","United Kingdom"
,IVA,"Innotech Aviation",Canada
,INC,"Insel Air International","Netherlands Antilles"
,ICC,"Institut Cartogràfic de Catalunya",Spain
,INT,Intair,Canada
,INL,"Intal Avia",Kyrgyzstan
,XRA,"Intensive Air","South Africa"
,ITW,"Inter Air",Bulgaria
,INX,"Inter Express",Turkey
H4,IIN,"Inter Island Airways","Cape Verde"
,CAR,"Inter RCA","Central African Republic"
,NTT,"Inter Tropic Airlines","Sierra Leone"
,TCU,"Inter Tropical Aviation",Suriname
,ITA,Inter-Air,"United States"
,UGL,"Inter-Island Air","United States"
,IMA,"Inter-Mountain Airways","United States"
,ITS,"Inter-State Aviation","United States"
D6,ILN,"Interair South Africa","South Africa"
,NTE,Interaire,Mexico
,IVT,Interaviatrans,Ukraine
RS,ICT,"Intercontinental de Aviación",Colombia
,ICP,Intercopters,Spain
,IFT,Interflight,"United Kingdom"
,IJT,"Interflight (Learjet)","United Kingdom"
,RFL,Interfly,Italy
,IFF,"Interfreight Forwarding",Sudan
,IGN,"Interguide Air",Nigeria
,ISN,"Interisland Airlines",Philippines
,IHE,"Interjet Helicopters",Greece
ID,ITK,"Interlink Airlines","South Africa"
,IAK,"International Air Cargo Corporation",Egypt
,EXX,"International Air Corporation","United States"
N/A,NCC,"T3 Aviation, Inc.","United States"
,IAX,"International Air Services",Liberia
6I,IBZ,"International Business Air",Sweden
,IBY,"International Business Aircraft","United States"
,ICS,"International Charter Services",Mexico
,ICX,"International Charter Xpress","United States"
,RED,"International Committee of the Red Cross",Switzerland
,IIG,"International Company for Transport, Trade and Public Works",Libya
,IFX,"International Flight Training Academy","United States"
,IJA,"International Jet Aviation Services","United States"
,HSP,"International Jet Charter","United States"
,RSQ,"International SOS Windhoek",Namibia
,ISF,"International Stabilisation Assistance Force","United Kingdom"
,THN,"International Security Assistance Force",Canada
,ITH,"International Trans-Air",Nigeria
,IPT,"Interport Corporation","United States"
,IKY,"Intersky Bulgary",Bulgaria
3L,ISK,Intersky,Austria
I4,FWA,"Interstate Airlines",Netherlands
,ITU,Intervuelos,Mexico
,INV,Inversija,Latvia
,IND,"Iona National Airways",Ireland
,IOA,"Iowa Airways","United States"
IR,IRA,"Iran Air",Iran
EP,IRC,"Iran Aseman Airlines",Iran
,IRB,"Iranair Tours",Iran
,IRG,"Iranian Naft Airlines",Iran
IA,IAW,"Iraqi Airways",Iraq
,BIS,"Irbis Air",Kazakhstan
,IRL,"Irish Air Corps",Ireland
,RDK,"Irish Air Transport",Ireland
,XMR,"Irish Aviation Authority",Ireland
IH,MZA,"Irtysh Air",Kazakhstan
,KCE,"Irving Oil",Canada
,ISI,"Island Air",Mexico
,ILF,"Island Air Charters","United States"
,XYZ,"Island Air Express","United States"
,ISA,"Island Airlines","United States"
,SOY,"Island Aviation",Philippines
,DQA,"Island Aviation Services",Maldives
,IOM,"Island Aviation and Travel","United Kingdom"
2S,SDY,"Island Express","United States"
,MTP,"Island Helicopters","United States"
,ILC,"ILAS Air",Japan
,IAJ,"Islandair Jersey","United Kingdom"
,ICB,"Icebird Airline",Iceland
IF,ISW,"Islas Airways",Spain
,IGS,"Isle Grande Flying School","United States"
WC,ISV,"Islena De Inversiones",Honduras
,IOS,"Isles of Scilly Skybus","United Kingdom"
,IAI,"Israel Aircraft Industries",Israel
,IAF,"Israeli Air Force",Israel
6H,ISR,Israir,Israel
,IST,"Istanbul Airlines",Turkey
FS,ACL,"Itali Airlines",Italy
,IFS,"Italy First",Italy
GI,IKA,"Itek Air",Kyrgyzstan
,IVS,"Ivoire Aero Services","Ivory Coast"
,IVW,"Ivoire Airways","Ivory Coast"
,IJE,"Ivoire Jet Express","Ivory Coast"
,OIC,"Iwamoto Crane Co Ltd",Japan
,IXR,Ixair,France
H9,IZM,Izair,Turkey
,IZA,Izhavia,Russia
,IMG,"Imperial Cargo Airlines",Ghana
,JSY,"Jung Sky",Croatia
,JDI,"Jet Story",Poland
,JTF,"Jet Time",Finland
,JGJ,"Jinggong Jet",China
,JNY,"Journey Aviation","United States"
,JKR,"Justice Air Charter","United States"
,JWD,"Jayawijaya Dirgantara",Indonesia
,JSH,Jet-stream,Hungary
,JCB,"J C Bamford (Excavators)","United Kingdom"
,RFX,"J P Hunt Air Carriers","United States"
JC,JEX,"JAL Express",Japan
JO,JAZ,JALways,Japan
,JDA,JDAviation,"United Kingdom"
,JDP,"JDP Lux",Luxembourg
,JHM,"JHM Cargo Expreso","Costa Rica"
,TQM,"JM Family Aviation","United States"
MT,JMC,"JMC Airlines","United Kingdom"
,JSJ,"JS Air",Pakistan
,JES,"JS Aviation",Mexico
,JCK,"Jackson Air Services",Canada
JI,JAE,"Jade Cargo International",China
,JAW,"Jamahiriya Airways",Libya
,JMB,"Jambo Africa Airlines","Democratic Republic of Congo"
,WWW,Janet,"United States"
,FJX,"Jet Sky Cargo and Air Charter",Kenya
,JAK,Jana-Arka,Kazakhstan
,JAX,Janair,"United States"
3X,JAC,"Japan Air Commuter",Japan
,JSV,"Japan Aircraft Service",Japan
JL,JAL,"Japan Airlines",Japan
EG,JAA,"Japan Asia Airways",Japan
NU,JTA,"Japan Transocean Air",Japan
JA,JAT,JetSMART,Chile
VJ,JTY,"Jatayu Airlines",Indonesia
J9,JZR,"Jazeera Airways",Kuwait
7C,JJA,"Jeju Air","Republic of Korea"
,XLD,"Jeppesen Data Plan","United States"
,JPN,"Jeppesen UK","United Kingdom"
O2,JEA,"OLT Express",Poland
,JSI,"Jet Air Group",Russia
9W,JAI,"Jet Airways",India
,JTX,"Jet Aspen Air Lines","United States"
PP,PJS,"Jet Aviation",Switzerland
,BZF,"Jet Aviation Business Jets","United States"
,JAS,"Jet Aviation Flight Services","United States"
,JCF,"Jet Center Flight Training",Spain
,JCT,"Jet Charter","United States"
,JCX,"Jet Connection",Germany
,DWW,"Jet Courier Service","United States"
,JED,"Jet East International","United States"
,JEI,"Jet Executive International Charter",Germany
,RZA,"Jet Fighter Flights",Australia
,CFT,"Jet Freighters","United States"
,JGD,"Jet G&D Aviation",Israel
,MJL,"Jet Line International",Moldova
,JEK,"Jet Link",Israel
,HTL,"Jet Linx Aviation","United States"
,JTL,"Jet Linx Aviation","United States"
,JNR,"Jet Norte",Mexico
,JRN,"Jet Rent",Mexico
3K,JSA,"Jetstar Asia Airways",Singapore
,JSM,"Jet Stream",Moldova
,JTC,"Jet Trans Aviation",Ghana
,JTT,Jet-2000,Russia
,OPS,Jet-Ops,"United Arab Emirates"
LS,EXS,Jet2.com,"United Kingdom"
,JFU,Jet4You,Morocco
,OSW,"JetAfrica Swaziland",Swaziland
B6,JBU,"JetBlue Airways","United States"
,JMG,JetMagic,Ireland
,JMK,Jetmagic,Malta
,JAF,Jetairfly,Belgium
,JAG,Jetalliance,Austria
0J,JCS,Jetclub,Switzerland
,QNZ,Jetconnect,"New Zealand"
,UEJ,Jetcorp,"United States"
,JCC,"Jetcraft Aviation",Australia
,JXA,"Jetex Aviation",Lebanon
,JEF,Jetflite,Finland
,JFL,"Jetfly Airlines",Austria
,JFA,"Jetfly Aviation",Luxembourg
,JIC,"Jetgo International",Thailand
,JLX,"Jetlink Express",Kenya
,JNL,JetNetherlands,Netherlands
,JNV,"Jetnova de Aviación Ejecutiva",Spain
,JPO,Jetpro,Mexico
,MDJ,"Jetran Air",Romania
,JRI,"Jetrider International","United Kingdom"
,JEJ,"Jets Ejecutivos",Mexico
,JEP,"Jets Personales",Spain
,JSE,"Jets Y Servicios Ejecutivos",Mexico
SG,JGO,JetsGo,Canada
JQ,JST,Jetstar,Australia
GK,JJP,"Jetstar Japan",Japan
JM,JKT,"Jetstar Hong Kong Airways",China
,JXT,"Jetstream Executive Travel","United Kingdom"
,RSP,JetSuite,"United States"
,JPQ,"Jett Paqueteria",Mexico
JX,JEC,"Jett8 Airlines Cargo",Singapore
JO,JTG,Jettime,Denmark
,JTN,"Jet Test Intl.","United States"
,JWY,"Jetways of Iowa","United States"
GX,JXX,"JetX Airlines",Iceland
,JIB,Jibair,Djibouti
,JSW,"Jigsaw Project","United Kingdom"
,HKN,"Jim Hankins Air Service","United States"
,RAS,"Jim Ratliff Air Service","United States"
,JDG,"Joanas Avialinijos",Lithuania
,JBR,"Job Air","Czech Republic"
,JHN,"Johnson Air","United States"
,JON,"Johnsons Air",Ghana
,JMJ,"Johnston Airways","United States"
,JMM,"Joint Military Commission",Sudan
,JMT,"Jomartaxi Aereo",Mexico
,ODI,"Jonsson, H Air Taxi",Iceland
R5,JAV,"Jordan Aviation",Jordan
J4,JCI,"Jordan International Air Cargo",Jordan
,JVK,Jorvik,Iceland
,ENZ,"Jota Aviation","United Kingdom"
,JNJ,"Journey Jet",Thailand
XE,JSX,"JSX (airline)","United States"
,JUR,Ju-Air,Switzerland
,JFS,"Juanda Flying School",Indonesia
,JUC,"Juba Cargo Services & Aviation Company",Sudan
,DKE,"Jubilee Airways","United Kingdom"
HO,DKH,"Juneyao Airlines",China
,MEY,"Justair Scandinavia",Sweden
,DOJ,"Justice Prisoner and Alien Transportation System","United States"
3Q,KCH,"KC International Airlines",Cambodia
,KCR,"Kolob Canyons Air Services","United States"
KW,KHK,"Kharkiv Airlines",Ukraine
,KGZ,"Kyrgyz Airlines",Kyrgyzstan
,KDC,"K D Air Corporation",Canada
,KSA,"K S Avia",Latvia
,KMI,"K-Mile Air",Thailand
KD,KLS,"Kalstar Aviation",Indonesia
KD,KNI,"KD Avia",Russia
WA,KLC,"KLM Cityhopper",Netherlands
,KLH,"KLM Helicopter",Netherlands
KL,KLM,KLM,Netherlands
N2,QNK,"Kabo Air",Nigeria
,KMC,"Kahama Mining Corporation",Tanzania
KI,KAI,KaiserAir,"United States"
K4,CKS,"Kalitta Air","United States"
K9,KFS,"Kalitta Charters","United States"
CB*,KII,"Kalitta Charters II","United States"
,KES,"Kallat El Saker Air Company",Libya
RQ,KMF,"Kam Air",Afghanistan
E2,KMP,"Kampuchea Airlines",Cambodia
,KIZ,"Kanaf-Arkia Airlines",Israel
,KHE,"Kanfey Ha'emek Aviation",Israel
,KSU,"Kansas State University","United States"
,KRB,"Karibu Airways Company",Tanzania
,KLG,"Karlog Air Charter",Denmark
,KAJ,"Karthago Airlines",Tunisia
,KAE,"Kartika Airlines",Indonesia
,KTV,"Kata Transportation",Sudan
,KTK,Katekavia,Russia
,KAT,"Kato Airline",Norway
KV,MVD,Kavminvodyavia,Russia
,XKA,"Kavouras Inc","United States"
,KRN,"Kaz Agros Avia",Kazakhstan
,KAW,"Kaz Air West",Kazakhstan
,KAO,"Kazan Aviation Production Association",Russia
,KPH,"Kazan Helicopters",Russia
,KKA,Kazavia,Kazakhstan
,KZS,Kazaviaspas,Kazakhstan
,JFK,"Keenair Charter -","United Kingdom"
,KLX,"Kelix Air",Nigeria
,FKL,"Kelner Airways",Canada
KW,KFA,"Kelowna Flightcraft Air Charter",Canada
,KDA,"Kendell Airlines",Australia
M5,KEN,"Kenmore Air","United States"
,KBA,"Kenn Borek Air",Canada
,KAH,"Kent Aviation",Canada
KQ,KQA,"Kenya Airways",Kenya
,KVS,Kevis,Kazakhstan
,KEY,"Key Airlines","United States"
,LYM,"Key Lime Air","United States"
,FTP,"Keystone Aerial Surveys","United States"
BZ,KEE,"Keystone Air Service",Canada
K6,KZW,"Khalifa Airways",Algeria
,WKH,"Kharkov Aircraft Manufacturing Company",Ukraine
,KHR,Khazar,Turkmenistan
,KHP,"Khoezestan Photros Air Lines",Iran
,KRV,Khoriv-Avia,Ukraine
,KHO,"Khors Aircompany",Ukraine
,KHY,"Khyber Afghan Airlines",Afghanistan
,UAK,"Kiev Aviation Plant",Ukraine
,KNG,"King Aviation","United Kingdom"
,BEZ,"Kingfisher Air Services","United States"
IT,KFR,"Kingfisher Airlines",India
,KNX,"Knighthawk Air Express",Canada
,KAS,"Kingston Air Services",Canada
,KIP,Kinnarps,Sweden
,KNS,"Kinshasa Airways","Democratic Republic of the Congo"
,KTA,"Kirov Air Enterprise",Russia
IRK,"Kish Air",KISHAIR,
,KHA,"Kitty Hawk Aircargo","United States"
,KHC,"Kitty Hawk Airways","United States"
KP,KIA,"Kiwi International Air Lines","United States"
,KRA,"Kiwi Regional Airlines","New Zealand"
,KNA,"Knight Air",Canada
,KHX,"Knighthawk Express","United States"
,KGT,"Knights Airlines",Nigeria
,KOA,"Koanda Avacion",Spain
,OYE,"Koda International",Nigeria
7K,KGL,"Kogalymavia Air Company",Russia
,KOM,"Kom Activity",Netherlands
,KMA,"Komiaviatrans State Air Enterprise",Russia
8J,KMV,Komiinteravia,Russia
,KOB,"Koob-Corp - 96 KFT",Hungary
KE,KAL,"Korean Air","South Korea"
,KMG,"Kosmas Air",Serbia
,KSM,Kosmos,Russia
,KOS,"Kosova Airlines",Serbia
,WOK,"Kovar Air","Czech Republic"
7B,KJC,"Krasnojarsky Airlines",Russia
,KFC,"Kremenchuk Flight College",Ukraine
,KRG,Krimaviamontag,Ukraine
,KRO,"Kroonk Air Agency",Ukraine
K9,KRI,"Krylo Airlines",Russia
,KYM,Krym,Ukraine
,OPC,"Krystel Air Charter","United Kingdom"
GW,KIL,"Kuban Airlines",Russia
VD,KPA,"Kunpeng Airlines",China
,KZA,"Kurzemes Avio",Russia
,KBV,Kustbevakningen,Sweden
KU,KAC,"Kuwait Airways",Kuwait
GO,KZU,"Kuzu Airlines Cargo",Turkey
,QVR,"Kvadro Aero",Kyrgyzstan
,KWN,"Kwena Air","South Africa"
,KTC,"Kyrgyz Trans Avia",Kyrgyzstan
R8,KGA,"Kyrgyzstan Airlines",Kyrgyzstan
,DAM,"Kyrgyzstan Department of Aviation",Kyrgyzstan
,KGB,"Kyrgz General Aviation",Kyrgyzstan
FK,KEW,"Keewatin Air",Canada
,LZF,"Lease Fly",Portugal
,LHB,"Liebherr Geschaeftreiseflugzeug",Germany
,LLD,"Lloyd Aviation",Venezuela
,LGA,"Logistic Air",Malaysia
,LGC,"Legacy Air",Thailand
,JKA,"LeTourneau University","United States"
,LTY,"Liberty Air",Netherlands
,LWL,Lowlevel,Portugal
,LAX,"Laminar Air",Spain
,LWA,"Libyan Wings",Libya
,LYB,"Lynden Air Cargo","Papua New Guinea"
,LAH,"L A Helicopter","United States"
,LJY,"L J Aviation","United States"
,LRB,"L R Airlines","Czech Republic"
,PHO,"L&L Flygbildteknik",Sweden
,LEX,"L'Express Airlines","United States"
,FNT,"L-3 Communications Flight International Aviation","United States"
JF,LAB,"L.A.B. Flying Service","United States"
LR,LRC,LACSA,"Costa Rica"
,LDE,"LADE - Líneas Aéreas Del Estado",Argentina
KG,BNX,"LAI - Línea Aérea IAACA",Venezuela
LA,LAN,"LATAM Chile",Chile
4M,DSM,"LATAM Argentina",Argentina
UC,LCO,"LATAM Cargo Chile",Chile
PZ,LAP,"LATAM Paraguay",Paraguay
,LNC,"LAN Dominicana","Dominican Republic"
LU,LXP,"LATAM Express",Chile
LP,LPE,"LATAM Peru",Peru
,LSA,LANSA,"Dominican Republic"
,APT,"LAP Colombia - Líneas Aéreas Petroleras, S.A.",Colombia
,OTN,LASTP,"São Tomé and Príncipe"
,LCB,"LC Busre",Peru
LO,LOT,"LOT Polish Airlines",Poland
XO,LTE,"LTE International Airways",Spain
L3,LTO,"LTU Austria",Austria
LT,LTU,"LTU International",Germany
,JFC,"LTV Jet Fleet Corporation","United States"
,LUK,LUKoil-Avia,Russia
,LVT,"La Valenciana Taxi Aéreo",Mexico
,SKQ,Labcorp,"United States"
,LAL,"Labrador Airways",Canada
N6,JEV,"Lagun Air",Spain
,HCA,"Lake Havasu Air Service","United States"
,LKL,"Lakeland Aviation","United States"
,LKR,"Laker Airways","United States"
,LBH,"Laker Airways (Bahamas)","United States"
,LMR,Lamra,Sudan
,TCR,"Lanaes Aereas Trans Costa Rica","Costa Rica"
,ISL,Landsflug,Iceland
,PAP,"Langtry Flying Group","United Kingdom"
IK,LKN,Lankair,"Sri Lanka"
,LZA,"Lanza Air",Spain
,LZT,"Lanzarote Aerocargo",Spain
,LLL,"Lao Skyway","Lao People's Democratic Republic"
QV,LAO,"Lao Airlines","Lao People's Democratic Republic"
,LKA,"Lao Capricorn Air","Lao People's Democratic Republic"
L7,LPN,"Laoag International Airlines",Philippines
,LRD,"Laredo Air","United States"
,LTC,LatCharter,Latvia
,LAF,"Latvian Air Force",Latvia
NG,LDA,"Lauda Air",Austria
OE[34],LDM,LaudaMotion,Austria
,LDI,"Lauda Air Italy",Italy
,LSU,Laus,Croatia
,LAR,"Lawrence Aviation","United States"
,LAY,"Layang-Layang Aerospace",Malaysia
,LPL,"Lease-a-Plane International","United States"
LQ,LAQ,"Lebanese Air Transport",Lebanon
,LAT,"Lebanese Air Transport (charter)",Lebanon
,LAD,"Lebanon Airport Development Corporation","United States"
,LEB,Lebap,Turkmenistan
,LCA,"Leconte Airlines","United States"
LI,LIA,"Leeward Islands Air Transport","Antigua and Barbuda"
,LGD,"Legend Airlines","United States"
,LWD,"Leisure Air","United States"
,LEN,"Lentini Aviation","United States"
,LOR,Leo-Air,"South Africa"
,LEL,"Leonsa De Aviación",Spain
LV,LVL,Level,"Spain and France"
,LYW,"Libyan Airlines",Libya
LN,LAA,"Libyan Arab Airlines",Libya
,LCR,"Libyan Arab Air Cargo",Libya
,LIQ,"Lid Air",Sweden
,LTA,"LIFT Academy","United States"
,LCG,"Lignes Aeriennes Congolaises","Democratic Republic of the Congo"
,LKD,"Lignes Aeriennes Du Tchad",Chad
,LME,"Lignes Mauritaniennes Air Express",Mauritania
,GCB,"Lignes Nationales Aeriennes - Linacongo","Republic of the Congo"
,GDQ,"Lincoln Air National Guard","United States"
,LRT,"Lincoln Airlines",Australia
,LSY,"Lindsay Aviation","United States"
,NOT,"Línea Aérea Costa Norte",Chile
,LMC,"Línea Aérea Mexicana de Carga",Mexico
L7,LNP,"Línea Aérea SAPSA",Chile
,NEG,"Línea Aérea de Fumig Aguas Negras",Chile
QL,LER,"Línea Aérea de Servicio Ejecutivo Regional",Venezuela
,LSE,"Línea De Aeroservicios",Chile
,TUY,"Línea Turística Aereotuy",Venezuela
,ALR,"Líneas Aéreas Alaire S.L.",Spain
ZE,LCD,"Líneas Aéreas Azteca",Mexico
,LCN,"Líneas Aéreas Canedo LAC",Bolivia
,LCM,"Líneas Aéreas Comerciales",Mexico
,EDD,"Líneas Aéreas Ejectuivas De Durango",Mexico
,FED,"Líneas Aéreas Federales",Argentina
,LMN,"Líneas Aéreas Monarca",Mexico
,LIJ,"Líneas Aéreas San Jose",Mexico
,UMA,"Líneas Aéreas del Humaya",Mexico
,LEC,Linex,"Central African Republic"
,SMS,"Linhas Aéreas Santomenses","São Tomé and Príncipe"
TM,LAM,"Linhas Aéreas de Moçambique",Mozambique
,LAW,"Link Airways of Australia",Australia
,WGT,"Volkswagen AirService GmbH","United Kingdom"
JT,LNI,"Lion Air",Indonesia
,LEU,Lions-Air,Switzerland
,LYF,"Lithuanian Air Force",Lithuania
,LRA,"Little Red Air Service",Canada
LM,LVG,"Livingston Energy Flight",Italy
LB,LLB,"Lloyd Aéreo Boliviano",Bolivia
,LNA,"Lnair Air Services",Spain
,XLG,"Lockheed Air Terminal","United States"
,LAC,"Lockeed Aircraft Corporation","United States"
,XDD,"Lockheed DUATS","United States"
,CBD,"Lockheed Martin Aeronautics","United States"
,LNG,"Lockheed Martin Aeronautics Company","United States"
LM,LOG,Loganair,"United Kingdom"
,CLV,"Lom Praha Flying School","Czech Republic"
,LMS,"Lomas Helicopters","United Kingdom"
,LCY,"London City Airport Jet Centre","United Kingdom"
,LNX,"London Executive Aviation","United Kingdom"
,LOV,"London Flight Centre (Stansted)","United Kingdom"
,LHC,"London Helicopter Centres","United Kingdom"
,LSS,"Lone Star Airlines","United States"
,ORA,"Long Island Airlines","United States"
,LGT,"Longtail Aviation",Bermuda
,LRR,"Lorraine Aviation",France
,LSC,"Los Cedros Aviación",Chile
,TAS,"Lotus Air",Egypt
,LTW,"Luchtvaartmaatschappij Twente",Netherlands
,LKE,"Lucky Air",China
,LUT,"Luft Carago","South Africa"
,LVD,Luftfahrt-Vermietungs-Dienst,Austria
LH,DLH,Lufthansa,Germany
LH,GEC,"Lufthansa Cargo",Germany
CL,CLH,"Lufthansa CityLine",Germany
,LHT,"Lufthansa Technik",Germany
,LTF,"Lufttaxi Fluggesellschaft",Germany
L5,LTR,Lufttransport,Norway
,LHS,Luhansk,Ukraine
,UNY,"Lund University School of Aviation",Sweden
LG,LGL,Luxair,Luxembourg
,LXA,Luxaviation,Luxembourg
,LUV,"Luxembourg Air Rescue",Luxembourg
,LFE,"Luxflight Executive",Luxembourg
,LXO,"Luxor Air",Egypt
,LUZ,Luzair,Portugal
5V,UKW,"Lviv Airlines",Ukraine
,LYD,"Lydd Air","United Kingdom"
,LCH,"Lynch Flying Service","United States"
L2,LYC,"Lynden Air Cargo","United States"
,LWG,Luxwing,Malta
,LXF,"Lynx Air International","United States"
L4,SSX,"Lynx Aviation","United States"
,LYX,"Lynx Aviation",Pakistan
Z8,AZN,"Línea Aérea Amaszonas",Bolivia
MJ,LPR,"Líneas Aéreas Privadas Argentinas",Argentina
,LAU,"Líneas Aéreas Suramericanas",Colombia
LJ,JNA,"Jin Air","South Korea"
,MMH,"McMahon Helicopter","United States"
,HOG,"Mahogany Air Charters",Zambia
,MTS,"Med Jets",Mexico
,MSF,"Minsheng International Jet",China
,MXS,"Millon Express","United States"
,MHF,"Maritime Helicopters","United States"
WD,MWM,"Modern Transporte Aereo De Carga",Brazil
,MSJ,"Magnum Air",Philippines
,MWI,"Malawian Airlines 2014",Malawi
,MYP,"Mann Yadanarpon Airlines",Myanmar
,MLV,"Multiservicios Aereos Del Valle",Mexico
,MMJ,"Macau Jet International",China
,MXF,"Maximum Flight Advantages","United States"
OD,MXD,"Malindo Airways",Malaysia
,MJC,"Mandarin Air",China
,PLG,MBK-S,Russia
,DZR,"Midwest Aviation","United States"
,MSN,"Milenium Air Servicios Aereos Integrados",Mexico
,MFB,"Mountain Flyers 80",Switzerland
,JNH,"M & N Aviation","United States"
,MCF,"MAC Fotografica",Spain
,MRG,MANAG'AIR,France
AQ,MPJ,"MAP-Management and Planung",Austria
,TFG,"MAS Airways","United Kingdom"
M7,MAA,MasAir,Mexico
MH,MWG,MASwings,Malaysia
IN,MAK,"MAT Macedonian Airlines",Macedonia
,MCC,"MCC Aviation","South Africa"
,MGA,"MG Aviación",Spain
,JLA,"MIA Airlines",Romania
OM,MGL,"MIAT Mongolian Airlines",Mongolia
,MNC,"MIT Airlines",Canada
,MKA,"MK Airline",Ghana
MB,MNB,"MNG Airlines",Turkey
,MCV,"MTC Aviación",Mexico
,MAQ,"Mac Aviation",Spain
,MCN,"Mac Dan Aviation Corporation","United States"
,MTD,"MacKnight Airlines",Australia
CC,MCK,"Macair Airlines",Australia
,MCS,"Macedonian Airlines",Greece
,MDH,"Madina Air",Libya
DM,DAN,"Maersk Air",Denmark
,MJB,"Magic Blue Airlines",Netherlands
,MGR,"Magna Air",Austria
,MLH,"Mahalo Air","United States"
W5,IRM,"Mahan Air",Iran
M2,MZS,"Mahfooz Aviation",Gambia
,MAT,"Maine Aviation","United States"
,MAJ,"Majestic Airlines","United States"
,AKM,"Mak Air",Kazakhstan
,MLG,"Malagasy Airlines",Madagascar
,MLX,"Malawi Express",Malawi
,MKK,"Malaya Aviatsia Dona",Russia
MH,MAS,"Malaysia Airlines",Malaysia
DB,MLT,Maleth-Aero,Malta
,MAE,"Mali Air",Austria
,VXP,"Mali Air Express",Mali
,MTZ,"Mali Airways",Mali
,MLC,"Malila Airlift","Democratic Republic of the Congo"
,MLS,"Mall Airways","United States"
,LOD,"Malmoe Air Taxi",Sweden
TF,SCW,"Malmö Aviation",Sweden
,MAY,"Malta Air",Malta
,MWS,"Malta Wings",Malta
MA,MAH,"Malév Hungarian Airlines",Hungary
,MLB,"Manaf International Airways",Burundi
RI,MDL,"Mandala Airlines",Indonesia
AE,MDA,"Mandarin Airlines",Taiwan
JE,MNO,Mango,"South Africa"
,MHN,"Manhattan Air","United Kingdom"
,MTO,"Manitoulin Air Services",Canada
,MNR,"Mann Air","United Kingdom"
,MAN,"Mannion Air Charter","United States"
,MNX,"Manx Airlines","United Kingdom"
,MAD,"Maple Air Services",Canada
,MAR,"March Helicopters","United Kingdom"
,MCP,"Marcopolo Airways",Afghanistan
,MGI,"Marghi Air",Nigeria
,MRK,Markair,"United States"
,MKO,"Markoss Aviation","United Kingdom"
6V,MRW,"Mars RK",Ukraine
,MCE,"Marshall Aerospace","United Kingdom"
M7,MSL,"Marsland Aviation",Sudan
,XMA,"Martin Aviation Services","United States"
,MBE,Martin-Baker,"United Kingdom"
MP,MPH,Martinair,Netherlands
,MRA,Martinaire,"United States"
,MFA,"Martyn Fiddler Associates","United Kingdom"
,MVN,"Marvin Limited","United Kingdom"
,TRP,"Maryland State Police","United States"
,MTH,"Massachusetts Institute of Technology","United States"
,MSY,"Massey University School of Aviation","New Zealand"
,MSW,"Master Airways",Serbia
,MPL,"Master Planner","United States"
,LMJ,Masterjet,Portugal
,MIA,Mauria,Mauritania
,MNV,"Mauritanienne Aerienne Et Navale",Mauritania
,MRF,"Mauritanienne Air Fret",Mauritania
,MWY,"Mauritanienne Airways",Mauritania
,MDE,"Mauritanienne De Transport Aerien",Mauritania
,MVR,"Maverick Airways","United States"
H5,MVL,"Mavial Magadan Airlines",Russia
,MAI,"Max Avia",Kyrgyzstan
,MAX,Max-Aviation,Canada
8M,MXL,Maxair,Sweden
,MXU,"Maximus Air Cargo","United Arab Emirates"
MY,MXJ,"Maxjet Airways","United States"
,MXP,"May Air Xpress","United States"
MW,MYD,"Maya Island Air",Belize
7M,MYI,Mayair,Mexico
,MBS,"Mbach Air",Malawi
,MCH,"McAlpine Helicopters","United Kingdom"
,MKL,"McCall Aviation","United States"
,DAC,"McDonnell Douglas","United States"
,MDS,"McNeely Charter Services","United States"
,MEK,"Med-Trans of Florida","United States"
,MDM,Medavia,Malta
,MRZ,"Medical Air Rescue Services",Zimbabwe
,MCL,"Medical Aviation Services","United Kingdom"
,MDF,"Mediterranean Air Freight",Greece
,MDY,"Mediterranean Airways",Egypt
,MEJ,"Medjet International","United States"
,MGK,Mega,Kazakhstan
,MEL,"Mega Linhas Aéreas",Brazil
M8,MKN,"Mekong Airlines",Cambodia
IM,MNJ,Menajet,Lebanon
,MXX,"Merchant Express Aviation",Nigeria
,MEC,"Mercury Aircourier Service","United States"
,POV,Meridian,Ukraine
,MRD,"Meridian Air Cargo","United States"
,MHL,"Meridian Airlines",Nigeria
,DSL,"Meridian Aviation","United Kingdom"
,MEM,"Meridian Limited",Ukraine
IG,ISS,Meridiana,Italy
,MEI,"Merlin Airways","United States"
MZ,MNA,"Merpati Nusantara Airlines",Indonesia
YV,ASH,"Mesa Airlines","United States"
XJ,MES,"Mesaba Airlines","United States"
,MSQ,"Meta Linhas Aéreas",Brazil
,MET,"Meteorological Research Flight","United Kingdom"
,MER,"Methow Aviation","United States"
,MVI,"Metro Business Aviation","United Kingdom"
,MEX,"Metro Express","United States"
,MTR,Metroflight,"United States"
,MTJ,Metrojet,"Hong Kong"
,PIX,"Metropix UK","United Kingdom"
,MPS,Metropolis,Netherlands
,MXB,"Mex Blue",Mexico
,MJT,Mex-Jet,Mexico
MX,MXA,"Mexicana de Aviación",Mexico
,MXT,"México Transportes Aéreos",Mexico
,HUR,"Miami Air Charter","United States"
LL,BSK,"Miami Air International","United States"
,OWL,"Miami Valley Aviation","United States"
,MPT,Miapet-Avia,Armenia
,BIB,"Michelin Air Services",France
,WIZ,"Micromatter Technology Solutions","United Kingdom"
,NYL,"Mid Airlines",Sudan
,MPA,"Mid-Pacific Airlines","United States"
,MJR,"Midamerica Jet","United States"
ME,MEA,"Middle East Airlines",Lebanon
,MID,"Midland Airport Services","United Kingdom"
,MFR,"Midline Air Freight","United States"
,MIS,"Midstate Airlines","United States"
JI,MDW,"Midway Airlines (1993–2003)","United States"
,FAX,"Midwest Air Freighters","United States"
YX,MEP,"Midwest Airlines","United States"
MY,MWA,"Midwest Airlines (Egypt)",Egypt
,NIT,"Midwest Aviation","United States"
,MWT,"Midwest Aviation Division","United States"
,HTE,"Midwest Helicopters De Mexico",Mexico
MJ,MLR,"Mihin Lanka","Sri Lanka"
,MAB,Millardair,Canada
,RJM,"Millen Corporation","United Kingdom"
,MLK,"Millennium Air",Nigeria
,DLK,"Millennium Airlines","Sri Lanka"
,MFS,"Miller Flying Services","United States"
,OXO,"Million Air","United States"
,MIM,Mimino,Russia
,NAB,"Mina Airline Company",Egypt
,OMR,Minair,"Central African Republic"
,EBE,"Minebea Technologies","United States"
,MAZ,"Mines Air Services Zambia",Zambia
,MNL,Miniliner,Italy
,MNS,"Ministic Air",Canada
,WDG,"Ministry of Agriculture, Fisheries and Food","United Kingdom"
,LIR,"Minsk Aircraft Overhaul Plant",Belarus
,MIC,"Mint Airways",Spain
,MIR,"Miramichi Air Service",Canada
,MIF,Miras,Kazakhstan
,MOS,"Misr Overseas Airways",Egypt
,MAF,"Mission Aviation Fellowship",Indonesia
,MRN,"Missions Gouvernemtales Francaises",France
,BDG,"Mississippi State University","United States"
,MVA,"Mississippi Valley Airways","United States"
M4,MSA,"Mistral Air",Italy
,MBO,"Mobil Oil",Canada
,MXE,"Mocambique Expresso",Mozambique
,MFZ,"Mofaz Air",Malaysia
,MOW,"Mohawk Airlines","United States"
MW,MUL,"Mokulele Airlines","United States"
,MLE,Moldaeroservice,Moldova
2M,MDV,"Moldavian Airlines",Moldova
,MVG,Moldova,Moldova
,RRV,"Mombasa Air Safari",Kenya
ZB,MON,"Monarch Airlines","United Kingdom"
,MNH,"Monarch Airlines","United States"
,MFC,"Moncton Flying Club",Canada
,MDB,"Monde Air Charters","United Kingdom"
,MTI,"Monerrey Air Taxi",Mexico
,MKY,"Monky Aerotaxis",Mexico
YM,MGX,"Montenegro Airlines",Montenegro
5M,MNT,"Montserrat Airways",Montserrat
,MNY,"Mooney Aircraft Corporation","United States"
,MAL,"Morningstar Air Express",Canada
,MSS,"Morris Air Service","United States"
,MRO,"Morrison Flying Service","United States"
3R,GAI,"Moskovia Airlines",Russia
,MPI,"Mosphil Aero",Philippines
M9,MSI,"Motor Sich",Ukraine
NM,NZM,"Mount Cook Airline","New Zealand"
,MTN,"Mountain Air Cargo","United States"
N4,MTC,"Mountain Air Company","Sierra Leone"
,PKP,"Mountain Air Express","United States"
,BRR,"Mountain Air Service","United States"
,MBI,"Mountain Bird","United States"
,MHA,"Mountain High Aviation","United States"
,MPC,"Mountain Pacific Air",Canada
,MTV,"Mountain Valley Air Service","United States"
,MDN,"Mudan Airlines","Somali Republic"
,MTX,"Multi Taxi",Mexico
,WBR,Multi-Aero,"United States"
,MFT,Multiflight,
,MNZ,"Murmansk Aircompany",Russia
,MUA,"Murray Air","United States"
,MMR,"Musrata Air Transport",Libya
,MAW,"Mustique Airways",Barbados
,MYW,"MyWay Airlines",Georgia
VZ,MYT,"MyTravel Airways","United Kingdom"
UB,UBA,"Myanma Airways",Myanmar
8M,MMA,"Myanmar Airways International",Myanmar
,MAV,"Minoan Air",Greece
,MYA,Myflug,Iceland
,VKG,"MyTravel Airways",Denmark
M2,MHV,"MHS Aviation GmbH",Germany
ZT,AWC,"Titan Airways","United Kingdom"
,MTU,"Middle Tennessee State University","United States"
,NAK,"École Nationale de l'Aviation Civile",France
,NSR,"Nine Star Airways",Thailand
,NEW,"Northeastern Aviation","United States"
,SIQ,"National Center for Atmospheric Research","United States"
,NEJ,"Netjets Business Aviation",China
,NHV,"NHV Aviation",Ghana
,NHC,"Northern Helicopter",Germany
,DMD,"Namdeb Diamond Corporation",Namibia
6N,NIN,"Niger Airlines",Niger
N5,FEY,"Fly Easy",India
,NUB,"Nomad Aviation",Malta
,NJA,"New Japan Aviation",Japan
,ROW,"Nor Aviation",Norway
,NLG,"NEL Cargo","Ivory Coast"
,NHG,"NHT Linhas Aéreas",Brazil
,WAR,"NZ Warbirds Association","New Zealand"
,ANL,"Nacoia Lda",Angola
,NHZ,"Nada Air Service",Chad
,NAH,"Nahanni Air Services Ltd",Canada
,NKL,"Nakheel Aviation","United Arab Emirates"
,MRE,"Namibia Commercial Aviation",Namibia
,NDF,"Namibian Defence Force",Namibia
,CNJ,"Nanjing Airlines",China
DV,ACK,"Nantucket Airlines","United States"
,NYA,"Nanyah Aviation",Israel
,NAP,"Napier Air Service Inc","United States"
,NCM,"Nas Air",Angola
UE,NAS,Nasair,Eritrea
,NJC,"Nashville Jet Charters","United States"
,NCO,"Natalco Air Lines","São Tomé and Príncipe"
,NTK,"National Air Traffic Controllers Association","United States"
,RFI,"National Air Traffic Services","United Kingdom"
,NAN,"National Airlines","United States"
N4,NCN,"National Airlines",Chile
N7,ROK,"National Airlines","United States"
NA,NAL,"National Airlines","United States"
N8,NCR,"National Air Cargo dba National Airlines","United States"
IN,NIH,"NAM Air",Indonesia
,KUS,"National Airlines","South Africa"
,LFI,"National Airways Corporation","South Africa"
,GTY,"National Aviation Company",Egypt
,TNC,"National Aviation Consultants",Canada
,NXT,"National Express","United States"
,GRD,"National Grid plc","United Kingdom"
,JTE,"National Jet Express",Australia
,AND,"National Jet Service","United States"
NC,NJS,"National Jet Systems",Australia
,NOL,"National Overseas Airlines Company",Egypt
,NLS,"Nationale Luchtvaartschool",Netherlands
,NAE,"Nations Air Express Inc","United States"
CE,NTW,"Nationwide Airlines","South Africa"
,NWZ,"Nationwide Airlines (Zambia)",Zambia
,EVM,"Natural Environment Research Council","United Kingdom"
,NRR,Natureair,"Costa Rica"
,NRK,"Naturelink Charter","South Africa"
,NVC,"Nav Canada",Canada
,NAV,"Nav Flight Planning","Czech Republic"
,NVP,"Navegacao Aérea De Portugal",Portugal
,NAY,"Navegación Servicios Aéreos Canarios S.A.",Spain
,IRI,Navid,Iran
,NVM,"Naviera Mexicana",Mexico
,NVL,"Navigator Airlines",Armenia
,XNV,"Navinc Airlines Services","United States"
,XNS,"Navtech System Support",Canada
,NZA,"Nayzak Air Transport",Libya
,NEB,"State of Nebraska","United States"
,NEC,"Necon Air",Nepal
,NCG,"Nederlandse Kustwacht",Netherlands
,NFT,"Nefteyugansk Aviation Division",Russia
,NLA,"Neiltown Air",Canada
,NLC,"Nelair Charters","South Africa"
,CGE,"Nelson Aviation College","New Zealand"
RA,RNA,"Nepal Airlines",Nepal
NO,NOS,Neos,Italy
,TOX,"Neosiam Airways",Thailand
,NSL,Neric,"United Kingdom"
1I,EJA,NetJets,"United States"
,NET,"Network Aviation Services",Nigeria
,NEZ,"New England Air Express","United States"
EJ,NEA,"New England Airlines","United States"
,NHT,"New Heights 291","South Africa"
,NWD,"New World Jet Corporation","United States"
,NYH,"New York Helicopter","United States"
,GRY,"New York State Police","United States"
,KRC,"Royal New Zealand Air Force","New Zealand"
,HVA,Newair,"United States"
,NLT,"Newfoundland Labrador Air Transport",Canada
2N,NTJ,NextJet,Sweden
,NXF,"Nextflight Aviation","United States"
,NXS,"Nexus Aviation",Nigeria
,NIS,"Nicaragüense de Aviación",Nicaragua
,NGA,"Nigeria Airways",Nigeria
,NGR,"Nigerian Air Force",Nigeria
,NGX,"Nigerian Global",Nigeria
,EXT,"Night Express",Germany
HG,NLY,Niki,Austria
,NKV,Nikolaev-Air,Ukraine
,NSA,"Nile Safaris Aviation",Sudan
,NLW,"Nile Wings Aviation Services",Sudan
,NBS,"Nimbus Aviation","United Kingdom"
KZ,NCA,"Nippon Cargo Airlines",Japan
,NVK,Nizhnevartovskavia,Russia
,SRG,"Search and Rescue 202","United Kingdom"
,SRD,"Search and Rescue 22","United Kingdom"
,NOH,"No. 32 (The Royal) Squadron","United Kingdom"
,AKG,"No. 84 Squadron RAF","United Kingdom"
,NBL,"Nobil Air",Moldova
DD,NOK,"Nok Air",Thailand
XW,NCT,NokScoot,Thailand
,NRL,"Nolinor Aviation",Canada
,NMD,"Nomad Aviation",Namibia
,NOC,Norcopter,Norway
,NEF,Nord-Flyg,Sweden
5N,AUL,Nordavia,Russia
JH,NES,"Nordeste Linhas Aéreas Regionais",Brazil
6N,NRD,"Nordic Regional",Sweden
Y7,TYA,NordStar,Russia
,NDS,"Nordstree (Australia)",Australia
N4,NWS,"Nordwind Airlines",Russia
,NRT,Norestair,Spain
,NCF,"Norfolk County Flight College","United Kingdom"
,FNA,Norlandair,Iceland
,NOA,Norontair,Canada
,HMF,Norrlandsflyg,Sweden
,NRX,"Norse Air Charter","South Africa"
,NIR,"Norsk Flytjeneste",Norway
,NOR,"Norsk Helikopter",Norway
,DOC,"Norsk Luftambulanse",Norway
,RTV,Nortavia,Portugal
,NAI,"North Adria Aviation",Croatia
NA,NAO,"North American Airlines","United States"
,HMR,"North American Charters",Canada
,NAJ,"North American Jet Charter Group","United States"
,NAT,"North Atlantic Air Inc","United States"
,NFC,"North Atlantic Cargo",Norway
,NBN,"North British Airlines","United Kingdom"
,NCB,"North Caribou Flying Service Ltd",Canada
N/A,N/A,"North Coast Air Services Ltd",Canada
M3,NFA,"North Flying",Denmark
,NRC,"North Sea Airways",Netherlands
,SBX,"North Star Air Cargo","United States"
,NRV,"North Vancouver Airlines",Canada
,NWW,"North West Airlines",Australia
,PTO,"North West Geomatics",Canada
,NEN,"North-East Airlines",Nigeria
,VBG,"North-West Air Transport Company - Vyborg",Russia
HW,NWL,"North-Wright Airways",Canada
,NLL,"Northafrican Air Transport",Libya
,NFL,"Northaire Freight Lines","United States"
,NSF,"Northamptonshire School of Flying","United Kingdom"
,NCE,"Northcoast Executive Airlines","United States"
,NEE,"Northeast Airlines","United States"
,NPX,"Northeast Aviation","United States"
NC,NAC,"Northern Air Cargo","United States"
,NDA,"Northern Airways","United States"
,CMU,"Northern Aviation Service",Thailand
,NEX,"Northern Executive Aviation","United Kingdom"
,NIC,"Northern Illinois Commuter","United States"
,NTX,"Northern Jet Management","United States"
,NTA,"Northern Thunderbird Air",Canada
,KOE,"Northland Aviation","United States"
,NSS,"Northstar Aviation","United States"
,NHL,"Northumbria Helicopters","United Kingdom"
,NWE,"Northwest Aero Associates","United States"
NW,NWA,"Northwest Airlines","United States"
FY,NWR,"Northwest Regional Airlines",Australia
,NWT,"Northwest Territorial Airways",Canada
J3,PLR,"Northwestern Air",Canada
,NWN,"Northwinds Northern",Canada
,NAM,"Nortland Air Manitoba",Canada
DY,NAX,"Norwegian Air Shuttle",Norway
DN,NAA,"Norwegian Air Argentina",Argentina
DU,NLH,"Norwegian Long Haul",Norway
,TFN,"Norwegian Aviation College",Norway
,XNT,"Notams International","United States"
BJ,LBT,"Nouvel Air Tunisie",Tunisia
O9,NOV,"Nova Airline",Sudan
,PTR,"Nova Scotia Department of Lands and Forests",Canada
1I,NVR,Novair,Sweden
VQ,NVQ,"Novo Air",Bangladesh
,NVG,"Novogorod Air Enterprise",Russia
,NSP,"Novosibirsk Aircraft Repairing Plant",Russia
,NBE,"Novosibirsk Aviaenterprise",Russia
,NPO,"Novosibirsk Aviation Production Association",Russia
,NOY,"Noy Aviation",Israel
,NHR,"Nuevo Horizonte Internacional",Mexico
,NUN,"Nunasi-Central Airlines",Canada
,NYS,"Nyasa Express",Malawi
1I,NJE,"NetJets Europe",Portugal
,ORN,"Orange Air","United States"
IP,ONS,"One Airlines",Chile
,FET,"Old Dominion Freight Lines","United States"
UQ,OCM,"O'Connor Airlines",Australia
,DRL,"Omni Air Transport","United States"
,OWE,Owenair,"South Africa"
,JPA,OSACOM,"United States"
O8,OHK,"Oasis Hong Kong Airlines","Hong Kong"
,BCN,"Ocean Air",Mauritania
VC,VCX,"Ocean Airlines",Italy
,OCS,"Ocean Sky UK","United Kingdom"
,TUK,"Ocean Wings Commuter Service","United States"
,ODS,"Odessa Airlines",Ukraine
,FOC,"Office Federal De'Aviation Civile",Switzerland
,GBO,"Ogooue Air Cargo",Gabon
,OKJ,"Okada Airlines",Nigeria
,OKP,"Okapi Airways","Democratic Republic of Congo"
,OKA,"Okay Airways",China
,OKL,"Oklahoma Department of Public Safety","United States"
,OLX,"Olimex Aerotaxi","Czech Republic"
,KVK,"Olimp Air",Kazakhstan
OA,OAL,"Olympic Air",Greece
,OLY,"Olympic Aviation",Greece
WY,OMA,"Oman Air",Oman
,ORF,"Oman Royal Flight",Oman
OV,OMS,SalamAir,Oman
,OAV,"Omni - Aviacao e Tecnologia",Portugal
OY,OAE,"Omni Air International","United States"
,OMF,Omniflys,Mexico
,ORL,"On Air Limited",Canada
,OTG,"One Two Go Airlines",Thailand
,OTM,"Onetime Airlines Zambia",Zambia
,MED,"Ontario Ministry of Health",Canada
8Q,OHY,"Onur Air",Turkey
,OPA,"Opal Air",Australia
,OSA,"Open Sky Aviation",Lebanon
,BOS,OpenSkies,"United Kingdom"
,ORR,"Operadora Turistica Aurora",Mexico
,OLE,"Operadora de Lineas Ejecutivas",Mexico
,OTP,"Operadora de Transportes Aéreos",Mexico
,OPV,"Operadora de Veulos Ejectutivos",Mexico
,LLO,"Operation Enduring Freedom",Canada
,OAX,"Operational Aviation Services",Australia
,ORD,"Orange Air Services","Sierra Leone"
,ORJ,"Orange Air Sierra Leone","Sierra Leone"
,ORE,"Orange Aviation",Israel
,ORX,"Orbit Express Airlines",Turkey
,ORK,"Orca Air",Egypt
,BUE,"Orebro Aviation",Sweden
,ORM,"Orel State Air Enterprise",Russia
R2,ORB,"Orenburg Airlines",Russia
,OML,"Organizacoes Mambra",Angola
,OVV,"Orient Air","Syrian Arab Republic"
,OTR,"Orient Airlines",Sudan
OX,OEA,"Orient Thai Airlines",Thailand
,NGK,"Oriental Air Bridge",Japan
,OAC,"Oriental Airlines",Nigeria
QO,OGN,"Origin Pacific Airways","New Zealand"
,OED,"Orion Air Charter","South Africa"
,OIX,Orion-x,Russia
,KOV,Orlan-2000,Kazakhstan
,RNG,"Orange Aircraft Leasing",Netherlands
,OAD,"Orscom Tourist Installations Company",Egypt
,OSH,"Osh Avia",Kyrgyzstan
,OCO,"Ostend Air College",Belgium
OL,OLT,"OLT Express Germany",Germany
,ODY,"Odyssey International",Canada
,FNL,"Oulun Tilauslento",Finland
ON,RON,"Our Airline",Nauru
,OOT,"Out Of The Blue Air Safaris","South Africa"
OJ,OLA,"Overland Airways",Nigeria
,OAR,"ONE AIR",Spain
,OXE,Oxaero,"United Kingdom"
,WDK,"Oxford Air Services","United Kingdom"
,OAA,"Oxley Aviation",Australia
OZ,OZR,"Ozark Air Lines","United States"
O7,OZJ,OzJet,Australia
,OSU,"Ohio State University","United States"
,PIP,"Pilot Flight Academy",Norway
,HRS,"Pursuit Aviation","United States"
,PNA,"Palau National Airlines",Palau
,RSL,"Panama Aircraft Rental and Sales",Panama
,PXT,"Pacific Coast Jet","United States"
,BPH,"Phoenix Helicopter Academy","United Kingdom"
,PFY,"Pel-Air Aviation",Australia
,PXR,"Pixair Survey",France
,PNC,"Prince Aviation",Serbia
,PMI,"Primero Transportes Aereos",Mexico
,KTL,"P & P Floss Pick Manufacturers","South Africa"
,PCR,"PAC Air","United States"
PV,PNR,"PAN Air",Spain
9Q,PBA,"PB Air",Thailand
,PDQ,"PDQ Air Charter","United States"
,XAS,"PHH Aviation System","United States"
,PDG,"PLM Dollar Group","United Kingdom"
PU,PUA,PLUNA,Uruguay
U4,PMT,PMTair,Cambodia
,PRP,"PRT Aviation",Spain
OH,JIA,"PSA Airlines","United States"
,KST,"PTL Luftfahrtunternehmen",Germany
,WIS,Paccair,"United States"
Y5,PCE,"Pace Airlines","United States"
,PAB,"Pacific Air Boats",Canada
,PRC,"Pacific Air Charter","United States"
,PAQ,"Pacific Air Express","Solomon Islands"
,PXP,"Pacific Air Transport","United States"
BL,PIC,"Pacific Airlines",Vietnam
,PAK,"Pacific Alaska Airlines","United States"
,PCV,"Pacific Aviation (Australia)",Australia
,PCX,"Pacific Aviation (United States)","United States"
DJ,PBN,"Pacific Blue","New Zealand"
,PQA,"Pacific Coast Airlines","United States"
8P,PCO,"Pacific Coastal Airlines",Canada
Q8,PEC,"Pacific East Asia Cargo Airlines",Philippines
,PFA,"Pacific Flight Services",Singapore
,PIN,"Pacific International Airlines","United States"
,PSA,"Pacific Island Aviation","United States"
,PCJ,"Pacific Jet","United States"
,PPM,"Pacific Pearl Airways",Philippines
,PAR,"Pacific Rim Airways",Australia
LW,NMI,"Pacific Wings","United States"
,PFR,"Pacificair Airlines","United States"
,RCY,"Package Express","United States"
,PAE,"Paisajes Españoles",Spain
,PKW,"Pak West Airlines","United States"
PK,PIA,"Pakistan International Airlines",Pakistan
,PKR,"Pakker Avio",Estonia
,PPC,"Palau Asia Pacific Airlines",Palau
GP,PTP,"Palau Trans Pacific Airlines",Palau
PF,PNW,"Palestinian Airlines",Egypt
,JSP,"Palmer Aviation","United Kingdom"
NR,PIR,"Pamir Airways",Afghanistan
,PFN,"Pan African Air Services","Sierra Leone"
,ODM,"Pan African Airways",Kenya
,PAX,"Pan Air","United States"
,XPA,"Pan Am Weather Systems","United States"
PA,PAA,"Pan American Airways","United States"
,PEA,"Pan Europeenne Air Service",France
,PHT,"Pan Havacilik Ve Ticaret",Turkey
,PMA,"Pan Malaysian Air Transport",Malaysia
,PNF,"Panafrican Airways","Ivory Coast"
,PGI,"Panagra Airways","United States"
,PEI,Panamedia,Spain
,PVI,Panavia,Panama
,PNH,Panh,Russia
,PHU,"Pannon Air Service",Hungary
,PNM,Panorama,Spain
,PAH,"Panorama Air Tour","United States"
,AFD,"Panorama Flight Service","United States"
P8,PTN,"Pantanal Linhas Aéreas",Brazil
,HMP,"Papair Terminal",Haiti
,PAI,"Paradise Airways","United States"
,PDI,"Paradise Island Airways","United States"
,PGX,"Paragon Air Express","United States"
,PGF,"Paragon Global Flight Support","United Kingdom"
,PRR,"Paramount Airlines","Sierra Leone"
I7,PMW,"Paramount Airways",India
,APE,"Parcel Express","United States"
,IRE,"Pariz Air",Iran
,PRA,"Pars Aviation Service",Iran
,PST,Parsa,Panama
,PSC,"Pascan Aviation",Canada
P3,PTB,"Passaredo Transportes Aéreos",Brazil
,PTC,"Patria Cargas Aéreas",Argentina
,BYT,"Patriot Aviation Limited","United Kingdom"
,ETL,"Patterson Aviation Company","United States"
,PHE,"Pawan Hans",India
,IRP,"Payam Air",Iran
,KGC,"Peach Air","United Kingdom"
,PRL,"Pearl Air",Pakistan
,PBY,"Pearl Air Services",Uganda
HP,HPA,"Pearl Airways",Haiti
,PVU,"Peau Vavaʻu",Tonga
,PXA,"Pecotox Air",Moldova
PC,PGT,"Pegasus Airlines",Turkey
,HAK,"Pegasus Helicopters",Norway
,PDF,"Pelican Air Services","South Africa"
,PEX,"Pelican Express","United States"
,PAS,"Pelita Air Service",Indonesia
,PEM,Pem-Air,Canada
,PDY,Pen-Avia,"United Kingdom"
KS,PEN,"Peninsula Airways","United States"
,PNE,"Peninter Aérea",Mexico
,PCA,"Penya De L'Aire",Spain
,CVT,Peran,Kazakhstan
,PCC,"Perforadora Central",Mexico
,PAG,"Perimeter Aviation",Canada
P9,PGP,"Perm Airlines",Russia
,PPQ,"Personas Y Pasquetes Por Air",Mexico
P9,PVN,"Peruvian Airlines",Peru
,FPR,"Peruvian Air Force",Peru
,INP,"Peruvian Navy",Peru
,PEO,"Petro Air",Libya
,PMX,"Petroleos Mexicanos",Mexico
,PHM,"Petroleum Helicopters","United States"
,PHC,"Petroleum Helicopters de Colombia",Colombia
,PTK,"Petropavlovsk-Kamchatsk Air Enterprise",Russia
,PTY,"Petty Transport","United States"
,PHV,"Phenix Aviation",France
,PMY,"Phetchabun Airline",Thailand
Z2,EZD,"Philippines AirAsia",Philippines
PR,PAL,"Philippine Airlines",Philippines
,PHI,"Philips Aviation Services",Netherlands
,BCH,"Phillips Air","United States"
,PDD,"Phillips Alaska","United States"
,PHL,"Phillips Michigan City Flying Service","United States"
,PHB,"Phoebus Apollo Aviation","South Africa"
,KZM,"Phoebus Apolloa Zambia",Zambia
,PHA,"Phoenix Air Group","United States"
,PHN,"Phoenix Air Lines",Brazil
,PAM,"Phoenix Air",Germany
,PPG,"Phoenix Air Transport","United States"
,PHY,"Phoenix Avia",Armenia
,PHG,"Phoenix Aviation",Kyrgyzstan
,XPX,"Phoenix Flight Operations","United States"
9R,VAP,"Phuket Air",Thailand
PI,PDT,"Piedmont Airlines (1948-1989)","United States"
,PCH,"Pilatus Flugzeugwerke",Switzerland
,PLU,"Pilatus PC-12 Center De Mexico",Mexico
,MKS,"Pimichikamac Air",Canada
,PNP,"Pineapple Air",Bahamas
,PIM,Pinframat,Angola
,PCL,"Pinnacle Air Group","United States"
9E,FLG,"Pinnacle Airlines","United States"
,PIO,"Pioneer Airlines","United States"
,PER,"Pioneers Limited",Pakistan
,PRN,"Pirinair Express",Spain
,PLN,Planar,Angola
,PMS,"Planemaster Services","United States"
,PLZ,"Planet Airways","United States"
,FPL,Play,Iceland
,PYZ,"Players Air","United States"
,PSF,"Plymouth School of Flying","United Kingdom"
,POC,"Pocono Air Lines","United States"
,PDA,Podilia-Avia,Ukraine
,PAZ,"Point Afrique Niger",Niger
,RMI,"Point Airlines",Nigeria
,PAW,"Pointair Burkina","Burkina Faso"
,PTS,"Points of Call Airlines",Canada
PO,PAC,"Polar Air Cargo","United States"
,PMO,"Polar Airlines de Mexico",Mexico
,PSR,"Polestar Aviation","United Kingdom"
,POT,"Polet Airlines",Russia
,POF,"Police Aux Frontières",France
,PLC,"Police Aviation Services","United Kingdom"
,PLF,"Polish Air Force",Poland
,PNY,"Polish Navy",Poland
,NRW,"Polizeifliegerstaffel Nordrhein-Westfalen",Germany
,PPH,"Polizeihubschrauberstaffel Niedersachsen",Germany
,PIK,"Polizeihubschrauberstaffel Sachsen-Anhalt",Germany
,SRP,"Polizeihubschauberstaffel Rheinland-Pfalz",Germany
,PBW,"Polizeihubschrauberstaffel Baden-Württemberg",Germany
,EDL,"Polizeihubschrauberstaffel Bayern",Germany
,PBB,"Polizeihubschrauberstaffel Brandenburg",Germany
,PHH,"Polizeihubschrauberstaffel Hessen",Germany
,PMV,"Polizeihubschrauberstaffel Mecklenburg-Vorpommern",Germany
,PHS,"Polizeihubschrauberstaffel Sachsen",Germany
,HBT,"Polizeihubschrauberstaffel Thüringen",Germany
,CUK,"Polo Aviation","United Kingdom"
,PLA,"Polynesian Air-Ways","United States"
PH,PAO,"Polynesian Airlines",Samoa
DJ,PLB,"Polynesian Blue","New Zealand"
,PND,"Pond Air Express","United States"
,PSI,"Pont International Airline Services",Suriname
,PLX,"Pool Aviation","United Kingdom"
,PTQ,"Port Townsend Airways","United States"
,POR,"Porteadora De Cosola",Mexico
PD,POE,"Porter Airlines",Canada
NI,PGA,Portugalia,Portugal
,AFP,"Portuguese Air Force",Portugal
,POA,"Portuguese Army",Portugal
,PON,"Portuguese Navy",Portugal
BK,PDC,"Potomac Air","United States"
,PSN,"Potosina Del Aire",Mexico
,PWL,"Powell Air",Canada
,PFS,"Prairie Flying Service","United States"
,PWC,"Pratt and Whitney Canada",Canada
PW,PRF,"Precision Air",Tanzania
,PRE,"Precision Airlines","United States"
,BAT,Premiair,Luxembourg
,PGL,"Premiair Aviation Services","United Kingdom"
,PME,"Premiair Fliyng Club","United Kingdom"
,EMI,"Premium Air Shuttle",Nigeria
,PMU,"Premium Aviation",Germany
,BFA,"Presidence Du Faso","Burkina Faso"
,ONM,"Presidencia de La Republica de Guinea Ecuatorial","Equatorial Guinea"
TO,PSD,"President Airlines",Cambodia
,PRD,"Presidential Aviation","United States"
,PWA,"Priester Aviation","United States"
,PMM,"Paradigm Air Operators","United States"
FE,WCP,"Primaris Airlines","United States"
,PMC,"Primas Courier","United States"
,CRY,"Primavia Limited","United Kingdom"
,PRM,"Prime Airlines","United States"
,PKZ,"Prime Aviation",Kazakhstan
,PJP,"Princely Jets",Pakistan
,PCN,"Princeton Aviation Corporation","United States"
,PRY,"Priority Air Charter","United States"
,PAT,"Priority Air Transport","United States"
,BCK,"Priority Aviation Company","United States"
,PTI,Privatair,Switzerland
,PJE,"Private Jet Expeditions","United States"
,PJA,"Private Jet Management","United States"
8W,PWF,"Private Wings Flugcharter",Germany
P6,PVG,"Privilege Style Líneas Aéreas",Spain
,PRH,"Pro Air","United States"
,PSZ,"Pro Air Service","United States"
,GIY,"Probiz Guinee",Guinea
,PAD,"Professional Express Courier Service","United States"
,PVL,"Professione VOlare",Italy
P0,PFZ,"Proflight Zambia",Zambia
,PTT,"Promotora Industria Totolapa",Mexico
,PRO,Propair,Canada
,PPA,"Propheter Aviation","United States"
,PTH,"Proteus Helicopteres",France
,PTL,"Providence Airline","United States"
,AWD,"Providence Aviation Services",Pakistan
PB,SPR,"Provincial Airlines",Canada
,PRV,"Provincial Express",Canada
,PSW,Pskovavia,Russia
,UDA,"Psudiklat Perhubungan Udara/PLP",Indonesia
,PTA,"Ptarmigan Airways",Canada
,PSP,"Publiservicios Aéreos",Mexico
,PUV,Publivoo,Portugal
,PNG,"Puerto Rico National Guard","United States"
,TXV,"Puerto Vallarta Taxi Aéreo",Mexico
,PGH,"Pulkovo Aircraft Services",Russia
,PLY,"Puma Linhas Aéreas",Brazil
,PTV,"Puntavia Air Services",Djibouti
,MGO,"Punto Fa",Spain
,PYR,"Pyramid Air Lines",Egypt
FV,PLK,"Pulkovo Aviation Enterprise",Russia
,PRW,"Primera Air Nordic",Latvia
,FQA,"Quikjet Cargo Airlines",India
,QQE,"Qatar Executive",Qatar
,QNT,"Qanot Sharq",Uzbekistan
QF,QFA,Qantas,Australia
QF,QLK,QantasLink,Australia
QF,QJE,QantasLink,Australia
,QAC,"Qatar Air Cargo",Qatar
QR,QTR,"Qatar Airways",Qatar
,QAF,"Qatar Amiri Flight",Qatar
,QSM,"Qeshm Air",Iran
,QTX,"Quantex Environmental",Canada
,QUE,"Quebec Government Air Service",Canada
,QNA,"Queen Air","Dominican Republic"
,LBQ,"Quest Diagnostics","United States"
,QAJ,"Quick Air Jet Charter",Germany
,QAH,"Quick Airways Holland",Netherlands
,QAS,"Quisqueya Airlines",Haiti
,QAQ,"Qurinea Air Service",Libya
,QCC,"Qwest Commuter Corporation","United States"
,QWA,Qwestair,Australia
,QWL,"Qwila Air","South Africa"
,RVF,"Ravn Alaska","United States"
,RGV,"RG Aviation",Venezuela
,WHH,"Richy Skylark","Sri Lanka"
,KRS,"Rosen Aviation",Japan
,VCB,"Real Aero Club de Vizcaya",Spain
,RLH,"Ruili Airlines",China
,RIX,"Rectrix Aviation","United States"
,RUT,"Reut Airways",Israel
,WES,"Rainbow International Airlines","United States"
,VRD,"Virgin America","United States"
RX,RGE,"Regent Airways",Bangladesh
,RJT,"RA Jet Aeroservicios",Mexico
,BKH,"RAF Barkston Heath","United Kingdom"
,CFN,"RAF Church Fenton","United Kingdom"
,COH,"RAF Coltishall","United Kingdom"
,CBY,"RAF Coningsby","United Kingdom"
,CWL,"RAF Cranwell","United Kingdom"
,KIN,"RAF Kinloss","United Kingdom"
,LEE,"RAF Leeming","United Kingdom"
,LCS,"RAF Leuchars","United Kingdom"
,LOP,"RAF Linton-on-Ouse","United Kingdom"
,LOS,"RAF Lossiemouth","United Kingdom"
,MRH,"RAF Marham","United Kingdom"
,NWO,"RAF Northwood","United Kingdom"
,SMZ,"RAF Scampton","United Kingdom"
,STN,"RAF St Athan","United Kingdom"
,SMG,"RAF St Mawgan Search and Rescue","United Kingdom"
,TOF,"RAF Topcliffe Flying Training Unit","United Kingdom"
,VYT,"RAF Valley Flying Training Unit","United Kingdom"
,VLL,"RAF Valley SAR Training Unit","United Kingdom"
,WAD,"RAF Waddington","United Kingdom"
,WIT,"RAF Wittering","United Kingdom"
,MTL,RAF-Avia,Latvia
,RKM,"RAK Airways","United Arab Emirates"
,RWL,"RWL Luftfahrtgesellschaft",Germany
,RBB,Rabbit-Air,Switzerland
,GBR,"Rader Aviation","United States"
,RAJ,"Raji Airlines",Pakistan
,RFA,"Raleigh Flying Service","United States"
,REX,"Ram Air Freight","United States"
,RMT,"Ram Aircraft Corporation","United States"
,PPK,"Ramp 66","United States"
,RGM,"Rangemile Limited","United Kingdom"
,MWR,"Raslan Air Service",Egypt
,RAQ,"Rath Aviation",Austria
,CSM,"Ratkhan Air",Kazakhstan
,RVR,"Raven Air","United Kingdom"
,RVN,"Raven Air","United States"
,REI,"Ray Aviation",Israel
,RYT,"Raya Jet",Jordan
,RTN,"Raytheon Aircraft Company","United States"
,RCJ,"Raytheon Corporate Jets","United Kingdom"
,KSS,"Raytheon Travel Air","United States"
,RCB,"Real Aero Club De Baleares",Spain
,CDT,"Real Aero Club de Reus-Costa Dorado",Spain
,RCD,"Real Aeroclub De Ternerife",Spain
,RLV,"Real Aviation",Ghana
,REB,Rebus,Bulgaria
,PSH,"Red Aviation","United Kingdom"
,RBN,"Red Baron Aviation","United States"
,DEV,"Red Devils Parachute Display Team","United Kingdom"
,RDV,"Red Sea Aviation",Egypt
,RSV,"Red Sky Ventures",Namibia
,STR,"Red Star","United Arab Emirates"
8L,RHC,"Redhill Aviation","United Kingdom"
,RAV,"Reed Aviation","United Kingdom"
,REF,"Reef Air","New Zealand"
V4,REK,"Reem Air",Kyrgyzstan
,RVV,"Reeve Aleutian Airways","United States"
,RBH,"Regal Bahamas International Airways",Bahamas
,RGY,"Regency Airlines","United States"
,RAH,"Regent Air",Canada
,RAG,"Regio Air",Germany
,TSH,"Regional 1",Canada
,RIL,"Regional Air",Mauritania
,REW,"Regional Air Express",Germany
,REG,"Regional Air Services",Tanzania
FN,RGL,"Regional Air Lines",Morocco
ZL,RXA,"Regional Express",Australia
,JJM,"Regional Geodata Air",Spain
P7,REP,"Regional Paraguaya",Paraguay
3C,CEA,RegionsAir,"United States"
,REL,"Reliance Aviation","United States"
,RLT,"Reliant Airlines","United States"
,RTS,"Relief Transport Services","United Kingdom"
,RAN,Renan,Moldova
QQ,ROA,"Reno Air","United States"
,RGS,"Renown Aviation","United States"
RW,RPA,"Republic Airways","United States"
RH,RPH,"Republic Express Airlines",Indonesia
,RBC,Republicair,Mexico
,RST,"Resort Air","United States"
,RDS,"Rhoades Aviation","United States"
,RIU,"Riau Airlines",Indonesia
,RIA,"Rich International Airways","United States"
,RVC,"Richards Aviation","United States"
,RIC,"Richardson's Airway","United States"
,RCA,"Richland Aviation","United States"
,HPR,"Rick Lucas Helicopters","New Zealand"
C7,RLE,"Rico Linhas Aéreas",Brazil
,RID,"Ridder Avia",Kazakhstan
,RAK,"Riga Airclub",Latvia
,RAZ,"Rijnmond Air Services",Netherlands
,POL,Rikspolisstyrelsen,Sweden
,RIM,"Rimrock Airlines","United States"
,SKA,"Rio Air Express",Brazil
,REO,"Rio Airways","United States"
E2,GRN,"Rio Grande Air","United States"
RL,RIO,"Rio Linhas Aéreas",Brazil
,RVM,"River Ministries Air Charter","South Africa"
,RGP,"River State Government of Nigeria",Nigeria
,UNR,"Rivne Universal Avia",Ukraine
,RDL,"Roadair Lines",Canada
,RBT,"Robinton Aero","Dominican Republic"
V2,RBY,"Vision Airlines","United States"
,ROX,"Roblex Aviation","United States"
,RKW,"Rockwell Collins Avionics","United States"
,ROC,"Rocky Mountain Airlines",Canada
,RMA,"Rocky Mountain Airways","United States"
,LIF,"Rocky Mountain Holdings","United States"
,RDZ,"Rodze Air",Nigeria
,FAD,Rog-Air,Canada
,RRZ,"Rollright Aviation","United Kingdom"
,RRL,"Rolls-Royce Limited","United Kingdom"
,BTU,"Rolls-Royce plc","United Kingdom"
,ROF,"Romanian Air Force",Romania
,RMV,Romavia,Romania
,RNS,Ronso,Mexico
,ROR,"Roraima Airways",Guyana
,RNB,Rosneft-Baltika,Russia
,NRG,"Ross Aviation","United States"
,RFS,Rossair,Australia
,RSS,Rossair,"South Africa"
,ROS,"Rossair Europe",Netherlands
FV,SDM,Rossiya,Russia
,RAL,"Roswell Airlines","United States"
GZ,RAR,"Air Rarotonga","Cook Islands"
,RTR,Rotatur,Brazil
,RKT,Rotormotion,"United Kingdom"
,JCR,"Rotterdam Jet Center",Netherlands
,ROV,"Rover Airways International","United States"
,VOS,"Rovos Air","South Africa"
,RCG,"Royal Air Cargo","South Africa"
RR,RFR,"Royal Air Force","United Kingdom"
RS,MJN,"Royal Air Force of Oman",Oman
,ACW,"Royal Air Force","United Kingdom"
,RRR,"Royal Air Force","United Kingdom"
,RRF,"Royal Air Force","United Kingdom"
,SHF,"Royal Air Force","United Kingdom"
,RAX,"Royal Air Freight","United States"
AT,RAM,"Royal Air Maroc",Morocco
R0,RPK,"Royal Airlines",Pakistan
,RLM,"Royal American Airways","United States"
V5,RYL,"Royal Aruban Airlines",Aruba
,ASY,"Royal Australian Air Force",Australia
,RXP,"Royal Aviation Express",Canada
,RYB,"Royal Bahrain Airlines",Bahrain
BI,RBA,"Royal Brunei Airlines",Brunei
,KDR,"Royal Daisy Airlines",Uganda
,RGA,"Royal Ghanaian Airlines",Ghana
,ROJ,"Royal Jet","United Arab Emirates"
RJ,RJA,"Royal Jordanian",Jordan
,RJZ,"Royal Jordanian Air Force",Jordan
RK,RCT,"Skyview Airways",THAILAND
RK,RKH,"Royal Khmer Airlines",Cambodia
,RMF,"Royal Malaysian Air Force",Malaysia
,NVY,"Royal Navy","United Kingdom"
,NRN,"Royal Netherland Navy",Netherlands
,NAF,"Royal Netherlands Air Force",Netherlands
,KIW,"Royal New Zealand Air Force","New Zealand"
,NOW,"Royal Norwegian Air Force",Norway
,ROP,"Royal Oman Police",Oman
RL,PPW,"Royal Phnom Penh Airways",Cambodia
,RRA,"Royal Rwanda Airlines",Rwanda
,RSF,"Royal Saudi Air Force","Saudi Arabia"
RR,RYS,"Buzz (Ryanair)",Poland
,RSN,"Royal Swazi National Airways",Swaziland
WR,HRH,"Royal Tongan Airlines",Tonga
,RWE,"Royal West Airlines","United States"
,RSB,Rubystar,Belarus
,RMG,"Rumugu Air & Space Nigeria",Nigeria
,RUR,Rusaero,Russia
,KLE,Rusaero,Russia
,CGI,"Rusair JSAC",Russia
,RUH,Rusich-T,Russia
,RLU,Rusline,Russia
,MIG,"Russian Aircraft Corporation-MiG",Russia
,RFF,"Russian Federation Air Force",Russia
P7,ESL,"Russian Sky Airlines",Russia
,RUZ,Rusuertol,Russia
,RUC,"Rutas Aéreas",Venezuela
,RND,"Rutland Aviation","United Kingdom"
,RUA,"Rwanda Airlines",Rwanda
,RWA,"Rwanda Airways",Rwanda
WB,RWD,"Rwandair Express",Rwanda
RD,RYN,"Ryan International Airlines","United States"
FR,RYR,Ryanair,Ireland
RK,RUK,"Ryanair UK","United Kingdom"
,RYZ,"Ryazan State Air Enterprise",Russia
,RAA,"Rynes Aviation","United States"
YS,RAE,"Régional Compagnie Aérienne Européenne",France
,REV,"RVL Group","United Kingdom"
RT,BUG,"UVT Aero",Russia
,OMN,"Servicios Aereos Ominia",Mexico
,SEN,"Servicios de Aviacion Sierra",Mexico
,SGC,"SGC Aviation",Austria
,SIX,"Sixt Rent A Car","United States"
,QSR,"SR Jet",China
,KBN,"Spiracha Aviation",Thailand
,CBN,"Southern Illinois University as ""Aviation Flight""","United States"
,IBG,"Springfield Air","United States"
,BZQ,"Seneca College",Canada
,BVV,"Sparc Avia",Russia
,SJM,"Sino Jet Management",China
,SXT,"Servicios de Taxi Aereos",Mexico
TR,TGW,Scoot,Singapore
IJ,SJO,"Spring Airlines Japan",Japan
,SBD,"SIBIA Aircompany Ltd",Russia
,MYX,"Smartlynx Airlines Estonia",Estonia
QS,TVS,Smartwings,"Czech Republic"
,LSV,"Slovenian Ministry of Defence",Slovenia
,FUF,"Servicios Aereos Fun Fly",Mexico
E3,VGO,"Sabaidee Airways",Thailand
,SAQ,"Safe Air Company",Kenya
,SMU,"Sanborn Map Company","United States"
,RBR,"Siam Airnet",Thailand
,SVB,Siavia,Slovenia
,MHQ,"Skargardshavets Helikoptertjanst",Finland
,SYH,"Sky Handling",Ukraine
GG,KYE,"Sky Lease Cargo","United States"
,KPM,"Sky Prim Air",Molodva
,USW,"Special Aviation Works",Uzbekistan
SH,SHA,"Sharp Airlines",Australia
7E,AWU,"Sylt Air GmbH",Germany
,BDS,"South Asian Airlines",Bangladesh
OL,SZB,"Samoa Air",Samoa
,BEC,"State Air Company Berkut",Kazakhstan
S4,RZO,"SATA International",Portugal
SA,SAA,"South African Airways","South Africa"
,KYD,"Sky Messaging","South Africa"
,SAB,"Sky Way Air",Kyrgyzstan
KV,SKV,"Sky Regional Airlines",Canada
,SAC,"SASCO Airlines",Sudan
,SAG,"SOS Flygambulans",Sweden
W7,SAH,"Sayakhat Airlines",Kazakhstan
NL,SAI,"Shaheen Air",Pakistan
MM,SAM,"SAM Colombia",Colombia
,SAN,"Servicios Aéreos Nacionales (SAN)",Ecuador
,SAO,"Sahel Aviation Service",Mali
,ANX,"Secretaria de Marina",Mexico
SK,SAS,"Scandinavian Airlines","Sweden, Denmark and Norway"
,SAV,"Samal Air",Kazakhstan
,SAW,"Sham Wing Airlines","Syrian Arab Republic"
,SAX,"Sabah Air",Malaysia
,SAY,ScotAirways,"United Kingdom"
,SAZ,"Swiss Air-Ambulance",Switzerland
,SBA,"SOL Linhas Aéreas",Brazil
PI,SGU,"Sol del Paraguay",Paraguay
,SBB,"Steinman Aviation","United States"
,SBF,"Seven Bar Flying Service",Tunisia
,SBG,"Sabre Incorporated","United States"
S7,SBI,"S7 Airlines",Russia
,SBL,"Sobel Airlines of Ghana",Ghana
Q7,SBM,SkyBahamas,Bahamas
,SBO,"Stabo Air",Zambia
,SBQ,"SmithKline Beecham Clinical Labs","United States"
,SBR,"Saber Aviation","United States"
BB,SBS,"Seaborne Airlines","United States"
PV,SBU,"St Barth Commuter",France
,URJ,"Star Air",Pakistan
S5,SDG,"Star Air (India)",India
JX,SJX,"Starlux Airlines",Taiwan
,SBZ,"Scibe Airlift","Democratic Republic of the Congo"
,AME,"Spanish Air Force",Spain
,SCA,"South Central Air","United States"
,SCC,"Seacoast Airlines","United States"
K5,SQH,"SeaPort Airlines","United States"
,SCE,"Scenic Airlines","United States"
,SCF,Socofer,Angola
,SCI,"Servicios Aéreos San Cristóbal",Mexico
,SCK,"Sky Cam",France
W3,SCL,"Switfair Cargo",Canada
,SCB,"Saigon Capital Aircraft Management",Netherlands
,SCN,"South American Airlines",Peru
,AHI,"Servicios Aéreos de Chihuahua Aerochisa",Mexico
,CDL,"Sunbird Airlines","United States"
,SCP,"Scorpio Aviation",Egypt
,SCQ,"OSM Aviation Academy","Norway, Sweden and San Diego"
,SIC,"SFS Aviation",Thailand
,SCR,"Silver Cloud Air",Germany
,SCS,"South African Non Scheduled Airways","South Africa"
,SCT,SAAB-Aircraft,Sweden
,SCV,"Servicios Aéreos Del Centro",Mexico
SY,SCX,"Sun Country Airlines","United States"
,SDA,"St. Andrews Airways",Canada
,SDB,"Sukhoi Design Bureau Company",Russia
,SDC,"Sunrise Airlines","United States"
,SDD,"Skymaster Air Taxi","United States"
,SDE,"Air Partners Corp.",Canada
,SDF,"Sundorph Aeronautical Corporation","United States"
,SDH,"Servicio De Helicopteros",Spain
,SDK,"SADELCA - Sociedad Aérea Del Caquetá",Colombia
,SDL,Skydrift,"United Kingdom"
,SDN,"Spirit of Africa Airlines",Sudan
,SDU,"Sud Airlines",France
,SDV,"Servicios Aéreos Del Vaupes",Colombia
,SDX,"Servicio Tecnico Aero De Mexico",Mexico
,SDZ,"Sudan Pezetel for Aviation",Sudan
,SEA,"Southeast Air","United States"
,SEB,"Servicios Aéreos Luce",Mexico
,SED,"Sedona Air Center","United States"
,SEE,"Shaheen Air Cargo",Pakistan
,SEH,"Sky Express",Greece
SG,SEJ,Spicejet,India
,SEL,"Sentel Corporation","United States"
,SEO,"Selcon Airlines",Nigeria
I6,SEQ,"Sky Eyes",Thailand
,SES,"Servicio Aéreo Saltillo",Mexico
EH,SET,SAETA,Ecuador
,SEV,"Serair Transworld Press",Spain
,SFA,SEFA,France
,SFC,"Shuswap Flight Centre",Canada
,SFE,"Sefofane Air Charters",Botswana
,SFF,"Safewings Aviation Company","United States"
,SFG,"Sun Freight Logistics",Thailand
7G,SFJ,"Star Flyer",Japan
,SFL,"Southflight Aviation","New Zealand"
,SFN,"Safiran Airlines",Iran
,SFP,"Safe Air",Pakistan
FA,SFR,Safair,"South Africa"
,SFS,"Southern Frontier Air Transport",Canada
,SFT,Skyfreight,"United States"
,SFU,"Solent Flight","United Kingdom"
,SFX,"S.K. Logistics","United States"
,SGB,"Sky King, Inc.","United States"
,SGD,"Sky Gate International Aviation",Kyrgyzstan
,SGF,"STAC Swiss Government Flights",Switzerland
,SGH,Servisair,"United Kingdom"
,SGI,"Servicios Aéreos Agrícolas",Chile
,SGK,"Skyward Aviation",Canada
,SGM,"Sky Aircraft Service",Netherlands
,SGN,"Siam GA",Thailand
,SGP,"Sagolair Transportes Ejecutivos",Spain
,SGS,"Saskatchewan Government Executive Air Service",Canada
,SGT,Skygate,Netherlands
,SGX,"Saga Airlines",Turkey
N5,SGY,"Skagway Air Service","United States"
,SHB,Shabair,"Democratic Republic of the Congo"
,SHC,"Sky Harbor Air Service","United States"
,SHD,"Sahara Airlines",Algeria
,SHE,"Shell Aircraft","United Kingdom"
,SHG,"Shoprite Group","United Kingdom"
,SHJ,"Sharjah Ruler's Flight","United Arab Emirates"
,SHK,"Shorouk Air",Egypt
,SHL,"Samson Aviation","United Kingdom"
,SHM,"Sheltam Aviation","South Africa"
,SHN,"Shaheen Airport Services",Pakistan
,SHO,Sheremetyevo-Cargo,Russia
,SHP,"Service Aerien Francais",France
,SHQ,"Shanghai Airlines Cargo",China
,SHR,"Shooter Air Courier",Canada
,SHS,"Shura Air Transport Services",Ethiopia
HZ,SHU,"Sakhalinskie Aviatrassy (SAT)",Russia
SP,SAT,"SATA Air Acores",Portugal
,SHV,"Shavano Air","United States"
,SHW,"Shawnee Airline","United States"
,SHX,"Slim Aviation Services",Nigeria
ZY,SHY,"Sky Airlines",Turkey
SQ,SIA,"Singapore Airlines",Singapore
5M,SIB,Sibaviatrans,Russia
,SIE,"Sierra Express","United States"
SI,SIH,"Skynet Airlines",Ireland
,SIJ,"Seco International",Japan
,SIL,"Servicios Aeronáuticos Integrales",Mexico
,SIM,"Star Air","Sierra Leone"
,SIO,Sirio,Italy
,SIR,Salair,"United States"
,SIS,"Saber Airlines",Egypt
XS,SIT,SITA,Belgium
,SIV,"Slovenian Armed Forces",Slovenia
,SIW,"Sirio Executive",Italy
,SJA,"Servicios Aéreos Especiales De Jalisco",Mexico
,SJC,"Servicios Ejecutivos Continental",Mexico
,SJE,"Sunair 2001","South Africa"
,SJJ,"Spirit Aviation","United States"
,SJL,"Servicios Especiales Del Pacifico Jalisco",Mexico
,SJT,"Swiss Jet",Switzerland
,SJY,"Sriwijaya Air",Indonesia
ZS,SMY,"Sama Airlines","Saudi Arabia"
,ALC,"Southern Jersey Airways, Inc.","United States"
,SPS,SPASA,Spain
,SPT,"Speed Aviation",Bangladesh
,SPU,"Southeast Airmotive","United States"
,SPV,"Servicios Privados De Aviación",Mexico
,SPW,Speedwings,Switzerland
,SPX,"Service People Gesellschaft für Charter und Service",Germany
,SQA,"Slovak National Aeroclub",Slovakia
SQ,SQC,"Singapore Airlines Cargo",Singapore
,SQF,"Slovak Air Force",Slovakia
,SQL,"Servicos De Alquiler",Mexico
,SRA,"Sair Aviation",Canada
,SRC,Searca,Colombia
FT,SRH,"Siem Reap Airways",Cambodia
SX,SRK,"Sky Work Airlines",Switzerland
SM,SRL,"Swedline Express",Sweden
,SRN,Sirair,Russia
,SRO,"Servicios Aéreos Ejecutivos Saereo",Ecuador
,SRQ,"South East Asian Airlines",Philippines
S6,SRR,"Star Air",Denmark
,SRS,"Selkirk Remote Sensing",Canada
,SRU,"Star Up",Peru
,SRW,"Sarit Airlines",Sudan
,SRX,"Sierra Expressway Airlines","United States"
,SRZ,"Strato Air Services","South Africa"
,SSB,Sasair,Canada
,SSC,"Southern Seaplane","United States"
,SSD,"Star Service International",France
,SSE,"Servicios Aéreos Sunset",Mexico
D2,SSF,"Severstal Air Company",Russia
,SSG,"Slovak Government Flying Service",Slovakia
VD,BBB,"SwedJet Airways",Sweden
,SSK,"Skystar International","United States"
,SSO,"Special Scope Limited","United Kingdom"
,SSP,Starspeed,"United Kingdom"
QF,SSQ,"Sunstate Airlines",Australia
,SSS,SAESA,Spain
,SST,"Sunwest Airlines",Canada
,SSU,SASCA,Venezuela
5G,SSV,"Skyservice Airlines",Canada
,SSW,"Streamline Aviation","United Kingdom"
,SSY,"Sky Aviation","Sierra Leone"
,SSZ,"Specsavers Aviation","United Kingdom"
,STA,"Star Aviation","United Kingdom"
,STB,"Status-Alpha Airline",Ukraine
,STC,"Stadium City Limited","United Kingdom"
,STD,"Servicios De Aerotransportacion De Aguascalientes",Mexico
,STE,"Semitool Europe","United Kingdom"
,STF,"SFT-Sudanese Flight",Sudan
,STG,"Sedalia, Marshall, Boonville Stage Line","United States"
,STH,South-Airlines,Armenia
,STI,Sontair,Canada
,STJ,"Sella Aviation",Netherlands
,STL,"Stapleford Flight Centre","United Kingdom"
,STO,"Streamline Ops",Russia
,STQ,"Star Air",Indonesia
FS,STU,"Servicios de Transportes Aéreos Fueguinos",Argentina
,SUU,"Star West Aviation","United States"
,STV,"Saturn Aviation","United States"
,STW,"South West Air Corporation",Philippines
,STX,"Stars Away Aviation","South Africa"
,STY,"Styrian Airways",Austria
,SUA,"Silesia Air","Czech Republic"
,SUB,"Suburban Air Freight","United States"
SD,SUD,"Sudan Airways",Sudan
PI,SUF,"Sun Air (Fiji)",Fiji
LW,FDY,"Sun Air International","United States"
,SUG,"Sunu Air",Senegal
,SUH,"Sun Light",Kyrgyzstan
,SUI,"Swiss Air Force",Switzerland
,SUK,"Superior Aviation Services",Kenya
,SUM,"State Unitary Air Enterprise",Russia
,SUR,"Sun Air",Egypt
EZ,SUS,"Sun Air of Scandinavia",Denmark
,URF,"Surf Air","United States"
,SUT,"Sistemas Aeronauuticos 2000",Mexico
,SUV,"Sundance Air",Venezuela
SV,SVA,Saudia,"Saudi Arabia"
,SVD,"St. Vincent Grenadines Air (1990)","Saint Vincent and the Grenadines"
,SVF,"Swedish Armed Forces",Sweden
,AWJ,"Sahel Airlines",Niger
,SVH,"Sterling Helicopters","United Kingdom"
,SVI,"Servicios De Transporte Aéreo",Mexico
,SVJ,"Silver Air",Djibouti
,SVL,Sevastopol-Avia,Ukraine
,SVN,"Savanair (Angola)",Angola
,SVO,"Servicios Aeronáuticos De Oriente",Mexico
,SVS,"Servicios Aéreos Saar",Mexico
,SVT,"Seven Four Eight Air Services",Luxembourg
,SVX,"Security Aviation","United States"
WN,SWA,"Southwest Airlines","United States"
,SWB,"Swissboogie Parapro",Switzerland
,SWC,"South West Air",Canada
A4,SWD,"Southern Winds Airlines",Argentina
,SWE,Swedeways,Sweden
WG,SWG,"Sunwing Airlines",Canada
,SWI,"Sunworld Airlines","United States"
,SWJ,"StatesWest Airlines","United States"
,SWO,"Surinam International Victory Airline",Suriname
,SWP,"Star Work Sky",Italy
WQ,SWQ,"Swift Air (Interstate Equipment Leasing)","United States"
LX,SWR,"Swiss International Air Lines",Switzerland
,SWS,"Sunwest Aviation (Lindquist Investment)","United States"
,SWT,Swiftair,Spain
LZ[52],SWU,"Swiss Global Air Lines",Switzerland
WV,SWV,"Swe Fly",Sweden
S8,SWW,"Shovkoviy Shlyah",Ukraine
Q4,SWX,"Swazi Express Airways",Swaziland
WO,WSW,Swoop,Canada
,SWY,"Sky Jet",Switzerland
,SWZ,"Servair, Private Charter",Switzerland
,SXA,"Southern Cross Aviation","United States"
,SXC,"Sky Exec Aviation Services",Nigeria
,SXE,"Southeast Express Airlines","United States"
,SXM,"Servicios Aéreos Especializados Mexicanos",Mexico
XQ,SXS,SunExpress,Turkey
,SXX,"Satellite Aero","United States"
,SXY,"Safari Express Cargo",Kenya
,SYA,Skyways,Argentina
,SYC,"Systec 2000","United States"
,SYE,"Sheba Aviation",Yemen
,SYF,"Sky One Express Airlines","United States"
,SYG,"Synergy Aviation","United Kingdom"
,SYI,Sonalysts,"United States"
,SYJ,"Slate Falls Airways",Canada
,SYK,Satsair,"United States"
,SYN,"Syncrude Canada",Canada
RB,SYR,"Syrian Arab Airlines","Syrian Arab Republic"
,SYS,"Shawbury Flying Training Unit","United Kingdom"
,SYV,"Special Aviation Systems","United States"
AL,SYX,"Skywalk Airlines","United States"
ZP,AZQ,"Silk Way Airlines",Azerbaijan
7L,AZG,"Silk Way West Airlines",Azerbaijan
,SYY,"South African Historic Flight","South Africa"
,SZT,"Servicios Aeronáuticos Z",Mexico
,BHV,"Specavia Air Company",Russia
,BLY,Starair,Ireland
,BNC,"Sundance Air","United States"
E5,BRZ,"Samara Airlines",Russia
E5,RBG,"Air Arabia Egypt",Egypt
SC,CDG,"Shandong Airlines",China
,CDS,"Spectrem Air","South Africa"
,CEE,"Servicios Aéreos Centrales",Mexico
,CFL,"Swedish Airlines",Sweden
,CGL,"Seagle Air",Slovakia
,CIG,Sirius-Aero,Russia
,CNK,"Sunwest Home Aviation",Canada
SK,CNO,"SAS Braathens",Norway
9C,CQH,"Spring Airlines",China
3U,CSC,"Sichuan Airlines",China
FM,CSH,"Shanghai Airlines",China
,CSY,"Shuangyang General Aviation",China
ZH,CSZ,"Shenzhen Airlines",China
8C,CXI,"Shanxi Airlines",China
,DKT,"Sioux Falls Aviation","United States"
,DKY,"Servicios Aéreos Elite",Spain
,DNI,"Servicios Aéreos Denim",Mexico
,EAB,"Swiss Eagle",Switzerland
,EAN,"Skypower Express Airways",Nigeria
,ENR,"Scenic Air",Namibia
NE,ESK,SkyEurope,Slovakia
CQ,EXL,"Sunshine Express Airlines",Australia
,EXY,"South African Express","South Africa"
,FFD,"Stuttgarter Flugdienst",Germany
,FFH,"Shalom Air Services",Nigeria
,FJE,Silverjet,"United Kingdom"
,FLH,"Sky Bus","United States"
,GAD,"South Coast Aviation","United Kingdom"
,GDE,"Servicios Aéreos Gadel",Mexico
,GDG,"S.P. Aviation","United States"
,GIK,"Seba Airlines",Guinea
,GNA,"Servicios Aéreos Gana",Mexico
,GSW,"Sky Wings Airlines",Greece
,GXL,"Star XL German Airlines",Germany
,HAU,Skyhaul,Japan
,HIP,Starship,Mexico
,HJE,"Servicios Ejecutivos Gosa",Mexico
SO,HKA,"Superior Aviation","United States"
,HLO,"Samaritan Air Service",Canada
,HRI,"Skyraidybos Mokymo Centras",Lithuania
,HSK,"Sky Europe Airlines",Slovakia
,HSV,"Svenska Direktflyg",Sweden
,HSY,"Sky Helicopteros",Spain
TE,IGA,Skytaxi,Poland
,IJS,Silvair,"United States"
,ILS,"Servicios Aéreos Ilsa",Mexico
,INK,Sincom-Avia,Ukraine
,IRV,"Safat Airlines",Iran
,IRZ,"Saha Airlines Services",Iran
,JAM,"Sunline Express",Kenya
,JCM,"Secure Air Charter","United States"
,JIM,"Sark International Airways","United Kingdom"
JK,JKK,Spanair,Spain
,KKS,Salem,Kazakhstan
,KOP,"Servicios Aéreos Copters",Chile
,KSP,"Servicios Aéreos Expecializados En Transportes Petroleros",Colombia
,KYR,"Sky Aeronautical Services",Mexico
,LGU,"Servicios Aéreos Ejecutivos De La Laguna",Mexico
,LLA,"Servico Leo Lopex",Mexico
,LLS,"Servicios Aéreos Estrella",Mexico
,LMG,"South African Air Force","South Africa"
,LMO,"Sky One Holdings as Privaira","United States"
RZ*,LRS,Sansa,"Costa Rica"
,LSP,"Spectrum Aviation Incorporated","United Kingdom"
,MCG,"SOS Helikoptern Gotland",Sweden
,MDT,"Sundt Air",Norway
,MLO,"Servicios Aéreos Milenio",Mexico
,MMS,"SAAD (A320) Limited","Cayman Islands"
,MRI,"Servicios Aéreos Moritani",Mexico
2G*,MRR,"San Juan Airlines","United States"
,MSG,"Servico Aéreo Regional",Mozambique
,MSP,"Servicio De Vigilancia Aérea Del Ministerio De Seguridad Pública","Costa Rica"
,MTG,"Servicios Aéreos MTT",Mexico
1Z,APD,"Sabre Pacific",Australia
,SBW,"Snowbird Airlines",Finland
,NAD,"Seulawah Nad Air",Indonesia
,NAZ,"Servicios Aéreos del Nazas S.A. de C.V.",Mexico
,NCS,"Simpson Air Ltd",Canada
NK,NKS,"Spirit Airlines","United States"
,NON,"Servicios Aéreos Latinoamericanos",Mexico
,NRZ,"Servicios Aéreos Monarrez",Mexico
,NSC,"Societe De Transport Aerien De Mauritanie",Mauritania
,NSE,SATENA,Colombia
,NTB,"Servicios Aéreos Del Norte",Mexico
,NTG,"Servicios Integrales De Aviación",Mexico
S0,OKS,"Slok Air Gambia",Gambia
,OKT,"Soko Aviation",Spain
,OLC,"Solar Cargo",Venezuela
,OLO,Soloflight,"United Kingdom"
,ONG,"Sonnig SA",Switzerland
SO,OSL,"Sosoliso Airlines",Nigeria
,OSS,"Servicios Aéreos Noticiosos",Mexico
,OTL,"South Airlines",Ukraine
VA,OZW,"Virgin Australia Regional Airlines",Australia
,PIV,Sokol,Russia
,PLT,"South Carolina Aeronautics Commission","United States"
,PMR,"Servicios Aéreos Premier",Mexico
,PNS,"Survey Udara (Penas)",Indonesia
,POB,"Servicios Aéreos Poblanos",Mexico
,PSV,"Servicios Aéreos Profesionales","Dominican Republic"
,PTM,"Southeastern Airways","United States"
,PUR,"Spurwing Airlines","South Africa"
1I,PZR,"Sky Trek International Airlines","United States"
,RBW,"Shandong Airlines Rainbow Jet",China
,REJ,"SA Airlink Regional","South Africa"
,RER,"Servicio Aéreo Regional Regair",Ecuador
,RFT,"Scoala Superioara De Aviatie Civila",Romania
,RGC,"Servicios Aéreos Regiomontanos",Mexico
,RLS,S-Air,Russia
,RMP,"Servicios De Rampa Y Mostrador",Mexico
,RSE,"SNAS Aviation","Saudi Arabia"
SX,SKB,"Skybus Airlines","United States"
,SKC,"Skymaster Airlines",Brazil
,SKD,"Sky Harbor Air Service","United States"
,SKE,"Sky Tours","United States"
,SKF,Skycraft,"United States"
,SKG,"Skycraft Air Transport",Canada
RU,SKI,"SkyKing Turks and Caicos Airways","Turks and Caicos Islands"
,SKK,"Skylink Aviation",Canada
,SKL,"Skycharter (Malton)",Canada
,SKN,"Skyline Aviation Services","United States"
,SKO,"Scottish Airways Flyers","United Kingdom"
,SKR,"Skyscapes Air Charters","South Africa"
,SKS,"Sky Service",Belgium
S3,BBR,"Santa Barbara Airlines",Venezuela
XT,SKT,"SkyStar Airways",Thailand
H2,SKU,"Sky Airline",Chile
OO,SKW,"SkyWest Airlines","United States"
BC,SKY,"Skymark Airlines",Japan
,SKZ,"Skyway Enterprises","United States"
LJ,SLA,"Sierra National Airlines","Sierra Leone"
,SLB,"Slok Air",Nigeria
,SLD,"Silver Air","Czech Republic"
,SLE,Streamline,"South Africa"
,SLF,Starfly,Italy
,SLG,"Saskatchewan Government",Canada
,SLH,"Silverhawk Aviation","United States"
,AGE,"Servicios Aéreos de Los Ángeles",Mexico
MI,SLK,SilkAir,Singapore
6Q,SLL,"Slovak Airlines",Slovakia
PY,SLM,"Surinam Airways",Suriname
,SLN,"Sloane Aviation","United Kingdom"
,SLP,"Salpa Aviation",Sudan
,SLS,"Servicios Aéreos Slainte",Mexico
,SLV,"Stella Aviation",Mauritania
,SLW,"Salama Airlines Nigeria",Nigeria
,SLX,"Sete Linhas Aéreas",Brazil
,SLY,"Sky Line for Air Services",Sudan
,SLZ,"Super Luza",Angola
,SMA,"SMA Airlines",Nigeria
,SMC,"Sabang Merauke Raya Air Charter",Indonesia
,SMD,"Servicios Aéreos La Marquesa",Mexico
,SME,Semos,Kazakhstan
,SMF,Smalandsflyg,Sweden
,SMH,Smithair,"United States"
,SMK,Semeyavia,Kazakhstan
,SML,"Smith Air (1976)",Canada
,SMM,"Summit Air",Canada
,SMQ,"Samar Air",Tajikistan
,SMR,"Somon Air",Tajikistan
,SMT,Skyline,Nigeria
,AOS,"Servicios Aéreos Del Sol, S.A. de C.V.",Mexico
,SNA,"Senator Aviation Charter",Germany
NB,SNB,"Sterling Airlines",Denmark
,SNE,"Servicios Aéreos De Nicaragua (SANSA)",Nicaragua
,SNF,"Shans Air",Russia
,SNH,"Senair Services",Senegal
,SNI,"Savanah Airlines",Nigeria
6J,SNJ,"Solaseed Air",Japan
,SNK,"Southeast Airlines (Sun Jet International)","United States"
,SNL,"Soonair Lines","United States"
,SNM,"Servizi Aerei",Italy
,SNP,"Sun Pacific International","United States"
,SNQ,"Sun Quest Executive Air Charter","United States"
,SNS,"Societe Centrafricaine De Transport Aerien","Central African Republic"
,SNT,"Suncoast Aviation","United States"
,SNU,"Snunit Aviation",Israel
,SNV,"Sudanese States Aviation",Sudan
,SNW,"Sun West Airlines","United States"
,SNX,"Sun Air Aviation Services",Canada
,SOB,"Stabo Freight",Zambia
,SOC,"Southern Cargo Air Lines",Russia
,SOH,"Southern Ohio Aviation Sales","United States"
,SOI,"Southern Aviation",Zambia
IE,SOL,"Solomon Airlines","Solomon Islands"
,SOM,"Somali Airlines","Somali Republic"
,SON,"Sunshine Air Tours","United States"
,SOO,"Southern Air","United States"
,SOP,Solinair,Slovenia
,SOR,"Sonair Servico Aéreo",Angola
,SOT,"Southeast Correct Craft","United States"
,SOU,"Southern Airways","United States"
6W,SOV,"Saratov Airlines Joint Stock Company",Russia
,SOW,"Sowind Air",Canada
,SOX,"Solid Air",Netherlands
HZ,SOZ,"Sat Airlines",Kazakhstan
,SPA,"Sierra Pacific Airlines","United States"
,SPB,"Springbok Classic Air","South Africa"
,SPC,"Skyworld Airlines","United States"
,SPE,"Sprague Electric Company","United States"
,SPF,"Space World Airline",Nigeria
,SPG,"Springdale Air Service","United States"
,SPH,"Sapphire Executive Air","South Africa"
,SPI,"South Pacific Island Airways","United States"
,SPL,"Servicios Corporativos Aéreos De La Laguna",Mexico
,SPN,"Skorpion Air",Bulgaria
,SPP,"Sapphire Aviation","United States"
,SPQ,"Servicios Aéreos Palenque",Mexico
S5,TCF,"Shuttle America","United States"
,SVV,SALTAVIATION,Poland
,TGT,"SAAB Nyge Aero",Sweden
,THB,"Spark Air",Thailand
,TIH,"S C Ion Tiriac",Romania
,TRL,"Starlite Aviation","South Africa"
,TRN,"Servicios Aéreos Corporativos",Mauritania
,TTM,"Societe Tout Transport Mauritanien",Mauritania
,TZU,"Servicios Aéreos Tamazula",Mexico
,UGP,"Shar Ink",Russia
,UKU,"Second Sverdlovsk Air Enterprise",Russia
,UNT,"Servicios Aéreos Universitarios",Mexico
,USK,Skif-Air,Ukraine
,USN,"Smarkand Aero Servise",Uzbekistan
,UZS,"Samarkand Airways",Uzbekistan
,VDO,"Servicios Aéreos Avandaro",Mexico
,VGS,"Stichting Vliegschool 16Hoven",Netherlands
,VRB,"Silverback Cargo Freighters",Rwanda
,VRS,Sirvair,Mexico
DV,VSV,"Scat Air",Kazakhstan
,VXN,"Sunset Aviation","United States"
,TWY,"Sunset Aviation, LLC","United States"
,WCC,"Sport Air Travel","United States"
,WFC,"Swift Copters",Switzerland
,WLK,"Skyrover CC","South Africa"
,XLK,"Safarilink Aviation",Kenya
,XMX,SENEAM,Mexico
,XPG,"Southport Air Service","United States"
,XSA,"Spectrum Air Service","United States"
,XSN,"Stephenville Aviation Services",Canada
,XTA,"Servicios Aéreos Textra",Mexico
,XTR,"Sector Airlines",Canada
,XXS,"Skyplan Services",Canada
,YBE,"Stewart Aviation Services","United States"
,FYA,"Servicios Aéreos Integrales / Flyant",Spain
,UFA,"State Flight Academy of Ukraine",Ukraine
,SAF,"Singapore Air Force",Singapore
Q4,TLK,"Starlink Aviation",Canada
V9,HCW,"Star1 Airlines",Lithuania
O3,CSS,"SF Airlines",China
,SXN,SaxonAir,"United Kingdom"
,RZ,"Superna Airlines",China
XG,SXD,"Sunexpress Deutschland",Germany
,KFE,"SkyFirst LTD",Malta
PQ,SQP,SkyUp,Ukraine
S5,LLC,"Small Planet Airlines",Lithuania
P7,LLP,"Small Planet Airlines",Poland
P2,LLI,"Small Planet Airlines",Italy
5P,LLX,"Small Planet Airlines",Germany
9L,TOW,"AirTanker Services","United Kingdom"
,TLO,"Eagle Canyon Airlines","United States"
JJ,TAM,"LATAM  Brasil",Brazil
1L,OSY,"Open Skies Consultative Commission","United States"
2S,TGR,"Satgur Air Transport",Liberia
DT,DTA,"TAAG Angola Airlines",Angola
,IRF,"TA-Air Airline",Iran
,TBI,"TAB Express  International","United States"
,TBM,"Taban Air Lines",Iran
,THO,"TACA De Honduras",Honduras
VR,TCV,TACV,"Cape Verde"
,TDC,Tadair,Spain
,TES,"Taespejo Portugal LDA",Portugal
,HET,"TAF Helicopters",Spain
,TSD,"TAF-Linhas Aéreas",Brazil
,SBT,"Taftan  Airlines",Iran
,FPG,"TAG  Aviation",Switzerland
,TGM,"TAG Aviation Espana",Spain
,VIP,"Tag Aviation UK","United Kingdom"
,TAG,"TAG Aviation USA","United States"
,FBO,"TAG Farnborough Airport","United Kingdom"
TI,TWI,"Tailwind Airlines",Turkey
,TIN,"Taino Tours","Dominican Republic"
,TFB,"Tair Airways",Philippines
,TJK,Tajikair,Tajikistan
,TZK,"Tajikistan  International Airlines",Tajikistan
,TKE,"Take Air Line",France
,JEL,"Tal Air Charters",Canada
,TAL,Talair,"Papua New Guinea"
,TFF,"Talon Air","United States"
EQ,TAE,TAME,Ecuador
,TMI,"Tamir  Airways",Israel
QT,TPA,TAMPA,Colombia
,TNR,"Tanana Air Services","United States"
TQ,TDM,"Tandem  Aero",Moldova
,HTO,"Tango Bravo",France
TP,TAP,"TAP  Portugal",Portugal
,UTM,"TAPC Aviatrans  Aircompany",Uzbekistan
,TPS,"TAPSA Transportes Aéreos Petroleros",Argentina
K3,TQN,"Taquan Air Services","United States"
,THC,"Tar Heel Aviation","United States"
,TPL,"TAR Interpilot",Mauritania
,IRR,"Tara Air Line",Iran
,TTH,"Tarhan Tower Airlines",Turkey
,TKJ,"Tarkim Aviation",Turkey
RO,ROT,Tarom,Romania
,RMS,"Tas Aviation","United States"
,CTP,"Tashkent  Aircraft Production Corporation",Uzbekistan
SF,DTH,"Tassili  Airlines",Algeria
,PGS,"Tauranga Aer Club","New Zealand"
T6,TVR,"Tavrey  Airlines",Ukraine
,TQE,"Taxair Mexiqienses",Mexico
,TXL,"Taxi Aéreo Cozatl",Mexico
,TXM,"Taxi Aéreo de México",Mexico
,TUO,"Taxi Aéreo Turístico",Mexico
,XNR,"Taxi Aero Del Norte",Mexico
,TDV,"Taxi Aero Nacional  Del Evora",Mexico
,TRF,"Taxi Air Fret",France
,VRC,"Taxi de Veracruz",Mexico
,TXR,Taxirey,Mexico
,TPR,"Taxis Aéreos De Parral",Mexico
,TXO,"Taxis Aéreos de Sinaloa",Mexico
,TNE,"Taxis Aéreos del  Noroeste",Mexico
,TPF,"Taxis Aéreos del  Pacífico",Mexico
,TMH,"Taxis Turisticos  Marakame",Mexico
,TYF,Tayflite,"United Kingdom"
,TFY,"Tayside  Aviation","United Kingdom"
L6,VNZ,Tbilaviamsheni,Georgia
,RRY,"Tbilisi Aviation  University",Georgia
,TCD,"Tchad Airlines",Chad
,TIM,"TEAM Linhas Aéreas",Brazil
L9,TLW,"Teamline  Air",Austria
,TEM,"Tech-Mont  Helicopter Company",Slovakia
,TEF,"Tecnicas Fotograficas",Spain
,TBN,"Teebah  Airlines","Sierra Leone"
,THR,"Tehran Airline",Iran
,TCM,"Teledyne Continental Motors","United States"
,TLX,"Telesis Transair","United States"
,TEL,"Telford Aviation","United States"
,TDE,"Tellavia / Flight One","United States"
,DOT,"Telnic Limited","United Kingdom"
,TEH,"Tempelhof Airways","United States"
,TMS,"Temsco Helicopters","United States"
,TNL,"Tengeriyn Ulaach Shine",Mongolia
,TEB,"Tenir Airlines",Kyrgyzstan
,TNG,"Tennessee Air National Guard 164th  Airlift Group","United States"
,TEN,"Tennessee Airways","United States"
,TET,"Tepavia-Trans Airlines",Moldova
,TER,"Territorial Airlines","United States"
,TIS,Tesis,Russia
,TXZ,"Tex Star Air Freight","United States"
,TXA,"Texair Charter","United States"
,TXT,"Texas Air Charters","United States"
,TXS,"Texas  Airlines","United States"
,CWT,"Texas Airways","United States"
,TXN,"Texas National Airlines","United States"
,TEZ,"TezJet  Airlines",Kyrgyzstan
,TGC,"TG Aviation","United Kingdom"
T2,TCG,"Thai  Air Cargo",Thailand
FD,AIQ,"Thai  AirAsia",Thailand
XJ,TAX,"Thai  AirAsia X",Thailand
TG,THA,"Thai Airways International",Thailand
,TSL,"Thai Aviation Services",Thailand
,TFH,"Thai Flying  Helicopter Service",Thailand
,TFT,"Thai Flying Service",Thailand
,THG,"Thai Global Airline",Thailand
,THJ,"Thai Jet Intergroup",Thailand
SL,TLM,"Thai  Lion Mentari",Thailand
,TPV,"Thai Pacific  Airlines Business",Thailand
WE,THD,"Thai Smile  Airways",Thailand
T9,TSX,"Thai Star Airlines",Thailand
VZ,TVJ,"Thai  Vietjet Air",Thailand
,GFN,"The 955 Preservation  Group","United Kingdom"
,LEG,"The Army  Aviation Heritage Foundation","United States"
,LCC,"The Lancair Company","United States"
HQ,TCW,"Thomas Cook Airlines",Belgium
MT,TCX,"Thomas Cook Airlines","United Kingdom"
,IHS,Thryluthjonustan,Iceland
,THU,"Thunder  Airlines",Canada
,TBD,"Thunderbird Tours",Canada
,BLI,"Thyssen  Krupp AG",Germany
GS,GCR,"Tianjin  Airlines",China
3P,TNM,"Tiara Air",Aruba
,TBA,"Tibet  Airlines",China
,TIK,"Tic Air",Australia
,TJN,Tien-Shan,Kazakhstan
TT,TGG,"Tigerair Australia",Australia
IT,TTW,"Tigerair  Taiwan",Taiwan
,MOH,Tigerfly,"United Kingdom"
,TKC,"Tikal Jets Airlines",Guatemala
,TMR,"Timberline Air",Canada
,TIE,"Time Air","Czech Republic"
,TVI,Tiramavia,Moldova
,TYJ,"TJS Malta Ltd.",Malta
,TSR,"TJS San Marino S.r.L.","San Marino"
,TLS,"TLC Air","United States"
,TMM,"TMC Airlines","United States"
3V,TAY,"TNT  Airways",Belgium
,NTR,"TNT International  Aviation","United Kingdom"
,TBX,"Tobago  Express","Trinidad and Tobago"
7T,TOB,"Tobruk Air",Libya
,TOJ,"TOJ Airlines",Tajikistan
TI,TOL,"Tol-Air  Services","United States"
,TMK,"Tomahawk Airways","United States"
,TOP,"Top Air",Indonesia
,CHE,"Top Flight Air Service","United States"
,TLY,"Top Fly",Spain
,LKW,"Top Sky International",Indonesia
,TPD,"Top Speed",Austria
,TTL,"Total Linhas Aéreas",Brazil
,TOT,Totavia,Canada
,THE,"Toumai  Air Tchad",Chad
,THF,"Touraine Helicoptere",France
,TOY,"Toyota Canada",Canada
,TGE,"Trabajos Aéreos",Spain
,AIM,"Trabajos Aéreos  Murcianos",Spain
,TVH,"Trabajos Aéreos  Vascongados",Spain
,TDR,"Trade Air",Croatia
TJ,GPD,"Tradewind Aviation","United States"
,TDX,"Tradewinds Airlines","United States"
,TWL,"Tradewinds Aviation",Canada
,JCH,"Trading Air Cargo",Mauritania
,TDO,TRADO,"Dominican Republic"
,TRG,"TRAGSA (Medios Aéreos)",Spain
,HBA,"Trail Lake Flying  Service","United States"
,TMQ,TRAM,Mauritania
,TMX,"Tramon Air","South Africa"
,TRR,"Tramson Limited",Sudan
,MUI,"Trans Air","United States"
,TRC,"Trans Air Charter","United States"
,TWW,"Trans Air Welwitchia",Angola
,TNB,"Trans Air-Benin",Benin
,RTM,"Trans Am Compania",Ecuador
,CLR,"Trans America","United States"
,TVA,"Trans America Airlines","United States"
,TPU,"Trans American Airlines  (Trans Am)",Peru
,TRT,"Trans Arabian Air  Transport",Sudan
,SRT,"Trans Asian Airlines",Kazakhstan
,TLL,"Trans Atlantic Airlines","Sierra Leone"
,TCC,"Trans Continental Airlines",Sudan
,TCN,"Trans Continental Airlines","United States"
,TRJ,"Trans Euro Air","United Kingdom"
,TGY,"Trans Guyana Airways",Guyana
,THZ,"Trans Helicoptere  Service",France
,TIA,"Trans International Airlines","United States"
,BAP,"Trans  International Express Aviation","United States"
,TRD,"Trans Island Air",Barbados
,SWL,"Trans Jet Airways",Sweden
TL,TMA,"Trans  Mediterranean Airlines",Lebanon
,TMT,"Trans Midwest Airlines","United States"
,TNW,"Trans Nation Airways",Ethiopia
,TNT,"Trans North Turbo Air",Canada
,REC,"Trans Reco",Mauritania
,SBJ,"Trans Sahara Air",Nigeria
,TSM,"Trans Sayegh  Airport Services",Lebanon
AX,LOF,"Trans States Airlines","United States"
TW,TWA,"Trans World Airlines","United States"
,RBD,"Trans World Express","United States"
UN,TSO,"Transaero Airlines",Russia
,TNF,Transafricaine,"Burkina Faso"
,TFK,"Transafrik International","São Tomé and Príncipe"
,TSA,"Transair France",France
,TGX,"Transair Gabon",Gabon
,TNI,"Transair  International Linhas Aéreas","United States"
,TSN,"Trans-Air Services",Nigeria
,TSG,Trans-Air-Congo,"Republic of the Congo"
,KTS,Transair-Gyraintiee,Russia
,GJB,Trans-Air-Link,"United States"
,TWM,Transairways,Mozambique
,UTT,"Transarabian  Transportation Services",Uganda
GE,TNA,"TransAsia Airways",Taiwan
,AUC,"Transaustralian Air  Express",Australia
,VEN,Transaven,Venezuela
TO,TVF,"Transavia  France",France
HV,TRA,"Transavia Holland",Netherlands
,KTB,Transaviabaltika,Lithuania
AL,TXC,"TransAVIAexport Airlines",Belarus
,FNV,Transaviaservice,Georgia
,TVO,Transavio,Italy
,TIW,"Transcarga Intl Airways",Venezuela
,TCE,"Trans-Colorado Airlines","United States"
,TCH,"Transcontinental Air",Bahrain
,TCT,"Transcontinental Sur",Uruguay
,TCP,"Transcorp Airways","United Kingdom"
UE,TEP,"Transeuropean Airlines",Russia
,TFA,"Trans-Florida Airlines","United States"
,TXE,"Transilvania Express",Romania
,KCA,Trans-Kiev,Ukraine
,TLA,"Translift Airways",Ireland
,TMD,Transmandu,Venezuela
T9,TRZ,"TransMeridian Airlines","United States"
TH,TSE,"Transmile Air Services",Malaysia
,TNV,Transnorthern,"United States"
,TPP,"Transpac Express",Australia
,PCW,"Trans-Pacific  Orient Airways",Philippines
,TPM,"Transpaís Aéreo",Mexico
,TNP,"Transped Aviation",Austria
,TRM,"Transport Aerien  de Mauritanie",Mauritania
,TLF,"Transport Africa","Sierra Leone"
,TGO,"Transport  Canada",Canada
,TFI,"Transport Facilitators","United States"
,TQR,"Transportación  Aérea De Querétaro",Mexico
,MCT,"Transportación  Aérea Del Mar De Cortés",Mexico
,TPN,"Transportación  Aérea del Norte",Mexico
,TTR,"Transportaciones  Y Servicios Aéreos",Mexico
,TSI,Transport'air,France
,TCB,"Transporte Aereo  De Colombia",Colombia
,TAD,"Transporte Aéreo  Dominicano","Dominican Republic"
,TZE,"Transporte Aéreo  Ernesto Saenz",Mexico
,TTS,"Transporte  Aéreo Técnico Ejecutivo",Mexico
,MGM,"Transporte Aero MGM",Mexico
,TMZ,"Transporte Amazonair",Venezuela
,EAR,"Transporte Ejecutivo  Aéreo",Mexico
,TPT,"Transportes Aéreo  del Sureste",Mexico
,MPO,"Transportes Aéreos  Amparo",Mexico
,BOL,"Transportes Aéreos Bolivianos",Bolivia
,TDI,"Transportes Aéreos  de Ixtlán",Mexico
,TPX,"Transportes Aéreos  De Xalapa",Mexico
,TMY,"Transportes  Aéreos del Mundo Maya",Mexico
,TFO,"Transportes  Aéreos del Pacífico",Mexico
,DCL,"Transportes  Aéreos Don Carlos",Chile
,TSP,"Transportes Aéreos  Inter",Guatemala
,MXQ,"Transportes  Aéreos Mexiquenses",Mexico
TX,TAN,"Transportes Aéreos Nacionales",Honduras
,ELV,"Transportes  Aéreos Nacionales De Selva Tans",Peru
,TPG,"Transportes Aéreos  Pegaso",Mexico
,TGI,"Transportes  Aéreos Regionales",Mexico
,SRF,"Transportes  Aéreos San Rafael",Chile
,RRT,"Transportes Aéreos  Sierra",Mexico
,SEI,"Transportes  Aéreos Sierra Madre",Mexico
,TAU,"Transportes Aéreos  Tauro",Mexico
,TPZ,"Transportes La Paz",Mexico
OF,TML,"Transports et Travaux  Aériens de Madagascar",Madagascar
,TPY,"Trans-Provincial Airlines",Canada
,TTC,Transteco,Angola
,TWE,"Transwede Airways",Sweden
,TRW,"Transwestern  Airlines of Utah","United States"
,TSW,Transwings,Switzerland
,TST,TRAST,Kazakhstan
S5,TSJ,"Trast Aero",Kyrgyzstan
,TSK,"Trast Aero",Kyrgyzstan
,TIC,"Travel  International Air Charters",Zambia
,TMC,"Travel Management  Company","United States"
,TVL,"Travel Service",Hungary
,TLV,Travelair,Uruguay
,TDA,"Trend Aviation","United States"
,TNX,"Trener Ltd",Hungary
,TRU,"Triangle Airline  (Uganda)",Uganda
,TGN,"Trigana Air Service",Indonesia
GY,TMG,"Tri-MG Intra Asia Airlines",Indonesia
,TBH,"Trinity Air Bahamas",Bahamas
T4,TIB,"TRIP Linhas Aéreas",Brazil
,TTP,"Triple O Aviation",Nigeria
,TSY,"Tristar  Air",Egypt
,TRY,"Tristar Airlines","United States"
,TSS,"Tri-State Aero","United States"
,DRC,"Triton  Airlines",Canada
,TSV,"Tropair Airservices","United Kingdom"
PM,TOS,"Tropic Air",Belize
,TRO,"Tropic Airlines-Air  Molokai","United States"
M7,TBG,"Tropical  Airways",Haiti
,TKX,"Tropical  International Airways","Saint Kitts and Nevis"
,TCA,"Tropican Air Services",Egypt
,TYG,Trygg-Flyg,Sweden
,PSS,TSSKB-Progress,Russia
,TTA,"TTA -  Sociedade de Transporte e Trabalho Aéreo",Mozambique
,TBR,Tubelair,Tunisia
BY,TOM,"TUI  Airways","United Kingdom"
X3,TUI,"TUI fly Deutschland",Germany
OR,TFL,"TUI fly Netherlands",Netherlands
6B,BLX,"TUI  fly Nordic",Sweden
TD,TLP,"Tulip Air",Netherlands
,TUL,"Tulpar Air",Russia
,TUX,"Tulpar Air Service",Kazakhstan
,TUZ,"Tuna Aero",Sweden
TU,TAR,Tunisair,Tunisia
,TAJ,Tunisavia,Tunisia
3T,URN,"Turan Air",Azerbaijan
,TBC,"Turbine Air Cargo UK","United Kingdom"
,TAC,"Turbot Air Cargo",Senegal
,TRQ,"Turdus Airways",Netherlands
,TUC,"Turismo Aéreo de Chile",Chile
,THK,"Turk Hava  Kurumu Hava Taksi Isletmesi",Turkey
,THS,"Turkish Aerospace Industries",Turkey
,HVK,"Turkish Air Force",Turkey
TK,THY,"Turkish  Airlines",Turkey
,TRK,"Turkish  Airlines General Aviation",Turkey
T5,TUA,Turkmenhovayollary,Turkmenistan
,TLT,"Turtle Airways",Fiji
,USB,Tusheti,Georgia
TW,TWB,"T'way Air","Republic of Korea"
,TWO,"Twente Airlines",Netherlands
,TCY,"Twin Cities Air Service","United States"
T7,TJT,"Twin Jet",France
,TNY,"Twin Town Leasing  Company","United States"
,TWJ,"Twinjet Aircraft Sales","United Kingdom"
,TYW,"Tyrol Air Ambulance",Austria
VO,TYR,"Tyrolean  Airways",Austria
,TJS,"Tyrolean Jet Services",Austria
,TUM,Tyumenspecavia,Russia
XN,XAR,XpressAir,Indonesia
,UEU,"United European Airlines",Romania
,UCG,"Uniworld Air Cargo",Panama
,CUH,"Urumqi Airlines",China
,DOD,"USAF Air Mobility Operations Control Center","United States"
,DOI,"U.S. Department of the Interior","United States"
,CNV,"U.S. Navy Reserve Logistic Air Forces","United States"
,EXM,"United Kingdom Civil Aviation Authority","United Kingdom"
,GIH,"Union des Transports Africains de Guinee",Guinea
,GKA,"US Army Parachute Team","United States"
U5,GWY,"USA3000 Airlines","United States"
B7,UIA,"UNI Air",Taiwan
,UAB,"United Arabian Airlines",Sudan
UA,UAL,"United Airlines","United States"
4H,UBD,"United Airways",Bangladesh
,UAC,"United Air Charters",Zimbabwe
,UCS,"United Carriers Systems","United States"
,UEA,"United Eagle Airlines",China
,UFS,"United Feeder Service","United States"
,CFU,"United Kingdom Civil Aviation Authority","United Kingdom"
,KRF,"United Kingdom Royal VIP Flights","United Kingdom"
,KRH,"United Kingdom Royal VIP Flight","United Kingdom"
,SDS,"United Kingdom Civil Aviation Authority","United Kingdom"
,TQF,"United Kingdom Royal VIP Flights","United Kingdom"
,CGX,"United States Coast Guard Auxiliary","United States"
,AGR,"United States Department Of Agriculture","United States"
,UAD,"University Air Squadron","United Kingdom"
,UAJ,"University Air Squadron","United Kingdom"
,UAA,"University Air Squadron","United Kingdom"
,UAS,"University Air Squadron","United Kingdom"
,HBU,"Universal Avia",Ukraine
,HLE,"UK HEMS","United Kingdom"
U7,JUS,"USA Jet Airlines","United States"
,LEA,Unijet,France
,MSH,"US Marshals Service","United States"
,NDU,"University of North Dakota","United States"
,RAU,"Uganda Royal Airways",Uganda
,SAU,"United Aviation Services",Spain
U6,SVR,"Ural Airlines",Russia
,TRB,"Ukraine Transavia",Ukraine
,UAF,"United Arab Emirates Air Force","United Arab Emirates"
,UAI,"Union Africaine des Transports","Ivory Coast"
,UCC,"Uganda Air Cargo",Uganda
,UCH,"US Airports Air Charter","United States"
,UCO,Ucoaviacion,Spain
,UES,"Ues-Avia Aircompany",Ukraine
UR,UGD,"Uganda Airlines",Uganda
,UGC,"Urgemer Canarias",Spain
,UHL,"Ukrainian Helicopters",Ukraine
,UHS,"Ulyanovsk Higher Civil Aviation School",Russia
,UJR,"Universal Jet Rental de Mexico",Mexico
,UJT,"Universal Jet Aviation","United States"
,UKI,"UK International Airlines","United Kingdom"
,UKL,"Ukraine Air Alliance",Ukraine
UF,UKM,"UM Airlines",Ukraine
,UKN,"Ukraine Air Enterprise",Ukraine
,UKP,"National Police Air Service","United Kingdom"
6Z,UKS,"Ukrainian Cargo Airways",Ukraine
,ULT,Ultrair,"United States"
,ULH,"Ultimate HELI","South Africa"
,ULR,"Ultimate Air","South Africa"
,UNC,Uni-Fly,Denmark
,UNF,"Union Flights","United States"
,UNJ,"Universal Jet",Spain
,UNS,"Unsped Paket Servisi",Turkey
,UNU,"Unifly Servizi Aerei",Italy
,UPL,"Ukrainian Pilot School",Ukraine
5X,UPS,"United Parcel Service","United States"
,URV,Uraiavia,Russia
BS,UBG,"US-Bangla Airlines",Bangladesh
,USF,"USAfrica Airways","United States"
UH,USH,"US Helicopter","United States"
,USJ,"US Jet","United States"
,USX,"US Express","United States"
UT,UTA,"UTair Aviation",Russia
,UTR,"Utair South Africa","South Africa"
,UTS,"Ukrainian State Air Traffic Service Enterprise",Ukraine
,UTU,Urartu-Air,Armenia
,UVA,"Universal Airways","United States"
,UVG,"Universal Airlines",Guyana
,UVM,Uvavemex,Mexico
,UVN,"United Aviation",Kuwait
HY,UZB,"Uzbekistan Airways",Uzbekistan
PS,AUI,"Ukraine International Airlines",Ukraine
,WEC,"Universal Airlines","United States"
,QID,"USAF 100th Air Refueling Wing","United States"
,UIT,"University of Tromsø School of Aviation",Norway
,UNO,"United Nations",
JW,VNL,"Vanilla Air",Japan
VU,VAG,"Vietravel Airlines",Vietnam
,VAR,"Veca Airlines","El Salvador"
,VVV,"Valair Aviação Lda",Portugal
,VIL,"V I Airlink","British Virgin Islands"
VA,VOZ,"Virgin Australia",Australia
,VBA,"V Bird Airlines Netherlands",Netherlands
,WIW,"V-avia Airline",Ukraine
,VBD,V-Berd-Avia,Armenia
,VAC,Vacationair,Canada
,RDW,"Valair AG (Helicoptere)",Switzerland
,VLA,"Valan International Cargo Charter","South Africa"
,VLN,"Valan Limited",Moldova
,EHR,Valfell-Verkflug,Iceland
VF,VLU,Valuair,Singapore
J7,VJA,"ValuJet Airlines","United States"
,VAA,"Van Air Europe","Czech Republic"
,VGC,"Vanguardia en Aviación en Colima",Mexico
,VGD,"Vanguard Airlines","United States"
0V,VFC,"Vietnam Air Services Company (VASCO)",Vietnam
,WGA,"Vega Air Company",Ukraine
,WEL,"Veles, Ukrainian Aviation Company",Ukraine
,VTX,Verataxis,Mexico
,BTP,Veritair,"United Kingdom"
VC,VAL,"Voyageur Airways",Canada
,GRV,"Vernicos Aviation",Greece
VN,HVN,"Vietnam Airlines",Vietnam
,KWA,"Vozdushnaya Academy",Kazakhstan
NN,MOV,"VIM Airlines",Russia
,MVY,VIM-Aviaservice,Russia
,ENV,"Victoria Aviation","United Kingdom"
,VCT,"Viscount Air Service","United States"
,SSI,"Vision Airlines",Nigeria
,FXF,"VIP Air Charter","United States"
,PAV,"VIP Avia",Kazakhstan
,PRX,"VIP Avia",Latvia
,VAT,Visionair,Ireland
,VCA,"VICA - Viacao Charter Aéreos",Brazil
,VCM,"Volare Air Charter Company","United States"
Y4,VOI,Volaris,Mexico
VI,VDA,"Volga-Dnepr Airlines",Russia
,VEA,"Vega Airlines",Bulgaria
,VEC,"Venescar Internacional",Venezuela
,VEE,"Victor Echo",Spain
,VEI,"Virgin Express Ireland",Ireland
VJ,VJC,"Vietjet Air",Vietnam
V4,VES,"Vieques Air Link","United States"
TV,VEX,"Virgin Express",Belgium
,VFT,"VZ Flights",Mexico
VK,VGN,"Virgin Nigeria Airways",Nigeria
,VGV,"Vologda State Air Enterprise",Russia
,VHA,"VH-Air Industrie",Angola
,VHM,"VHM Schul-und-Charterflug",Germany
,VIB,"Vibroair Flugservice",Germany
,VIC,"VIP Servicios Aéreos Ejecutivos",Mexico
,VIE,"VIP Empresarial",Mexico
,VIF,"VIF Luftahrt",Austria
,VIG,"Vega Aviation",Sudan
,VIH,Vichi,Moldova
,VIK,"Viking Airlines",Sweden
,VIN,"Vinair Aeroserviços",Portugal
VS,VIR,"Virgin Atlantic","United Kingdom"
,VJM,"Viajes Ejecutivos Mexicanos",Mexico
,VJT,Vistajet,Canada
ZG,VVM,"Viva Macau",Macao
VE,VLE,"C.A.I. Second",Italy
VY,VLG,"Vueling Airlines",Spain
XF,VLK,"Vladivostok Air",Russia
LC,VLO,"Varig Logística",Brazil
,VLT,"Vertical-T Air Company",Russia
,VMA,"Vero Monmouth Airlines","United States"
,VNK,"Vipport Joint Stock Company",Russia
VM,VOA,"Viaggio Air",Bulgaria
,VOG,"Voyager Airlines",Bangladesh
,VPB,"Veteran Air",Ukraine
,VPV,VIP-Avia,Georgia
,VRA,Vertair,"United Kingdom"
,VRL,"Voar Lda",Angola
RG,VRN,Varig,Brazil
VH,VVC,"Viva Air Colombia",Colombia
,VSB,"Vickers Limited","United Kingdom"
,VSN,"Vision Airways Corporation",Canada
,VSO,"Voronezh Aircraft Manufacturing Society",Russia
VP,VSP,VASP,Brazil
,VSS,"Virign Islands Seaplane Shuttle","United States"
,VTC,"Vuelos Especializados Tollocan",Mexico
,VTH,"Vuelos Corporativos de Tehuacan",Mexico
V7,VOE,Volotea,Spain
,VTK,"Vostok Airlines",Russia
,VTL,"Victor Tagle Larrain",Chile
,VTV,Vointeh,Bulgaria
,VUR,"VIP Ecuador",Ecuador
,VUS,"Vuela Bus",Mexico
,VZL,Vzlyet,Russia
VG,VLM,"VLM Airlines",Belgium
,WCY,"Viking Express","United States"
,WEV,"Victoria International Airways",Uganda
G6,WLG,"Air Volga",Russia
UK,VTI,Vistara,India
WD,WDL,"WDL Aviation",Germany
,WRR,"WRA Inc","United States"
,XWS,"WSI Corporation","United States"
,CGG,"Walmart Aviation","United States"
,GOT,WaltAir,Sweden
,WPT,"Wapiti Aviation",Canada
,WAV,"Warbelow's Air Ventures","United States"
,ATX,"Warwickshire Aerocentre Ltd.","United Kingdom"
WT,WSG,"Wasaya Airways",Canada
,WTC,"Weasua Air Transport Company",Liberia
WH,WEB,"WebJet Linhas Aéreas",Brazil
,TDB,"Welch Aviation","United States"
2W,WLC,"Welcome Air",Austria
,BLW,"Wermlandsflyg AB",Sweden
,WCB,"West Africa Airlines",Ghana
,WTF,"West African Air Transport",Senegal
WZ,WSF,"West African Airlines",Benin
,WAC,"West African Cargo Airlines",Mauritania
,WLX,"West Air Luxembourg",Luxembourg
PT,SWN,"West Air Sweden",Sweden
YH,WCW,"West Caribbean Airways",Colombia
,WCR,"West Caribbean Costa Rica","Costa Rica"
8O,YWZ,"West Coast Air",Canada
,WCG,"West Coast Airlines",Ghana
,WCA,"West Coast Airways","Sierra Leone"
,TEE,"West Freugh DTEO","United Kingdom"
,WEW,"West Wind Aviation",Canada
WS,WJA,WestJet,Canada
,WAA,"Westair Aviation",Namibia
,WSC,"Westair Cargo Airlines","Côte d'Ivoire"
,PCM,"Westair Industries","United States"
,BLK,"Westcoast Energy",Canada
,WST,"Western Air",Bahamas
,NPC,"Western Air Couriers","United States"
,WAE,"Western Air Express","United States"
WA,WAL,"Western Airlines","United States"
,WTV,"Western Aviators","United States"
,WGN,"Western Global Airlines","United States"
W7,KMR,"Western Pacific Airlines","United States"
,WPA,"Western Pacific Airservice","Solomon Islands"
,WSL,"Westflight Aviation","United Kingdom"
,WSA,"Westgates Airlines","United States"
,WHE,"Westland Helicopters","United Kingdom"
,WTP,"Westpoint Air",Canada
CN,WWD,"Westward Airways","United States"
,WHT,White,Portugal
,WEA,"White Eagle Aviation",Poland
,WRA,"White River Air Services",Canada
,WWL,"Whyalla Airlines",Australia
WF,WIF,Widerøe,Norway
,WIG,"Wiggins Airways","United States"
,WHS,"Wiking Helikopter Service",Germany
,WFO,"Wilbur's Flight Operations","United States"
WL,WLS,"Air Wales Virtual","United Kingdom"
,WGP,"Williams Grand Prix Engineering","United Kingdom"
,WDA,"Wimbi Dira Airways","Democratic Republic of Congo"
,WNA,Winair,"United States"
IV,JET,"Wind Jet",Italy
,WSI,"Wind Spirit Air","United States"
7W,QGA,"Windrose Air",Germany
,WIA,"Windward Islands Airways International",Netherlands
IW,WON,"Wings Air",Indonesia
,WAT,"Wings Air Transport",Sudan
,WAW,"Wings Airways","United States"
,WOL,"Wings Aviation",Guyana
,WEX,"Wings Express","United States"
,WLB,"Wings of Lebanon Aviation",Lebanon
,WIN,Winlink,"Saint Lucia"
,WAG,"Wisconsin Air National Guard","United States"
,WSM,"Wisman Aviation","United States"
8Z,WVL,"Wizz Air Bulgaria",Bulgaria
W6,WZZ,"Wizz Air",Hungary
W9,WUK,"Wizz Air UK","United Kingdom"
,WNR,"Wondair on Demand Aviation",Spain
,CWY,"Woodgate Aviation","United Kingdom"
WO,WOA,"World Airways","United States"
,XWW,"World Weatherwatch",Canada
,WWM,"World Wing Aviation",Kyrgyzstan
UI,CSW,"SW Italia",Italy
,WWS,"Worldwide Aviation Services",Pakistan
,WWI,"Worldwide Jet Charter","United States"
,WRT,"Wright Airlines","United States"
8V,WRF,"Wright Air Service","United States"
,CWU,"Wuhan Airlines",China
,WYC,"Wycombe Air Centre","United Kingdom"
,WYG,"Wyoming Airlines","United States"
KW,WAN,"Wataniya Airways",Kuwait
WR,WEN,"WestJet Encore",Canada
,XJE,X-Jet,Austria
,XAB,"Xabre Aerolineas",Mexico
,XAE,Xair,"Czech Republic"
,XJC,"XJC Limited","United Kingdom"
,XER,"Xerox Corporation","United States"
MF,CXA,"Xiamen Airlines",China
,CXJ,"Xinjiang Airlines",China
,XJT,"Xjet Limited","United Kingdom"
SE,SEU,"XL Airways France",France
,XOJ,XOJet,"United States"
,XPS,"XP International",Netherlands
XP,CXP,"Xtra Airways","United States"
,DGA,"Yellow River Delta General Aviation",China
,AKY,Yak-Service,Russia
,YAK,Yakolev,Russia
YL,LLM,"Yamal Airlines",Russia
,CYG,"Yana Airlines",Cambodia
,AYG,"Yangon Airways",Burma
Y8,YZR,"Yangtze River Express",China
,LYH,"Yankee Lima Helicopteres",France
,MHD,"Yas Air Kish",Iran
Y0,EMJ,"Yellow Air Taxi/Friendship Airways","United States"
,ELW,"Yellow Wings Air Services",Kenya
IY,IYE,Yemenia,Yemen
,ERV,Yerevan-Avia,Armenia
YT,NYT,"Yeti Airlines",Nepal
,YFS,"Young Flying Service","United States"
,AYU,"Yuhi Air Lines",Japan
,AYE,"Yunnan Yingan Airlines",China
4Y,UYA,"Yute Air Alaska","United States"
,UGN,"Yuzhnaya Aircompany",Kazakhstan
2N,UMK,Yuzhmashavia,Ukraine
,BZE,"Zenith Aviation","United Kingdom"
,AZJ,"Zas Air",Egypt
,AZR,"Zenith Air","South Africa"
,CIT,"Zanesville Aviation","United States"
,EMR,"Zenmour Airlines",Mauritania
,GZQ,"Zagros Air",Iraq
,IZG,"Zagros Airlines",Iran
,JTU,Zhetysu,Kazakhstan
,KVZ,"Z-Aero Airlines",Ukraine
,KZH,"Zhez Air",Kazakhstan
,MBG,"Zephyr Aviation","United Kingdom"
,MLU,"Zracno Pristaniste Mali Losinj",Croatia
,MZE,"Zenith Aviation (Malta)",Malta
,ORZ,Zorex,Spain
,PZY,"Zapolyarye Airline Company",Russia
,RZR,"Zephyr Express","United States"
,RZU,"Zhersu Avia",Kazakhstan
,SYZ,"Zil Air",Seychelles
,ZAI,"Zaire Aero Service","Democratic Republic of Congo"
,ZAR,"Zairean Airlines","Domocratic Republic of Congo"
,ZAV,Zetavia,Ukraine
,ZAW,"Zoom Airways",Bangladesh
,ZMA,"Zambezi Airlines",Zambia
,RZV,Z-Avia,Armenia
Q3,MBN,"Zambian Airways",Zambia
,ZAN,"Zantop International Airlines","United States"
,ZAS,"ZAS Airlines of Egypt",Egypt
,CJG,"Zhejiang Airlines",China
,CFZ,"Zhongfei General Aviation",China
,CYN,"Zhongyuan Aviation",China
3J,WZP,Zip,Canada
Z4,OOM,"Zoom Airlines",Canada
